{
"skeleton": { "hash": "yN+CEXTXqghN2vnnXn1vXQlB8mM", "spine": "3.4.02", "width": 0, "height": 0, "images": "" },
"bones": [
	{ "name": "root" },
	{ "name": "box", "parent": "root", "length": 98.11, "rotation": 90, "y": 10 }
],
"slots": [
	{ "name": "box1", "bone": "box" },
	{ "name": "box", "bone": "box" }
],
"skins": {
	"default": {
		"box": {
			"box": { "x": -9.5, "y": 0.49, "rotation": -90, "width": 144, "height": 144 }
		},
		"box1": {
			"box1": { "x": -9.3, "y": 0.28, "rotation": -90, "width": 158, "height": 156 }
		}
	}
},
"animations": {
	"box": {
		"slots": {
			"box": {
				"color": [
					{ "time": 0, "color": "ffffffff" }
				],
				"attachment": [
					{ "time": 0, "name": "box" }
				]
			},
			"box1": {
				"color": [
					{ "time": 0, "color": "ffffffff" }
				],
				"attachment": [
					{ "time": 0, "name": "box1" }
				]
			}
		},
		"bones": {
			"root": {
				"rotate": [
					{ "time": 0, "angle": 0 }
				],
				"translate": [
					{ "time": 0, "x": 0, "y": 0 }
				],
				"scale": [
					{ "time": 0, "x": 1, "y": 1 }
				]
			},
			"box": {
				"rotate": [
					{ "time": 0, "angle": 0 }
				],
				"translate": [
					{ "time": 0, "x": 0, "y": 0 }
				],
				"scale": [
					{ "time": 0, "x": 1, "y": 1 }
				]
			}
		},
		"drawOrder": [
			{ "time": 0 }
		]
	}
}
}