{
"skeleton": { "hash": "5TZmnvLjgrawmDaeQN83LRYgO4c", "spine": "3.4.02", "width": 0, "height": 0, "images": "" },
"bones": [
	{ "name": "root" },
	{ "name": "bone", "parent": "root", "scaleX": 0.5, "scaleY": 0.5, "color": "ff0004ff" },
	{ "name": "bone2", "parent": "bone", "x": 10.86, "y": -118.04 },
	{ "name": "bone3", "parent": "bone2", "length": 42.51, "rotation": 1.36, "x": -44.6, "y": 219.64 },
	{ "name": "bone4", "parent": "bone2", "x": -102.82, "y": 217.5 },
	{ "name": "bone5", "parent": "bone2", "x": -13.39, "y": 194.03 },
	{ "name": "bone6", "parent": "bone2", "x": 26.34, "y": 222.48 },
	{ "name": "bone7", "parent": "root", "x": -1.49, "y": -6.95 },
	{ "name": "bone8", "parent": "bone2", "x": -103.87, "y": 23.75 },
	{ "name": "bone9", "parent": "bone2", "x": -10.01, "y": 129.3 },
	{ "name": "bone10", "parent": "bone2", "x": -65.94, "y": 167.61 },
	{ "name": "bone11", "parent": "bone2", "x": -63.87, "y": 103.03 },
	{ "name": "bone12", "parent": "bone2", "x": 101.73, "y": 186.98 },
	{ "name": "bone13", "parent": "bone2", "x": -64.27, "y": 193.83 },
	{ "name": "bone14", "parent": "bone2", "x": -64.27, "y": 52.1 },
	{ "name": "bone15", "parent": "bone2", "x": -64.27, "y": 136.92, "scaleX": -0.997 },
	{ "name": "bone16", "parent": "bone2", "x": 42.86, "y": 99.53, "scaleX": -0.997 },
	{ "name": "bone17", "parent": "bone2", "rotation": -173.52, "x": -122.3, "y": 50.43, "scaleX": -0.997 },
	{ "name": "bone18", "parent": "bone2", "rotation": -64.6, "x": -12.38, "y": 17.51, "scaleX": -0.997 },
	{ "name": "bone19", "parent": "bone2", "x": -125.09, "y": 90.05 },
	{ "name": "bone20", "parent": "bone2", "x": -47.4, "y": 26 },
	{ "name": "bone21", "parent": "bone2", "x": 9.72, "y": 21.98, "scaleY": -1 },
	{ "name": "bone22", "parent": "bone2", "x": 54.37, "y": 222.96 },
	{ "name": "bone23", "parent": "bone2", "x": -64.64, "y": 159.13 },
	{ "name": "bone24", "parent": "bone2", "rotation": -15.39, "x": 92.17, "y": 61.12 }
],
"slots": [
	{ "name": "1级/1-2", "bone": "bone" },
	{ "name": "1级/1-5", "bone": "bone" },
	{ "name": "1级/1-6", "bone": "bone" },
	{ "name": "1级/1-7", "bone": "bone" },
	{ "name": "1级/1-8", "bone": "bone" },
	{ "name": "1级/1-3", "bone": "bone" },
	{ "name": "1/1_1", "bone": "bone" },
	{ "name": "suipian/4", "bone": "bone12", "attachment": "suipian/4" },
	{ "name": "suipian/5", "bone": "bone2", "attachment": "suipian/4" },
	{ "name": "suipian/11", "bone": "bone2", "attachment": "suipian/11" },
	{ "name": "suipian/17", "bone": "bone2", "attachment": "suipian/11" },
	{ "name": "suipian/19", "bone": "bone2", "attachment": "suipian/11" },
	{ "name": "suipian/20", "bone": "bone13", "attachment": "suipian/11" },
	{ "name": "suipian/28", "bone": "bone14", "attachment": "suipian/11" },
	{ "name": "suipian/29", "bone": "bone15", "attachment": "suipian/11" },
	{ "name": "suipian/30", "bone": "bone16", "attachment": "suipian/11" },
	{ "name": "suipian/31", "bone": "bone17", "attachment": "suipian/11" },
	{ "name": "suipian/32", "bone": "bone18", "attachment": "suipian/11" },
	{ "name": "suipian/21", "bone": "bone2", "attachment": "suipian/11" },
	{ "name": "suipian/27", "bone": "bone2", "attachment": "suipian/11" },
	{ "name": "suipian/26", "bone": "bone2", "attachment": "suipian/11" },
	{ "name": "suipian/10", "bone": "bone8", "attachment": "suipian/10" },
	{ "name": "suipian/1", "bone": "bone2", "attachment": "suipian/1" },
	{ "name": "suipian/7", "bone": "bone5", "attachment": "suipian/1" },
	{ "name": "suipian/24", "bone": "bone2", "attachment": "suipian/1" },
	{ "name": "suipian/23", "bone": "bone11", "attachment": "suipian/1" },
	{ "name": "suipian/3", "bone": "bone2", "attachment": "suipian/3" },
	{ "name": "suipian/8", "bone": "bone3", "attachment": "suipian/8" },
	{ "name": "suipian/2", "bone": "bone2", "attachment": "suipian/2" },
	{ "name": "suipian/25", "bone": "bone2", "attachment": "suipian/2" },
	{ "name": "suipian/6", "bone": "bone10", "attachment": "suipian/2" },
	{ "name": "suipian/33", "bone": "bone19", "attachment": "suipian/2" },
	{ "name": "suipian/13", "bone": "bone6", "attachment": "suipian/13" },
	{ "name": "suipian/12", "bone": "bone2", "attachment": "suipian/12" },
	{ "name": "suipian/22", "bone": "bone9", "attachment": "2/2_2/3_5" },
	{ "name": "suipian/14", "bone": "bone4", "attachment": "suipian/14" },
	{ "name": "suipian/9", "bone": "bone2", "attachment": "suipian/9" },
	{ "name": "suipian/15", "bone": "bone2", "attachment": "suipian/13" },
	{ "name": "suipian/18", "bone": "bone20", "attachment": "suipian/15" },
	{ "name": "suipian/34", "bone": "bone21", "attachment": "suipian/18" },
	{ "name": "suipian/35", "bone": "bone22", "attachment": "suipian/18" },
	{ "name": "2/2_2/3_5", "bone": "bone23", "attachment": "2/2_2/3_5" },
	{ "name": "2/2_2/3_6", "bone": "bone24", "attachment": "2/2_2/3_5" },
	{ "name": "yan/0", "bone": "bone7", "attachment": "yan/0" },
	{ "name": "yan/11", "bone": "bone7", "attachment": "yan/0" },
	{ "name": "yan/8", "bone": "bone7", "attachment": "yan/0" },
	{ "name": "yan/10", "bone": "bone7", "attachment": "yan/0" },
	{ "name": "yan/9", "bone": "bone7", "attachment": "yan/0" },
	{ "name": "yan/1", "bone": "bone7", "color": "e0ddcae6" },
	{ "name": "yan/2", "bone": "bone7", "color": "e0ddcae6" },
	{ "name": "yan/3", "bone": "bone7", "color": "e0ddcae6" },
	{ "name": "yan/4", "bone": "bone7", "color": "e0ddcae6" },
	{ "name": "yan/5", "bone": "bone7", "color": "e0ddcae6" },
	{ "name": "yan/6", "bone": "bone7", "color": "e0ddcae6", "attachment": "yan/6" },
	{ "name": "yan/7", "bone": "bone7", "color": "e0ddcae6" }
],
"skins": {
	"default": {
		"1/1_1": {
			"1/1_1": {
				"type": "mesh",
				"uvs": [ 1, 0.76254, 1, 1, 0, 1, 0, 0.72831, 0, 0, 0.30532, 0, 0.69658, 0, 1, 0, 0.30071, 0.7386, 0.70285, 0.75237 ],
				"triangles": [ 3, 4, 5, 8, 3, 5, 9, 6, 7, 8, 5, 6, 9, 8, 6, 9, 7, 0, 2, 3, 8, 9, 0, 1, 2, 8, 9, 1, 2, 9 ],
				"vertices": [ 121.53, 80.8, 121.53, 70.11, -124.46, 70.11, -124.46, 82.33999, -124.46, 115.11, -49.35, 115.11, 46.89, 115.11, 121.53, 115.11, -50.48, 81.87, 48.43, 81.25 ],
				"hull": 8,
				"edges": [ 2, 4, 4, 6, 6, 8, 2, 0, 0, 14, 16, 6, 8, 10, 10, 12, 12, 14, 0, 18, 18, 16, 12, 18 ],
				"width": 246,
				"height": 45
			}
		},
		"1级/1-2": {
			"1/1_2": {
				"type": "mesh",
				"uvs": [ 1, 0.24614, 1, 0.67196, 1, 1, 0, 1, 0, 0.67026, 0, 0.24416, 0, 0, 1, 0 ],
				"triangles": [ 5, 6, 7, 5, 7, 0, 4, 5, 0, 4, 0, 1, 3, 4, 1, 3, 1, 2 ],
				"vertices": [ -106.45, 51.77, -106.45, -28.28, -106.45, -89.95, -123.45, -89.95, -123.45, -27.96, -123.45, 52.14, -123.45, 98.04, -106.45, 98.04 ],
				"hull": 8,
				"edges": [ 4, 6, 12, 14, 10, 12, 0, 14, 10, 0, 6, 8, 8, 10, 0, 2, 2, 4, 8, 2 ],
				"width": 17,
				"height": 188
			}
		},
		"1级/1-3": {
			"1/1_3": {
				"type": "mesh",
				"uvs": [ 1, 1, 0.67754, 1, 0.32371, 1, 0, 1, 0, 0, 0.31973, 0, 0.67621, 0, 1, 0 ],
				"triangles": [ 3, 4, 5, 2, 5, 6, 3, 5, 2, 1, 6, 7, 2, 6, 1, 1, 7, 0 ],
				"vertices": [ 121.53, -111.8, 42.21, -111.8, -44.82, -111.8, -124.46, -111.8, -124.46, -77.8, -45.8, -77.8, 41.88, -77.8, 121.53, -77.8 ],
				"hull": 8,
				"edges": [ 6, 8, 0, 14, 8, 10, 4, 6, 10, 4, 10, 12, 12, 14, 0, 2, 2, 4, 12, 2 ],
				"width": 246,
				"height": 34
			}
		},
		"1级/1-5": {
			"1/1_2": {
				"type": "mesh",
				"uvs": [ 1, 0.25047, 1, 1, 0, 1, 0, 0.25586, 0, 0, 1, 0 ],
				"triangles": [ 4, 5, 0, 3, 4, 0, 1, 2, 3, 1, 3, 0 ],
				"vertices": [ 120.28, 52.42, 120.28, -88.48, 103.28, -88.48, 103.28, 51.41, 103.28, 99.51, 120.28, 99.51 ],
				"hull": 6,
				"edges": [ 2, 4, 8, 10, 4, 6, 6, 8, 2, 0, 0, 10, 6, 0 ],
				"width": 17,
				"height": 188
			}
		},
		"1级/1-6": {
			"1/1_2": {
				"type": "mesh",
				"uvs": [ 1, 0.69499, 1, 1, 0, 1, 0, 0.69204, 0, 0, 1, 0 ],
				"triangles": [ 3, 4, 5, 3, 5, 0, 2, 3, 0, 2, 0, 1 ],
				"vertices": [ 60.02, -32.62, 57.33, -89.89, 40.34, -89.1, 43.06, -31.27, 49.17, 98.68, 66.15, 97.89 ],
				"hull": 6,
				"edges": [ 2, 4, 8, 10, 4, 6, 6, 8, 2, 0, 0, 10, 6, 0 ],
				"width": 17,
				"height": 188
			}
		},
		"1级/1-7": {
			"1/1_2": {
				"type": "mesh",
				"uvs": [ 1, 0.30123, 1, 1, 0, 1, 0, 0.30308, 0, 0, 1, 0 ],
				"triangles": [ 4, 5, 0, 3, 4, 0, 1, 2, 3, 1, 3, 0 ],
				"vertices": [ 7.26, 41.68, 7.26, -89.67, -9.72999, -89.67, -9.72999, 41.34, -9.72999, 98.32, 7.26, 98.32 ],
				"hull": 6,
				"edges": [ 2, 4, 8, 10, 4, 6, 6, 8, 2, 0, 0, 10, 6, 0 ],
				"width": 17,
				"height": 188
			}
		},
		"1级/1-8": {
			"1/1_2": {
				"type": "mesh",
				"uvs": [ 1, 0.31679, 1, 1, 0, 1, 0, 0.32223, 0, 0, 1, 0 ],
				"triangles": [ 4, 5, 0, 3, 4, 0, 1, 2, 3, 1, 3, 0 ],
				"vertices": [ -47.77, 39.18, -42.72, -89.16, -59.71, -89.83, -64.72, 37.49, -67.1, 98.02, -50.11, 98.69 ],
				"hull": 6,
				"edges": [ 2, 4, 8, 10, 4, 6, 6, 8, 2, 0, 0, 10, 6, 0 ],
				"width": 17,
				"height": 188
			}
		},
		"2/2_2/3_5": {
			"2/2_2/3_5": { "x": -0.6, "y": 9.76, "rotation": 93.65, "width": 73, "height": 19 }
		},
		"2/2_2/3_6": {
			"2/2_2/3_5": { "x": -0.6, "y": 9.76, "rotation": 93.65, "width": 73, "height": 19 }
		},
		"suipian/1": {
			"suipian/1": {
				"type": "mesh",
				"uvs": [ 1, 1, 0, 1, 0, 0, 1, 0 ],
				"triangles": [ 1, 2, 3, 1, 3, 0 ],
				"vertices": [ 50.43, 38.54, 49.79, 97.47, 30.81, 97.26, 31.45, 38.33 ],
				"hull": 4,
				"edges": [ 0, 2, 2, 4, 4, 6, 0, 6 ],
				"width": 59,
				"height": 19
			}
		},
		"suipian/10": {
			"suipian/10": {
				"type": "mesh",
				"uvs": [ 1, 1, 0, 1, 0, 0, 1, 0 ],
				"triangles": [ 1, 2, 3, 1, 3, 0 ],
				"vertices": [ 36.41, -17.01, -35.58, -17.01, -35.58, 19.98, 36.41, 19.98 ],
				"hull": 4,
				"edges": [ 0, 2, 2, 4, 4, 6, 0, 6 ],
				"width": 72,
				"height": 37
			}
		},
		"suipian/11": {
			"suipian/11": {
				"type": "mesh",
				"uvs": [ 1, 1, 0, 1, 0, 0, 1, 0 ],
				"triangles": [ 1, 2, 3, 1, 3, 0 ],
				"vertices": [ 22.91, 200.48, -3.08, 200.48, -3.08, 216.48, 22.91, 216.48 ],
				"hull": 4,
				"edges": [ 0, 2, 2, 4, 4, 6, 0, 6 ],
				"width": 26,
				"height": 16
			}
		},
		"suipian/12": {
			"suipian/12": {
				"type": "mesh",
				"uvs": [ 1, 1, 0, 1, 0, 0, 1, 0 ],
				"triangles": [ 1, 2, 3, 1, 3, 0 ],
				"vertices": [ -130.72, 81.85, -136.75, 157.52, -112.85, 159.42, -106.82, 83.76 ],
				"hull": 4,
				"edges": [ 0, 2, 2, 4, 4, 6, 0, 6 ],
				"width": 76,
				"height": 24
			}
		},
		"suipian/13": {
			"suipian/13": {
				"type": "mesh",
				"uvs": [ 1, 1, 0, 1, 0, 0, 1, 0 ],
				"triangles": [ 1, 2, 3, 1, 3, 0 ],
				"vertices": [ 35.59999, -12.83, -49.39, -12.83, -49.39, 11.16, 35.59999, 11.16 ],
				"hull": 4,
				"edges": [ 0, 2, 2, 4, 4, 6, 0, 6 ],
				"width": 85,
				"height": 24
			}
		},
		"suipian/14": {
			"suipian/14": {
				"type": "mesh",
				"uvs": [ 1, 1, 0, 1, 0, 0, 1, 0 ],
				"triangles": [ 1, 2, 3, 1, 3, 0 ],
				"vertices": [ 34.55, -21.41, -30.44, -21.41, -30.44, 18.58, 34.55, 18.58 ],
				"hull": 4,
				"edges": [ 0, 2, 2, 4, 4, 6, 0, 6 ],
				"width": 65,
				"height": 40
			}
		},
		"suipian/15": {
			"suipian/13": {
				"type": "mesh",
				"uvs": [ 1, 1, 0, 1, 0, 0, 1, 0 ],
				"triangles": [ 1, 2, 3, 1, 3, 0 ],
				"vertices": [ 54.35, 14.75, -30.64, 14.75, -30.64, 38.75, 54.35, 38.75 ],
				"hull": 4,
				"edges": [ 0, 2, 2, 4, 4, 6, 0, 6 ],
				"width": 85,
				"height": 24
			}
		},
		"suipian/17": {
			"suipian/11": {
				"type": "mesh",
				"uvs": [ 1, 1, 0, 1, 0, 0, 1, 0 ],
				"triangles": [ 1, 2, 3, 1, 3, 0 ],
				"vertices": [ -133.73, 60.61, -136.13, 86.48, -120.21, 87.95, -117.81, 62.08 ],
				"hull": 4,
				"edges": [ 0, 2, 2, 4, 4, 6, 0, 6 ],
				"width": 26,
				"height": 16
			}
		},
		"suipian/18": {
			"suipian/15": {
				"type": "mesh",
				"uvs": [ 1, 1, 0, 1, 0, 0, 1, 0 ],
				"triangles": [ 1, 2, 3, 1, 3, 0 ],
				"vertices": [ 26.71, -22.36, -39.28, -22.36, -39.28, 18.62999, 26.71, 18.62999 ],
				"hull": 4,
				"edges": [ 0, 2, 2, 4, 4, 6, 0, 6 ],
				"width": 66,
				"height": 41
			}
		},
		"suipian/19": {
			"suipian/11": {
				"type": "mesh",
				"uvs": [ 1, 1, 0, 1, 0, 0, 1, 0 ],
				"triangles": [ 1, 2, 3, 1, 3, 0 ],
				"vertices": [ 18.56, 6.36, -7.43, 6.36, -7.43, 22.36, 18.56, 22.36 ],
				"hull": 4,
				"edges": [ 0, 2, 2, 4, 4, 6, 0, 6 ],
				"width": 26,
				"height": 16
			}
		},
		"suipian/2": {
			"suipian/2": {
				"type": "mesh",
				"uvs": [ 1, 1, 0, 1, 0, 0, 1, 0 ],
				"triangles": [ 1, 2, 3, 1, 3, 0 ],
				"vertices": [ 109.44, 105.02, 109.34, 158.95, 92.36, 158.92, 92.47, 104.99 ],
				"hull": 4,
				"edges": [ 0, 2, 2, 4, 4, 6, 0, 6 ],
				"width": 54,
				"height": 17
			}
		},
		"suipian/20": {
			"suipian/11": {
				"type": "mesh",
				"uvs": [ 1, 1, 0, 1, 0, 0, 1, 0 ],
				"triangles": [ 1, 2, 3, 1, 3, 0 ],
				"vertices": [ 4.04, 14.53, 8.89999, -10.95, -6.77, -13.94, -11.63, 11.54 ],
				"hull": 4,
				"edges": [ 0, 2, 2, 4, 4, 6, 0, 6 ],
				"width": 26,
				"height": 16
			}
		},
		"suipian/21": {
			"suipian/11": {
				"type": "mesh",
				"uvs": [ 1, 1, 0, 1, 0, 0, 1, 0 ],
				"triangles": [ 1, 2, 3, 1, 3, 0 ],
				"vertices": [ -2.54, 65.78, -5.23999, 39.98, -21.12, 41.64, -18.42, 67.44 ],
				"hull": 4,
				"edges": [ 0, 2, 2, 4, 4, 6, 0, 6 ],
				"width": 26,
				"height": 16
			}
		},
		"suipian/22": {
			"2/2_2/3_5": {
				"type": "mesh",
				"uvs": [ 1, 1, 0, 1, 0, 0, 1, 0 ],
				"triangles": [ 1, 2, 3, 1, 3, 0 ],
				"vertices": [ 5.29, 49.99, 6.64, -25.99, -17.35, -26.42, -18.7, 49.56 ],
				"hull": 4,
				"edges": [ 0, 2, 2, 4, 4, 6, 0, 6 ],
				"width": 73,
				"height": 19
			}
		},
		"suipian/23": {
			"suipian/1": {
				"type": "mesh",
				"uvs": [ 1, 1, 0, 1, 0, 0, 1, 0 ],
				"triangles": [ 1, 2, 3, 1, 3, 0 ],
				"vertices": [ 9.28, 23.35, 12.39, -35.55, -6.57, -36.56, -9.68, 22.35 ],
				"hull": 4,
				"edges": [ 0, 2, 2, 4, 4, 6, 0, 6 ],
				"width": 59,
				"height": 19
			}
		},
		"suipian/24": {
			"suipian/1": {
				"type": "mesh",
				"uvs": [ 1, 1, 0, 1, 0, 0, 1, 0 ],
				"triangles": [ 1, 2, 3, 1, 3, 0 ],
				"vertices": [ 110.47, 113.79, 113.58, 54.87, 94.6, 53.87, 91.49, 112.79 ],
				"hull": 4,
				"edges": [ 0, 2, 2, 4, 4, 6, 0, 6 ],
				"width": 59,
				"height": 19
			}
		},
		"suipian/25": {
			"suipian/2": {
				"type": "mesh",
				"uvs": [ 1, 1, 0, 1, 0, 0, 1, 0 ],
				"triangles": [ 1, 2, 3, 1, 3, 0 ],
				"vertices": [ 52.74, 110.69, 52.64, 164.62, 35.66, 164.59, 35.77, 110.66 ],
				"hull": 4,
				"edges": [ 0, 2, 2, 4, 4, 6, 0, 6 ],
				"width": 54,
				"height": 17
			}
		},
		"suipian/26": {
			"suipian/11": {
				"type": "mesh",
				"uvs": [ 1, 1, 0, 1, 0, 0, 1, 0 ],
				"triangles": [ 1, 2, 3, 1, 3, 0 ],
				"vertices": [ -19.02, 79.75, -21.02, 105.65, -5.09, 106.88, -3.09, 80.98 ],
				"hull": 4,
				"edges": [ 0, 2, 2, 4, 4, 6, 0, 6 ],
				"width": 26,
				"height": 16
			}
		},
		"suipian/27": {
			"suipian/11": {
				"type": "mesh",
				"uvs": [ 1, 1, 0, 1, 0, 0, 1, 0 ],
				"triangles": [ 1, 2, 3, 1, 3, 0 ],
				"vertices": [ 36.74, 170.56, 34.74, 196.45, 50.67, 197.68, 52.67, 171.79 ],
				"hull": 4,
				"edges": [ 0, 2, 2, 4, 4, 6, 0, 6 ],
				"width": 26,
				"height": 16
			}
		},
		"suipian/28": {
			"suipian/11": {
				"type": "mesh",
				"uvs": [ 1, 1, 0, 1, 0, 0, 1, 0 ],
				"triangles": [ 1, 2, 3, 1, 3, 0 ],
				"vertices": [ 4.04, 14.53, 8.89999, -10.95, -6.77, -13.94, -11.63, 11.54 ],
				"hull": 4,
				"edges": [ 0, 2, 2, 4, 4, 6, 0, 6 ],
				"width": 26,
				"height": 16
			}
		},
		"suipian/29": {
			"suipian/11": {
				"type": "mesh",
				"uvs": [ 1, 1, 0, 1, 0, 0, 1, 0 ],
				"triangles": [ 1, 2, 3, 1, 3, 0 ],
				"vertices": [ 4.04, 14.53, 8.89999, -10.95, -6.77, -13.94, -11.63, 11.54 ],
				"hull": 4,
				"edges": [ 0, 2, 2, 4, 4, 6, 0, 6 ],
				"width": 26,
				"height": 16
			}
		},
		"suipian/3": {
			"suipian/3": {
				"type": "mesh",
				"uvs": [ 1, 1, 0, 1, 0, 0, 1, 0 ],
				"triangles": [ 1, 2, 3, 1, 3, 0 ],
				"vertices": [ 144.62, -14.85, 105.62, -14.85, 105.62, 0.14, 144.62, 0.14 ],
				"hull": 4,
				"edges": [ 0, 2, 2, 4, 4, 6, 0, 6 ],
				"width": 39,
				"height": 15
			}
		},
		"suipian/30": {
			"suipian/11": {
				"type": "mesh",
				"uvs": [ 1, 1, 0, 1, 0, 0, 1, 0 ],
				"triangles": [ 1, 2, 3, 1, 3, 0 ],
				"vertices": [ 4.04, 14.53, 8.89999, -10.95, -6.77, -13.94, -11.63, 11.54 ],
				"hull": 4,
				"edges": [ 0, 2, 2, 4, 4, 6, 0, 6 ],
				"width": 26,
				"height": 16
			}
		},
		"suipian/31": {
			"suipian/11": {
				"type": "mesh",
				"uvs": [ 1, 1, 0, 1, 0, 0, 1, 0 ],
				"triangles": [ 1, 2, 3, 1, 3, 0 ],
				"vertices": [ 4.04, 14.53, 8.89999, -10.95, -6.77, -13.94, -11.63, 11.54 ],
				"hull": 4,
				"edges": [ 0, 2, 2, 4, 4, 6, 0, 6 ],
				"width": 26,
				"height": 16
			}
		},
		"suipian/32": {
			"suipian/11": {
				"type": "mesh",
				"uvs": [ 1, 1, 0, 1, 0, 0, 1, 0 ],
				"triangles": [ 1, 2, 3, 1, 3, 0 ],
				"vertices": [ 4.04, 14.53, 8.89999, -10.95, -6.77, -13.94, -11.63, 11.54 ],
				"hull": 4,
				"edges": [ 0, 2, 2, 4, 4, 6, 0, 6 ],
				"width": 26,
				"height": 16
			}
		},
		"suipian/33": {
			"suipian/2": {
				"type": "mesh",
				"uvs": [ 1, 1, 0, 1, 0, 0, 1, 0 ],
				"triangles": [ 1, 2, 3, 1, 3, 0 ],
				"vertices": [ 5.6, 30.79, 10.26, -23, -6.66, -24.46, -11.33, 29.32 ],
				"hull": 4,
				"edges": [ 0, 2, 2, 4, 4, 6, 0, 6 ],
				"width": 54,
				"height": 17
			}
		},
		"suipian/34": {
			"suipian/18": { "x": 3.59, "y": -28.93, "width": 161, "height": 112 }
		},
		"suipian/35": {
			"suipian/18": {
				"type": "mesh",
				"uvs": [ 1, 1, 0, 1, 0, 0, 1, 0 ],
				"triangles": [ 1, 2, 3, 1, 3, 0 ],
				"vertices": [ 48.39, -90.45, -112.6, -90.45, -112.6, 21.54, 48.39, 21.54 ],
				"hull": 4,
				"edges": [ 0, 2, 2, 4, 4, 6, 0, 6 ],
				"width": 161,
				"height": 112
			}
		},
		"suipian/4": {
			"suipian/4": {
				"type": "mesh",
				"uvs": [ 1, 1, 0, 1, 0, 0, 1, 0 ],
				"triangles": [ 1, 2, 3, 1, 3, 0 ],
				"vertices": [ 9.18999, 24.4, 10.7, -30.57, -8.29, -31.09, -9.79, 23.88 ],
				"hull": 4,
				"edges": [ 0, 2, 2, 4, 4, 6, 0, 6 ],
				"width": 55,
				"height": 19
			}
		},
		"suipian/5": {
			"suipian/4": {
				"type": "mesh",
				"uvs": [ 1, 1, 0, 1, 0, 0, 1, 0 ],
				"triangles": [ 1, 2, 3, 1, 3, 0 ],
				"vertices": [ -116.78, 211.39, -115.28, 156.41, -134.27, 155.89, -135.78, 210.87 ],
				"hull": 4,
				"edges": [ 0, 2, 2, 4, 4, 6, 0, 6 ],
				"width": 55,
				"height": 19
			}
		},
		"suipian/6": {
			"suipian/2": {
				"type": "mesh",
				"uvs": [ 1, 1, 0, 1, 0, 0, 1, 0 ],
				"triangles": [ 1, 2, 3, 1, 3, 0 ],
				"vertices": [ 5.6, 30.79, 10.26, -23, -6.66, -24.46, -11.33, 29.32 ],
				"hull": 4,
				"edges": [ 0, 2, 2, 4, 4, 6, 0, 6 ],
				"width": 54,
				"height": 17
			}
		},
		"suipian/7": {
			"suipian/1": {
				"type": "mesh",
				"uvs": [ 1, 1, 0, 1, 0, 0, 1, 0 ],
				"triangles": [ 1, 2, 3, 1, 3, 0 ],
				"vertices": [ 9.2, 24.33, 12.31, -34.58, -6.65, -35.58, -9.76, 23.33 ],
				"hull": 4,
				"edges": [ 0, 2, 2, 4, 4, 6, 0, 6 ],
				"width": 59,
				"height": 19
			}
		},
		"suipian/8": {
			"suipian/8": {
				"type": "mesh",
				"uvs": [ 1, 1, 0, 1, 0, 0, 1, 0 ],
				"triangles": [ 1, 2, 3, 1, 3, 0 ],
				"vertices": [ 38.73, 14.4, 38.16999, -18.59, -34.81, -17.33, -34.24, 15.66 ],
				"hull": 4,
				"edges": [ 0, 2, 2, 4, 4, 6, 0, 6 ],
				"width": 33,
				"height": 73
			}
		},
		"suipian/9": {
			"suipian/9": {
				"type": "mesh",
				"uvs": [ 1, 1, 0, 1, 0, 0, 1, 0 ],
				"triangles": [ 1, 2, 3, 1, 3, 0 ],
				"vertices": [ 55.28, -6.95, -8.71, -6.95, -8.71, 35.04, 55.28, 35.04 ],
				"hull": 4,
				"edges": [ 0, 2, 2, 4, 4, 6, 0, 6 ],
				"width": 64,
				"height": 42
			}
		},
		"yan/0": {
			"yan/0": {
				"type": "mesh",
				"uvs": [ 1, 1, 0, 1, 0, 0, 1, 0 ],
				"triangles": [ 1, 2, 3, 1, 3, 0 ],
				"vertices": [ -5.73, 115.8, 23.17, 118.06, 29.41, 38.3, 0.5, 36.04 ],
				"hull": 4,
				"edges": [ 0, 2, 2, 4, 4, 6, 0, 6 ],
				"width": 29,
				"height": 80
			}
		},
		"yan/1": {
			"yan/1": { "x": -3, "y": 6.95, "width": 169, "height": 142 }
		},
		"yan/10": {
			"yan/0": {
				"type": "mesh",
				"uvs": [ 1, 1, 0, 1, 0, 0, 1, 0 ],
				"triangles": [ 1, 2, 3, 1, 3, 0 ],
				"vertices": [ 104.02, -72.72, 85.5, -95.02, 23.98, -43.95, 42.49, -21.65 ],
				"hull": 4,
				"edges": [ 0, 2, 2, 4, 4, 6, 0, 6 ],
				"width": 29,
				"height": 80
			}
		},
		"yan/11": {
			"yan/0": {
				"type": "mesh",
				"uvs": [ 1, 1, 0, 1, 0, 0, 1, 0 ],
				"triangles": [ 1, 2, 3, 1, 3, 0 ],
				"vertices": [ -12.34, -127.94, -41.34, -128.32, -42.36, -48.33, -13.37, -47.95 ],
				"hull": 4,
				"edges": [ 0, 2, 2, 4, 4, 6, 0, 6 ],
				"width": 29,
				"height": 80
			}
		},
		"yan/2": {
			"yan/2": { "x": -3, "y": 6.95, "width": 165, "height": 144 }
		},
		"yan/3": {
			"yan/3": { "x": -3, "y": 6.95, "width": 163, "height": 146 }
		},
		"yan/4": {
			"yan/4": { "x": -3, "y": 6.95, "width": 158, "height": 146 }
		},
		"yan/5": {
			"yan/5": { "x": -3, "y": 6.95, "width": 147, "height": 148 }
		},
		"yan/6": {
			"yan/6": { "x": -3, "y": 6.95, "width": 130, "height": 124 }
		},
		"yan/7": {
			"yan/7": { "x": -3, "y": 6.95, "width": 116, "height": 108 }
		},
		"yan/8": {
			"yan/0": {
				"type": "mesh",
				"uvs": [ 1, 1, 0, 1, 0, 0, 1, 0 ],
				"triangles": [ 1, 2, 3, 1, 3, 0 ],
				"vertices": [ 127.98, 4.01, 126.97, -24.95, 47.06, -22.17, 48.07, 6.79 ],
				"hull": 4,
				"edges": [ 0, 2, 2, 4, 4, 6, 0, 6 ],
				"width": 29,
				"height": 80
			}
		},
		"yan/9": {
			"yan/0": {
				"type": "mesh",
				"uvs": [ 1, 1, 0, 1, 0, 0, 1, 0 ],
				"triangles": [ 1, 2, 3, 1, 3, 0 ],
				"vertices": [ -132.36, 21.42, -127.5, 50, -48.67, 36.58, -53.53, 8.01 ],
				"hull": 4,
				"edges": [ 0, 2, 2, 4, 4, 6, 0, 6 ],
				"width": 29,
				"height": 80
			}
		}
	}
},
"animations": {
	"run": {
		"slots": {
			"1/1_1": {
				"color": [
					{ "time": 0, "color": "ffffffff" }
				],
				"attachment": [
					{ "time": 0, "name": "1/1_1" },
					{ "time": 0.0666, "name": null }
				]
			},
			"1级/1-2": {
				"color": [
					{ "time": 0, "color": "ffffffff" }
				],
				"attachment": [
					{ "time": 0, "name": "1/1_2" },
					{ "time": 0.0666, "name": null }
				]
			},
			"1级/1-3": {
				"color": [
					{ "time": 0, "color": "ffffffff" }
				],
				"attachment": [
					{ "time": 0, "name": "1/1_3" },
					{ "time": 0.0666, "name": null }
				]
			},
			"1级/1-5": {
				"color": [
					{ "time": 0, "color": "ffffffff" }
				],
				"attachment": [
					{ "time": 0, "name": "1/1_2" },
					{ "time": 0.0666, "name": null }
				]
			},
			"1级/1-6": {
				"color": [
					{ "time": 0, "color": "ffffffff" }
				],
				"attachment": [
					{ "time": 0, "name": "1/1_2" },
					{ "time": 0.0666, "name": null }
				]
			},
			"1级/1-7": {
				"color": [
					{ "time": 0, "color": "ffffffff" }
				],
				"attachment": [
					{ "time": 0, "name": "1/1_2" },
					{ "time": 0.0666, "name": null }
				]
			},
			"1级/1-8": {
				"color": [
					{ "time": 0, "color": "ffffffff" }
				],
				"attachment": [
					{ "time": 0, "name": "1/1_2" },
					{ "time": 0.0666, "name": null }
				]
			},
			"2/2_2/3_5": {
				"color": [
					{ "time": 0, "color": "ffffffff", "curve": "stepped" },
					{ "time": 1.2666, "color": "ffffffff" },
					{ "time": 1.3666, "color": "ffffff00" }
				],
				"attachment": [
					{ "time": 0, "name": null },
					{ "time": 0.0666, "name": "2/2_2/3_5" }
				]
			},
			"2/2_2/3_6": {
				"color": [
					{ "time": 0, "color": "ffffffff", "curve": "stepped" },
					{ "time": 1.1, "color": "ffffffff" },
					{ "time": 1.1666, "color": "ffffff00" }
				],
				"attachment": [
					{ "time": 0, "name": null },
					{ "time": 0.0666, "name": "2/2_2/3_5" }
				]
			},
			"suipian/1": {
				"color": [
					{ "time": 0, "color": "ffffffff", "curve": "stepped" },
					{ "time": 0.9333, "color": "ffffffff" },
					{ "time": 1, "color": "ffffff00" }
				],
				"attachment": [
					{ "time": 0, "name": null },
					{ "time": 0.0666, "name": "suipian/1" }
				]
			},
			"suipian/2": {
				"color": [
					{ "time": 0, "color": "ffffffff", "curve": "stepped" },
					{ "time": 0.2666, "color": "ffffffff" },
					{ "time": 0.3333, "color": "ffffff00" }
				],
				"attachment": [
					{ "time": 0, "name": null },
					{ "time": 0.0666, "name": "suipian/2" }
				]
			},
			"suipian/3": {
				"color": [
					{ "time": 0, "color": "ffffffff", "curve": "stepped" },
					{ "time": 0.9333, "color": "ffffffff" },
					{ "time": 1, "color": "ffffff00" }
				],
				"attachment": [
					{ "time": 0, "name": null },
					{ "time": 0.0666, "name": "suipian/3" }
				]
			},
			"suipian/4": {
				"color": [
					{ "time": 0, "color": "ffffffff", "curve": "stepped" },
					{ "time": 0.9, "color": "ffffffff" },
					{ "time": 1, "color": "ffffff00" }
				],
				"attachment": [
					{ "time": 0, "name": null },
					{ "time": 0.0666, "name": "suipian/4" }
				]
			},
			"suipian/5": {
				"color": [
					{ "time": 0, "color": "ffffffff", "curve": "stepped" },
					{ "time": 0.2666, "color": "ffffffff" },
					{ "time": 0.3333, "color": "ffffff00" }
				],
				"attachment": [
					{ "time": 0, "name": null },
					{ "time": 0.0666, "name": "suipian/4" }
				]
			},
			"suipian/6": {
				"color": [
					{ "time": 0, "color": "ffffffff", "curve": "stepped" },
					{ "time": 0.8666, "color": "ffffffff" },
					{ "time": 1, "color": "ffffff00" }
				],
				"attachment": [
					{ "time": 0, "name": null },
					{ "time": 0.0666, "name": "suipian/2" }
				]
			},
			"suipian/7": {
				"color": [
					{ "time": 0, "color": "ffffffff", "curve": "stepped" },
					{ "time": 0.9, "color": "ffffffff" },
					{ "time": 1, "color": "ffffff00" }
				],
				"attachment": [
					{ "time": 0, "name": null },
					{ "time": 0.0666, "name": "suipian/1" }
				]
			},
			"suipian/8": {
				"color": [
					{ "time": 0, "color": "ffffffff", "curve": "stepped" },
					{ "time": 1.5, "color": "ffffffff" },
					{ "time": 1.5666, "color": "ffffff00" }
				],
				"attachment": [
					{ "time": 0, "name": null },
					{ "time": 0.0666, "name": "suipian/8" }
				]
			},
			"suipian/9": {
				"color": [
					{ "time": 0, "color": "ffffffff", "curve": "stepped" },
					{ "time": 0.3666, "color": "ffffffff" },
					{ "time": 0.4333, "color": "ffffff00" }
				],
				"attachment": [
					{ "time": 0, "name": null },
					{ "time": 0.0666, "name": "suipian/9" }
				]
			},
			"suipian/10": {
				"color": [
					{ "time": 0, "color": "ffffffff", "curve": "stepped" },
					{ "time": 1.3, "color": "ffffffff" },
					{ "time": 1.4333, "color": "ffffff00" }
				],
				"attachment": [
					{ "time": 0, "name": null },
					{ "time": 0.0666, "name": "suipian/10" }
				]
			},
			"suipian/11": {
				"color": [
					{ "time": 0, "color": "ffffffff", "curve": "stepped" },
					{ "time": 0.3666, "color": "ffffffff" },
					{ "time": 0.4333, "color": "ffffff00" }
				],
				"attachment": [
					{ "time": 0, "name": null },
					{ "time": 0.0666, "name": "suipian/11" }
				]
			},
			"suipian/12": {
				"color": [
					{ "time": 0, "color": "ffffffff", "curve": "stepped" },
					{ "time": 0.5666, "color": "ffffffff" },
					{ "time": 0.6, "color": "ffffff00" }
				],
				"attachment": [
					{ "time": 0, "name": null },
					{ "time": 0.0666, "name": "suipian/12" }
				]
			},
			"suipian/13": {
				"color": [
					{ "time": 0, "color": "ffffffff", "curve": "stepped" },
					{ "time": 1.4666, "color": "ffffffff" },
					{ "time": 1.5666, "color": "ffffff00" }
				],
				"attachment": [
					{ "time": 0, "name": null },
					{ "time": 0.0666, "name": "suipian/13" }
				]
			},
			"suipian/14": {
				"color": [
					{ "time": 0, "color": "ffffffff", "curve": "stepped" },
					{ "time": 1.2333, "color": "ffffffff" },
					{ "time": 1.3666, "color": "ffffff00" }
				],
				"attachment": [
					{ "time": 0, "name": null },
					{ "time": 0.0666, "name": "suipian/14" }
				]
			},
			"suipian/15": {
				"color": [
					{ "time": 0, "color": "ffffffff", "curve": "stepped" },
					{ "time": 0.9333, "color": "ffffffff" },
					{ "time": 1, "color": "ffffff00" }
				],
				"attachment": [
					{ "time": 0, "name": null },
					{ "time": 0.0666, "name": "suipian/13" }
				]
			},
			"suipian/17": {
				"color": [
					{ "time": 0, "color": "ffffffff", "curve": "stepped" },
					{ "time": 0.3666, "color": "ffffffff" },
					{ "time": 0.4333, "color": "ffffff00" }
				],
				"attachment": [
					{ "time": 0, "name": null },
					{ "time": 0.0666, "name": "suipian/11" }
				]
			},
			"suipian/18": {
				"color": [
					{ "time": 0, "color": "ffffffff", "curve": "stepped" },
					{ "time": 0.6666, "color": "ffffffff" },
					{ "time": 0.7333, "color": "ffffff00" }
				],
				"attachment": [
					{ "time": 0, "name": null },
					{ "time": 0.0666, "name": "suipian/15" }
				]
			},
			"suipian/19": {
				"color": [
					{ "time": 0, "color": "ffffffff", "curve": "stepped" },
					{ "time": 0.3666, "color": "ffffffff" },
					{ "time": 0.4333, "color": "ffffff00" }
				],
				"attachment": [
					{ "time": 0, "name": null },
					{ "time": 0.0666, "name": "suipian/11" }
				]
			},
			"suipian/20": {
				"color": [
					{ "time": 0, "color": "ffffffff", "curve": "stepped" },
					{ "time": 0.6666, "color": "ffffffff" },
					{ "time": 0.7333, "color": "ffffff00" }
				],
				"attachment": [
					{ "time": 0, "name": null },
					{ "time": 0.0666, "name": "suipian/11" }
				]
			},
			"suipian/21": {
				"color": [
					{ "time": 0, "color": "ffffffff", "curve": "stepped" },
					{ "time": 0.3666, "color": "ffffffff" },
					{ "time": 0.4333, "color": "ffffff00" }
				],
				"attachment": [
					{ "time": 0, "name": null },
					{ "time": 0.0666, "name": "suipian/11" }
				]
			},
			"suipian/22": {
				"color": [
					{ "time": 0, "color": "ffffffff", "curve": "stepped" },
					{ "time": 1.4333, "color": "ffffffff" },
					{ "time": 1.4666, "color": "ffffff00" }
				],
				"attachment": [
					{ "time": 0, "name": null },
					{ "time": 0.0666, "name": "2/2_2/3_5" }
				]
			},
			"suipian/23": {
				"color": [
					{ "time": 0, "color": "ffffffff", "curve": "stepped" },
					{ "time": 0.9, "color": "ffffffff" },
					{ "time": 1, "color": "ffffff00" }
				],
				"attachment": [
					{ "time": 0, "name": null },
					{ "time": 0.0666, "name": "suipian/1" }
				]
			},
			"suipian/24": {
				"color": [
					{ "time": 0, "color": "ffffffff", "curve": "stepped" },
					{ "time": 0.3666, "color": "ffffffff" },
					{ "time": 0.4333, "color": "ffffff00" }
				],
				"attachment": [
					{ "time": 0, "name": null },
					{ "time": 0.0666, "name": "suipian/1" }
				]
			},
			"suipian/25": {
				"color": [
					{ "time": 0, "color": "ffffffff", "curve": "stepped" },
					{ "time": 0.9333, "color": "ffffffff" },
					{ "time": 1, "color": "ffffff00" }
				],
				"attachment": [
					{ "time": 0, "name": null },
					{ "time": 0.0666, "name": "suipian/2" }
				]
			},
			"suipian/26": {
				"color": [
					{ "time": 0, "color": "ffffffff", "curve": "stepped" },
					{ "time": 0.3666, "color": "ffffffff" },
					{ "time": 0.4333, "color": "ffffff00" }
				],
				"attachment": [
					{ "time": 0, "name": null },
					{ "time": 0.0666, "name": "suipian/11" }
				]
			},
			"suipian/27": {
				"color": [
					{ "time": 0, "color": "ffffffff", "curve": "stepped" },
					{ "time": 0.3666, "color": "ffffffff" },
					{ "time": 0.4333, "color": "ffffff00" }
				],
				"attachment": [
					{ "time": 0, "name": null },
					{ "time": 0.0666, "name": "suipian/11" }
				]
			},
			"suipian/28": {
				"color": [
					{ "time": 0, "color": "ffffffff", "curve": "stepped" },
					{ "time": 0.5, "color": "ffffffff" },
					{ "time": 0.5333, "color": "ffffff00" }
				],
				"attachment": [
					{ "time": 0, "name": null },
					{ "time": 0.0666, "name": "suipian/11" }
				]
			},
			"suipian/29": {
				"color": [
					{ "time": 0, "color": "ffffffff", "curve": "stepped" },
					{ "time": 0.6, "color": "ffffffff" },
					{ "time": 0.6666, "color": "ffffff00" }
				],
				"attachment": [
					{ "time": 0, "name": null },
					{ "time": 0.0666, "name": "suipian/11" }
				]
			},
			"suipian/30": {
				"color": [
					{ "time": 0, "color": "ffffffff", "curve": "stepped" },
					{ "time": 0.7333, "color": "ffffffff" },
					{ "time": 0.9, "color": "ffffff00" }
				],
				"attachment": [
					{ "time": 0, "name": null },
					{ "time": 0.0666, "name": "suipian/11" }
				]
			},
			"suipian/31": {
				"color": [
					{ "time": 0, "color": "ffffffff", "curve": "stepped" },
					{ "time": 0.5333, "color": "ffffffff" },
					{ "time": 0.6, "color": "ffffff00" }
				],
				"attachment": [
					{ "time": 0, "name": null },
					{ "time": 0.0666, "name": "suipian/11" }
				]
			},
			"suipian/32": {
				"color": [
					{ "time": 0, "color": "ffffffff", "curve": "stepped" },
					{ "time": 0.5, "color": "ffffffff" },
					{ "time": 0.6, "color": "ffffff01" }
				],
				"attachment": [
					{ "time": 0, "name": null },
					{ "time": 0.0666, "name": "suipian/11" }
				]
			},
			"suipian/33": {
				"color": [
					{ "time": 0, "color": "ffffffff", "curve": "stepped" },
					{ "time": 0.6666, "color": "ffffffff" },
					{ "time": 0.7333, "color": "ffffff00" }
				],
				"attachment": [
					{ "time": 0, "name": null },
					{ "time": 0.0666, "name": "suipian/2" }
				]
			},
			"suipian/34": {
				"color": [
					{ "time": 0, "color": "ffffffff", "curve": "stepped" },
					{ "time": 1.4666, "color": "ffffffff" },
					{ "time": 1.5666, "color": "ffffff00" }
				],
				"attachment": [
					{ "time": 0, "name": null },
					{ "time": 0.0666, "name": "suipian/18" }
				]
			},
			"suipian/35": {
				"color": [
					{ "time": 0, "color": "ffffffff", "curve": "stepped" },
					{ "time": 1.2666, "color": "ffffffff" },
					{ "time": 1.3666, "color": "ffffff00" }
				],
				"attachment": [
					{ "time": 0, "name": null },
					{ "time": 0.0666, "name": "suipian/18" }
				]
			},
			"yan/0": {
				"attachment": [
					{ "time": 0, "name": null },
					{ "time": 0.0333, "name": "yan/0" },
					{ "time": 0.2666, "name": null }
				]
			},
			"yan/1": {
				"color": [
					{ "time": 0, "color": "e0ddcae6" }
				],
				"attachment": [
					{ "time": 0, "name": null },
					{ "time": 0.4333, "name": "yan/1" },
					{ "time": 0.5, "name": null }
				]
			},
			"yan/2": {
				"color": [
					{ "time": 0, "color": "e0ddcae6" }
				],
				"attachment": [
					{ "time": 0, "name": null },
					{ "time": 0.3666, "name": "yan/2" },
					{ "time": 0.4333, "name": null }
				]
			},
			"yan/3": {
				"color": [
					{ "time": 0, "color": "e0ddcae6" }
				],
				"attachment": [
					{ "time": 0, "name": null },
					{ "time": 0.3, "name": "yan/3" },
					{ "time": 0.3666, "name": null }
				]
			},
			"yan/4": {
				"color": [
					{ "time": 0, "color": "e0ddcae6" }
				],
				"attachment": [
					{ "time": 0, "name": null },
					{ "time": 0.2333, "name": "yan/4" },
					{ "time": 0.3, "name": null }
				]
			},
			"yan/5": {
				"color": [
					{ "time": 0, "color": "e0ddcae6" }
				],
				"attachment": [
					{ "time": 0, "name": null },
					{ "time": 0.1666, "name": "yan/5" },
					{ "time": 0.2333, "name": null }
				]
			},
			"yan/6": {
				"color": [
					{ "time": 0, "color": "e0ddcae6" }
				],
				"attachment": [
					{ "time": 0, "name": null },
					{ "time": 0.1, "name": "yan/6" },
					{ "time": 0.1666, "name": null }
				]
			},
			"yan/7": {
				"color": [
					{ "time": 0, "color": "e0ddcae6" }
				],
				"attachment": [
					{ "time": 0, "name": null },
					{ "time": 0.0333, "name": "yan/7" },
					{ "time": 0.1, "name": null }
				]
			},
			"yan/8": {
				"attachment": [
					{ "time": 0, "name": null },
					{ "time": 0.0666, "name": "yan/0" },
					{ "time": 0.2666, "name": null }
				]
			},
			"yan/9": {
				"attachment": [
					{ "time": 0, "name": null },
					{ "time": 0.0333, "name": "yan/0" },
					{ "time": 0.2666, "name": null }
				]
			},
			"yan/10": {
				"attachment": [
					{ "time": 0, "name": null },
					{ "time": 0.0333, "name": "yan/0" },
					{ "time": 0.2666, "name": null }
				]
			},
			"yan/11": {
				"attachment": [
					{ "time": 0, "name": null },
					{ "time": 0.0333, "name": "yan/0" },
					{ "time": 0.2666, "name": null }
				]
			}
		},
		"bones": {
			"bone3": {
				"rotate": [
					{ "time": 0, "angle": 0 },
					{ "time": 0.0666, "angle": 17.58 },
					{ "time": 0.2666, "angle": 163.54 },
					{ "time": 0.5, "angle": -159.22 },
					{ "time": 0.7333, "angle": -2.59 },
					{ "time": 1.0666, "angle": 88.9 },
					{ "time": 1.3333, "angle": 153.73 },
					{ "time": 1.5666, "angle": -178.49 }
				],
				"translate": [
					{ "time": 0, "x": 0, "y": 0 },
					{
						"time": 0.0666,
						"x": -8.46,
						"y": 34.85,
						"curve": [ 0.081, 0.71, 0.75, 1 ]
					},
					{ "time": 0.2666, "x": -157.51, "y": -219.83 },
					{
						"time": 0.5,
						"x": -244.2,
						"y": -431.74,
						"curve": [ 0.372, 0.09, 0.95, 0.4 ]
					},
					{ "time": 1.5666, "x": -213.35, "y": -2044.49 }
				],
				"scale": [
					{ "time": 0, "x": 1, "y": 1 },
					{
						"time": 0.0666,
						"x": 1.159,
						"y": 1.159,
						"curve": [ 0.238, 0, 0.602, 0.44 ]
					},
					{
						"time": 0.2666,
						"x": 1.657,
						"y": 1.657,
						"curve": [ 0.356, 0.43, 0.759, 1 ]
					},
					{ "time": 0.5, "x": 1.159, "y": 1.159 },
					{ "time": 1.5666, "x": 0.847, "y": 0.847 }
				]
			},
			"bone4": {
				"rotate": [
					{ "time": 0, "angle": 0 },
					{ "time": 0.0666, "angle": 22.51 },
					{ "time": 0.2, "angle": -155.45 },
					{ "time": 0.4666, "angle": 100.13 },
					{ "time": 0.7, "angle": 4.94 },
					{ "time": 0.9333, "angle": -104.61 },
					{ "time": 1.1333, "angle": 142.78 },
					{ "time": 1.3666, "angle": -3.29 }
				],
				"translate": [
					{ "time": 0, "x": 0, "y": 0 },
					{ "time": 0.0666, "x": -21.41, "y": 26.51 },
					{ "time": 0.2, "x": -163.75, "y": 209.11 },
					{
						"time": 0.4666,
						"x": -303.79,
						"y": 113.88,
						"curve": [ 0.25, 0, 0.882, 0.82 ]
					},
					{ "time": 1.3666, "x": -361.1, "y": -1051.3 }
				],
				"scale": [
					{ "time": 0, "x": 1, "y": 1, "curve": "stepped" },
					{ "time": 0.2, "x": 1, "y": 1 },
					{ "time": 0.4666, "x": 0.682, "y": 0.682 }
				]
			},
			"bone5": {
				"rotate": [
					{ "time": 0, "angle": 0, "curve": "stepped" },
					{ "time": 0.0666, "angle": 0 },
					{ "time": 0.2, "angle": 48.77 },
					{ "time": 0.2666, "angle": 125.95 },
					{ "time": 0.5, "angle": -130.71 },
					{ "time": 1, "angle": -105.35 },
					{ "time": 1.0333, "angle": -42.89 }
				],
				"translate": [
					{ "time": 0, "x": 0, "y": 0, "curve": "stepped" },
					{ "time": 0.0666, "x": 0, "y": 0 },
					{ "time": 0.2, "x": -12.85, "y": 40.17 },
					{
						"time": 0.2666,
						"x": -11.9,
						"y": 67.71,
						"curve": [ 0.25, 0, 0.935, 0.88 ]
					},
					{ "time": 1, "x": -31.59, "y": -338.88 }
				],
				"scale": [
					{ "time": 0, "x": 1, "y": 1, "curve": "stepped" },
					{ "time": 0.0666, "x": 1, "y": 1 }
				]
			},
			"bone6": {
				"rotate": [
					{ "time": 0, "angle": 0 },
					{ "time": 0.0666, "angle": -9.27 },
					{
						"time": 0.2333,
						"angle": -50.87,
						"curve": [ 0.142, 0.92, 0.759, 1 ]
					},
					{
						"time": 0.5666,
						"angle": -138.6,
						"curve": [ 0.144, 0.66, 0.75, 1 ]
					},
					{ "time": 1.5666, "angle": 135.02 }
				],
				"translate": [
					{ "time": 0, "x": 0, "y": 0 },
					{ "time": 0.0666, "x": 7.58, "y": 33.9 },
					{
						"time": 0.2333,
						"x": 27.73,
						"y": 37.65,
						"curve": [ 0.25, 0, 0.891, 0.28 ]
					},
					{ "time": 1.5666, "x": 112.83, "y": -1734.38 }
				],
				"scale": [
					{ "time": 0, "x": 1, "y": 1 },
					{ "time": 0.2333, "x": 1.336, "y": 1.336 },
					{ "time": 0.5666, "x": 0.707, "y": 0.707 }
				]
			},
			"bone8": {
				"rotate": [
					{ "time": 0, "angle": 0 },
					{ "time": 0.0666, "angle": -27.86 },
					{ "time": 0.2666, "angle": 237.93 },
					{ "time": 0.5333, "angle": 137.16 },
					{ "time": 0.9666, "angle": 18.11 },
					{ "time": 1.4333, "angle": -85.41 }
				],
				"translate": [
					{ "time": 0, "x": 0, "y": 0 },
					{
						"time": 0.0666,
						"x": -9.66,
						"y": -29.94,
						"curve": [ 0.074, 0.57, 0.606, 0.85 ]
					},
					{
						"time": 0.2666,
						"x": -181.52,
						"y": 82.94,
						"curve": [ 0.3, 0, 0.645, 0.37 ]
					},
					{
						"time": 0.5333,
						"x": -245.88,
						"y": -92.48,
						"curve": [ 0.417, 0.21, 0.874, 0.69 ]
					},
					{ "time": 1.4333, "x": -363.89, "y": -1454.42 }
				],
				"scale": [
					{ "time": 0, "x": 1, "y": 1 },
					{ "time": 0.0666, "x": 1.208, "y": 1.208 },
					{ "time": 0.2666, "x": 1.487, "y": 1.487 },
					{ "time": 1.4333, "x": 0.777, "y": 0.777 }
				]
			},
			"bone9": {
				"rotate": [
					{ "time": 0, "angle": 0, "curve": "stepped" },
					{ "time": 0.0666, "angle": 0 },
					{
						"time": 0.2333,
						"angle": -46.02,
						"curve": [ 0.154, 0.75, 0.75, 1 ]
					},
					{ "time": 0.5, "angle": -157.59 },
					{ "time": 0.7333, "angle": 155.18 },
					{ "time": 0.9333, "angle": 39.83 },
					{ "time": 1.1666, "angle": -71.22 },
					{ "time": 1.4666, "angle": 154.2 }
				],
				"translate": [
					{ "time": 0, "x": 0, "y": 0, "curve": "stepped" },
					{
						"time": 0.0666,
						"x": 0,
						"y": 0,
						"curve": [ 0.152, 0.68, 0.75, 1 ]
					},
					{
						"time": 0.2333,
						"x": 25.06,
						"y": 16.38,
						"curve": [ 0.25, 0, 0.904, 0.3 ]
					},
					{ "time": 1.4666, "x": -43.95, "y": -1824.64 }
				],
				"scale": [
					{ "time": 0.0666, "x": 1, "y": 1 },
					{ "time": 0.2333, "x": 1.93, "y": 1.93 },
					{ "time": 1.4666, "x": 1.119, "y": 1.119 }
				]
			},
			"bone10": {
				"rotate": [
					{ "time": 0, "angle": 0 },
					{ "time": 0.0666, "angle": -35.9 },
					{ "time": 0.2666, "angle": -124.09 },
					{ "time": 0.4333, "angle": 128.25 },
					{ "time": 1, "angle": -23.46 }
				],
				"translate": [
					{ "time": 0, "x": 0, "y": 0 },
					{ "time": 0.0666, "x": -43.35, "y": 13.46 },
					{ "time": 0.2666, "x": -75.6, "y": 32.92 },
					{
						"time": 0.4333,
						"x": -108.77,
						"y": -91.77,
						"curve": [ 0.423, 0.15, 0.806, 0.86 ]
					},
					{ "time": 1, "x": -174.97, "y": -488.9 }
				],
				"scale": [
					{ "time": 0, "x": 1, "y": 1 },
					{ "time": 0.0666, "x": 1.15, "y": 1.15 },
					{ "time": 0.2666, "x": 2.037, "y": 2.037 },
					{ "time": 0.4333, "x": 2.13, "y": 2.13 },
					{ "time": 1, "x": 0.974, "y": 0.974 }
				]
			},
			"bone11": {
				"rotate": [
					{ "time": 0, "angle": 0 },
					{
						"time": 0.0666,
						"angle": 11.85,
						"curve": [ 0.181, 0.8, 0.75, 1 ]
					},
					{ "time": 0.2, "angle": 42.09 },
					{ "time": 0.6, "angle": 81.28 },
					{ "time": 1, "angle": 128.29 }
				],
				"translate": [
					{ "time": 0, "x": 0, "y": 0 },
					{
						"time": 0.0666,
						"x": -16.01,
						"y": 0,
						"curve": [ 0.181, 0.8, 0.75, 1 ]
					},
					{ "time": 0.2, "x": -32.05, "y": -9.86 },
					{ "time": 0.6, "x": -67.98, "y": -206.93 },
					{ "time": 1, "x": -100.15, "y": -522.43 }
				],
				"scale": [
					{ "time": 0, "x": 1, "y": 1 },
					{
						"time": 0.0666,
						"x": 1.372,
						"y": 1.372,
						"curve": [ 0.181, 0.8, 0.75, 1 ]
					},
					{ "time": 0.2, "x": 1.828, "y": 1.828 },
					{ "time": 0.6, "x": 1.305, "y": 1.305 },
					{ "time": 1, "x": 0.885, "y": 0.885 }
				]
			},
			"bone12": {
				"rotate": [
					{ "time": 0, "angle": 0 },
					{ "time": 0.0666, "angle": 37.82 },
					{ "time": 0.1666, "angle": -62.42 },
					{ "time": 0.2666, "angle": 163.62 },
					{ "time": 0.4, "angle": 41.13 },
					{ "time": 0.6, "angle": -32.15 },
					{ "time": 0.8333, "angle": -80.67 },
					{ "time": 1, "angle": 143.37 }
				],
				"translate": [
					{ "time": 0, "x": 0, "y": 0 },
					{
						"time": 0.0666,
						"x": 24.55,
						"y": 13.99,
						"curve": [ 0.191, 0.51, 0.627, 0.82 ]
					},
					{ "time": 0.2333, "x": 133.52, "y": 132.55 },
					{ "time": 0.4, "x": 222.39, "y": 82.13 },
					{ "time": 0.6, "x": 303.76, "y": 14.22 },
					{ "time": 0.8333, "x": 355.58, "y": -168.65 },
					{ "time": 1, "x": 407.39, "y": -369.82 }
				],
				"scale": [
					{ "time": 0, "x": 1, "y": 1 },
					{ "time": 0.0666, "x": 1.305, "y": 1.305, "curve": "stepped" },
					{ "time": 0.7666, "x": 1.305, "y": 1.305 },
					{ "time": 1, "x": 0.543, "y": 0.543 }
				]
			},
			"bone13": {
				"rotate": [
					{ "time": 0, "angle": 0, "curve": "stepped" },
					{ "time": 0.0666, "angle": 0 },
					{ "time": 0.2333, "angle": 99.5 },
					{ "time": 0.3333, "angle": -164.51 },
					{ "time": 0.5, "angle": -37.73 },
					{ "time": 0.7333, "angle": 38.44 }
				],
				"translate": [
					{ "time": 0, "x": 0, "y": 0 },
					{ "time": 0.0666, "x": -7.3, "y": 24.01 },
					{ "time": 0.2333, "x": -19.4, "y": 125.96 },
					{
						"time": 0.3333,
						"x": -21.99,
						"y": 159.65,
						"curve": [ 0.25, 0, 0.913, 0.41 ]
					},
					{ "time": 0.7333, "x": -33.07, "y": -193.79 }
				],
				"scale": [
					{ "time": 0, "x": 1, "y": 1, "curve": "stepped" },
					{ "time": 0.0666, "x": 1, "y": 1 },
					{ "time": 0.2333, "x": 1.652, "y": 1.652, "curve": "stepped" },
					{ "time": 0.3333, "x": 1.652, "y": 1.652, "curve": "stepped" },
					{ "time": 0.5, "x": 1.652, "y": 1.652 },
					{ "time": 0.7333, "x": 0.697, "y": 0.697 }
				]
			},
			"bone16": {
				"rotate": [
					{ "time": 0, "angle": 0, "curve": "stepped" },
					{ "time": 0.0666, "angle": 0 },
					{ "time": 0.2666, "angle": -123.23 },
					{ "time": 0.9, "angle": 22.97 }
				],
				"translate": [
					{ "time": 0, "x": 0, "y": 0 },
					{ "time": 0.0666, "x": 22.04, "y": -6.75 },
					{
						"time": 0.1666,
						"x": 51.25,
						"y": 30.92,
						"curve": [ 0.25, 0, 0.97, 0.52 ]
					},
					{ "time": 0.9, "x": 77.5, "y": -588.4 }
				],
				"scale": [
					{ "time": 0, "x": 1, "y": 1, "curve": "stepped" },
					{ "time": 0.0666, "x": 1, "y": 1 },
					{ "time": 0.1666, "x": 1.547, "y": 1.558 },
					{ "time": 0.9, "x": 1.545, "y": 1.56 }
				]
			},
			"bone17": {
				"rotate": [
					{ "time": 0.0666, "angle": 0 }
				],
				"translate": [
					{ "time": 0, "x": 0, "y": 0, "curve": "stepped" },
					{
						"time": 0.0666,
						"x": 0,
						"y": 0,
						"curve": [ 0.135, 0.72, 0.75, 1 ]
					},
					{
						"time": 0.2,
						"x": 69.01,
						"y": 127.79,
						"curve": [ 0.25, 0, 0.86, 0.67 ]
					},
					{ "time": 0.6, "x": 123.96, "y": -293.94 }
				]
			},
			"bone18": {
				"rotate": [
					{ "time": 0, "angle": 0 },
					{ "time": 0.0666, "angle": -107.13 },
					{ "time": 0.2666, "angle": 139.61 },
					{ "time": 0.6, "angle": 0 }
				],
				"translate": [
					{ "time": 0, "x": 0, "y": 0 },
					{
						"time": 0.0666,
						"x": 0,
						"y": -24.47,
						"curve": [ 0.193, 0.95, 0.75, 1 ]
					},
					{ "time": 0.6, "x": 70.09, "y": -329.83 }
				],
				"scale": [
					{ "time": 0, "x": 1, "y": 1, "curve": "stepped" },
					{ "time": 0.0666, "x": 1, "y": 1, "curve": "stepped" },
					{ "time": 0.6, "x": 1, "y": 1 }
				]
			},
			"bone19": {
				"rotate": [
					{ "time": 0, "angle": 0 },
					{ "time": 0.0666, "angle": 15.56 },
					{ "time": 0.2, "angle": 128.61 },
					{ "time": 0.7333, "angle": -104.71 }
				],
				"translate": [
					{ "time": 0, "x": 0, "y": 0 },
					{ "time": 0.0666, "x": -10.79, "y": -8.54 },
					{ "time": 0.2, "x": -19.46, "y": 64.73 },
					{ "time": 0.7333, "x": -32.64, "y": -266.12 }
				]
			},
			"bone14": {
				"rotate": [
					{ "time": 0, "angle": 0, "curve": "stepped" },
					{ "time": 0.0666, "angle": 0 }
				],
				"translate": [
					{ "time": 0, "x": 0.64, "y": 0 },
					{
						"time": 0.0666,
						"x": -4.54,
						"y": -27.29,
						"curve": [ 0.25, 0, 0.899, 0.54 ]
					},
					{ "time": 0.5333, "x": -57.07, "y": -352.77 }
				],
				"scale": [
					{ "time": 0, "x": 1, "y": 1 },
					{ "time": 0.0666, "x": 1.507, "y": 1.507 },
					{ "time": 0.5333, "x": 1.097, "y": 1.097 }
				]
			},
			"bone15": {
				"rotate": [
					{ "time": 0.0666, "angle": 0 },
					{ "time": 0.1666, "angle": 61.5 },
					{ "time": 0.2666, "angle": 135.49 },
					{ "time": 0.4, "angle": -118.33 },
					{ "time": 0.6666, "angle": 29.11 }
				],
				"translate": [
					{ "time": 0.0666, "x": 0, "y": 0 },
					{ "time": 0.1666, "x": -76.93, "y": 91.06 },
					{ "time": 0.2666, "x": -139.34, "y": 143.54 },
					{ "time": 0.4, "x": -239.14, "y": 81.31 },
					{ "time": 0.6666, "x": -284.47, "y": -154.97 }
				]
			},
			"bone20": {
				"rotate": [
					{ "time": 0, "angle": 0 },
					{ "time": 0.0666, "angle": -20.63 },
					{ "time": 0.2, "angle": -121.15 },
					{ "time": 0.4333, "angle": 158.65 },
					{ "time": 0.7333, "angle": 73.2 }
				],
				"translate": [
					{ "time": 0, "x": 0, "y": 0 },
					{ "time": 0.0666, "x": 3.4, "y": -54.52 },
					{
						"time": 0.2,
						"x": -9.19,
						"y": -116.12,
						"curve": [ 0.25, 0, 0.899, 0.31 ]
					},
					{ "time": 0.7333, "x": -21.7, "y": -476.32 }
				],
				"scale": [
					{ "time": 0, "x": 1, "y": 1 },
					{ "time": 0.0666, "x": 1.375, "y": 1.375 },
					{ "time": 0.2, "x": 1.745, "y": 1.745 },
					{ "time": 0.4333, "x": 1.064, "y": 1.064 }
				]
			},
			"bone22": {
				"rotate": [
					{ "time": 0, "angle": 0 },
					{ "time": 0.0666, "angle": -11.87 },
					{ "time": 0.1666, "angle": -69.76 },
					{ "time": 0.3666, "angle": -118.47 },
					{ "time": 0.5666, "angle": 169.54 },
					{ "time": 0.8, "angle": 108.92 },
					{ "time": 1.0333, "angle": 67.88 },
					{ "time": 1.3666, "angle": 8.8 }
				],
				"translate": [
					{ "time": 0, "x": 0, "y": 0 },
					{
						"time": 0.0666,
						"x": 39.29,
						"y": 57.09,
						"curve": [ 0.183, 0.68, 0.75, 1 ]
					},
					{
						"time": 0.1666,
						"x": 148.9,
						"y": 141.54,
						"curve": [ 0.269, 0, 0.612, 0.36 ]
					},
					{
						"time": 0.3666,
						"x": 203.43,
						"y": -28.59,
						"curve": [ 0.353, 0.18, 0.907, 0.75 ]
					},
					{ "time": 1.3666, "x": 153.77, "y": -1657.29 }
				],
				"scale": [
					{ "time": 0, "x": 1, "y": 1 },
					{ "time": 0.0666, "x": 1.322, "y": 1.322 }
				]
			},
			"bone21": {
				"rotate": [
					{ "time": 0, "angle": 0 },
					{
						"time": 0.0666,
						"angle": 13.88,
						"curve": [ 0.183, 0.59, 0.897, 1 ]
					},
					{ "time": 0.4, "angle": -51.93 },
					{ "time": 0.9, "angle": 145.2 },
					{ "time": 1.5666, "angle": -21.19 }
				],
				"translate": [
					{ "time": 0, "x": 0, "y": 0 },
					{ "time": 0.0666, "x": 28.07, "y": -76.56 },
					{
						"time": 0.5333,
						"x": 48.62,
						"y": -588.7,
						"curve": [ 0.253, 0.11, 0.629, 0.47 ]
					},
					{
						"time": 1.0666,
						"x": 56.23,
						"y": -1191.75,
						"curve": [ 0.421, 0.25, 0.833, 0.61 ]
					},
					{ "time": 1.5666, "x": 78.32, "y": -2282.31 }
				],
				"scale": [
					{ "time": 0, "x": 1, "y": 1 },
					{ "time": 0.0666, "x": 1.405, "y": 1.57 }
				]
			},
			"bone23": {
				"rotate": [
					{ "time": 0, "angle": 0 },
					{
						"time": 0.0666,
						"angle": -8.07,
						"curve": [ 0.25, 0, 0.75, 1 ]
					},
					{ "time": 0.4333, "angle": 142.92 },
					{ "time": 0.7666, "angle": -89.38 },
					{ "time": 1.0666, "angle": -17.36 },
					{ "time": 1.3666, "angle": 65.32 }
				],
				"translate": [
					{ "time": 0, "x": 0, "y": 0 },
					{ "time": 0.0666, "x": -2.55, "y": 25.55 },
					{ "time": 0.2333, "x": -83.44, "y": 132.72 },
					{
						"time": 0.4333,
						"x": -138.62,
						"y": 16.4,
						"curve": [ 0.27, 0.02, 0.875, 0.46 ]
					},
					{ "time": 1.3666, "x": -318.24, "y": -1543.36 }
				],
				"scale": [
					{ "time": 0, "x": 1, "y": 1 },
					{
						"time": 0.0666,
						"x": 1.524,
						"y": 1.524,
						"curve": [ 0.188, 0.76, 0.75, 1 ]
					},
					{ "time": 0.4333, "x": 2.287, "y": 2.287 },
					{ "time": 0.7, "x": 1.933, "y": 1.933 },
					{ "time": 1.3666, "x": 2.109, "y": 2.109 }
				]
			},
			"bone24": {
				"rotate": [
					{ "time": 0, "angle": 0, "curve": "stepped" },
					{ "time": 0.0666, "angle": 0 },
					{ "time": 0.3, "angle": -33.87 },
					{ "time": 0.5666, "angle": -122.98 },
					{ "time": 0.8666, "angle": 119.75 },
					{ "time": 1.1666, "angle": 2.6 }
				],
				"translate": [
					{ "time": 0, "x": 0, "y": 0 },
					{ "time": 0.0666, "x": 45.35, "y": -11.96 },
					{
						"time": 0.3,
						"x": 165.26,
						"y": -269.54,
						"curve": [ 0.25, 0, 0.86, 0.5 ]
					},
					{ "time": 1.1666, "x": 263.02, "y": -1955.81 }
				],
				"scale": [
					{ "time": 0, "x": 1, "y": 1 },
					{ "time": 0.0666, "x": 2.059, "y": 2.059 },
					{ "time": 0.3, "x": 2.201, "y": 2.201 },
					{ "time": 1.1666, "x": 1.852, "y": 1.852 }
				]
			}
		},
		"deform": {
			"default": {
				"1/1_1": {
					"1/1_1": [
						{ "time": 0 },
						{
							"time": 0.0666,
							"vertices": [ -7.23998, 2.71499, 0, 0, 0, 0, 7.72001, -5.76499, 0, 0, 0, 28.05494, 25.33998, 21.72003, 4.52499, -7.23998, 3.46002, 21.45501, 9.95498, 19.87498 ]
						}
					]
				},
				"1级/1-2": {
					"1/1_2": [
						{ "time": 0 },
						{
							"time": 0.0666,
							"vertices": [ -23.755, -8.95995, -11.94495, -14.07497, 10.31997, 0, 0, 0, -18.73501, -17.10497, -33.30489, -0.35998 ]
						}
					]
				},
				"1级/1-3": {
					"1/1_3": [
						{ "time": 0 },
						{
							"time": 0.0666,
							"offset": 2,
							"vertices": [ 27.09996, -6.43507, -26.21001, -17.38996, -4.17495, 2.50503, 6.90994, 3.65004, -14.70985, -15.97994, 20.76494, -9.81994 ]
						}
					]
				},
				"1级/1-5": {
					"1/1_2": [
						{ "time": 0 },
						{
							"time": 0.0666,
							"vertices": [ 25.77993, 1.65994, 0, 0, -3.44001, -0.86001, 18.53504, 0.34992, -5.51498, -2.71493 ]
						}
					]
				},
				"1级/1-6": {
					"1/1_2": [
						{ "time": 0 },
						{
							"time": 0.0666,
							"vertices": [ 22.32989, -3.84999, 5.16002, -18.92, -4.3, -11.18, 15.44988, 2.08, -1.72, 18.91995, 6.87999, 6.88 ]
						}
					]
				},
				"1级/1-7": {
					"1/1_2": [
						{ "time": 0 },
						{
							"time": 0.0666,
							"vertices": [ 12.88828, 19.89156, 2.89999, -7.55332, -8.25992, -9.29335, 4.61997, 16.38988, -3.48001, 15.06663, 4.88994, 13.34166 ]
						}
					]
				},
				"1级/1-8": {
					"1/1_2": [
						{ "time": 0 },
						{
							"time": 0.0666,
							"vertices": [ -21.36993, -2.86996, -1.73995, -15.65999, -12.17994, -14.78998, -25.61978, 1.77999, 0.58002, 10.43991, 13.33987, 15.65991 ]
						}
					]
				},
				"suipian/1": {
					"suipian/1": [
						{
							"time": 0,
							"vertices": [ -2.29098, -23.64783, 28.08688, 22.42744, 22.05094, 22.12299, -14.04697, -32.21239 ],
							"curve": "stepped"
						},
						{
							"time": 0.0666,
							"vertices": [ -2.29098, -23.64783, 28.08688, 22.42744, 22.05094, 22.12299, -14.04697, -32.21239 ],
							"curve": [ 0.061, 0.85, 0.75, 1 ]
						},
						{
							"time": 0.2,
							"vertices": [ 47.72106, 15.09893, 9.65664, 8.96636, 11.05802, -6.38903, 50.08398, -4.68291 ]
						},
						{
							"time": 1,
							"vertices": [ 57.84821, -146.63403, 87.36145, -187.23846, 100.30892, -179.81522, 70.61113, -140.35806 ]
						}
					]
				},
				"suipian/2": {
					"suipian/2": [
						{
							"time": 0,
							"vertices": [ 9.5919, -27.01118, 25.47607, 8.49, 19.55451, 10.99638, 6.63025, 5.2201 ],
							"curve": "stepped"
						},
						{
							"time": 0.0666,
							"vertices": [ 9.5919, -27.01118, 25.47607, 8.49, 19.55451, 10.99638, 6.63025, 5.2201 ],
							"curve": [ 0.076, 0.86, 0.75, 1 ]
						},
						{
							"time": 0.1666,
							"vertices": [ 134.62819, 16.80145, 71.6101, 16.31476, 68.79168, 2.82525, 122.81474, 10.9191 ]
						},
						{
							"time": 0.3333,
							"vertices": [ 119.48312, -125.21171, 113.31102, -145.91144, 110.19096, -156.41534, 121.04044, -125.05508 ]
						}
					]
				},
				"suipian/3": {
					"suipian/3": [
						{ "time": 0, "curve": "stepped" },
						{ "time": 0.0666 },
						{
							"time": 1,
							"vertices": [ -33.06116, -214.81288, 18.92999, -178.07036, 33.06177, -198.06699, -18.92942, -234.80959 ]
						}
					]
				},
				"suipian/5": {
					"suipian/4": [
						{
							"time": 0,
							"vertices": [ 4.74122, -1.53309, -34.32518, -2.04256, -34.5012, 11.45314, 4.56525, 11.9625 ],
							"curve": "stepped"
						},
						{
							"time": 0.0666,
							"vertices": [ 4.74122, -1.53309, -34.32518, -2.04256, -34.5012, 11.45314, 4.56525, 11.9625 ],
							"curve": [ 0.061, 0.85, 0.75, 1 ]
						},
						{
							"time": 0.1666,
							"vertices": [ -30.3955, -1.89871, -76.80217, -13.25264, -80.72445, 2.7788, -34.31774, 14.13259 ],
							"curve": [ 0.25, 0, 0.75, 1 ]
						},
						{
							"time": 0.4,
							"vertices": [ -130.59886, -190.6463, -109.40799, -164.05276, -100.22109, -171.37338, -121.41196, -197.96693 ]
						}
					]
				},
				"suipian/9": {
					"suipian/9": [
						{
							"time": 0,
							"vertices": [ 1.69611, -1.35353, 2.27822, -9.95437, -3.36605, -10.33638, -3.94818, -1.73554 ],
							"curve": [ 0.076, 0.86, 0.75, 1 ]
						},
						{
							"time": 0.0666,
							"vertices": [ 10.17612, -4.53352, 10.75823, -13.13436, 5.11395, -13.51636, 4.53182, -4.91552 ],
							"curve": [ 0.076, 0.86, 0.75, 1 ]
						},
						{
							"time": 0.1666,
							"vertices": [ 64.68639, -34.22834, 59.07374, -75.55456, 31.95344, -71.87127, 37.56606, -30.54505 ],
							"curve": [ 0.25, 0, 0.75, 1 ]
						},
						{
							"time": 0.4333,
							"vertices": [ 6.57959, -166.52846, 83.49978, -215.47185, 51.38057, -265.9507, -25.53962, -217.00726 ]
						}
					]
				},
				"suipian/11": {
					"suipian/11": [
						{
							"time": 0,
							"vertices": [ -4.93, 32.06485, -4.93, 32.06485, -4.93, 32.06485, -4.93, 32.06485 ],
							"curve": "stepped"
						},
						{
							"time": 0.0666,
							"vertices": [ -4.93, 32.06485, -4.93, 32.06485, -4.93, 32.06485, -4.93, 32.06485 ],
							"curve": [ 0.154, 0.41, 0.512, 0.74 ]
						},
						{
							"time": 0.1666,
							"vertices": [ 21.55025, 256.48468, 83.56587, 227.69354, 65.84797, 189.53006, 3.83257, 218.32138 ],
							"curve": [ 0.258, 1, 0.774, 1 ]
						},
						{
							"time": 0.4333,
							"vertices": [ 68.87584, 342.42697, 87.22484, 312.61084, 68.8762, 301.31934, 50.52723, 331.1355 ]
						}
					]
				},
				"suipian/12": {
					"suipian/12": [
						{
							"time": 0,
							"vertices": [ -19.29591, -12.09953, -29.27925, 3.30694, -24.41406, 6.45958, -14.43064, -8.94694 ],
							"curve": "stepped"
						},
						{
							"time": 0.0666,
							"vertices": [ -19.29591, -12.09953, -29.27925, 3.30694, -24.41406, 6.45958, -14.43064, -8.94694 ],
							"curve": [ 0.083, 0.93, 0.75, 1 ]
						},
						{
							"time": 0.2,
							"vertices": [ -37.55279, -41.16523, -50.81964, -7.08418, -40.05724, -2.89464, -26.79027, -36.97576 ]
						},
						{
							"time": 0.6,
							"vertices": [ -67.31635, -329.2915, -104.16098, -360.162, -113.90955, -348.5269, -77.06488, -317.6563 ]
						}
					]
				},
				"suipian/14": {
					"suipian/14": [
						{ "time": 0 }
					]
				},
				"suipian/15": {
					"suipian/13": [
						{
							"time": 0,
							"vertices": [ 4.80184, -10.86362, 4.94621, -15.81557, 3.54801, -15.85633, 3.40364, -10.90439 ],
							"curve": [ 0.083, 0.93, 0.75, 1 ]
						},
						{
							"time": 0.0666,
							"vertices": [ 12.7943, -29.04129, -2.78673, -34.91097, -4.44402, -30.51155, 11.137, -24.64199 ],
							"curve": [ 0.25, 0, 0.75, 1 ]
						},
						{
							"time": 0.1666,
							"vertices": [ 29.90523, -31.09506, 19.46279, -85.71709, 4.04, -82.76852, 14.48242, -28.14661 ]
						},
						{
							"time": 0.2333,
							"vertices": [ -22.85643, -101.35433, 34.25196, -168.52493, 15.28603, -184.64935, -41.82232, -117.47917 ]
						},
						{
							"time": 0.3333,
							"vertices": [ -109.89845, -215.65872, 56.50503, -229.89175, 52.48618, -276.87607, -113.9172, -262.64304 ]
						},
						{
							"time": 0.6,
							"vertices": [ -111.95647, -407.9648, 20.25779, -356.03613, 34.91983, -393.3672, -97.29433, -445.29572 ]
						},
						{
							"time": 1,
							"vertices": [ -106.02959, -584.31793, -8.19229, -529.0753, 7.40562, -556.6998, -90.43156, -611.94257 ]
						}
					]
				},
				"suipian/17": {
					"suipian/11": [
						{
							"time": 0,
							"vertices": [ -6.58017, -18.22628, -6.79977, -16.5688, -5.7798, -16.43367, -5.5602, -18.09115 ],
							"curve": "stepped"
						},
						{
							"time": 0.0666,
							"vertices": [ -6.58017, -18.22628, -6.79977, -16.5688, -5.7798, -16.43367, -5.5602, -18.09115 ],
							"curve": [ 0.172, 0.39, 0.522, 0.72 ]
						},
						{
							"time": 0.1666,
							"vertices": [ -65.74122, -95.56339, -67.60191, -76.62614, -55.9483, -75.48127, -54.08788, -94.41843 ],
							"curve": [ 0.222, 0.75, 0.666, 0.95 ]
						},
						{
							"time": 0.4333,
							"vertices": [ -193.51073, -246.83919, -192.7513, -255.49188, -198.07602, -255.95926, -198.83542, -247.30658 ]
						}
					]
				},
				"suipian/19": {
					"suipian/11": [
						{ "time": 0, "curve": "stepped" },
						{
							"time": 0.0666,
							"curve": [ 0.108, 0.92, 0.75, 1 ]
						},
						{
							"time": 0.4333,
							"vertices": [ 126.49962, -171.57668, 151.01727, -155.87527, 160.67972, -170.96301, 136.1621, -186.66444 ]
						}
					]
				},
				"suipian/21": {
					"suipian/11": [
						{
							"time": 0,
							"vertices": [ -4.33546, -10.1565, -7.38584, -9.65059, -7.07451, -7.77345, -4.02415, -8.27935 ],
							"curve": "stepped"
						},
						{
							"time": 0.0666,
							"vertices": [ -4.33546, -10.1565, -7.38584, -9.65059, -7.07451, -7.77345, -4.02415, -8.27935 ],
							"curve": [ 0.115, 1, 0.75, 1 ]
						},
						{
							"time": 0.4333,
							"vertices": [ -172.37018, -335.39352, -172.32397, -334.95078, -172.0512, -334.97937, -172.09766, -335.42224 ]
						}
					]
				},
				"suipian/24": {
					"suipian/1": [
						{
							"time": 0,
							"vertices": [ 15.31726, -7.15175, 0.44288, -12.92829, -1.41733, -8.13825, 13.45702, -2.3617 ],
							"curve": "stepped"
						},
						{
							"time": 0.0666,
							"vertices": [ 15.31726, -7.15175, 0.44288, -12.92829, -1.41733, -8.13825, 13.45702, -2.3617 ],
							"curve": [ 0.25, 0, 0.75, 1 ]
						},
						{
							"time": 0.2,
							"vertices": [ 58.1923, -30.85888, 41.97127, -38.11281, 39.63524, -32.8891, 55.85628, -25.63513 ],
							"curve": [ 0.25, 0, 0.999, 0.18 ]
						},
						{
							"time": 0.4333,
							"vertices": [ 123.2708, -315.10437, 89.41764, -276.2527, 101.92918, -265.3508, 135.78232, -304.20245 ]
						}
					]
				},
				"suipian/25": {
					"suipian/2": [
						{
							"time": 0,
							"vertices": [ 13.21886, -56.07374, 9.01413, 20.65255, 7.50068, 43.51413, 10.27549, -19.82218 ],
							"curve": "stepped"
						},
						{
							"time": 0.0666,
							"vertices": [ 13.21886, -56.07374, 9.01413, 20.65255, 7.50068, 43.51413, 10.27549, -19.82218 ],
							"curve": [ 0.095, 0.92, 0.75, 1 ]
						},
						{
							"time": 0.2,
							"vertices": [ -2.83709, 33.3313, 51.57704, 27.19486, 55.60449, 43.79168, 3.07905, 54.8224 ],
							"curve": [ 0.25, 0, 0.999, 0.18 ]
						},
						{
							"time": 0.3333,
							"vertices": [ 28.25574, 70.76711, 89.64473, -21.54559, 118.793, -4.37908, 62.63125, 87.521 ]
						},
						{
							"time": 0.5666,
							"vertices": [ 113.02104, -59.05105, 88.07724, -180.77103, 124.30112, -189.14926, 149.90741, -72.62796 ]
						},
						{
							"time": 1,
							"vertices": [ 195.65797, -448.0953, 166.70145, -486.60065, 177.52641, -498.15884, 203.8635, -457.803 ]
						}
					]
				},
				"suipian/26": {
					"suipian/11": [
						{
							"time": 0,
							"vertices": [ 0.81501, -13.03991, 0.81501, -13.03991, 0.81501, -13.03991, 0.81501, -13.03991 ],
							"curve": "stepped"
						},
						{
							"time": 0.0666,
							"vertices": [ 0.81501, -13.03991, 0.81501, -13.03991, 0.81501, -13.03991, 0.81501, -13.03991 ],
							"curve": [ 0.175, 0.39, 0.524, 0.72 ]
						},
						{
							"time": 0.1333,
							"vertices": [ -50.43736, -79.56092, -52.03113, -58.90718, -39.32104, -57.92653, -37.72741, -78.58027 ],
							"curve": [ 0.225, 1, 0.77, 1 ]
						},
						{
							"time": 0.4333,
							"vertices": [ -168.21133, -273.03305, -167.58954, -281.09085, -172.54813, -281.47345, -173.16988, -273.41577 ]
						}
					]
				},
				"suipian/27": {
					"suipian/11": [
						{
							"time": 0,
							"vertices": [ 4.5985, 4.48859, 4.11062, 10.81107, 8.00138, 11.11128, 8.48925, 4.78882 ],
							"curve": "stepped"
						},
						{
							"time": 0.0666,
							"vertices": [ 4.5985, 4.48859, 4.11062, 10.81107, 8.00138, 11.11128, 8.48925, 4.78882 ],
							"curve": [ 0.118, 0.49, 0.509, 0.8 ]
						},
						{
							"time": 0.2,
							"vertices": [ 195.0233, 184.56493, 192.8861, 212.26047, 209.92958, 213.57597, 212.0668, 185.87997 ],
							"curve": [ 0.332, 1, 0.779, 1 ]
						},
						{
							"time": 0.4333,
							"vertices": [ 246.31152, 242.7724, 246.60287, 238.99689, 244.27953, 238.81773, 243.98827, 242.59308 ]
						}
					]
				},
				"yan/0": {
					"yan/0": [
						{
							"time": 0.0333,
							"vertices": [ 9.46783, -3.05413, 2.26503, -47.1773, 5.6246, 4.63236, 6.10498, 3.19113 ]
						},
						{
							"time": 0.1,
							"vertices": [ 10.54916, 39.1177, 30.80801, 26.788, 0.73129, -14.99335, 14.92407, 23.10496 ],
							"curve": [ 0.006, 1, 0.75, 1 ]
						},
						{
							"time": 0.1666,
							"vertices": [ 42.32539, 31.1737, 30.80801, 26.788, 4.86428, 13.27093, 20.99722, 34.51118 ]
						},
						{
							"time": 0.2333,
							"vertices": [ 46.91038, 71.43631, 36.08473, 63.78945, 26.21814, 93.52257, 44.96396, 112.81161 ]
						}
					]
				},
				"yan/8": {
					"yan/0": [
						{
							"time": 0.0333,
							"vertices": [ -48.41711, 26.22593, -53.87493, 30.53473, -7.91439, 16.45931, -6.76535, 8.4162 ]
						},
						{
							"time": 0.1,
							"vertices": [ -17.80701, -25.48749, 4.43559, -18.20195, 33.47285, -8.27209, -10.80328, 13.90134 ]
						},
						{
							"time": 0.2333,
							"vertices": [ 59.22626, -74.13936, 52.01654, -49.78827, 91.3286, -40.03485, 95.44193, -55.5109 ]
						}
					]
				},
				"yan/9": {
					"yan/0": [
						{
							"time": 0.0333,
							"vertices": [ 50.60611, -21.19403, 57.09404, -24.65425, 15.57111, -12.11088, 13.40847, -3.02774 ]
						},
						{
							"time": 0.1,
							"offset": 2,
							"vertices": [ -4.69592, 12.31976, -18.06571, 9.56429, 1.9984, -5.84657 ],
							"curve": [ 0.006, 1, 0.75, 1 ]
						},
						{
							"time": 0.1666,
							"vertices": [ -24.16867, 32.74125, -34.57516, 24.44754, -52.36811, 16.94694, -45.86911, 23.80388 ]
						},
						{
							"time": 0.2333,
							"vertices": [ -75.15626, 63.75815, -85.72862, 42.81629, -128.91394, 49.59362, -123.05946, 63.45405 ]
						}
					]
				},
				"yan/10": {
					"yan/0": [
						{
							"time": 0.0333,
							"vertices": [ -32.91199, 62.29772, -32.91199, 62.29772, 0.58772, 18.80683, -4.11399, 18.2191 ]
						},
						{
							"time": 0.1,
							"vertices": [ -7.84555, 6.18201, -2.63701, 3.05691, 7.48786, -5.18984, -5.01728, -9.03171 ],
							"curve": [ 0.006, 1, 0.75, 1 ]
						},
						{
							"time": 0.1666,
							"vertices": [ -2.18256, -8.37996, 6.00494, -21.4352, 32.21301, -45.50108, 9.85364, -30.63257 ]
						},
						{
							"time": 0.2333,
							"vertices": [ 10.81767, -32.79121, 21.20088, -27.18321, 67.23413, -73.19471, 44.92864, -78.44887 ]
						}
					]
				},
				"yan/11": {
					"yan/0": [
						{
							"time": 0.0333,
							"vertices": [ 13.56198, 68.7239, 16.45399, 67.75995, 11.15199, 25.34393, 5.36799, 24.37997 ]
						},
						{
							"time": 0.1,
							"vertices": [ -13.41701, 17.50293, 3.77897, 5.41204, 4.65796, 2.10799, 2.78598, 6.54397 ],
							"curve": [ 0.006, 1, 0.75, 1 ]
						},
						{
							"time": 0.1666,
							"vertices": [ -27.34204, -14.95798, -35.03298, -65.46188, -5.50606, -41.75287, -8.31808, -34.98389 ]
						},
						{
							"time": 0.2333,
							"vertices": [ -34.66204, -29.59797, -15.11305, -36.51785, -14.85004, -79.62685, -28.28808, -84.03189 ]
						},
						{
							"time": 0.2666,
							"vertices": [ -43.77006, -59.45197, -21.18505, -54.22787, -20.41606, -113.5288, -39.9261, -113.88586 ]
						}
					]
				}
			}
		}
	},
	"stop": {
		"slots": {
			"1/1_1": {
				"color": [
					{ "time": 0, "color": "ffffffff" }
				],
				"attachment": [
					{ "time": 0, "name": "1/1_1" }
				]
			},
			"1级/1-2": {
				"color": [
					{ "time": 0, "color": "ffffffff" }
				],
				"attachment": [
					{ "time": 0, "name": "1/1_2" }
				]
			},
			"1级/1-3": {
				"color": [
					{ "time": 0, "color": "ffffffff" }
				],
				"attachment": [
					{ "time": 0, "name": "1/1_3" }
				]
			},
			"1级/1-5": {
				"color": [
					{ "time": 0, "color": "ffffffff" }
				],
				"attachment": [
					{ "time": 0, "name": "1/1_2" }
				]
			},
			"1级/1-6": {
				"color": [
					{ "time": 0, "color": "ffffffff" }
				],
				"attachment": [
					{ "time": 0, "name": "1/1_2" }
				]
			},
			"1级/1-7": {
				"color": [
					{ "time": 0, "color": "ffffffff" }
				],
				"attachment": [
					{ "time": 0, "name": "1/1_2" }
				]
			},
			"1级/1-8": {
				"color": [
					{ "time": 0, "color": "ffffffff" }
				],
				"attachment": [
					{ "time": 0, "name": "1/1_2" }
				]
			},
			"2/2_2/3_5": {
				"color": [
					{ "time": 0, "color": "ffffffff" }
				],
				"attachment": [
					{ "time": 0, "name": null }
				]
			},
			"2/2_2/3_6": {
				"color": [
					{ "time": 0, "color": "ffffffff" }
				],
				"attachment": [
					{ "time": 0, "name": null }
				]
			},
			"suipian/1": {
				"color": [
					{ "time": 0, "color": "ffffffff" }
				],
				"attachment": [
					{ "time": 0, "name": null }
				]
			},
			"suipian/2": {
				"color": [
					{ "time": 0, "color": "ffffffff" }
				],
				"attachment": [
					{ "time": 0, "name": null }
				]
			},
			"suipian/3": {
				"color": [
					{ "time": 0, "color": "ffffffff" }
				],
				"attachment": [
					{ "time": 0, "name": null }
				]
			},
			"suipian/4": {
				"color": [
					{ "time": 0, "color": "ffffffff" }
				],
				"attachment": [
					{ "time": 0, "name": null }
				]
			},
			"suipian/5": {
				"color": [
					{ "time": 0, "color": "ffffffff" }
				],
				"attachment": [
					{ "time": 0, "name": null }
				]
			},
			"suipian/6": {
				"color": [
					{ "time": 0, "color": "ffffffff" }
				],
				"attachment": [
					{ "time": 0, "name": null }
				]
			},
			"suipian/7": {
				"color": [
					{ "time": 0, "color": "ffffffff" }
				],
				"attachment": [
					{ "time": 0, "name": null }
				]
			},
			"suipian/8": {
				"color": [
					{ "time": 0, "color": "ffffffff" }
				],
				"attachment": [
					{ "time": 0, "name": null }
				]
			},
			"suipian/9": {
				"color": [
					{ "time": 0, "color": "ffffffff" }
				],
				"attachment": [
					{ "time": 0, "name": null }
				]
			},
			"suipian/10": {
				"color": [
					{ "time": 0, "color": "ffffffff" }
				],
				"attachment": [
					{ "time": 0, "name": null }
				]
			},
			"suipian/11": {
				"color": [
					{ "time": 0, "color": "ffffffff" }
				],
				"attachment": [
					{ "time": 0, "name": null }
				]
			},
			"suipian/12": {
				"color": [
					{ "time": 0, "color": "ffffffff" }
				],
				"attachment": [
					{ "time": 0, "name": null }
				]
			},
			"suipian/13": {
				"color": [
					{ "time": 0, "color": "ffffffff" }
				],
				"attachment": [
					{ "time": 0, "name": null }
				]
			},
			"suipian/14": {
				"color": [
					{ "time": 0, "color": "ffffffff" }
				],
				"attachment": [
					{ "time": 0, "name": null }
				]
			},
			"suipian/15": {
				"color": [
					{ "time": 0, "color": "ffffffff" }
				],
				"attachment": [
					{ "time": 0, "name": null }
				]
			},
			"suipian/17": {
				"color": [
					{ "time": 0, "color": "ffffffff" }
				],
				"attachment": [
					{ "time": 0, "name": null }
				]
			},
			"suipian/18": {
				"color": [
					{ "time": 0, "color": "ffffffff" }
				],
				"attachment": [
					{ "time": 0, "name": null }
				]
			},
			"suipian/19": {
				"color": [
					{ "time": 0, "color": "ffffffff" }
				],
				"attachment": [
					{ "time": 0, "name": null }
				]
			},
			"suipian/20": {
				"color": [
					{ "time": 0, "color": "ffffffff" }
				],
				"attachment": [
					{ "time": 0, "name": null }
				]
			},
			"suipian/21": {
				"color": [
					{ "time": 0, "color": "ffffffff" }
				],
				"attachment": [
					{ "time": 0, "name": null }
				]
			},
			"suipian/22": {
				"color": [
					{ "time": 0, "color": "ffffffff" }
				],
				"attachment": [
					{ "time": 0, "name": null }
				]
			},
			"suipian/23": {
				"color": [
					{ "time": 0, "color": "ffffffff" }
				],
				"attachment": [
					{ "time": 0, "name": null }
				]
			},
			"suipian/24": {
				"color": [
					{ "time": 0, "color": "ffffffff" }
				],
				"attachment": [
					{ "time": 0, "name": null }
				]
			},
			"suipian/25": {
				"color": [
					{ "time": 0, "color": "ffffffff" }
				],
				"attachment": [
					{ "time": 0, "name": null }
				]
			},
			"suipian/26": {
				"color": [
					{ "time": 0, "color": "ffffffff" }
				],
				"attachment": [
					{ "time": 0, "name": null }
				]
			},
			"suipian/27": {
				"color": [
					{ "time": 0, "color": "ffffffff" }
				],
				"attachment": [
					{ "time": 0, "name": null }
				]
			},
			"suipian/28": {
				"color": [
					{ "time": 0, "color": "ffffffff" }
				],
				"attachment": [
					{ "time": 0, "name": null }
				]
			},
			"suipian/29": {
				"color": [
					{ "time": 0, "color": "ffffffff" }
				],
				"attachment": [
					{ "time": 0, "name": null }
				]
			},
			"suipian/30": {
				"color": [
					{ "time": 0, "color": "ffffffff" }
				],
				"attachment": [
					{ "time": 0, "name": null }
				]
			},
			"suipian/31": {
				"color": [
					{ "time": 0, "color": "ffffffff" }
				],
				"attachment": [
					{ "time": 0, "name": null }
				]
			},
			"suipian/32": {
				"color": [
					{ "time": 0, "color": "ffffffff" }
				],
				"attachment": [
					{ "time": 0, "name": null }
				]
			},
			"suipian/33": {
				"color": [
					{ "time": 0, "color": "ffffffff" }
				],
				"attachment": [
					{ "time": 0, "name": null }
				]
			},
			"suipian/34": {
				"color": [
					{ "time": 0, "color": "ffffffff" }
				],
				"attachment": [
					{ "time": 0, "name": null }
				]
			},
			"suipian/35": {
				"color": [
					{ "time": 0, "color": "ffffffff" }
				],
				"attachment": [
					{ "time": 0, "name": null }
				]
			},
			"yan/0": {
				"attachment": [
					{ "time": 0, "name": null }
				]
			},
			"yan/1": {
				"color": [
					{ "time": 0, "color": "e0ddcae6" }
				],
				"attachment": [
					{ "time": 0, "name": null }
				]
			},
			"yan/2": {
				"color": [
					{ "time": 0, "color": "e0ddcae6" }
				],
				"attachment": [
					{ "time": 0, "name": null }
				]
			},
			"yan/3": {
				"color": [
					{ "time": 0, "color": "e0ddcae6" }
				],
				"attachment": [
					{ "time": 0, "name": null }
				]
			},
			"yan/4": {
				"color": [
					{ "time": 0, "color": "e0ddcae6" }
				],
				"attachment": [
					{ "time": 0, "name": null }
				]
			},
			"yan/5": {
				"color": [
					{ "time": 0, "color": "e0ddcae6" }
				],
				"attachment": [
					{ "time": 0, "name": null }
				]
			},
			"yan/6": {
				"color": [
					{ "time": 0, "color": "e0ddcae6" }
				],
				"attachment": [
					{ "time": 0, "name": null }
				]
			},
			"yan/7": {
				"color": [
					{ "time": 0, "color": "e0ddcae6" }
				],
				"attachment": [
					{ "time": 0, "name": null }
				]
			},
			"yan/8": {
				"attachment": [
					{ "time": 0, "name": null }
				]
			},
			"yan/9": {
				"attachment": [
					{ "time": 0, "name": null }
				]
			},
			"yan/10": {
				"attachment": [
					{ "time": 0, "name": null }
				]
			},
			"yan/11": {
				"attachment": [
					{ "time": 0, "name": null }
				]
			}
		},
		"deform": {
			"default": {
				"1/1_1": {
					"1/1_1": [
						{ "time": 0 }
					]
				},
				"1级/1-2": {
					"1/1_2": [
						{ "time": 0 }
					]
				},
				"1级/1-3": {
					"1/1_3": [
						{ "time": 0 }
					]
				},
				"1级/1-5": {
					"1/1_2": [
						{ "time": 0 }
					]
				},
				"1级/1-6": {
					"1/1_2": [
						{ "time": 0 }
					]
				},
				"1级/1-7": {
					"1/1_2": [
						{ "time": 0 }
					]
				},
				"1级/1-8": {
					"1/1_2": [
						{ "time": 0 }
					]
				},
				"suipian/1": {
					"suipian/1": [
						{
							"time": 0,
							"vertices": [ -2.29098, -23.64783, 28.08688, 22.42744, 22.05094, 22.12299, -14.04697, -32.21239 ]
						}
					]
				},
				"suipian/2": {
					"suipian/2": [
						{
							"time": 0,
							"vertices": [ 9.5919, -27.01118, 25.47607, 8.49, 19.55451, 10.99638, 6.63025, 5.2201 ]
						}
					]
				},
				"suipian/3": {
					"suipian/3": [
						{ "time": 0 }
					]
				},
				"suipian/4": {
					"suipian/4": [
						{
							"time": 0,
							"vertices": [ -3.37005, 12.7431, 27.88494, 9.83428, 26.88006, -0.96301, -4.375, 1.94586 ]
						}
					]
				},
				"suipian/5": {
					"suipian/4": [
						{
							"time": 0,
							"vertices": [ 4.74122, -1.53309, -34.32518, -2.04256, -34.5012, 11.45314, 4.56525, 11.9625 ]
						}
					]
				},
				"suipian/6": {
					"suipian/2": [
						{
							"time": 0,
							"vertices": [ -6.05733, 6.29361, -28.49611, 2.8423, -29.58262, 9.90631, -7.14386, 13.35765 ]
						}
					]
				},
				"suipian/7": {
					"suipian/1": [
						{
							"time": 0,
							"vertices": [ 8.88891, 19.54271, 9.81765, 1.94628, 4.151, 1.6472, 3.22226, 19.24363 ]
						}
					]
				},
				"suipian/8": {
					"suipian/8": [
						{
							"time": 0,
							"vertices": [ 8.21746, 24.40385, 8.21746, 24.40385, 8.21746, 24.40385, 8.21746, 24.40385 ]
						}
					]
				},
				"suipian/9": {
					"suipian/9": [
						{
							"time": 0,
							"vertices": [ 1.69611, -1.35353, 2.27822, -9.95437, -3.36605, -10.33638, -3.94818, -1.73554 ]
						}
					]
				},
				"suipian/10": {
					"suipian/10": [
						{
							"time": 0,
							"vertices": [ -8.31221, -20.20114, -4.11762, 3.98666, 8.3122, 1.83111, 4.11762, -22.3567 ]
						}
					]
				},
				"suipian/11": {
					"suipian/11": [
						{
							"time": 0,
							"vertices": [ -4.93, 32.06485, -4.93, 32.06485, -4.93, 32.06485, -4.93, 32.06485 ]
						}
					]
				},
				"suipian/12": {
					"suipian/12": [
						{
							"time": 0,
							"vertices": [ -19.29591, -12.09953, -29.27925, 3.30694, -24.41406, 6.45958, -14.43064, -8.94694 ]
						}
					]
				},
				"suipian/13": {
					"suipian/13": [
						{
							"time": 0,
							"vertices": [ 9.34999, 21.99987, 9.34999, 21.99987, 9.34999, 21.99987, 9.34999, 21.99987 ]
						}
					]
				},
				"suipian/14": {
					"suipian/14": [
						{ "time": 0 }
					]
				},
				"suipian/15": {
					"suipian/13": [
						{
							"time": 0,
							"vertices": [ 4.80184, -10.86362, 4.94621, -15.81557, 3.54801, -15.85633, 3.40364, -10.90439 ]
						}
					]
				},
				"suipian/17": {
					"suipian/11": [
						{
							"time": 0,
							"vertices": [ -6.58017, -18.22628, -6.79977, -16.5688, -5.7798, -16.43367, -5.5602, -18.09115 ]
						}
					]
				},
				"suipian/18": {
					"suipian/15": [
						{
							"time": 0,
							"vertices": [ 3.33996, -17.53497, 3.33996, -17.53497, 3.33996, -17.53497, 3.33996, -17.53497 ]
						}
					]
				},
				"suipian/19": {
					"suipian/11": [
						{ "time": 0 }
					]
				},
				"suipian/20": {
					"suipian/11": [
						{
							"time": 0,
							"vertices": [ -1.2442, 4.90234, -14.04406, 3.42095, -14.95553, 11.29779, -2.15576, 12.77905 ]
						}
					]
				},
				"suipian/21": {
					"suipian/11": [
						{
							"time": 0,
							"vertices": [ -4.33546, -10.1565, -7.38584, -9.65059, -7.07451, -7.77345, -4.02415, -8.27935 ]
						}
					]
				},
				"suipian/22": {
					"2/2_2/3_5": [
						{
							"time": 0,
							"vertices": [ 10.03569, 33.46122, -6.39822, -65.64602, -11.96561, -65.06109, 3.19833, 28.96609 ]
						}
					]
				},
				"suipian/23": {
					"suipian/1": [
						{
							"time": 0,
							"vertices": [ -19.22216, 19.42517, -6.49038, -66.29413, -12.82788, -58.55523, -24.28955, 33.51422 ]
						}
					]
				},
				"suipian/24": {
					"suipian/1": [
						{
							"time": 0,
							"vertices": [ 15.31726, -7.15175, 0.44288, -12.92829, -1.41733, -8.13825, 13.45702, -2.3617 ]
						}
					]
				},
				"suipian/25": {
					"suipian/2": [
						{
							"time": 0,
							"vertices": [ 13.21886, -56.07374, 9.01413, 20.65255, 7.50068, 43.51413, 10.27549, -19.82218 ]
						}
					]
				},
				"suipian/26": {
					"suipian/11": [
						{
							"time": 0,
							"vertices": [ 0.81501, -13.03991, 0.81501, -13.03991, 0.81501, -13.03991, 0.81501, -13.03991 ]
						}
					]
				},
				"suipian/27": {
					"suipian/11": [
						{
							"time": 0,
							"vertices": [ 4.5985, 4.48859, 4.11062, 10.81107, 8.00138, 11.11128, 8.48925, 4.78882 ]
						}
					]
				}
			}
		}
	}
}
}