{
"skeleton": { "hash": "XQDa1lR+/96R1uBxHvvZRkKImeg", "spine": "3.4.02", "width": 186.04, "height": 212.04, "images": "" },
"bones": [
	{ "name": "root" },
	{ "name": "root2", "parent": "root", "x": -52, "y": -517, "color": "00249bff" },
	{ "name": "birdballoon", "parent": "root2", "x": 54.57, "y": 728.99, "color": "9b0700ff" },
	{ "name": "redballoon", "parent": "birdballoon", "x": -0.13, "y": -1.35, "color": "9b0700ff" },
	{
		"name": "balloon/airball_re",
		"parent": "redballoon",
		"length": 109.71,
		"rotation": 90,
		"x": -188.79,
		"y": 180.38,
		"color": "9b0700ff"
	},
	{ "name": "Re/body", "parent": "balloon/airball_re", "rotation": -90, "x": 59.04, "y": -5.61, "color": "9b0700ff" },
	{ "name": "Re/L_eye", "parent": "Re/body", "rotation": 25.01, "x": -6.11, "y": 62.67, "color": "9b0700ff" },
	{ "name": "Re/R_eye", "parent": "Re/body", "rotation": 24.1, "x": 37.04, "y": 60.83, "color": "9b0700ff" },
	{
		"name": "Re/brow_L",
		"parent": "Re/body",
		"length": 35.7,
		"rotation": 150.51,
		"x": 10.72,
		"y": 61.1,
		"scaleX": 0.846,
		"color": "9b0700ff"
	},
	{
		"name": "Re/brow_R",
		"parent": "Re/body",
		"length": 28.01,
		"rotation": 29.71,
		"x": 25.27,
		"y": 58.08,
		"scaleX": 0.884,
		"color": "9b0700ff"
	},
	{ "name": "Re/mouth", "parent": "Re/body", "length": 25.99, "x": 11.34, "y": 32.14, "color": "9b0700ff" },
	{ "name": "Re/plume", "parent": "Re/body", "length": 33.79, "rotation": 151.83, "x": -4.03, "y": 83.56, "color": "9b0700ff" },
	{ "name": "balloon/airball_re2", "parent": "balloon/airball_re", "length": 65.57, "x": 63.95, "y": -5.56, "color": "9b0700ff" }
],
"slots": [
	{ "name": "Re/plume", "bone": "Re/plume", "attachment": "Bla/plume" },
	{ "name": "Re/body", "bone": "Re/body", "attachment": "Bla/body" },
	{ "name": "Re/R_eye", "bone": "Re/R_eye", "attachment": "Bla/L_eye" },
	{ "name": "Re/L_eye", "bone": "Re/L_eye", "attachment": "Bla/R_eye" },
	{ "name": "Re/brow_L", "bone": "Re/brow_L", "attachment": "Bla/brow_R" },
	{ "name": "Re/brow_R", "bone": "Re/brow_R", "attachment": "Bla/brow_L" },
	{ "name": "Bla/L_cheek", "bone": "Re/L_eye", "attachment": "Bla/L_cheek" },
	{ "name": "Bla/R_cheek", "bone": "Re/R_eye", "attachment": "Bla/R_cheek" },
	{ "name": "Bla/teeth", "bone": "Re/mouth", "attachment": "Bla/teeth" },
	{ "name": "Bla/upper_lip", "bone": "Re/mouth", "attachment": "Bla/upper_lip" },
	{ "name": "Bla/flews", "bone": "Re/mouth", "attachment": "Bla/flews" },
	{ "name": "balloon/airball_re", "bone": "balloon/airball_re2", "attachment": "balloon/airball_bla" },
	{ "name": "balloon/airball_Light", "bone": "balloon/airball_re2", "attachment": "balloon/airball_Light" }
],
"skins": {
	"default": {
		"Bla/L_cheek": {
			"Bla/L_cheek": { "x": -13.35, "y": -13.73, "rotation": 7.34, "width": 41, "height": 30 }
		},
		"Bla/R_cheek": {
			"Bla/R_cheek": { "x": -0.27, "y": -16.66, "rotation": -76.55, "width": 27, "height": 23 }
		},
		"Bla/flews": {
			"Bla/flews": { "x": 6.8, "y": -17.13, "width": 63, "height": 31 }
		},
		"Bla/teeth": {
			"Bla/teeth": { "x": 3.05, "y": 0.32, "width": 60, "height": 39 }
		},
		"Bla/upper_lip": {
			"Bla/upper_lip": { "x": 12.62, "y": 8.74, "width": 76, "height": 38 }
		},
		"Re/L_eye": {
			"Bla/R_eye": { "x": -2.17, "y": -0.16, "scaleX": -1, "width": 60, "height": 54 }
		},
		"Re/R_eye": {
			"Bla/L_eye": { "x": 1.82, "y": -2.63, "scaleX": -1, "width": 35, "height": 40 }
		},
		"Re/body": {
			"Bla/body": { "x": -4.15, "y": 24.93, "scaleX": -1, "rotation": 29.58, "width": 134, "height": 135 }
		},
		"Re/brow_L": {
			"Bla/brow_R": { "x": 22.89, "y": -1.69, "scaleX": -1, "rotation": -120.9, "width": 40, "height": 55 }
		},
		"Re/brow_R": {
			"Bla/brow_L": { "x": 21.41, "y": -0.93, "scaleX": -1, "rotation": 5.48, "width": 45, "height": 18 }
		},
		"Re/plume": {
			"Bla/plume": { "x": 17.25, "y": 11.15, "scaleX": -0.935, "scaleY": 0.778, "rotation": -130.15, "width": 65, "height": 56 }
		},
		"balloon/airball_Light": {
			"balloon/airball_Light": {
				"type": "mesh",
				"uvs": [ 1, 1, 0, 1, 0, 0, 1, 0 ],
				"triangles": [ 1, 2, 3, 1, 3, 0 ],
				"vertices": [ 55.12, -54.18, 55.12, -15.18, 94.12, -15.18, 94.12, -54.18 ],
				"hull": 4,
				"edges": [ 0, 2, 2, 4, 4, 6, 0, 6 ],
				"width": 39,
				"height": 39
			}
		},
		"balloon/airball_re": {
			"balloon/airball_bla": {
				"type": "mesh",
				"uvs": [ 0.86241, 0.11038, 1, 0.28097, 0.99999, 0.54169, 0.91705, 0.71019, 0.77223, 0.86534, 0.61199, 0.92238, 0.66481, 0.99999, 0.34738, 0.99999, 0.39259, 0.91821, 0.23756, 0.86254, 0.04609, 0.67525, 0, 0.5656, 0, 0.29698, 0.12264, 0.10204, 0.34716, 0, 0.64942, 0 ],
				"triangles": [ 2, 0, 1, 15, 0, 2, 14, 15, 2, 12, 13, 14, 2, 12, 14, 9, 10, 11, 9, 11, 12, 12, 2, 8, 12, 8, 9, 8, 2, 3, 3, 5, 8, 4, 5, 3, 7, 8, 5, 7, 5, 6 ],
				"vertices": [ 103.32, -63.66, 67.14, -89.26, 11.86, -89.26, -23.7, -73.72, -56.83, -47.02, -68.87, -17.08, -85.32, -26.9, -85.32, 32.15, -67.98, 23.75, -58.45, 50.05, -24.31, 83.11, 6.79, 96.77, 63.7, 96.69, 105.09, 73.96, 126.72, 32.18999, 126.72, -24.04 ],
				"hull": 16,
				"edges": [ 14, 16, 16, 18, 18, 20, 20, 22, 22, 24, 24, 26, 26, 28, 12, 14, 12, 10, 10, 8, 28, 30, 30, 0, 4, 2, 0, 2, 4, 6, 6, 8, 4, 24, 4, 16 ],
				"width": 169,
				"height": 192
			}
		}
	}
},
"animations": {
	"run": {
		"slots": {
			"Re/L_eye": {
				"color": [
					{ "time": 0, "color": "ffffffff", "curve": "stepped" },
					{ "time": 3.9333, "color": "ffffffff", "curve": "stepped" },
					{ "time": 4.7, "color": "ffffffff", "curve": "stepped" },
					{ "time": 5.4666, "color": "ffffffff", "curve": "stepped" },
					{ "time": 6.2333, "color": "ffffffff", "curve": "stepped" },
					{ "time": 6.6, "color": "ffffffff" }
				],
				"attachment": [
					{ "time": 0, "name": "Bla/R_eye" }
				]
			},
			"Re/R_eye": {
				"color": [
					{ "time": 0, "color": "ffffffff", "curve": "stepped" },
					{ "time": 3.9333, "color": "ffffffff", "curve": "stepped" },
					{ "time": 4.7, "color": "ffffffff", "curve": "stepped" },
					{ "time": 5.4666, "color": "ffffffff", "curve": "stepped" },
					{ "time": 6.2333, "color": "ffffffff", "curve": "stepped" },
					{ "time": 6.6, "color": "ffffffff" }
				],
				"attachment": [
					{ "time": 0, "name": "Bla/L_eye" }
				]
			},
			"Re/body": {
				"color": [
					{ "time": 0, "color": "ffffffff", "curve": "stepped" },
					{ "time": 3.9333, "color": "ffffffff", "curve": "stepped" },
					{ "time": 4.7, "color": "ffffffff", "curve": "stepped" },
					{ "time": 5.4666, "color": "ffffffff", "curve": "stepped" },
					{ "time": 6.2333, "color": "ffffffff", "curve": "stepped" },
					{ "time": 6.6, "color": "ffffffff" }
				]
			},
			"Re/brow_L": {
				"color": [
					{ "time": 0, "color": "ffffffff", "curve": "stepped" },
					{ "time": 1.6666, "color": "ffffffff", "curve": "stepped" },
					{ "time": 3.9333, "color": "ffffffff", "curve": "stepped" },
					{ "time": 4.7, "color": "ffffffff", "curve": "stepped" },
					{ "time": 5.4666, "color": "ffffffff", "curve": "stepped" },
					{ "time": 6.2333, "color": "ffffffff", "curve": "stepped" },
					{ "time": 6.6, "color": "ffffffff" }
				]
			},
			"Re/brow_R": {
				"color": [
					{ "time": 0, "color": "ffffffff", "curve": "stepped" },
					{ "time": 1.6666, "color": "ffffffff", "curve": "stepped" },
					{ "time": 3.9333, "color": "ffffffff", "curve": "stepped" },
					{ "time": 4.7, "color": "ffffffff", "curve": "stepped" },
					{ "time": 5.4666, "color": "ffffffff", "curve": "stepped" },
					{ "time": 6.2333, "color": "ffffffff", "curve": "stepped" },
					{ "time": 6.6, "color": "ffffffff" }
				]
			},
			"Re/plume": {
				"color": [
					{ "time": 0, "color": "ffffffff", "curve": "stepped" },
					{ "time": 3.9333, "color": "ffffffff", "curve": "stepped" },
					{ "time": 4.7, "color": "ffffffff", "curve": "stepped" },
					{ "time": 5.4666, "color": "ffffffff", "curve": "stepped" },
					{ "time": 6.2333, "color": "ffffffff", "curve": "stepped" },
					{ "time": 6.6, "color": "ffffffff" }
				]
			},
			"balloon/airball_Light": {
				"color": [
					{ "time": 0, "color": "ffffffff", "curve": "stepped" },
					{ "time": 6.6, "color": "ffffffff" }
				],
				"attachment": [
					{ "time": 0, "name": "balloon/airball_Light" },
					{ "time": 6.6, "name": "balloon/airball_Light" }
				]
			},
			"balloon/airball_re": {
				"color": [
					{ "time": 0, "color": "ffffffff", "curve": "stepped" },
					{ "time": 6.6, "color": "ffffffff" }
				]
			}
		},
		"bones": {
			"Re/body": {
				"rotate": [
					{
						"time": 0,
						"angle": -10.91,
						"curve": [ 0.25, 0, 1, 0.66 ]
					},
					{
						"time": 0.5,
						"angle": -29.72,
						"curve": [ 0.25, 0, 0.75, 1 ]
					},
					{
						"time": 0.7666,
						"angle": -33.75,
						"curve": [ 0.25, 0, 0.75, 1 ]
					},
					{
						"time": 1.0666,
						"angle": 0.44,
						"curve": [ 0.139, 0, 1, 0.63 ]
					},
					{
						"time": 1.6,
						"angle": 10.11,
						"curve": [ 0.028, 0.44, 0.561, 1 ]
					},
					{
						"time": 2.0333,
						"angle": 3.25,
						"curve": [ 0.213, 0, 0.885, 0.78 ]
					},
					{ "time": 2.9333, "angle": 11.16 },
					{ "time": 3.9333, "angle": 0, "curve": "stepped" },
					{ "time": 4.7, "angle": 0, "curve": "stepped" },
					{ "time": 5.4666, "angle": 0, "curve": "stepped" },
					{ "time": 6.2333, "angle": 0 },
					{ "time": 6.6, "angle": -10.91 }
				],
				"translate": [
					{
						"time": 0,
						"x": -28.63,
						"y": 1.84,
						"curve": [ 0.135, 0.3, 0.837, 0.99 ]
					},
					{
						"time": 0.5,
						"x": -42.91,
						"y": 48.99,
						"curve": [ 0.25, 0, 0.75, 1 ]
					},
					{
						"time": 0.7666,
						"x": -12.54,
						"y": 60.04,
						"curve": [ 0.25, 0, 0.75, 1 ]
					},
					{
						"time": 1.0666,
						"x": 92.28,
						"y": 11.95,
						"curve": [ 0.139, 0, 1, 0.63 ]
					},
					{
						"time": 1.3333,
						"x": -31.63,
						"y": -41.23,
						"curve": [ 0.25, 0, 0.75, 1 ]
					},
					{
						"time": 1.6,
						"x": -163.74,
						"y": -83.44,
						"curve": [ 0.028, 0.44, 0.561, 1 ]
					},
					{
						"time": 2.0333,
						"x": 54.57,
						"y": -24.88,
						"curve": [ 0.213, 0, 0.897, 0.78 ]
					},
					{ "time": 2.4666, "x": -42.81, "y": -92.36 },
					{
						"time": 2.9333,
						"x": -107.97,
						"y": -38.18,
						"curve": [ 0.135, 0.14, 0.75, 1 ]
					},
					{
						"time": 3.3666,
						"x": -97.56,
						"y": 15.36,
						"curve": [ 0.25, 0, 0.75, 1 ]
					},
					{
						"time": 3.9333,
						"x": -71.29,
						"y": 21.17,
						"curve": [ 0.25, 0, 0.75, 1 ]
					},
					{
						"time": 4.2,
						"x": 42.64,
						"y": 25.97,
						"curve": [ 0.25, 0, 0.862, 0.81 ]
					},
					{ "time": 4.5, "x": 12.01, "y": 26.87 },
					{
						"time": 4.7,
						"x": -27.12,
						"y": 22.09,
						"curve": [ 0.25, 0, 0.75, 1 ]
					},
					{
						"time": 4.9666,
						"x": 10.6,
						"y": 23.26,
						"curve": [ 0.25, 0, 0.862, 0.81 ]
					},
					{ "time": 5.2666, "x": 12.01, "y": 25.3 },
					{
						"time": 5.4666,
						"x": -24.85,
						"y": 17.54,
						"curve": [ 0.25, 0, 0.75, 1 ]
					},
					{
						"time": 5.7333,
						"x": 8.79,
						"y": 16.8,
						"curve": [ 0.25, 0, 0.862, 0.81 ]
					},
					{ "time": 6.0333, "x": 12.01, "y": 12.72 },
					{
						"time": 6.2333,
						"x": -16.87,
						"y": 6.63,
						"curve": [ 0.245, 0, 0.759, 0.99 ]
					},
					{ "time": 6.6, "x": -28.63, "y": 1.84 }
				],
				"scale": [
					{
						"time": 0,
						"x": 0.941,
						"y": 1.061,
						"curve": [ 0.25, 0, 1, 0.66 ]
					},
					{
						"time": 0.5,
						"x": 1.105,
						"y": 0.835,
						"curve": [ 0.25, 0, 0.75, 1 ]
					},
					{
						"time": 0.7666,
						"x": 0.796,
						"y": 1.119,
						"curve": [ 0.25, 0, 0.75, 1 ]
					},
					{
						"time": 1.0666,
						"x": 0.947,
						"y": 1.103,
						"curve": [ 0.139, 0, 1, 0.63 ]
					},
					{
						"time": 1.3333,
						"x": 1.121,
						"y": 1.049,
						"curve": [ 0.25, 0, 0.75, 1 ]
					},
					{
						"time": 1.6,
						"x": 1.078,
						"y": 0.773,
						"curve": [ 0.028, 0.44, 0.561, 1 ]
					},
					{
						"time": 2.0333,
						"x": 0.946,
						"y": 1.112,
						"curve": [ 0.213, 0, 0.885, 0.78 ]
					},
					{ "time": 2.4666, "x": 0.911, "y": 1.207 },
					{ "time": 2.9333, "x": 1.01, "y": 0.75 },
					{ "time": 3.3666, "x": 1, "y": 1 },
					{
						"time": 3.9333,
						"x": 1.09,
						"y": 0.883,
						"curve": [ 0.129, 0, 0.75, 1 ]
					},
					{
						"time": 4.5,
						"x": 0.913,
						"y": 1.112,
						"curve": [ 0.25, 0, 0.75, 1 ]
					},
					{
						"time": 4.7,
						"x": 1.09,
						"y": 0.883,
						"curve": [ 0.129, 0, 0.75, 1 ]
					},
					{
						"time": 5.2666,
						"x": 0.913,
						"y": 1.112,
						"curve": [ 0.25, 0, 0.75, 1 ]
					},
					{
						"time": 5.4666,
						"x": 1.09,
						"y": 0.883,
						"curve": [ 0.129, 0, 0.75, 1 ]
					},
					{
						"time": 6.0333,
						"x": 0.913,
						"y": 1.112,
						"curve": [ 0.25, 0, 0.75, 1 ]
					},
					{
						"time": 6.2333,
						"x": 1.09,
						"y": 0.883,
						"curve": [ 0.129, 0, 0.75, 1 ]
					},
					{ "time": 6.6, "x": 0.941, "y": 1.061 }
				]
			},
			"balloon/airball_re": {
				"rotate": [
					{ "time": 0, "angle": 0 }
				],
				"translate": [
					{
						"time": 0,
						"x": 0,
						"y": 0,
						"curve": [ 0.114, 0.3, 0.881, 1 ]
					},
					{
						"time": 0.4,
						"x": 0,
						"y": -76.73,
						"curve": [ 0.192, 0, 0.918, 0.71 ]
					},
					{ "time": 0.7666, "x": 0, "y": 0, "curve": "stepped" },
					{
						"time": 1.2,
						"x": 0,
						"y": 0,
						"curve": [ 0.2, 0, 0.913, 0.75 ]
					},
					{
						"time": 2.0333,
						"x": 0,
						"y": 298.37,
						"curve": [ 0.25, 0, 0.95, 0.69 ]
					},
					{
						"time": 2.9333,
						"x": 0,
						"y": 26.73,
						"curve": [ 0.106, 0.3, 0.639, 1 ]
					},
					{
						"time": 3.9333,
						"x": 0,
						"y": -116.91,
						"curve": [ 0.479, 0, 0.942, 0.75 ]
					},
					{ "time": 6.6, "x": 0, "y": 0 }
				],
				"scale": [
					{ "time": 0, "x": 1, "y": 1, "curve": "stepped" },
					{ "time": 6.6, "x": 1, "y": 1 }
				]
			},
			"Re/L_eye": {
				"rotate": [
					{ "time": 0, "angle": 0, "curve": "stepped" },
					{ "time": 3.9333, "angle": 0, "curve": "stepped" },
					{ "time": 4.7, "angle": 0, "curve": "stepped" },
					{ "time": 5.4666, "angle": 0, "curve": "stepped" },
					{ "time": 6.2333, "angle": 0, "curve": "stepped" },
					{ "time": 6.6, "angle": 0 }
				],
				"translate": [
					{ "time": 0, "x": 0, "y": 0, "curve": "stepped" },
					{ "time": 3.9333, "x": 0, "y": 0, "curve": "stepped" },
					{ "time": 4.7, "x": 0, "y": 0, "curve": "stepped" },
					{ "time": 5.4666, "x": 0, "y": 0, "curve": "stepped" },
					{ "time": 6.2333, "x": 0, "y": 0, "curve": "stepped" },
					{ "time": 6.6, "x": 0, "y": 0 }
				],
				"scale": [
					{ "time": 0, "x": 1, "y": 1, "curve": "stepped" },
					{ "time": 3.9333, "x": 1, "y": 1, "curve": "stepped" },
					{ "time": 4.7, "x": 1, "y": 1, "curve": "stepped" },
					{ "time": 5.4666, "x": 1, "y": 1, "curve": "stepped" },
					{ "time": 6.2333, "x": 1, "y": 1, "curve": "stepped" },
					{ "time": 6.6, "x": 1, "y": 1 }
				]
			},
			"Re/R_eye": {
				"rotate": [
					{ "time": 0, "angle": 0, "curve": "stepped" },
					{ "time": 3.9333, "angle": 0, "curve": "stepped" },
					{ "time": 4.7, "angle": 0, "curve": "stepped" },
					{ "time": 5.4666, "angle": 0, "curve": "stepped" },
					{ "time": 6.2333, "angle": 0, "curve": "stepped" },
					{ "time": 6.6, "angle": 0 }
				],
				"translate": [
					{ "time": 0, "x": 0, "y": 0, "curve": "stepped" },
					{ "time": 3.9333, "x": 0, "y": 0, "curve": "stepped" },
					{ "time": 4.7, "x": 0, "y": 0, "curve": "stepped" },
					{ "time": 5.4666, "x": 0, "y": 0, "curve": "stepped" },
					{ "time": 6.2333, "x": 0, "y": 0, "curve": "stepped" },
					{ "time": 6.6, "x": 0, "y": 0 }
				],
				"scale": [
					{ "time": 0, "x": 1, "y": 1, "curve": "stepped" },
					{ "time": 3.9333, "x": 1, "y": 1, "curve": "stepped" },
					{ "time": 4.7, "x": 1, "y": 1, "curve": "stepped" },
					{ "time": 5.4666, "x": 1, "y": 1, "curve": "stepped" },
					{ "time": 6.2333, "x": 1, "y": 1, "curve": "stepped" },
					{ "time": 6.6, "x": 1, "y": 1 }
				]
			},
			"Re/brow_L": {
				"rotate": [
					{ "time": 0, "angle": 0, "curve": "stepped" },
					{ "time": 1.6666, "angle": 0 },
					{ "time": 2, "angle": -6.89 },
					{ "time": 3.9333, "angle": 0 },
					{ "time": 4.2, "angle": -7.16 },
					{ "time": 4.7, "angle": 0 },
					{ "time": 4.9666, "angle": -7.16 },
					{ "time": 5.4666, "angle": 0 },
					{ "time": 5.7333, "angle": -7.16 },
					{ "time": 6.2333, "angle": 0, "curve": "stepped" },
					{ "time": 6.6, "angle": 0 }
				],
				"translate": [
					{ "time": 0, "x": -2.35, "y": -2.51 },
					{ "time": 1.6666, "x": -1.53, "y": -2.81 },
					{ "time": 2, "x": -3.59, "y": -5.92 },
					{ "time": 3, "x": -1.82, "y": -7.23 },
					{ "time": 3.9333, "x": -1.62, "y": -2.51 },
					{ "time": 4.2, "x": -1.47, "y": -4.3 },
					{ "time": 4.5, "x": -1.09, "y": -4.17 },
					{ "time": 4.7, "x": -2.3, "y": -1.58 },
					{ "time": 4.9666, "x": -1.92, "y": -4.53 },
					{ "time": 5.2666, "x": -1.42, "y": -4.08 },
					{ "time": 5.4666, "x": -1.8, "y": -1.3 },
					{ "time": 5.7333, "x": -3.5, "y": -2.7 },
					{ "time": 6.0333, "x": -2.19, "y": -3.51 },
					{ "time": 6.2333, "x": -0.94, "y": -2.52 },
					{ "time": 6.3666, "x": 0.25, "y": -3.31 },
					{ "time": 6.6, "x": -2.33, "y": -6.31 }
				],
				"scale": [
					{ "time": 0, "x": 1, "y": 1, "curve": "stepped" },
					{ "time": 1.6666, "x": 1, "y": 1, "curve": "stepped" },
					{ "time": 3.9333, "x": 1, "y": 1, "curve": "stepped" },
					{ "time": 4.7, "x": 1, "y": 1, "curve": "stepped" },
					{ "time": 5.4666, "x": 1, "y": 1, "curve": "stepped" },
					{ "time": 6.2333, "x": 1, "y": 1, "curve": "stepped" },
					{ "time": 6.6, "x": 1, "y": 1 }
				]
			},
			"Re/brow_R": {
				"rotate": [
					{ "time": 0, "angle": 0, "curve": "stepped" },
					{ "time": 1.6666, "angle": 0 },
					{ "time": 2, "angle": -1.84 },
					{ "time": 3.9333, "angle": 0 },
					{ "time": 4.2, "angle": 7.62 },
					{ "time": 4.7, "angle": 0 },
					{ "time": 4.9666, "angle": 7.62 },
					{ "time": 5.4666, "angle": 0 },
					{ "time": 5.7333, "angle": 7.62 },
					{ "time": 6.2333, "angle": 0, "curve": "stepped" },
					{ "time": 6.6, "angle": 0 }
				],
				"translate": [
					{ "time": 0, "x": -2.21, "y": -4.39 },
					{ "time": 1.6666, "x": -1.53, "y": -2.81 },
					{ "time": 2, "x": -3.59, "y": -7.01 },
					{ "time": 3, "x": -1.72, "y": -8.62 },
					{ "time": 3.9333, "x": -4.65, "y": -6.54 },
					{ "time": 4.2, "x": -1.47, "y": -4.67 },
					{ "time": 4.5, "x": -1.08, "y": -3.94 },
					{ "time": 4.7, "x": -2.3, "y": -3.32 },
					{ "time": 4.9666, "x": -4.52, "y": -6.08 },
					{ "time": 5.2666, "x": -1.7, "y": -4.31 },
					{ "time": 5.4666, "x": -1.8, "y": -3.09 },
					{ "time": 5.7333, "x": 1.39, "y": -4.04 },
					{ "time": 6.0333, "x": -2.45, "y": -4.56 },
					{ "time": 6.2333, "x": -1.53, "y": -4.7 },
					{ "time": 6.3666, "x": -0.52, "y": -4.55 },
					{ "time": 6.6, "x": -2.33, "y": -6.31 }
				],
				"scale": [
					{ "time": 0, "x": 1, "y": 1, "curve": "stepped" },
					{ "time": 1.6666, "x": 1, "y": 1 },
					{ "time": 1.8666, "x": 1.029, "y": 1.029 },
					{ "time": 3.9333, "x": 1, "y": 1, "curve": "stepped" },
					{ "time": 4.7, "x": 1, "y": 1, "curve": "stepped" },
					{ "time": 5.4666, "x": 1, "y": 1, "curve": "stepped" },
					{ "time": 6.2333, "x": 1, "y": 1, "curve": "stepped" },
					{ "time": 6.6, "x": 1, "y": 1 }
				]
			},
			"Re/mouth": {
				"rotate": [
					{ "time": 0, "angle": 0, "curve": "stepped" },
					{ "time": 3.9333, "angle": 0, "curve": "stepped" },
					{ "time": 4.7, "angle": 0, "curve": "stepped" },
					{ "time": 5.4666, "angle": 0, "curve": "stepped" },
					{ "time": 6.2333, "angle": 0, "curve": "stepped" },
					{ "time": 6.6, "angle": 0 }
				],
				"translate": [
					{ "time": 0, "x": 0, "y": 0, "curve": "stepped" },
					{ "time": 3.9333, "x": 0, "y": 0 },
					{ "time": 4.5, "x": 0, "y": 6.82 },
					{ "time": 4.7, "x": 0, "y": 0 },
					{ "time": 5.2666, "x": 0, "y": 6.82 },
					{ "time": 5.4666, "x": 0, "y": 0 },
					{ "time": 6.0333, "x": 0, "y": 6.82 },
					{ "time": 6.2333, "x": 0, "y": 0, "curve": "stepped" },
					{ "time": 6.6, "x": 0, "y": 0 }
				],
				"scale": [
					{ "time": 0, "x": 1, "y": 1, "curve": "stepped" },
					{ "time": 3.9333, "x": 1, "y": 1 },
					{ "time": 4.2, "x": 1.218, "y": 1.147 },
					{ "time": 4.5, "x": 1, "y": 0.673 },
					{ "time": 4.7, "x": 1, "y": 1 },
					{ "time": 4.9666, "x": 1.218, "y": 1.147 },
					{ "time": 5.2666, "x": 1, "y": 0.673 },
					{ "time": 5.4666, "x": 1, "y": 1 },
					{ "time": 5.7333, "x": 1.218, "y": 1.147 },
					{ "time": 6.0333, "x": 1, "y": 0.673 },
					{ "time": 6.2333, "x": 1, "y": 1, "curve": "stepped" },
					{ "time": 6.6, "x": 1, "y": 1 }
				]
			},
			"Re/plume": {
				"rotate": [
					{
						"time": 0,
						"angle": 17.32,
						"curve": [ 0.25, 0, 0.75, 1 ]
					},
					{ "time": 0.5, "angle": -8.69 },
					{
						"time": 0.7666,
						"angle": -305.45,
						"curve": [ 0.304, 0, 0.64, 0.35 ]
					},
					{
						"time": 1.0666,
						"angle": -298.77,
						"curve": [ 0.315, 0.24, 0.65, 0.58 ]
					},
					{
						"time": 1.3333,
						"angle": -52.59,
						"curve": [ 0.321, 0.28, 0.655, 0.62 ]
					},
					{
						"time": 1.6,
						"angle": -7.84,
						"curve": [ 0.321, 0.29, 0.658, 0.63 ]
					},
					{
						"time": 2.0333,
						"angle": -275.6,
						"curve": [ 0.331, 0.32, 0.666, 0.66 ]
					},
					{
						"time": 2.3333,
						"angle": 65.9,
						"curve": [ 0.337, 0.34, 0.674, 0.69 ]
					},
					{
						"time": 2.9333,
						"angle": -38.28,
						"curve": [ 0.348, 0.38, 0.684, 0.73 ]
					},
					{
						"time": 3.3333,
						"angle": 8.67,
						"curve": [ 0.373, 0.61, 0.713, 1 ]
					},
					{
						"time": 3.9333,
						"angle": 0,
						"curve": [ 0.25, 0, 0.75, 1 ]
					},
					{
						"time": 4.2,
						"angle": -330.39,
						"curve": [ 0.25, 0, 0.75, 1 ]
					},
					{
						"time": 4.5,
						"angle": -14.2,
						"curve": [ 0.25, 0, 0.75, 1 ]
					},
					{
						"time": 4.7,
						"angle": 0,
						"curve": [ 0.25, 0, 0.75, 1 ]
					},
					{
						"time": 4.9666,
						"angle": 16.49,
						"curve": [ 0.25, 0, 0.75, 1 ]
					},
					{
						"time": 5.2666,
						"angle": -41.67,
						"curve": [ 0.25, 0, 0.75, 1 ]
					},
					{
						"time": 5.4666,
						"angle": 0,
						"curve": [ 0.25, 0, 0.75, 1 ]
					},
					{
						"time": 5.7333,
						"angle": 27.9,
						"curve": [ 0.25, 0, 0.75, 1 ]
					},
					{
						"time": 6.0333,
						"angle": -55.48,
						"curve": [ 0.25, 0, 0.75, 1 ]
					},
					{
						"time": 6.2333,
						"angle": 0,
						"curve": [ 0.25, 0, 0.75, 1 ]
					},
					{ "time": 6.6, "angle": 17.32 }
				],
				"translate": [
					{ "time": 0, "x": 0, "y": 0 },
					{ "time": 0.5, "x": 7.98, "y": 0 },
					{ "time": 3.9333, "x": 0, "y": 0 },
					{ "time": 4.5, "x": 0, "y": -2.35 },
					{ "time": 4.7, "x": 0, "y": 0 },
					{ "time": 5.2666, "x": 7.16, "y": -16.46 },
					{ "time": 5.4666, "x": 0, "y": 0 },
					{ "time": 6.0333, "x": 0, "y": -11.76 },
					{ "time": 6.2333, "x": 0, "y": 0, "curve": "stepped" },
					{ "time": 6.6, "x": 0, "y": 0 }
				],
				"scale": [
					{ "time": 0, "x": 1, "y": 1, "curve": "stepped" },
					{ "time": 3.9333, "x": 1, "y": 1, "curve": "stepped" },
					{ "time": 4.7, "x": 1, "y": 1, "curve": "stepped" },
					{ "time": 5.4666, "x": 1, "y": 1, "curve": "stepped" },
					{ "time": 6.2333, "x": 1, "y": 1, "curve": "stepped" },
					{ "time": 6.6, "x": 1, "y": 1 }
				]
			},
			"balloon/airball_re2": {
				"rotate": [
					{
						"time": 0,
						"angle": 9.03,
						"curve": [ 0.25, 0, 1, 0.74 ]
					},
					{
						"time": 1.0666,
						"angle": -0.77,
						"curve": [ 0.247, 0, 0.599, 0.37 ]
					},
					{
						"time": 1.6,
						"angle": -48.15,
						"curve": [ 0.118, 0.3, 0.561, 1 ]
					},
					{
						"time": 2.0333,
						"angle": -51.06,
						"curve": [ 0.246, 0, 0.676, 0.45 ]
					},
					{
						"time": 2.4666,
						"angle": -104.86,
						"curve": [ 0.184, 0, 0.75, 1 ]
					},
					{
						"time": 2.9333,
						"angle": -159.89,
						"curve": [ 0.139, 0.19, 0.75, 1 ]
					},
					{ "time": 3.9333, "angle": 107.26 },
					{ "time": 6.2333, "angle": 9.03, "curve": "stepped" },
					{ "time": 6.6, "angle": 9.03 }
				],
				"translate": [
					{
						"time": 0,
						"x": -86.26,
						"y": 0,
						"curve": [ 0.25, 0, 1, 0.74 ]
					},
					{ "time": 0.5, "x": -38.07, "y": 1.89 },
					{
						"time": 0.7666,
						"x": -17.18,
						"y": 2.51,
						"curve": [ 0.25, 0, 0.75, 1 ]
					},
					{
						"time": 1.0666,
						"x": 15.19,
						"y": 0,
						"curve": [ 0.25, 0, 1, 0.63 ]
					},
					{
						"time": 1.2666,
						"x": 80.75,
						"y": 33.54,
						"curve": [ 0.239, 0, 0.606, 0.4 ]
					},
					{
						"time": 1.3333,
						"x": -1.56,
						"y": 8.17,
						"curve": [ 0.25, 0, 0.75, 1 ]
					},
					{
						"time": 1.6,
						"x": -111.49,
						"y": -27.12,
						"curve": [ 0.102, 0.35, 0.561, 1 ]
					},
					{
						"time": 2.0333,
						"x": -0.95,
						"y": -2.51,
						"curve": [ 0.269, 0, 0.62, 0.37 ]
					},
					{
						"time": 2.4666,
						"x": -3.65,
						"y": -7.91,
						"curve": [ 0.139, 0.16, 0.75, 1 ]
					},
					{ "time": 3.9333, "x": 1.24, "y": 1.69 },
					{ "time": 4.2, "x": 60.19, "y": 1.49 },
					{ "time": 4.7, "x": 16.55, "y": 1.13 },
					{ "time": 4.9666, "x": -26.43, "y": 0.93 },
					{ "time": 5.4666, "x": 0.41, "y": 0.56 },
					{ "time": 5.8, "x": -43.83, "y": 0.36 },
					{ "time": 6.2333, "x": 0, "y": 0 },
					{ "time": 6.6, "x": -86.26, "y": 0 }
				],
				"scale": [
					{
						"time": 0,
						"x": 1,
						"y": 1,
						"curve": [ 0.25, 0, 1, 0.74 ]
					},
					{
						"time": 0.2333,
						"x": 1.164,
						"y": 0.995,
						"curve": [ 0.091, 0.23, 0.492, 0.61 ]
					},
					{
						"time": 0.5,
						"x": 0.949,
						"y": 1.197,
						"curve": [ 0.335, 0.5, 0.782, 1 ]
					},
					{
						"time": 0.7666,
						"x": 0.868,
						"y": 1.163,
						"curve": [ 0.25, 0, 0.75, 1 ]
					},
					{
						"time": 1.0666,
						"x": 1.366,
						"y": 0.993,
						"curve": [ 0.25, 0, 1, 0.63 ]
					},
					{
						"time": 1.2666,
						"x": 1,
						"y": 1,
						"curve": [ 0.239, 0, 0.606, 0.4 ]
					},
					{
						"time": 1.3333,
						"x": 0.993,
						"y": 1.143,
						"curve": [ 0.261, 0, 0.617, 0.44 ]
					},
					{
						"time": 1.6,
						"x": 0.831,
						"y": 1.195,
						"curve": [ 0.118, 0.3, 0.561, 1 ]
					},
					{
						"time": 2.0333,
						"x": 1.051,
						"y": 0.936,
						"curve": [ 0.303, 0, 1, 0.64 ]
					},
					{
						"time": 2.4666,
						"x": 1.149,
						"y": 0.929,
						"curve": [ 0.184, 0, 0.75, 1 ]
					},
					{ "time": 3.3666, "x": 1.061, "y": 0.96 },
					{ "time": 3.9333, "x": 1, "y": 1, "curve": "stepped" },
					{ "time": 6.2333, "x": 1, "y": 1, "curve": "stepped" },
					{ "time": 6.6, "x": 1, "y": 1 }
				]
			},
			"redballoon": {
				"rotate": [
					{ "time": 0, "angle": 0 }
				],
				"translate": [
					{
						"time": 0,
						"x": 0,
						"y": -198.26,
						"curve": [ 0.25, 0, 0.926, 0.73 ]
					},
					{
						"time": 0.4,
						"x": -60.64,
						"y": -198.26,
						"curve": [ 0.139, 0.31, 1, 0.66 ]
					},
					{ "time": 0.7666, "x": -102.9, "y": -198.26 },
					{
						"time": 1.2,
						"x": -124.16,
						"y": -198.26,
						"curve": [ 0.069, 0.27, 0.811, 1 ]
					},
					{
						"time": 2.0333,
						"x": 151.45,
						"y": -96.91,
						"curve": [ 0.102, 0.34, 0.75, 1 ]
					},
					{
						"time": 2.9333,
						"x": 432.51,
						"y": -198.26,
						"curve": [ 0.25, 0, 0.877, 0.73 ]
					},
					{
						"time": 3.9333,
						"x": 221.92,
						"y": -202.67,
						"curve": [ 0.098, 0.17, 0.75, 1 ]
					},
					{ "time": 6.6, "x": 0, "y": -198.26 }
				],
				"scale": [
					{ "time": 0, "x": 1, "y": 1, "curve": "stepped" },
					{ "time": 1.2, "x": 1, "y": 1 },
					{ "time": 2.0333, "x": 0.867, "y": 0.867 },
					{ "time": 3.9333, "x": 1.11, "y": 1.11 },
					{ "time": 6.6, "x": 1, "y": 1 }
				]
			}
		},
		"deform": {
			"default": {
				"balloon/airball_Light": {
					"balloon/airball_Light": [
						{
							"time": 0,
							"vertices": [ 48.05995, -3.44183, 58.54019, -14.33924, 40.31773, -19.53912, 35.61824, -6.75045 ]
						},
						{
							"time": 0.2333,
							"vertices": [ 47.7088, -11.22461, 55.88684, -28.15546, 42.41005, -21.66936, 37.92315, -10.35182 ]
						},
						{
							"time": 0.5,
							"vertices": [ -33.48423, 28.36983, -7.96995, 10.07272, -11.35554, 14.35131, -31.60896, 32.36225 ]
						},
						{
							"time": 0.7666,
							"vertices": [ 5.90761, -4.41492, 13.61682, -16.13166, 3.37325, -18.26831, 0.74055, -5.63853 ]
						},
						{
							"time": 1.0666,
							"vertices": [ 23.77189, -10.10689, 34.99919, -21.64045, 16.69876, -16.3994, 12.99885, -4.08974 ],
							"curve": [ 0.227, 0, 0.598, 0.39 ]
						},
						{
							"time": 1.1666,
							"vertices": [ 18.08091, -23.77814, 28.36982, -37.49502, 10.73759, -34.055, 5.12735, -20.62166 ],
							"curve": [ 0.338, 0.26, 0.702, 0.62 ]
						},
						{
							"time": 1.2666,
							"vertices": [ -23.75065, -56.71826, -14.62412, -73.04486, -29.41062, -72.9824, -39.2547, -59.08885 ],
							"curve": [ 0.415, 0.33, 0.768, 0.67 ]
						},
						{
							"time": 1.3333,
							"vertices": [ -3.3946, -43.44005, 2.22731, -62.43124, -10.00398, -57.8815, -11.48591, -40.36154 ]
						},
						{
							"time": 1.6,
							"vertices": [ 65.30091, -11.77506, 58.56778, -27.55869, 35.9173, -2.13951, 45.55935, 13.46557 ]
						},
						{
							"time": 1.6666,
							"vertices": [ 52.28155, 40.48599, 33.15657, 20.35708, 6.29337, 41.132, 24.00307, 51.52 ]
						},
						{
							"time": 1.8666,
							"vertices": [ 64.29464, 96.54241, 42.49478, 72.75418, 13.04992, 94.28342, 35.63152, 116.77794 ]
						},
						{
							"time": 2.1,
							"vertices": [ 87.06882, 101.80903, 67.05317, 80.94054, 41.39227, 101.81546, 57.52496, 125.91863 ]
						},
						{
							"time": 2.2666,
							"vertices": [ 50.17443, 90.59081, 33.88923, 75.24427, -7.57318, 116.98357, 12.20284, 126.37137 ]
						},
						{
							"time": 2.4666,
							"vertices": [ 71.41316, 103.94967, 49.91363, 67.25011, 4.60554, 94.06208, 25.16758, 130.78935 ]
						},
						{
							"time": 2.5666,
							"vertices": [ 31.12952, 117.3421, 7.02284, 69.96605, -40.20808, 89.31435, -19.25302, 139.71135 ]
						},
						{
							"time": 2.9333,
							"vertices": [ 19.02847, 127.66745, -14.57466, 63.97906, -85.63495, 63.54433, -63.0691, 126.31995 ]
						},
						{
							"time": 3.3666,
							"vertices": [ -47.95704, 86.14488, -40.25477, 27.47696, -94.22263, 20.2518, -102.12433, 77.78737 ]
						},
						{
							"time": 3.7,
							"vertices": [ -110.72653, 75.23283, -93.28699, 16.51005, -125.34931, -16.41848, -149.44537, 49.646 ]
						},
						{
							"time": 3.9333,
							"vertices": [ -72.2044, 61.16028, -47.94722, 15.7785, -95.5118, 0.90944, -118.09081, 45.35704 ]
						},
						{
							"time": 4.0333,
							"vertices": [ -74.11637, 41.4175, -50.65986, -3.36653, -92.91484, -17.00991, -118.18227, 28.65177 ]
						},
						{
							"time": 4.2,
							"vertices": [ -99.73858, 29.81867, -69.32199, -37.22971, -104.96098, -54.38307, -129.37117, -6.25152 ]
						},
						{
							"time": 4.3,
							"vertices": [ -92.12894, 25.08162, -58.49331, -38.48434, -94.24329, -57.64984, -120.92387, -12.04367 ]
						},
						{
							"time": 4.7,
							"vertices": [ -68.63705, 4.02107, -39.19419, -33.1488, -77.0374, -50.63739, -99.26009, -18.48475 ]
						},
						{
							"time": 4.8,
							"vertices": [ -70.38632, 11.43445, -46.69512, -23.64002, -71.32645, -47.35463, -97.35847, -13.63842 ]
						},
						{
							"time": 4.9666,
							"vertices": [ -26.3623, -39.50406, -0.019, -61.96192, -28.40322, -82.99006, -52.54984, -57.5714 ]
						},
						{
							"time": 5.1,
							"vertices": [ -13.92803, -47.47198, 10.736, -69.99868, -16.56777, -88.54893, -39.34863, -64.63952 ]
						},
						{
							"time": 5.3,
							"vertices": [ -18.74284, -37.2247, 3.4023, -59.85466, -22.2808, -74.68808, -43.01303, -53.04254 ]
						},
						{
							"time": 5.4666,
							"vertices": [ -37.64763, -16.95602, -8.51079, -39.93509, -31.72924, -59.08317, -56.44969, -40.05008 ]
						},
						{
							"time": 5.5666,
							"vertices": [ -46.7145, -14.24952, -10.85786, -40.29834, -26.58934, -47.7877, -49.62826, -22.5827 ]
						},
						{
							"time": 5.6666,
							"vertices": [ 18.45808, -21.19116, 35.93606, -39.13534, 15.10903, -46.29247, 0.37463, -29.95995 ]
						},
						{
							"time": 5.8,
							"vertices": [ 53.21163, -21.82022, 68.02061, -40.92044, 46.27422, -42.03938, 34.86919, -29.36335 ]
						},
						{
							"time": 5.9,
							"vertices": [ 40.53211, -19.78557, 59.97117, -30.42324, 42.38644, -38.95895, 22.94753, -28.32134 ]
						},
						{
							"time": 6.0333,
							"vertices": [ 42.17839, -16.17098, 58.9963, -27.49393, 42.56602, -31.33904, 27.95393, -20.64377 ]
						},
						{
							"time": 6.2333,
							"vertices": [ 6.33084, -7.35525, 19.21704, -19.70611, 4.51842, -16.51532, -2.85342, -5.73356 ]
						},
						{
							"time": 6.3666,
							"vertices": [ -21.80887, -20.04933, 1.29125, -38.65308, -5.21197, -35.88823, -28.65961, -21.66792 ]
						},
						{
							"time": 6.6,
							"vertices": [ 48.05995, -3.44183, 58.54019, -14.33924, 40.31773, -19.53912, 35.61824, -6.75045 ]
						}
					]
				},
				"balloon/airball_re": {
					"balloon/airball_bla": [
						{
							"time": 0,
							"vertices": [ 44.12291, -7.67816, 44.12291, -7.67816, 44.12291, -7.67816, 44.12291, -7.67816, 44.12291, -7.67816, 44.12291, -7.67816, 44.12291, -7.67816, 44.12291, -7.67816, 44.12291, -7.67816, 44.12291, -7.67816, 44.12291, -7.67816, 44.12291, -7.67816, 44.12291, -7.67816, 44.12291, -7.67816, 44.12291, -7.67816, 44.12291, -7.67816 ]
						},
						{
							"time": 0.2333,
							"vertices": [ 51.18646, 19.82032, 60.67433, 12.87634, 66.25319, 1.23248, 66.29893, -6.66813, 63.55156, -14.34939, 57.93747, -17.67392, 61.83685, -20.87869, 48.36798, -22.43518, 48.53407, -18.56199, 41.57533, -17.24995, 30.59001, -10.93093, 24.33398, -4.73899, 18.60992, 7.25082, 19.61859, 16.5657, 26.96196, 22.22317, 39.78712, 23.7053 ]
						},
						{
							"time": 0.5,
							"vertices": [ -30.77299, 33.98132, -37.37434, 48.35197, -40.21931, 62.016, -39.17244, 67.51088, -35.93216, 70.03343, -31.00689, 66.65654, -33.67186, 72.80456, -22.73565, 60.27586, -23.39897, 57.77231, -18.03865, 49.8398, -10.15966, 34.38786, -6.02783, 23.79974, -3.11459, 9.75047, -5.19477, 4.34523, -11.8168, 7.85961, -22.23024, 19.78984 ]
						},
						{
							"time": 0.7666,
							"vertices": [ -23.32127, -11.12252, -37.30778, 7.84285, -46.05751, 31.65985, -46.67135, 44.92984, -43.2949, 55.67337, -35.53538, 56.90344, -41.30818, 65.28557, -22.2458, 57.48262, -22.21324, 51.12269, -12.21731, 43.54602, 3.85705, 24.47041, 13.19181, 9.26257, 22.17205, -15.24612, 21.38374, -30.07008, 11.32484, -33.8717, -6.82614, -26.44123 ]
						},
						{
							"time": 1.0666,
							"vertices": [ -8.21835, -14.59126, -5.47828, 2.43849, 10.33439, 25.87405, 25.12411, 39.9196, 42.5346, 52.1909, 54.87486, 55.30736, 56.6607, 62.92952, 74.20927, 59.01254, 66.754, 52.21942, 71.84588, 46.43989, 71.9058, 29.77533, 67.06898, 15.68275, 50.76437, -8.43734, 32.17352, -24.47128, 13.57257, -30.8714, -3.13711, -27.14033 ]
						},
						{
							"time": 1.1666,
							"vertices": [ -54.05296, -36.34268, -54.89616, 0.59546, -28.86228, 42.62003, -1.26359, 63.92428, 32.98573, 79.25451, 59.56544, 77.35896, 60.45107, 93.48168, 101.69519, 71.69561, 87.66364, 61.61431, 101.54796, 44.67552, 108.56226, 6.5277, 103.45781, -22.1603, 76.59694, -65.39251, 41.23439, -88.4624, 1.87386, -89.49787, -37.3985, -68.75163 ]
						},
						{
							"time": 1.2666,
							"vertices": [ -163.51901, -73.6031, -163.78633, -16.70823, -123.32637, 40.20504, -81.06796, 64.88783, -28.92898, 78.48329, 11.15882, 67.88124, 12.93502, 92.35124, 74.62636, 46.99789, 53.16177, 35.59985, 73.66772, 5.60115, 83.2212, -54.93445, 74.73127, -97.45433, 32.98971, -155.98071, -21.04144, -181.1232, -80.50952, -171.31561, -139.25143, -128.12868 ]
						},
						{
							"time": 1.3333,
							"vertices": [ -163.35435, -24.16041, -147.31137, 43.08311, -83.2221, 99.02924, -26.27736, 116.42494, 39.1351, 117.98503, 83.37388, 94.32689, 92.50435, 122.72261, 152.2355, 52.03351, 123.63884, 44.54297, 139.20245, 3.42826, 133.06657, -70.69415, 110.82687, -118.53316, 44.76152, -176.02768, -26.20239, -190.69379, -93.53047, -162.58786, -150.40578, -95.27693 ]
						},
						{
							"time": 1.4666,
							"vertices": [ -133.57301, -40.2714, -131.7711, 14.12065, -89.62241, 61.85483, -46.86265, 78.50611, 5.2822, 82.94642, 44.60962, 66.24792, 47.25775, 89.33183, 106.72484, 35.8965, 85.04663, 28.52708, 104.27099, -3.48992, 111.53609, -62.88164, 101.58124, -102.10695, 58.10435, -151.1719, 3.66517, -166.33221, -54.89005, -147.21642, -111.51334, -96.3341 ]
						},
						{
							"time": 1.6,
							"vertices": [ -95.6615, -44.03964, -109.25313, -0.11468, -88.54114, 42.61053, -58.74263, 60.40274, -18.01712, 69.3414, 18.24235, 59.96226, 13.98939, 78.79783, 76.61212, 41.95013, 61.2079, 33.79214, 85.52911, 10.02465, 107.79842, -36.98716, 110.63626, -69.55519, 89.2242, -113.48709, 49.61622, -131.28265, -2.78199, -121.93927, -62.4095, -86.85132 ]
						},
						{
							"time": 1.6666,
							"vertices": [ -16.79867, -18.28117, -26.80748, -7.8617, -30.71052, 3.51838, -28.69693, 9.03379, -23.25883, 12.74787, -15.38966, 11.74722, -19.40994, 16.27325, -2.21017, 9.41304, -3.43325, 6.81868, 4.89855, 1.80403, 16.93855, -9.06323, 23.11462, -17.05462, 27.10876, -28.75947, 23.40919, -34.63585, 12.77084, -34.23567, -3.60527, -27.70112 ]
						},
						{
							"time": 1.8666,
							"vertices": [ 4.0793, 35.65669, -0.99053, 40.29002, -3.07614, 45.02376, -2.16909, 47.13521, 0.44665, 48.36601, 4.32562, 47.59964, 2.28427, 49.59668, 10.83309, 46.05293, 10.27049, 45.07115, 14.43702, 42.67805, 20.51115, 37.77133, 23.66279, 34.28735, 25.79802, 29.42036, 24.06782, 27.24257, 18.83718, 27.89817, 10.69844, 31.27552 ]
						},
						{
							"time": 2.0333,
							"vertices": [ -9.77178, 27.03109, -17.72043, 52.32646, -11.08766, 82.46682, 0.63635, 98.47279, 17.42875, 110.71388, 33.24605, 110.75475, 30.50463, 121.85754, 58.85492, 108.99426, 52.74172, 101.37173, 64.22493, 90.45132, 76.00129, 64.63756, 78.82979, 44.70081, 71.96174, 13.68967, 56.08387, -3.9161, 33.43728, -6.6112, 6.44344, 5.6399 ]
						},
						{
							"time": 2.1,
							"vertices": [ -59.21998, 19.59181, -61.55679, 69.71647, -32.58767, 123.54054, -1.02786, 149.1197, 38.54119, 165.81767, 69.75458, 160.09927, 70.20242, 181.82825, 119.32535, 147.43257, 103.252, 135.44524, 120.13878, 110.85652, 129.75133, 58.36447, 124.81752, 20.11737, 94.92305, -35.24607, 54.33107, -62.29228, 8.25082, -59.02626, -38.5222, -26.27378 ]
						},
						{
							"time": 2.2666,
							"vertices": [ -87.2971, 4.16627, -83.48367, 59.52379, -47.74734, 118.39491, -12.87957, 146.04768, 28.94793, 163.75566, 59.61972, 156.8768, 62.74164, 180.84766, 107.8902, 141.99562, 90.26018, 129.0598, 104.21147, 101.61659, 107.42033, 43.51437, 97.75896, 1.39605, 60.90324, -59.15666, 16.7758, -88.26433, -29.14187, -83.82228, -72.13081, -46.82591 ]
						},
						{
							"time": 2.4666,
							"vertices": [ -35.08647, -38.858, -37.32304, -8.76034, -16.27801, 29.93998, 6.97548, 51.93564, 36.2835, 70.13813, 59.58901, 72.97395, 59.70776, 86.31824, 96.63743, 75.29313, 84.78368, 64.72487, 97.6058, 53.14702, 105.28481, 23.07922, 101.98866, -1.24963, 80.27009, -41.07524, 50.30232, -65.79452, 15.94717, -73.14076, -19.21562, -62.63944 ]
						},
						{
							"time": 2.5666,
							"vertices": [ -31.70497, -42.34599, -35.76587, -16.47987, -22.64768, 17.5362, -6.53414, 37.22737, 14.51681, 53.83989, 32.16344, 57.02139, 31.21435, 68.52527, 60.38803, 60.19301, 52.12345, 50.71092, 62.85686, 41.13954, 71.08774, 15.47122, 70.4573, -5.5982, 56.91071, -40.60496, 35.86163, -62.85551, 10.09431, -70.27369, -17.68299, -62.33702 ]
						},
						{
							"time": 2.9333,
							"vertices": [ 8.80888, -16.28678, 7.17792, -12.42634, 11.96468, -6.63072, 17.93497, -2.94734, 25.77266, 0.44862, 32.38643, 1.62692, 31.98312, 3.37771, 42.97329, 3.21632, 39.90777, 1.42179, 43.97956, 0.34977, 47.1754, -3.31787, 47.02561, -6.61648, 42.08186, -12.58015, 34.267, -16.85289, 24.62117, -19.00502, 14.1569, -18.84803 ]
						},
						{
							"time": 3.3666,
							"vertices": [ 61.95822, 29.72926, 61.62471, 23.45856, 59.44253, 14.61381, 57.37475, 9.21415, 54.92705, 4.41429, 53.17267, 3.05085, 52.94329, 0.23508, 50.42097, 1.3487, 51.46295, 3.96387, 50.71792, 5.98147, 50.65189, 12.06741, 51.29671, 17.30229, 53.5467, 26.4085, 56.14871, 32.60259, 58.78747, 35.27824, 61.18937, 34.22108 ]
						},
						{
							"time": 3.7,
							"vertices": [ -7.77429, 17.99845, -14.53764, 21.14336, -17.18801, 25.97152, -15.8407, 29.0834, -12.18136, 31.98649, -6.87511, 33.05092, -9.59308, 34.48236, 2.01226, 34.51189, 1.19144, 32.99339, 6.81816, 32.17305, 14.95073, 29.20917, 19.12838, 26.49924, 21.84025, 21.53059, 19.35511, 17.90808, 12.18473, 15.99939, 1.13488, 15.97442 ]
						},
						{
							"time": 3.9333,
							"vertices": [ -42.41795, 20.57009, -47.4753, 45.39346, -31.74133, 75.31189, -12.30159, 91.37215, 13.14148, 103.82043, 34.52481, 104.19296, 33.31517, 115.10641, 68.73524, 102.99507, 58.76158, 95.33506, 71.82632, 84.7864, 81.93962, 59.53224, 81.28299, 39.89407, 65.03406, 9.11193, 39.62286, -8.61697, 8.41383, -11.75764, -25.31186, -0.22246 ]
						},
						{
							"time": 4.0333,
							"vertices": [ -65.56907, 5.2542, -70.08386, 37.54338, -48.28735, 74.11648, -22.86923, 92.5694, 9.77821, 105.75931, 36.48658, 103.94107, 35.76662, 118.02782, 79.08619, 98.73721, 66.08765, 90.01152, 81.62576, 75.11953, 92.41808, 41.73687, 90.17792, 16.69264, 67.67637, -20.9302, 34.68711, -40.87684, -4.48165, -41.54392, -45.729, -23.17279 ]
						},
						{
							"time": 4.2,
							"vertices": [ -94.16238, -34.84368, -96.99784, 7.57078, -68.80182, 57.41203, -37.7446, 83.52465, 1.35337, 103.15819, 32.38842, 102.53928, 32.60991, 121.12654, 81.71502, 98.50352, 65.88657, 86.09093, 82.89865, 67.4294, 92.97847, 23.98824, 88.47601, -9.29337, 59.37795, -60.57054, 19.37204, -89.16539, -26.3932, -92.668, -73.14938, -71.12365 ]
						},
						{
							"time": 4.3,
							"vertices": [ -57.07774, -32.93262, -61.34602, -7.02013, -46.20428, 26.2669, -27.85974, 45.17204, -3.99931, 60.80331, 15.87854, 63.21414, 14.9442, 74.70179, 47.64905, 65.16324, 38.24774, 56.08093, 50.2045, 46.09808, 59.16395, 20.20432, 58.21192, -0.73418, 42.57673, -34.98826, 18.6546, -56.22975, -10.40246, -62.50934, -41.54293, -53.4247 ]
						},
						{
							"time": 4.4333,
							"vertices": [ -9.98524, -9.23921, -7.62801, -6.42424, -1.95215, -2.87464, 2.5226, -0.89038, 7.33888, 0.72174, 10.16148, 0.91732, 11.32951, 2.16284, 14.45912, 1.02532, 12.23381, 0.07381, 12.65016, -1.04454, 10.89749, -3.87283, 8.42786, -6.1336, 2.57996, -9.78597, -2.8732, -12.00434, -7.30807, -12.58904, -10.28809, -11.50518 ]
						},
						{
							"time": 4.5666,
							"vertices": [ 17.11777, 44.36566, 35.68174, 31.75569, 46.47864, 5.0729, 46.44578, -15.03575, 40.92007, -36.08136, 29.82036, -47.56216, 37.44392, -53.63859, 10.9127, -64.82336, 11.30085, -54.8647, -2.37343, -55.2489, -23.89386, -45.03421, -36.10902, -32.60752, -47.18698, -5.12211, -45.05674, 19.15409, -30.5173, 37.50698, -5.25541, 48.15678 ]
						},
						{
							"time": 4.7,
							"vertices": [ 11.56483, 7.44954, 13.55602, 8.69467, 12.52573, 8.22914, 10.24538, 6.98655, 6.8491, 5.0865, 3.50817, 3.16935, 4.22442, 3.6257, -1.92301, 0.04816, -0.72639, 0.70288, -3.28391, -0.81217, -6.09062, -2.52678, -6.93254, -3.09257, -5.86394, -2.60608, -2.72855, -0.87799, 2.02314, 1.83655, 7.87645, 5.24618 ]
						},
						{
							"time": 4.8,
							"vertices": [ 4.24488, 16.45068, 4.12213, 15.92425, -0.55009, 12.41287, -6.75508, 12.099, -6.02399, 18.25215, -10.65416, 18.68431, -11.2565, 18.35564, -17.91928, 19.42878, -15.16883, 19.4342, -17.14257, 19.99678, -17.32257, 20.90995, -15.62709, 21.44234, -9.69742, 21.96246, -2.83004, 21.92978, 4.13374, 21.37037, 7.47102, 19.27279 ]
						},
						{
							"time": 4.9666,
							"vertices": [ -27.09726, -53.61423, -32.82838, -30.10183, -25.21319, -0.14529, -13.81155, 16.7508, 1.92851, 30.61554, 16.11911, 32.55924, 14.27401, 42.97094, 38.99358, 33.94233, 33.08831, 25.83191, 42.78647, 16.64916, 51.92207, -6.90248, 53.3581, -25.84899, 45.48236, -56.67443, 30.26642, -75.61865, 9.80307, -80.95441, -13.73391, -72.35446 ]
						},
						{
							"time": 5.1,
							"vertices": [ -7.21238, -60.75461, -12.94351, -37.24221, -5.32832, -7.28567, 6.07331, 9.61042, 21.81338, 23.47515, 36.00398, 25.41886, 34.15889, 35.83056, 58.87845, 26.80194, 52.97318, 18.69153, 62.67135, 9.50878, 71.80694, -14.04287, 73.24297, -32.98937, 65.36723, -63.81481, 50.1513, -82.75903, 29.68795, -88.0948, 6.15095, -79.49484 ]
						},
						{
							"time": 5.3,
							"vertices": [ -18.17857, -64.34492, -23.88832, -36.30557, -12.76599, -1.38863, 2.27174, 17.92105, 22.4846, 33.42128, 40.09787, 34.94609, 38.42378, 47.32493, 68.3881, 35.33957, 60.63691, 26.09417, 72.06638, 14.74034, 81.97271, -13.52975, 82.64895, -35.95163, 71.15512, -71.87959, 51.29552, -93.39854, 25.75019, -98.58434, -2.7807, -87.16911 ]
						},
						{
							"time": 5.4666,
							"vertices": [ -48.35759, -39.81076, -55.8668, -13.09924, -45.51748, 22.12178, -30.1918, 42.55388, -9.09252, 59.82885, 9.86563, 63.20559, 7.46528, 75.08914, 40.41454, 66.62604, 32.48127, 56.78422, 45.37304, 46.94645, 57.42784, 20.46036, 59.22979, -1.31756, 48.52748, -37.56352, 28.09749, -60.66575, 0.7435, -68.4618, -30.62959, -60.40035 ]
						},
						{
							"time": 5.5666,
							"vertices": [ -18.04122, -11.12103, -23.01643, -3.40621, -24.81759, 9.91905, -23.67221, 19.09895, -20.78941, 28.12568, -16.74011, 32.19799, -18.73208, 35.77679, -9.97065, 38.08991, -10.65287, 33.58187, -6.43877, 32.31429, -0.42277, 25.38168, 2.61933, 18.41867, 4.46051, 4.69926, 2.43439, -6.16199, -3.05683, -13.01076, -11.39929, -15.21002 ]
						},
						{
							"time": 5.6666,
							"vertices": [ 12.73013, -15.9003, 10.24839, -9.68824, 9.89062, 0.11755, 11.02444, 6.54767, 13.15614, 12.63114, 15.70796, 15.00137, 14.73959, 17.84019, 19.92705, 18.30767, 19.30056, 15.16595, 21.6745, 13.68272, 24.79838, 7.88997, 26.20127, 2.48034, 26.56153, -7.6132, 24.83065, -15.12992, 21.30228, -19.29604, 16.36296, -19.73786 ]
						},
						{
							"time": 5.8,
							"vertices": [ 43.55829, -15.36122, 41.54081, -16.37287, 38.63676, -15.86112, 36.83955, -14.71471, 35.22177, -13.00353, 34.72667, -11.31715, 33.81784, -11.68154, 34.0886, -8.57507, 34.96081, -9.17745, 35.58162, -7.88227, 37.52639, -6.45913, 39.22332, -6.02829, 42.21269, -6.55951, 44.28212, -8.13819, 45.22717, -10.53558, 44.96939, -13.49347 ]
						},
						{
							"time": 5.9,
							"vertices": [ 45.87906, -8.57716, 41.4467, -8.57711, 33.95701, -8.57708, 28.85431, -8.57702, 23.87808, -8.57706, 21.69973, -8.57705, 19.65171, -8.57708, 18.57185, -8.57706, 21.0742, -8.5771, 21.88353, -8.57709, 25.90385, -8.57707, 29.86863, -8.57713, 37.58072, -8.57715, 43.60228, -8.57707, 47.29707, -8.57703, 48.32519, -8.57708 ]
						},
						{
							"time": 6.0333,
							"vertices": [ 44.83159, -5.86153, 42.17218, -5.8615, 37.67836, -5.86148, 34.61674, -5.86144, 31.631, -5.86147, 30.324, -5.86146, 29.09518, -5.86148, 28.44727, -5.86147, 29.94868, -5.86149, 30.43427, -5.86149, 32.84647, -5.86147, 35.22533, -5.86151, 39.85258, -5.86152, 43.46552, -5.86147, 45.6824, -5.86145, 46.29927, -5.86148 ]
						},
						{
							"time": 6.2333,
							"vertices": [ 4.94343, 1.60575, 4.94343, 1.60575, 4.94343, 1.60575, 4.94343, 1.60575, 4.94343, 1.60575, 4.94343, 1.60575, 4.94343, 1.60575, 4.94343, 1.60575, 4.94343, 1.60575, 4.94343, 1.60575, 4.94343, 1.60575, 4.94343, 1.60575, 4.94343, 1.60575, 4.94343, 1.60575, 4.94343, 1.60575, 4.94343, 1.60575 ]
						},
						{
							"time": 6.3666,
							"vertices": [ 17.23738, 34.97422, 30.74792, 22.65876, 35.40557, -0.58987, 32.05102, -17.30462, 23.92643, -34.25674, 12.70111, -42.70649, 18.10084, -48.51077, -6.03993, -55.19209, -4.06689, -46.95062, -15.61929, -45.92177, -32.01037, -35.30626, -40.21759, -23.76992, -44.97777, 0.17422, -39.17164, 20.14737, -23.91963, 33.97137, -0.93289, 40.33319 ]
						},
						{
							"time": 6.6,
							"vertices": [ 44.12291, -7.67816, 44.12291, -7.67816, 44.12291, -7.67816, 44.12291, -7.67816, 44.12291, -7.67816, 44.12291, -7.67816, 44.12291, -7.67816, 44.12291, -7.67816, 44.12291, -7.67816, 44.12291, -7.67816, 44.12291, -7.67816, 44.12291, -7.67816, 44.12291, -7.67816, 44.12291, -7.67816, 44.12291, -7.67816, 44.12291, -7.67816 ]
						}
					]
				}
			}
		},
		"drawOrder": [
			{ "time": 0 }
		]
	}
}
}