{
"skeleton": { "hash": "F5ZrCQxMZYwk7W9q3Y0r4bC7uJ0", "spine": "3.4.02", "width": 114.91, "height": 50.08, "images": "./picture/" },
"bones": [
	{ "name": "root" },
	{ "name": "bone19", "parent": "root" },
	{ "name": "bone20", "parent": "bone19", "x": -42.19, "y": 8.2 },
	{ "name": "bone21", "parent": "bone19", "x": 39.84, "y": 7.61 },
	{ "name": "bone22", "parent": "bone19", "x": -0.58, "y": 2.92 }
],
"slots": [
	{ "name": "bstar", "bone": "bone19", "attachment": "bstar" },
	{ "name": "star6", "bone": "bone22", "attachment": "star2" },
	{ "name": "star5", "bone": "bone21", "attachment": "star3" },
	{ "name": "star4", "bone": "bone20", "attachment": "star1" },
	{ "name": "star2", "bone": "bone22", "attachment": "star2", "blend": "additive" },
	{ "name": "star1", "bone": "bone20", "blend": "additive" },
	{ "name": "star3", "bone": "bone21", "blend": "additive" }
],
"skins": {
	"default": {
		"bstar": {
			"bstar": { "x": -0.39, "y": 4.98, "width": 108, "height": 37 }
		},
		"star1": {
			"star1": { "x": 2.17, "y": -1.18, "width": 36, "height": 45 }
		},
		"star2": {
			"star2": {
				"type": "mesh",
				"uvs": [ 1, 1, 0, 1, 0, 0, 1, 0 ],
				"triangles": [ 1, 2, 3, 1, 3, 0 ],
				"vertices": [ 19.24, -23.48, -18.75, -23.48, -18.75, 20.51, 19.24, 20.51 ],
				"hull": 4,
				"edges": [ 0, 2, 2, 4, 4, 6, 0, 6 ],
				"width": 38,
				"height": 44
			}
		},
		"star3": {
			"star3": { "x": -0.44, "y": -0.9, "width": 35, "height": 44 }
		},
		"star4": {
			"star1": {
				"type": "mesh",
				"uvs": [ 1, 0.85512, 1, 1, 0, 1, 0, 0.65601, 0, 0, 1, 0 ],
				"triangles": [ 3, 4, 5, 3, 5, 0, 2, 3, 0, 2, 0, 1 ],
				"vertices": [ 20.17, -17.16, 20.17, -23.68, -15.82, -23.68, -15.82, -8.2, -15.82, 21.31, 20.17, 21.31 ],
				"hull": 6,
				"edges": [ 2, 4, 8, 10, 4, 6, 6, 8, 2, 0, 0, 10, 6, 0 ],
				"width": 36,
				"height": 45
			}
		},
		"star5": {
			"star3": {
				"type": "mesh",
				"uvs": [ 1, 0.65996, 1, 1, 0, 1, 0, 0.86105, 0, 0, 1, 0 ],
				"triangles": [ 4, 5, 0, 3, 4, 0, 1, 2, 3, 1, 3, 0 ],
				"vertices": [ 17.04999, -7.94, 17.04999, -22.9, -17.94, -22.9, -17.94, -16.79, -17.94, 21.09, 17.04999, 21.09 ],
				"hull": 6,
				"edges": [ 2, 4, 8, 10, 2, 0, 0, 10, 4, 6, 6, 8, 0, 6 ],
				"width": 35,
				"height": 44
			}
		},
		"star6": {
			"star2": {
				"type": "mesh",
				"uvs": [ 1, 0.79187, 1, 1, 0, 1, 0, 0.8011, 0, 0, 1, 0 ],
				"triangles": [ 4, 5, 0, 3, 4, 0, 1, 2, 3, 1, 3, 0 ],
				"vertices": [ 19.24, -14.33, 19.24, -23.48, -18.75, -23.48, -18.75, -14.73, -18.75, 20.51, 19.24, 20.51 ],
				"hull": 6,
				"edges": [ 2, 4, 8, 10, 4, 6, 6, 8, 2, 0, 0, 10, 6, 0 ],
				"width": 38,
				"height": 44
			}
		}
	}
},
"events": {
	"change": {}
},
"animations": {
	"start_animation0": {
		"slots": {
			"star1": {
				"attachment": [
					{ "time": 0, "name": null }
				]
			},
			"star2": {
				"color": [
					{ "time": 0, "color": "ffffff00" }
				],
				"attachment": [
					{ "time": 0, "name": null }
				]
			},
			"star3": {
				"color": [
					{ "time": 0, "color": "ffffff00" }
				],
				"attachment": [
					{ "time": 0, "name": null }
				]
			},
			"star4": {
				"attachment": [
					{ "time": 0, "name": null }
				]
			},
			"star5": {
				"attachment": [
					{ "time": 0, "name": null }
				]
			},
			"star6": {
				"color": [
					{ "time": 0, "color": "ffffffff" }
				],
				"attachment": [
					{ "time": 0, "name": null }
				]
			}
		},
		"bones": {
			"bone20": {
				"translate": [
					{ "time": 0, "x": -0.94, "y": 3.15 }
				],
				"scale": [
					{ "time": 0, "x": 1, "y": 1 }
				]
			},
			"bone19": {
				"scale": [
					{ "time": 0, "x": 1, "y": 1 }
				]
			},
			"bone21": {
				"scale": [
					{ "time": 0, "x": 1, "y": 1 }
				]
			},
			"bone22": {
				"translate": [
					{ "time": 0, "x": 0.77, "y": -19 }
				],
				"scale": [
					{ "time": 0, "x": 0.21, "y": 0.21 }
				]
			}
		},
		"deform": {
			"default": {
				"star4": {
					"star1": [
						{ "time": 0 }
					]
				},
				"star5": {
					"star3": [
						{ "time": 0 }
					]
				},
				"star6": {
					"star2": [
						{
							"time": 0,
							"vertices": [ 1.94791, -1.07216, 0, 0, 0, 0, 1.94791, -1.07216, 1.92565, 1.78623, 1.92565, 1.78623 ]
						}
					]
				}
			}
		}
	},
	"start_animation1": {
		"slots": {
			"star1": {
				"color": [
					{
						"time": 0.0333,
						"color": "ffffff00",
						"curve": [ 0.685, 0, 0.193, 1 ]
					},
					{
						"time": 0.3,
						"color": "ffffffa8",
						"curve": [ 0.25, 0, 0.75, 1 ]
					},
					{ "time": 0.9666, "color": "ffffff00" }
				],
				"attachment": [
					{ "time": 0, "name": null },
					{ "time": 0.0333, "name": "star1" }
				]
			},
			"star2": {
				"color": [
					{ "time": 0, "color": "ffffff00" }
				],
				"attachment": [
					{ "time": 0, "name": null }
				]
			},
			"star3": {
				"color": [
					{ "time": 0, "color": "ffffff00" }
				],
				"attachment": [
					{ "time": 0, "name": null }
				]
			},
			"star4": {
				"attachment": [
					{ "time": 0, "name": null },
					{ "time": 0.0333, "name": "star1" }
				]
			},
			"star5": {
				"attachment": [
					{ "time": 0, "name": null }
				]
			},
			"star6": {
				"color": [
					{ "time": 0, "color": "ffffffff" }
				],
				"attachment": [
					{ "time": 0, "name": null }
				]
			}
		},
		"bones": {
			"bone20": {
				"rotate": [
					{ "time": 0.0333, "angle": 15.9 },
					{
						"time": 0.3,
						"angle": -7.48,
						"curve": [ 0.403, 0, 0.75, 1 ]
					},
					{ "time": 0.6, "angle": 0 }
				],
				"translate": [
					{
						"time": 0,
						"x": -0.94,
						"y": 3.15,
						"curve": [ 0.351, 0.93, 0.779, 1 ]
					},
					{
						"time": 0.0333,
						"x": 4.57,
						"y": -11.02,
						"curve": [ 0.086, 0.99, 0.75, 1 ]
					},
					{
						"time": 0.3,
						"x": 1.45,
						"y": 12.08,
						"curve": [ 0.403, 0, 1, 0.22 ]
					},
					{
						"time": 0.6,
						"x": 0.83,
						"y": -1.66,
						"curve": [ 0.786, 0, 0.384, 1 ]
					},
					{ "time": 0.9666, "x": 0, "y": 0, "curve": "stepped" },
					{ "time": 1.2666, "x": 0, "y": 0 }
				],
				"scale": [
					{ "time": 0, "x": 1, "y": 1 },
					{
						"time": 0.0333,
						"x": 0.284,
						"y": 0.284,
						"curve": [ 0.086, 0.99, 0.75, 1 ]
					},
					{
						"time": 0.3,
						"x": 1.196,
						"y": 1.196,
						"curve": [ 0.403, 0, 1, 0.22 ]
					},
					{
						"time": 0.6,
						"x": 1.052,
						"y": 0.931,
						"curve": [ 0.786, 0, 0.384, 1 ]
					},
					{
						"time": 0.9666,
						"x": 1,
						"y": 1.068,
						"curve": [ 0.25, 0, 0.75, 1 ]
					},
					{ "time": 1.2666, "x": 1, "y": 1 }
				]
			},
			"bone19": {
				"scale": [
					{ "time": 0, "x": 1, "y": 1 }
				]
			},
			"bone21": {
				"scale": [
					{ "time": 0, "x": 1, "y": 1 }
				]
			},
			"bone22": {
				"translate": [
					{ "time": 0, "x": 0.77, "y": -19 }
				],
				"scale": [
					{ "time": 0, "x": 0.21, "y": 0.21 }
				]
			}
		},
		"deform": {
			"default": {
				"star4": {
					"star1": [
						{ "time": 0, "curve": "stepped" },
						{
							"time": 0.0333,
							"curve": [ 0.086, 0.99, 0.75, 1 ]
						},
						{
							"time": 0.3,
							"vertices": [ 1.40457, 1.28981, 1.29934, -2.04041, 2.30215, -5.17587, -1.30293, -2.34135 ],
							"curve": [ 0.403, 0, 1, 0.22 ]
						},
						{
							"time": 0.6,
							"vertices": [ 0.88914, -0.10196, 0.36294, -1.99591, -1.40308, 0.89763, -2.2833, -1.26463, -0.28124, -2.08714 ],
							"curve": [ 0.786, 0, 0.384, 1 ]
						},
						{
							"time": 0.9666,
							"vertices": [ -0.16899, 1.85898, 0, 0, 0, -0.50698, -0.16899, 1.352, 0.50699, 0.845, 0.50699, 0.845 ],
							"curve": [ 0.25, 0, 0.75, 1 ]
						},
						{ "time": 1.2666 }
					]
				},
				"star5": {
					"star3": [
						{ "time": 0 }
					]
				},
				"star6": {
					"star2": [
						{
							"time": 0,
							"vertices": [ 1.94791, -1.07216, 0, 0, 0, 0, 1.94791, -1.07216, 1.92565, 1.78623, 1.92565, 1.78623 ]
						}
					]
				}
			}
		}
	},
	"start_animation2": {
		"slots": {
			"star1": {
				"color": [
					{
						"time": 0.0333,
						"color": "ffffff00",
						"curve": [ 0.685, 0, 0.193, 1 ]
					},
					{
						"time": 0.3,
						"color": "ffffffa8",
						"curve": [ 0.25, 0, 0.75, 1 ]
					},
					{ "time": 0.9666, "color": "ffffff00" }
				],
				"attachment": [
					{ "time": 0, "name": null },
					{ "time": 0.0333, "name": "star1" }
				]
			},
			"star2": {
				"color": [
					{ "time": 0, "color": "ffffff00", "curve": "stepped" },
					{
						"time": 0.1666,
						"color": "ffffff00",
						"curve": [ 0.69, 0, 0.21, 1 ]
					},
					{ "time": 0.4666, "color": "ffffff74" },
					{ "time": 1.1666, "color": "ffffff00" }
				],
				"attachment": [
					{ "time": 0, "name": null },
					{ "time": 0.1666, "name": "star2" }
				]
			},
			"star3": {
				"color": [
					{ "time": 0, "color": "ffffff00" }
				],
				"attachment": [
					{ "time": 0, "name": null }
				]
			},
			"star4": {
				"attachment": [
					{ "time": 0, "name": null },
					{ "time": 0.0333, "name": "star1" }
				]
			},
			"star5": {
				"attachment": [
					{ "time": 0, "name": null }
				]
			},
			"star6": {
				"color": [
					{ "time": 0, "color": "ffffffff", "curve": "stepped" },
					{ "time": 0.1666, "color": "ffffffff" }
				],
				"attachment": [
					{ "time": 0, "name": null },
					{ "time": 0.1666, "name": "star2" }
				]
			}
		},
		"bones": {
			"bone20": {
				"rotate": [
					{ "time": 0.0333, "angle": 15.9 },
					{
						"time": 0.3,
						"angle": -7.48,
						"curve": [ 0.403, 0, 0.75, 1 ]
					},
					{ "time": 0.6, "angle": 0 }
				],
				"translate": [
					{
						"time": 0,
						"x": -0.94,
						"y": 3.15,
						"curve": [ 0.351, 0.93, 0.779, 1 ]
					},
					{
						"time": 0.0333,
						"x": 4.57,
						"y": -11.02,
						"curve": [ 0.086, 0.99, 0.75, 1 ]
					},
					{
						"time": 0.3,
						"x": 1.45,
						"y": 12.08,
						"curve": [ 0.403, 0, 1, 0.22 ]
					},
					{
						"time": 0.6,
						"x": 0.83,
						"y": -1.66,
						"curve": [ 0.786, 0, 0.384, 1 ]
					},
					{ "time": 0.9666, "x": 0, "y": 0, "curve": "stepped" },
					{ "time": 1.2666, "x": 0, "y": 0 }
				],
				"scale": [
					{ "time": 0, "x": 1, "y": 1 },
					{
						"time": 0.0333,
						"x": 0.284,
						"y": 0.284,
						"curve": [ 0.086, 0.99, 0.75, 1 ]
					},
					{
						"time": 0.3,
						"x": 1.196,
						"y": 1.196,
						"curve": [ 0.403, 0, 1, 0.22 ]
					},
					{
						"time": 0.6,
						"x": 1.052,
						"y": 0.931,
						"curve": [ 0.786, 0, 0.384, 1 ]
					},
					{
						"time": 0.9666,
						"x": 1,
						"y": 1.068,
						"curve": [ 0.25, 0, 0.75, 1 ]
					},
					{ "time": 1.2666, "x": 1, "y": 1 }
				]
			},
			"bone19": {
				"scale": [
					{ "time": 0, "x": 1, "y": 1 }
				]
			},
			"bone21": {
				"scale": [
					{ "time": 0, "x": 1, "y": 1 }
				]
			},
			"bone22": {
				"rotate": [
					{ "time": 0.1666, "angle": 0 },
					{ "time": 0.4666, "angle": -4.44 },
					{ "time": 0.8, "angle": 0 }
				],
				"translate": [
					{ "time": 0, "x": 0.77, "y": -19, "curve": "stepped" },
					{
						"time": 0.1666,
						"x": 0.77,
						"y": -19,
						"curve": [ 0.086, 0.95, 0.75, 1 ]
					},
					{
						"time": 0.4666,
						"x": -0.39,
						"y": 8.27,
						"curve": [ 0.403, 0, 1, 0.22 ]
					},
					{
						"time": 0.8,
						"x": -0.28,
						"y": -1.75,
						"curve": [ 0.827, 0, 0.401, 1 ]
					},
					{
						"time": 1.1666,
						"x": 0.57,
						"y": 0.28,
						"curve": [ 0.25, 0, 0.75, 1 ]
					},
					{ "time": 1.4666, "x": 0, "y": 0 }
				],
				"scale": [
					{ "time": 0, "x": 0.21, "y": 0.21, "curve": "stepped" },
					{
						"time": 0.1666,
						"x": 0.21,
						"y": 0.21,
						"curve": [ 0.577, 0, 0.203, 1 ]
					},
					{
						"time": 0.4666,
						"x": 1.136,
						"y": 1.136,
						"curve": [ 0.403, 0, 1, 0.22 ]
					},
					{
						"time": 0.8,
						"x": 1.107,
						"y": 0.982,
						"curve": [ 0.827, 0, 0.401, 1 ]
					},
					{
						"time": 1.1666,
						"x": 1,
						"y": 1.056,
						"curve": [ 0.25, 0, 0.75, 1 ]
					},
					{ "time": 1.4666, "x": 1, "y": 1 }
				]
			}
		},
		"deform": {
			"default": {
				"star2": {
					"star2": [
						{
							"time": 0.1666,
							"curve": [ 0.079, 1, 0.75, 1 ]
						},
						{
							"time": 0.4666,
							"vertices": [ 2.97625, -2.07291, -1.52579, -1.71418, -3.98668, 6.79159, 2.73646, 7.63528 ],
							"curve": [ 0.383, 0, 0.879, 0.28 ]
						},
						{
							"time": 0.8,
							"vertices": [ -0.72052, 0.73083, 1.57476, 2.28209, -0.47137, -0.70846, -0.00476, -1.17862 ],
							"curve": [ 0.786, 0, 0.377, 1 ]
						},
						{
							"time": 1.1666,
							"vertices": [ -0.38173, 0.26491, -0.3638, 0.64353, -3.84168, 2.39806, 0.12647, 2.96715 ]
						}
					]
				},
				"star4": {
					"star1": [
						{ "time": 0, "curve": "stepped" },
						{
							"time": 0.0333,
							"curve": [ 0.086, 0.99, 0.75, 1 ]
						},
						{
							"time": 0.3,
							"vertices": [ 1.40457, 1.28981, 1.29934, -2.04041, 2.30215, -5.17587, -1.30293, -2.34135 ],
							"curve": [ 0.403, 0, 1, 0.22 ]
						},
						{
							"time": 0.6,
							"vertices": [ 0.88914, -0.10196, 0.36294, -1.99591, -1.40308, 0.89763, -2.2833, -1.26463, -0.28124, -2.08714 ],
							"curve": [ 0.786, 0, 0.384, 1 ]
						},
						{
							"time": 0.9666,
							"vertices": [ -0.16899, 1.85898, 0, 0, 0, -0.50698, -0.16899, 1.352, 0.50699, 0.845, 0.50699, 0.845 ],
							"curve": [ 0.25, 0, 0.75, 1 ]
						},
						{ "time": 1.2666 }
					]
				},
				"star5": {
					"star3": [
						{ "time": 0 }
					]
				},
				"star6": {
					"star2": [
						{
							"time": 0,
							"vertices": [ 1.94791, -1.07216, 0, 0, 0, 0, 1.94791, -1.07216, 1.92565, 1.78623, 1.92565, 1.78623 ],
							"curve": [ 0.116, 1, 0.75, 1 ]
						},
						{
							"time": 0.1666,
							"curve": [ 0.079, 1, 0.75, 1 ]
						},
						{
							"time": 0.4666,
							"vertices": [ 4.51769, 2.14778, 2.67239, -2.26126, -0.41113, -2.67237, -4.09584, 1.60056, -3.17781, 8.19064, 4.40789, 8.12116 ],
							"curve": [ 0.383, 0, 0.879, 0.28 ]
						},
						{
							"time": 0.8,
							"vertices": [ 0.64499, 0.38698, 0.64499, 2.57998, 0.64499, 2.57998, 0.64499, 0.38698 ],
							"curve": [ 0.786, 0, 0.377, 1 ]
						},
						{
							"time": 1.1666,
							"vertices": [ 0.858, 2.00197, 0, -1.0E-5, 0, -1.0E-5, -1.71598, 1.71597, -1.50297, 2.26997, 1.07101, 2.55597 ],
							"curve": [ 0.25, 0, 0.75, 1 ]
						},
						{ "time": 1.4666 }
					]
				}
			}
		}
	},
	"start_animation3": {
		"slots": {
			"star1": {
				"color": [
					{
						"time": 0.0333,
						"color": "ffffff00",
						"curve": [ 0.685, 0, 0.193, 1 ]
					},
					{
						"time": 0.3,
						"color": "ffffffa8",
						"curve": [ 0.25, 0, 0.75, 1 ]
					},
					{ "time": 0.9666, "color": "ffffff00" }
				],
				"attachment": [
					{ "time": 0, "name": null },
					{ "time": 0.0333, "name": "star1" }
				]
			},
			"star2": {
				"color": [
					{ "time": 0, "color": "ffffff00", "curve": "stepped" },
					{
						"time": 0.1666,
						"color": "ffffff00",
						"curve": [ 0.69, 0, 0.21, 1 ]
					},
					{ "time": 0.4666, "color": "ffffff74" },
					{ "time": 1.1666, "color": "ffffff00" }
				],
				"attachment": [
					{ "time": 0, "name": null },
					{ "time": 0.1666, "name": "star2" }
				]
			},
			"star3": {
				"color": [
					{ "time": 0, "color": "ffffff00", "curve": "stepped" },
					{
						"time": 0.3333,
						"color": "ffffff00",
						"curve": [ 0.451, 0, 0, 1 ]
					},
					{ "time": 0.6666, "color": "ffffff96" },
					{ "time": 1, "color": "ffffff00" }
				],
				"attachment": [
					{ "time": 0, "name": null },
					{ "time": 0.3333, "name": "star3" }
				]
			},
			"star4": {
				"attachment": [
					{ "time": 0, "name": null },
					{ "time": 0.0333, "name": "star1" }
				]
			},
			"star5": {
				"attachment": [
					{ "time": 0, "name": null },
					{ "time": 0.3333, "name": "star3" }
				]
			},
			"star6": {
				"color": [
					{ "time": 0, "color": "ffffffff", "curve": "stepped" },
					{ "time": 0.1666, "color": "ffffffff" }
				],
				"attachment": [
					{ "time": 0, "name": null },
					{ "time": 0.1666, "name": "star2" }
				]
			}
		},
		"bones": {
			"bone20": {
				"rotate": [
					{ "time": 0.0333, "angle": 15.9 },
					{
						"time": 0.3,
						"angle": -7.48,
						"curve": [ 0.403, 0, 0.75, 1 ]
					},
					{ "time": 0.6, "angle": 0 }
				],
				"translate": [
					{
						"time": 0,
						"x": -0.94,
						"y": 3.15,
						"curve": [ 0.351, 0.93, 0.779, 1 ]
					},
					{
						"time": 0.0333,
						"x": 4.57,
						"y": -11.02,
						"curve": [ 0.086, 0.99, 0.75, 1 ]
					},
					{
						"time": 0.3,
						"x": 1.45,
						"y": 12.08,
						"curve": [ 0.403, 0, 1, 0.22 ]
					},
					{
						"time": 0.6,
						"x": 0.83,
						"y": -1.66,
						"curve": [ 0.786, 0, 0.384, 1 ]
					},
					{ "time": 0.9666, "x": 0, "y": 0, "curve": "stepped" },
					{ "time": 1.2666, "x": 0, "y": 0 }
				],
				"scale": [
					{ "time": 0, "x": 1, "y": 1 },
					{
						"time": 0.0333,
						"x": 0.284,
						"y": 0.284,
						"curve": [ 0.086, 0.99, 0.75, 1 ]
					},
					{
						"time": 0.3,
						"x": 1.196,
						"y": 1.196,
						"curve": [ 0.403, 0, 1, 0.22 ]
					},
					{
						"time": 0.6,
						"x": 1.052,
						"y": 0.931,
						"curve": [ 0.786, 0, 0.384, 1 ]
					},
					{
						"time": 0.9666,
						"x": 1,
						"y": 1.068,
						"curve": [ 0.25, 0, 0.75, 1 ]
					},
					{ "time": 1.2666, "x": 1, "y": 1 }
				]
			},
			"bone19": {
				"scale": [
					{ "time": 0, "x": 1, "y": 1 }
				]
			},
			"bone21": {
				"rotate": [
					{ "time": 0.3333, "angle": -17.79 },
					{
						"time": 0.6666,
						"angle": 4.82,
						"curve": [ 0.25, 0, 0.75, 1 ]
					},
					{ "time": 1, "angle": 0 }
				],
				"translate": [
					{
						"time": 0.3333,
						"x": -2.56,
						"y": -12.39,
						"curve": [ 0.065, 0.98, 0.75, 1 ]
					},
					{
						"time": 0.6666,
						"x": -1.65,
						"y": 12.23,
						"curve": [ 0.403, 0, 0.941, 0.3 ]
					},
					{
						"time": 1,
						"x": -0.41,
						"y": -4.15,
						"curve": [ 0.782, 0, 0.466, 1 ]
					},
					{ "time": 1.3666, "x": 0, "y": 0, "curve": "stepped" },
					{ "time": 1.6666, "x": 0, "y": 0 }
				],
				"scale": [
					{ "time": 0, "x": 1, "y": 1 },
					{
						"time": 0.3333,
						"x": 0.271,
						"y": 0.271,
						"curve": [ 0.072, 1, 0.75, 1 ]
					},
					{
						"time": 0.6666,
						"x": 1.237,
						"y": 1.237,
						"curve": [ 0.25, 0, 0.75, 1 ]
					},
					{
						"time": 1,
						"x": 0.938,
						"y": 0.856,
						"curve": [ 0.782, 0, 0.466, 1 ]
					},
					{
						"time": 1.3666,
						"x": 1,
						"y": 1.067,
						"curve": [ 0.25, 0, 0.75, 1 ]
					},
					{ "time": 1.6666, "x": 1, "y": 1 }
				]
			},
			"bone22": {
				"rotate": [
					{ "time": 0.1666, "angle": 0 },
					{ "time": 0.4666, "angle": -4.44 },
					{ "time": 0.8, "angle": 0 }
				],
				"translate": [
					{ "time": 0, "x": 0.77, "y": -19, "curve": "stepped" },
					{
						"time": 0.1666,
						"x": 0.77,
						"y": -19,
						"curve": [ 0.086, 0.95, 0.75, 1 ]
					},
					{
						"time": 0.4666,
						"x": -0.39,
						"y": 8.27,
						"curve": [ 0.403, 0, 1, 0.22 ]
					},
					{
						"time": 0.8,
						"x": -0.28,
						"y": -1.75,
						"curve": [ 0.827, 0, 0.401, 1 ]
					},
					{
						"time": 1.1666,
						"x": 0.57,
						"y": 0.28,
						"curve": [ 0.25, 0, 0.75, 1 ]
					},
					{ "time": 1.4666, "x": 0, "y": 0 }
				],
				"scale": [
					{ "time": 0, "x": 0.21, "y": 0.21, "curve": "stepped" },
					{
						"time": 0.1666,
						"x": 0.21,
						"y": 0.21,
						"curve": [ 0.577, 0, 0.203, 1 ]
					},
					{
						"time": 0.4666,
						"x": 1.136,
						"y": 1.136,
						"curve": [ 0.403, 0, 1, 0.22 ]
					},
					{
						"time": 0.8,
						"x": 1.107,
						"y": 0.982,
						"curve": [ 0.827, 0, 0.401, 1 ]
					},
					{
						"time": 1.1666,
						"x": 1,
						"y": 1.056,
						"curve": [ 0.25, 0, 0.75, 1 ]
					},
					{ "time": 1.4666, "x": 1, "y": 1 }
				]
			}
		},
		"deform": {
			"default": {
				"star2": {
					"star2": [
						{
							"time": 0.1666,
							"curve": [ 0.079, 1, 0.75, 1 ]
						},
						{
							"time": 0.4666,
							"vertices": [ 2.97625, -2.07291, -1.52579, -1.71418, -3.98668, 6.79159, 2.73646, 7.63528 ],
							"curve": [ 0.383, 0, 0.879, 0.28 ]
						},
						{
							"time": 0.8,
							"vertices": [ -0.72052, 0.73083, 1.57476, 2.28209, -0.47137, -0.70846, -0.00476, -1.17862 ],
							"curve": [ 0.786, 0, 0.377, 1 ]
						},
						{
							"time": 1.1666,
							"vertices": [ -0.38173, 0.26491, -0.3638, 0.64353, -3.84168, 2.39806, 0.12647, 2.96715 ]
						}
					]
				},
				"star4": {
					"star1": [
						{ "time": 0, "curve": "stepped" },
						{
							"time": 0.0333,
							"curve": [ 0.086, 0.99, 0.75, 1 ]
						},
						{
							"time": 0.3,
							"vertices": [ 1.40457, 1.28981, 1.29934, -2.04041, 2.30215, -5.17587, -1.30293, -2.34135 ],
							"curve": [ 0.403, 0, 1, 0.22 ]
						},
						{
							"time": 0.6,
							"vertices": [ 0.88914, -0.10196, 0.36294, -1.99591, -1.40308, 0.89763, -2.2833, -1.26463, -0.28124, -2.08714 ],
							"curve": [ 0.786, 0, 0.384, 1 ]
						},
						{
							"time": 0.9666,
							"vertices": [ -0.16899, 1.85898, 0, 0, 0, -0.50698, -0.16899, 1.352, 0.50699, 0.845, 0.50699, 0.845 ],
							"curve": [ 0.25, 0, 0.75, 1 ]
						},
						{ "time": 1.2666 }
					]
				},
				"star5": {
					"star3": [
						{ "time": 0, "curve": "stepped" },
						{
							"time": 0.3333,
							"curve": [ 0.065, 0.98, 0.75, 1 ]
						},
						{
							"time": 0.6666,
							"vertices": [ -0.50597, -0.8566, -1.32265, -2.77752, 0, 1.0E-5, -0.52816, 0.13317, -1.03413, -2.29907 ],
							"curve": [ 0.403, 0, 0.941, 0.3 ]
						},
						{
							"time": 1,
							"vertices": [ 5.68181, 2.28414, 3.81861, 2.99578, -2.12933, -0.68568, -3.03156, 2.34568, -2.29528, 5.26213, 2.23651, 4.1306 ],
							"curve": [ 0.782, 0, 0.466, 1 ]
						},
						{
							"time": 1.3666,
							"vertices": [ 0.57002, 1.71, 0, -0.83299, 0, -0.83299, -0.30997, 1.068, 0, 1.425, 0.28501, 0.28501 ]
						},
						{ "time": 1.6666 }
					]
				},
				"star6": {
					"star2": [
						{
							"time": 0,
							"vertices": [ 1.94791, -1.07216, 0, 0, 0, 0, 1.94791, -1.07216, 1.92565, 1.78623, 1.92565, 1.78623 ],
							"curve": [ 0.116, 1, 0.75, 1 ]
						},
						{
							"time": 0.1666,
							"curve": [ 0.079, 1, 0.75, 1 ]
						},
						{
							"time": 0.4666,
							"vertices": [ 4.51769, 2.14778, 2.67239, -2.26126, -0.41113, -2.67237, -4.09584, 1.60056, -3.17781, 8.19064, 4.40789, 8.12116 ],
							"curve": [ 0.383, 0, 0.879, 0.28 ]
						},
						{
							"time": 0.8,
							"vertices": [ 0.64499, 0.38698, 0.64499, 2.57998, 0.64499, 2.57998, 0.64499, 0.38698 ],
							"curve": [ 0.786, 0, 0.377, 1 ]
						},
						{
							"time": 1.1666,
							"vertices": [ 0.858, 2.00197, 0, -1.0E-5, 0, -1.0E-5, -1.71598, 1.71597, -1.50297, 2.26997, 1.07101, 2.55597 ],
							"curve": [ 0.25, 0, 0.75, 1 ]
						},
						{ "time": 1.4666 }
					]
				}
			}
		}
	}
}
}