{
"skeleton": { "hash": "Ojyki0VqsoLoRSiuWlDsBEcOO+w", "spine": "3.4.02", "width": 0, "height": 0, "images": "./picture/red/" },
"bones": [
	{ "name": "root" },
	{ "name": "zhuofx", "parent": "root", "x": -0.49, "y": 9.92, "scaleX": 1.561, "scaleY": 1.561 }
],
"slots": [
	{ "name": "fx/1", "bone": "zhuofx" },
	{ "name": "fx/2", "bone": "zhuofx" },
	{ "name": "fx/3", "bone": "zhuofx" },
	{ "name": "fx/4", "bone": "zhuofx" }
],
"skins": {
	"default": {
		"fx/1": {
			"fx/1": { "x": 10.88, "y": -3.8, "scaleX": 1.257, "scaleY": 1.257, "width": 88, "height": 118 }
		},
		"fx/2": {
			"fx/2": { "x": 1.5, "y": -8.47, "scaleX": 1.257, "scaleY": 1.257, "width": 162, "height": 166 }
		},
		"fx/3": {
			"fx/3": { "x": -4.95, "y": 1.45, "scaleX": 1.257, "scaleY": 1.257, "width": 175, "height": 185 }
		},
		"fx/4": {
			"fx/4": { "x": -2.97, "y": 6.87, "scaleX": 1.257, "scaleY": 1.257, "width": 175, "height": 199 }
		}
	}
},
"animations": {
	"angryrun": {
		"slots": {
			"fx/1": {
				"color": [
					{ "time": 0, "color": "ffffffff", "curve": "stepped" },
					{ "time": 0.1, "color": "ffffffff", "curve": "stepped" },
					{ "time": 0.4333, "color": "ffffffff" }
				],
				"attachment": [
					{ "time": 0, "name": "fx/1" },
					{ "time": 0.1, "name": "fx/1" },
					{ "time": 0.1666, "name": null },
					{ "time": 0.4333, "name": null }
				]
			},
			"fx/2": {
				"color": [
					{ "time": 0, "color": "ffffffff", "curve": "stepped" },
					{ "time": 0.1, "color": "ffffffff", "curve": "stepped" },
					{ "time": 0.4333, "color": "ffffffff" }
				],
				"attachment": [
					{ "time": 0, "name": null },
					{ "time": 0.1, "name": null },
					{ "time": 0.1666, "name": "fx/2" },
					{ "time": 0.2333, "name": null },
					{ "time": 0.4333, "name": null }
				]
			},
			"fx/3": {
				"color": [
					{ "time": 0, "color": "ffffffff", "curve": "stepped" },
					{ "time": 0.1, "color": "ffffffff", "curve": "stepped" },
					{ "time": 0.4333, "color": "ffffffff" }
				],
				"attachment": [
					{ "time": 0, "name": null },
					{ "time": 0.1, "name": null },
					{ "time": 0.2333, "name": "fx/3" },
					{ "time": 0.3, "name": null },
					{ "time": 0.4333, "name": null }
				]
			},
			"fx/4": {
				"color": [
					{ "time": 0, "color": "ffffffff", "curve": "stepped" },
					{ "time": 0.1, "color": "ffffffff", "curve": "stepped" },
					{ "time": 0.4333, "color": "ffffffff" }
				],
				"attachment": [
					{ "time": 0, "name": null },
					{ "time": 0.1, "name": null },
					{ "time": 0.3, "name": "fx/4" },
					{ "time": 0.3666, "name": null },
					{ "time": 0.4333, "name": null }
				]
			}
		},
		"bones": {
			"root": {
				"rotate": [
					{ "time": 0, "angle": 0, "curve": "stepped" },
					{ "time": 0.4333, "angle": 0 }
				],
				"translate": [
					{ "time": 0, "x": 0, "y": 0, "curve": "stepped" },
					{ "time": 0.4333, "x": 0, "y": 0 }
				],
				"scale": [
					{ "time": 0, "x": 1, "y": 1, "curve": "stepped" },
					{ "time": 0.4333, "x": 1, "y": 1 }
				]
			},
			"zhuofx": {
				"rotate": [
					{ "time": 0, "angle": 0, "curve": "stepped" },
					{ "time": 0.4333, "angle": 0 }
				],
				"translate": [
					{ "time": 0, "x": 0, "y": 0, "curve": "stepped" },
					{ "time": 0.4333, "x": 0, "y": 0 }
				],
				"scale": [
					{ "time": 0, "x": 1, "y": 1, "curve": "stepped" },
					{ "time": 0.4333, "x": 1, "y": 1 }
				]
			}
		},
		"drawOrder": [
			{ "time": 0 },
			{ "time": 0.4333 }
		]
	}
}
}