{
"skeleton": { "hash": "V49kCkSOw6iI4wjmOkmHPaSYrI4", "spine": "3.4.02", "width": 0, "height": 0, "images": "" },
"bones": [
	{ "name": "root" },
	{ "name": "cloud", "parent": "root", "length": 85.36, "rotation": 90.45, "x": 0.09, "y": 0.42 }
],
"slots": [
	{ "name": "yb", "bone": "cloud" },
	{ "name": "cloud", "bone": "cloud" }
],
"skins": {
	"default": {
		"cloud": {
			"cloud": {
				"type": "mesh",
				"uvs": [ 0.99998, 0.06717, 0.98624, 0.99998, 0.50224, 0.98266, 0, 0.96469, 1.0E-5, 0.18921, 0.41989, 5.0E-5, 0.48214, 0.38197, 0.57596, 0.60395 ],
				"triangles": [ 6, 5, 0, 4, 5, 6, 7, 6, 0, 3, 4, 6, 3, 6, 7, 2, 3, 7, 1, 7, 0, 2, 7, 1 ],
				"vertices": [ 64.53, -70.6, -69.76, -67.62, -66.75, 2.05, -63.62, 74.35, 48.04, 73.51, 74.82, 12.85, 19.76, 4.29, -12.3, -8.97 ],
				"hull": 6,
				"edges": [ 8, 10, 6, 8, 0, 2, 10, 0, 2, 4, 4, 6, 14, 4, 12, 14, 10, 12 ],
				"width": 144,
				"height": 144
			}
		},
		"yb": {
			"yb": {
				"type": "mesh",
				"uvs": [ 1, 0.25686, 0.98483, 0.99998, 0, 0.99944, 0, 0.33622, 0.27006, 1.0E-5, 0.70527, 0 ],
				"triangles": [ 0, 2, 3, 5, 3, 4, 3, 5, 0, 1, 2, 0 ],
				"vertices": [ 38.43, -76.47, -71.51999, -73.28, -70.29, 80.33999, 27.86, 79.6, 77.3, 37.09999, 76.79, -30.78 ],
				"hull": 6,
				"edges": [ 8, 6, 2, 4, 8, 10, 0, 10, 4, 6, 0, 2 ],
				"width": 156,
				"height": 148
			}
		}
	}
},
"animations": {
	"cloud": {
		"slots": {
			"cloud": {
				"color": [
					{ "time": 0, "color": "ffffffff", "curve": "stepped" },
					{ "time": 1.6666, "color": "ffffffff" }
				],
				"attachment": [
					{ "time": 0, "name": "cloud" },
					{ "time": 1.6666, "name": "cloud" }
				]
			},
			"yb": {
				"color": [
					{ "time": 0, "color": "ffffffff", "curve": "stepped" },
					{ "time": 1.6666, "color": "ffffffff" }
				],
				"attachment": [
					{ "time": 0, "name": "yb" },
					{ "time": 1.6666, "name": "yb" }
				]
			}
		},
		"bones": {
			"root": {
				"rotate": [
					{ "time": 0, "angle": 0, "curve": "stepped" },
					{ "time": 1.6666, "angle": 0 }
				],
				"translate": [
					{ "time": 0, "x": 0, "y": 0, "curve": "stepped" },
					{ "time": 1.6666, "x": 0, "y": 0 }
				],
				"scale": [
					{ "time": 0, "x": 1, "y": 1, "curve": "stepped" },
					{ "time": 1.6666, "x": 1, "y": 1 }
				]
			},
			"cloud": {
				"rotate": [
					{ "time": 0, "angle": 0, "curve": "stepped" },
					{ "time": 1.6666, "angle": 0 }
				],
				"translate": [
					{ "time": 0, "x": 0, "y": 0, "curve": "stepped" },
					{ "time": 1.6666, "x": 0, "y": 0 }
				],
				"scale": [
					{
						"time": 0,
						"x": 1,
						"y": 1,
						"curve": [ 0.25, 0, 0.75, 1 ]
					},
					{
						"time": 0.8333,
						"x": 1.064,
						"y": 1.064,
						"curve": [ 0.25, 0, 0.75, 1 ]
					},
					{ "time": 1.6666, "x": 1, "y": 1 }
				]
			}
		},
		"deform": {
			"default": {
				"cloud": {
					"cloud": [
						{
							"time": 0,
							"curve": [ 0.247, 0, 0.733, 0.92 ]
						},
						{
							"time": 0.8333,
							"vertices": [ -0.47845, -3.69404, 1.90098, 2.08129, 0.02342, 2.98494, 0.01699, 2.16322, 0.0237, 3.01444, -0.0152, -1.93418, -0.40555, 9.92586, 0.45891, -3.13743 ],
							"curve": [ 0.345, 0.65, 0.679, 1 ]
						},
						{ "time": 1.6666 }
					]
				},
				"yb": {
					"yb": [
						{
							"time": 0,
							"curve": [ 0.247, 0, 0.733, 0.92 ]
						},
						{
							"time": 0.8333,
							"vertices": [ 0.89984, -3.1419, 1.56644, 1.51073, -0.4954, 3.81938, 3.21735, 3.10058, 0, 0, 0.98766 ],
							"curve": [ 0.345, 0.65, 0.679, 1 ]
						},
						{ "time": 1.6666 }
					]
				}
			}
		},
		"drawOrder": [
			{ "time": 0 },
			{ "time": 1.6666 }
		]
	}
}
}