{
"skeleton": { "hash": "/EIQSinwe933LgCfoSkDpHFsyjc", "spine": "3.4.02", "width": 182.67, "height": 200.62, "images": "" },
"bones": [
	{ "name": "root" },
	{ "name": "root2", "parent": "root", "x": -52, "y": -517, "color": "00249bff" },
	{ "name": "birdballoon", "parent": "root2", "x": 54.57, "y": 728.99, "color": "9b0700ff" },
	{ "name": "redballoon", "parent": "birdballoon", "x": -0.13, "y": -1.35, "color": "9b0700ff" },
	{
		"name": "balloon/airball_re",
		"parent": "redballoon",
		"length": 109.71,
		"rotation": 90,
		"x": -188.79,
		"y": 180.38,
		"color": "9b0700ff"
	},
	{ "name": "Re/body", "parent": "balloon/airball_re", "rotation": -90, "x": 65.83, "y": -5.17, "color": "9b0700ff" },
	{ "name": "Re/L_eye", "parent": "Re/body", "rotation": 16.12, "x": -6.47, "y": 11.6, "color": "9b0700ff" },
	{ "name": "Re/R_eye", "parent": "Re/body", "rotation": -14.02, "x": 24.87, "y": 11.66, "color": "9b0700ff" },
	{ "name": "Re/brow_L", "parent": "Re/body", "length": 35.7, "rotation": -164.13, "x": 3.9, "y": 27.55, "color": "9b0700ff" },
	{ "name": "Re/brow_R", "parent": "Re/body", "length": 28.01, "rotation": -19.73, "x": 17.2, "y": 26.81, "color": "9b0700ff" },
	{ "name": "Re/mouth", "parent": "Re/body", "length": 25.99, "x": -1.3, "y": -7.94, "color": "9b0700ff" },
	{ "name": "Re/plume", "parent": "Re/body", "length": 33.79, "rotation": 151.83, "x": 6.4, "y": 69.35, "color": "9b0700ff" },
	{ "name": "Re/plume1", "parent": "Re/body", "length": 29.81, "rotation": 131.4, "x": -56.7, "y": 1.71, "color": "9b0700ff" },
	{ "name": "balloon/airball_re2", "parent": "balloon/airball_re", "length": 65.57, "x": 63.95, "y": -5.56, "color": "9b0700ff" }
],
"slots": [
	{ "name": "Re/plume1", "bone": "Re/plume1", "attachment": "Ye/plume1" },
	{ "name": "Re/body", "bone": "Re/body", "attachment": "Ye/body" },
	{ "name": "Re/plume", "bone": "Re/plume", "attachment": "Ye/plume" },
	{ "name": "Re/R_eye", "bone": "Re/R_eye", "attachment": "Ye/R_eye" },
	{ "name": "Re/L_eye", "bone": "Re/L_eye", "attachment": "Ye/L_eye" },
	{ "name": "Re/mouth", "bone": "Re/mouth", "attachment": "Ye/mouth" },
	{ "name": "Re/brow_L", "bone": "Re/brow_L", "attachment": "Ye/brow_L" },
	{ "name": "Re/brow_R", "bone": "Re/brow_R", "attachment": "Ye/brow_R" },
	{ "name": "balloon/airball_re", "bone": "balloon/airball_re2", "attachment": "balloon/airball_ye" },
	{ "name": "balloon/airball_Light", "bone": "balloon/airball_re2", "attachment": "balloon/airball_Light" }
],
"skins": {
	"default": {
		"Re/L_eye": {
			"Ye/L_eye": { "x": -2.17, "y": -0.16, "width": 25, "height": 13 }
		},
		"Re/R_eye": {
			"Ye/R_eye": { "x": 1.82, "y": -2.63, "width": 22, "height": 11 }
		},
		"Re/body": {
			"Ye/body": { "x": -3.65, "y": 24.93, "width": 135, "height": 112 }
		},
		"Re/brow_L": {
			"Ye/brow_L": { "x": 22.21, "y": -6.13, "rotation": 151.5, "width": 43, "height": 35 }
		},
		"Re/brow_R": {
			"Ye/brow_R": { "x": 15.08, "y": 0.65, "rotation": 38.18, "width": 27, "height": 35 }
		},
		"Re/mouth": {
			"Ye/mouth": { "x": 10.08, "y": 1.59, "width": 69, "height": 40 }
		},
		"Re/plume": {
			"Ye/plume": { "x": 15.87, "y": -6.03, "rotation": -151.83, "width": 56, "height": 47 }
		},
		"Re/plume1": {
			"Ye/plume1": { "x": 14.19, "y": 2.11, "rotation": -131.4, "width": 39, "height": 39 }
		},
		"balloon/airball_Light": {
			"balloon/airball_Light": {
				"type": "mesh",
				"uvs": [ 1, 1, 0, 1, 0, 0, 1, 0 ],
				"triangles": [ 1, 2, 3, 1, 3, 0 ],
				"vertices": [ 55.12, -54.18, 55.12, -15.18, 94.12, -15.18, 94.12, -54.18 ],
				"hull": 4,
				"edges": [ 0, 2, 2, 4, 4, 6, 0, 6 ],
				"width": 39,
				"height": 39
			}
		},
		"balloon/airball_re": {
			"balloon/airball_ye": {
				"type": "mesh",
				"uvs": [ 0.86241, 0.11455, 1, 0.2916, 0.99999, 0.55999, 0.91705, 0.73706, 0.74342, 0.86966, 0.59516, 0.91791, 0.64798, 0.99999, 0.35217, 0.99999, 0.39249, 0.91792, 0.25815, 0.86789, 0.05147, 0.69724, 0, 0.587, 0, 0.30822, 0.12264, 0.1059, 0.34716, 0, 0.64942, 1.0E-5 ],
				"triangles": [ 2, 0, 1, 15, 0, 2, 14, 15, 2, 12, 13, 14, 2, 12, 14, 9, 10, 11, 9, 11, 12, 5, 9, 12, 2, 5, 12, 3, 4, 2, 2, 4, 5, 8, 9, 5, 7, 8, 5, 6, 7, 5 ],
				"vertices": [ 101.85, -62.43, 66.33, -87.57, 12.48, -87.57, -22.87, -72.31, -49.7, -40.83, -59.33, -13.62, -75.78, -23.26, -75.78, 30.76, -59.33, 23.39, -51.29, 45.71, -22.6, 80.8, 7.06, 95.1, 62.95, 95.01, 103.58, 72.69, 124.83, 31.68, 124.83, -23.53 ],
				"hull": 16,
				"edges": [ 14, 16, 16, 18, 18, 20, 20, 22, 22, 24, 24, 26, 26, 28, 12, 14, 12, 10, 10, 8, 28, 30, 30, 0, 4, 2, 0, 2, 4, 6, 6, 8, 4, 24 ],
				"width": 170,
				"height": 185
			}
		}
	}
},
"animations": {
	"run": {
		"slots": {
			"Re/L_eye": {
				"color": [
					{ "time": 0, "color": "ffffffff", "curve": "stepped" },
					{ "time": 3.9333, "color": "ffffffff", "curve": "stepped" },
					{ "time": 4.7, "color": "ffffffff", "curve": "stepped" },
					{ "time": 5.4666, "color": "ffffffff", "curve": "stepped" },
					{ "time": 6.2333, "color": "ffffffff", "curve": "stepped" },
					{ "time": 6.6, "color": "ffffffff" }
				],
				"attachment": [
					{ "time": 0, "name": "Ye/L_eye" }
				]
			},
			"Re/R_eye": {
				"color": [
					{ "time": 0, "color": "ffffffff", "curve": "stepped" },
					{ "time": 3.9333, "color": "ffffffff", "curve": "stepped" },
					{ "time": 4.7, "color": "ffffffff", "curve": "stepped" },
					{ "time": 5.4666, "color": "ffffffff", "curve": "stepped" },
					{ "time": 6.2333, "color": "ffffffff", "curve": "stepped" },
					{ "time": 6.6, "color": "ffffffff" }
				],
				"attachment": [
					{ "time": 0, "name": "Ye/R_eye" }
				]
			},
			"Re/body": {
				"color": [
					{ "time": 0, "color": "ffffffff", "curve": "stepped" },
					{ "time": 3.9333, "color": "ffffffff", "curve": "stepped" },
					{ "time": 4.7, "color": "ffffffff", "curve": "stepped" },
					{ "time": 5.4666, "color": "ffffffff", "curve": "stepped" },
					{ "time": 6.2333, "color": "ffffffff", "curve": "stepped" },
					{ "time": 6.6, "color": "ffffffff" }
				]
			},
			"Re/brow_L": {
				"color": [
					{ "time": 0, "color": "ffffffff", "curve": "stepped" },
					{ "time": 1.6666, "color": "ffffffff", "curve": "stepped" },
					{ "time": 3.9333, "color": "ffffffff", "curve": "stepped" },
					{ "time": 4.7, "color": "ffffffff", "curve": "stepped" },
					{ "time": 5.4666, "color": "ffffffff", "curve": "stepped" },
					{ "time": 6.2333, "color": "ffffffff", "curve": "stepped" },
					{ "time": 6.6, "color": "ffffffff" }
				]
			},
			"Re/brow_R": {
				"color": [
					{ "time": 0, "color": "ffffffff", "curve": "stepped" },
					{ "time": 1.6666, "color": "ffffffff", "curve": "stepped" },
					{ "time": 3.9333, "color": "ffffffff", "curve": "stepped" },
					{ "time": 4.7, "color": "ffffffff", "curve": "stepped" },
					{ "time": 5.4666, "color": "ffffffff", "curve": "stepped" },
					{ "time": 6.2333, "color": "ffffffff", "curve": "stepped" },
					{ "time": 6.6, "color": "ffffffff" }
				]
			},
			"Re/mouth": {
				"color": [
					{ "time": 0, "color": "ffffffff", "curve": "stepped" },
					{ "time": 3.9333, "color": "ffffffff", "curve": "stepped" },
					{ "time": 4.7, "color": "ffffffff", "curve": "stepped" },
					{ "time": 5.4666, "color": "ffffffff", "curve": "stepped" },
					{ "time": 6.2333, "color": "ffffffff", "curve": "stepped" },
					{ "time": 6.6, "color": "ffffffff" }
				]
			},
			"Re/plume": {
				"color": [
					{ "time": 0, "color": "ffffffff", "curve": "stepped" },
					{ "time": 3.9333, "color": "ffffffff", "curve": "stepped" },
					{ "time": 4.7, "color": "ffffffff", "curve": "stepped" },
					{ "time": 5.4666, "color": "ffffffff", "curve": "stepped" },
					{ "time": 6.2333, "color": "ffffffff", "curve": "stepped" },
					{ "time": 6.6, "color": "ffffffff" }
				]
			},
			"Re/plume1": {
				"color": [
					{ "time": 0, "color": "ffffffff", "curve": "stepped" },
					{ "time": 3.9333, "color": "ffffffff", "curve": "stepped" },
					{ "time": 4.7, "color": "ffffffff", "curve": "stepped" },
					{ "time": 5.4666, "color": "ffffffff", "curve": "stepped" },
					{ "time": 6.2333, "color": "ffffffff", "curve": "stepped" },
					{ "time": 6.6, "color": "ffffffff" }
				]
			},
			"balloon/airball_Light": {
				"color": [
					{ "time": 0, "color": "ffffffff", "curve": "stepped" },
					{ "time": 6.6, "color": "ffffffff" }
				],
				"attachment": [
					{ "time": 0, "name": "balloon/airball_Light" },
					{ "time": 6.6, "name": "balloon/airball_Light" }
				]
			},
			"balloon/airball_re": {
				"color": [
					{ "time": 0, "color": "ffffffff", "curve": "stepped" },
					{ "time": 6.6, "color": "ffffffff" }
				]
			}
		},
		"bones": {
			"Re/body": {
				"rotate": [
					{
						"time": 0,
						"angle": -10.91,
						"curve": [ 0.25, 0, 1, 0.66 ]
					},
					{
						"time": 0.5,
						"angle": -29.72,
						"curve": [ 0.25, 0, 0.75, 1 ]
					},
					{
						"time": 0.7666,
						"angle": -33.75,
						"curve": [ 0.25, 0, 0.75, 1 ]
					},
					{
						"time": 1.0666,
						"angle": 0.44,
						"curve": [ 0.139, 0, 1, 0.63 ]
					},
					{
						"time": 1.6,
						"angle": 10.11,
						"curve": [ 0.028, 0.44, 0.561, 1 ]
					},
					{
						"time": 2.0333,
						"angle": 3.25,
						"curve": [ 0.213, 0, 0.885, 0.78 ]
					},
					{ "time": 2.9333, "angle": 11.16 },
					{ "time": 3.9333, "angle": 0, "curve": "stepped" },
					{ "time": 4.7, "angle": 0, "curve": "stepped" },
					{ "time": 5.4666, "angle": 0, "curve": "stepped" },
					{ "time": 6.2333, "angle": 0 },
					{ "time": 6.6, "angle": -10.91 }
				],
				"translate": [
					{
						"time": 0,
						"x": -28.63,
						"y": 1.84,
						"curve": [ 0.135, 0.3, 0.837, 0.99 ]
					},
					{
						"time": 0.5,
						"x": -42.91,
						"y": 48.99,
						"curve": [ 0.25, 0, 0.75, 1 ]
					},
					{
						"time": 0.7666,
						"x": -12.54,
						"y": 60.04,
						"curve": [ 0.25, 0, 0.75, 1 ]
					},
					{
						"time": 1.0666,
						"x": 92.28,
						"y": 11.95,
						"curve": [ 0.139, 0, 1, 0.63 ]
					},
					{
						"time": 1.3333,
						"x": -31.63,
						"y": -41.23,
						"curve": [ 0.25, 0, 0.75, 1 ]
					},
					{
						"time": 1.6,
						"x": -163.74,
						"y": -83.44,
						"curve": [ 0.028, 0.44, 0.561, 1 ]
					},
					{
						"time": 2.0333,
						"x": 54.57,
						"y": -24.88,
						"curve": [ 0.213, 0, 0.897, 0.78 ]
					},
					{ "time": 2.4666, "x": -42.81, "y": -92.36 },
					{
						"time": 2.9333,
						"x": -107.97,
						"y": -38.18,
						"curve": [ 0.135, 0.14, 0.75, 1 ]
					},
					{
						"time": 3.3666,
						"x": -97.56,
						"y": 15.36,
						"curve": [ 0.25, 0, 0.75, 1 ]
					},
					{
						"time": 3.9333,
						"x": -71.29,
						"y": 21.17,
						"curve": [ 0.25, 0, 0.75, 1 ]
					},
					{
						"time": 4.2,
						"x": 42.64,
						"y": 25.97,
						"curve": [ 0.25, 0, 0.862, 0.81 ]
					},
					{ "time": 4.5, "x": 12.01, "y": 26.87 },
					{
						"time": 4.7,
						"x": -27.12,
						"y": 22.09,
						"curve": [ 0.25, 0, 0.75, 1 ]
					},
					{
						"time": 4.9666,
						"x": 10.6,
						"y": 23.26,
						"curve": [ 0.25, 0, 0.862, 0.81 ]
					},
					{ "time": 5.2666, "x": 12.01, "y": 25.3 },
					{
						"time": 5.4666,
						"x": -24.85,
						"y": 17.54,
						"curve": [ 0.25, 0, 0.75, 1 ]
					},
					{
						"time": 5.7333,
						"x": 8.79,
						"y": 16.8,
						"curve": [ 0.25, 0, 0.862, 0.81 ]
					},
					{ "time": 6.0333, "x": 12.01, "y": 12.72 },
					{
						"time": 6.2333,
						"x": -16.87,
						"y": 6.63,
						"curve": [ 0.245, 0, 0.759, 0.99 ]
					},
					{ "time": 6.6, "x": -28.63, "y": 1.84 }
				],
				"scale": [
					{
						"time": 0,
						"x": 0.941,
						"y": 1.061,
						"curve": [ 0.25, 0, 1, 0.66 ]
					},
					{
						"time": 0.5,
						"x": 1.105,
						"y": 0.835,
						"curve": [ 0.25, 0, 0.75, 1 ]
					},
					{
						"time": 0.7666,
						"x": 0.796,
						"y": 1.119,
						"curve": [ 0.25, 0, 0.75, 1 ]
					},
					{
						"time": 1.0666,
						"x": 0.947,
						"y": 1.103,
						"curve": [ 0.139, 0, 1, 0.63 ]
					},
					{
						"time": 1.3333,
						"x": 1.121,
						"y": 1.049,
						"curve": [ 0.25, 0, 0.75, 1 ]
					},
					{
						"time": 1.6,
						"x": 1.078,
						"y": 0.773,
						"curve": [ 0.028, 0.44, 0.561, 1 ]
					},
					{
						"time": 2.0333,
						"x": 0.946,
						"y": 1.112,
						"curve": [ 0.213, 0, 0.885, 0.78 ]
					},
					{ "time": 2.4666, "x": 0.911, "y": 1.207 },
					{ "time": 2.9333, "x": 1.01, "y": 0.75 },
					{ "time": 3.3666, "x": 1, "y": 1 },
					{
						"time": 3.9333,
						"x": 1.09,
						"y": 0.883,
						"curve": [ 0.129, 0, 0.75, 1 ]
					},
					{
						"time": 4.5,
						"x": 0.913,
						"y": 1.112,
						"curve": [ 0.25, 0, 0.75, 1 ]
					},
					{
						"time": 4.7,
						"x": 1.09,
						"y": 0.883,
						"curve": [ 0.129, 0, 0.75, 1 ]
					},
					{
						"time": 5.2666,
						"x": 0.913,
						"y": 1.112,
						"curve": [ 0.25, 0, 0.75, 1 ]
					},
					{
						"time": 5.4666,
						"x": 1.09,
						"y": 0.883,
						"curve": [ 0.129, 0, 0.75, 1 ]
					},
					{
						"time": 6.0333,
						"x": 0.913,
						"y": 1.112,
						"curve": [ 0.25, 0, 0.75, 1 ]
					},
					{
						"time": 6.2333,
						"x": 1.09,
						"y": 0.883,
						"curve": [ 0.129, 0, 0.75, 1 ]
					},
					{ "time": 6.6, "x": 0.941, "y": 1.061 }
				]
			},
			"balloon/airball_re": {
				"rotate": [
					{ "time": 0, "angle": 0 }
				],
				"translate": [
					{
						"time": 0,
						"x": 0,
						"y": 0,
						"curve": [ 0.114, 0.3, 0.881, 1 ]
					},
					{
						"time": 0.4,
						"x": 0,
						"y": -76.73,
						"curve": [ 0.192, 0, 0.918, 0.71 ]
					},
					{ "time": 0.7666, "x": 0, "y": 0, "curve": "stepped" },
					{
						"time": 1.2,
						"x": 0,
						"y": 0,
						"curve": [ 0.2, 0, 0.913, 0.75 ]
					},
					{
						"time": 2.0333,
						"x": 0,
						"y": 298.37,
						"curve": [ 0.25, 0, 0.95, 0.69 ]
					},
					{
						"time": 2.9333,
						"x": 0,
						"y": 26.73,
						"curve": [ 0.106, 0.3, 0.639, 1 ]
					},
					{
						"time": 3.9333,
						"x": 0,
						"y": -116.91,
						"curve": [ 0.479, 0, 0.942, 0.75 ]
					},
					{ "time": 6.6, "x": 0, "y": 0 }
				],
				"scale": [
					{ "time": 0, "x": 1, "y": 1, "curve": "stepped" },
					{ "time": 6.6, "x": 1, "y": 1 }
				]
			},
			"Re/L_eye": {
				"rotate": [
					{ "time": 0, "angle": 0, "curve": "stepped" },
					{ "time": 3.9333, "angle": 0, "curve": "stepped" },
					{ "time": 4.7, "angle": 0, "curve": "stepped" },
					{ "time": 5.4666, "angle": 0, "curve": "stepped" },
					{ "time": 6.2333, "angle": 0, "curve": "stepped" },
					{ "time": 6.6, "angle": 0 }
				],
				"translate": [
					{ "time": 0, "x": 0, "y": 0, "curve": "stepped" },
					{ "time": 3.9333, "x": 0, "y": 0, "curve": "stepped" },
					{ "time": 4.7, "x": 0, "y": 0, "curve": "stepped" },
					{ "time": 5.4666, "x": 0, "y": 0, "curve": "stepped" },
					{ "time": 6.2333, "x": 0, "y": 0, "curve": "stepped" },
					{ "time": 6.6, "x": 0, "y": 0 }
				],
				"scale": [
					{ "time": 0, "x": 1, "y": 1, "curve": "stepped" },
					{ "time": 3.9333, "x": 1, "y": 1, "curve": "stepped" },
					{ "time": 4.7, "x": 1, "y": 1, "curve": "stepped" },
					{ "time": 5.4666, "x": 1, "y": 1, "curve": "stepped" },
					{ "time": 6.2333, "x": 1, "y": 1, "curve": "stepped" },
					{ "time": 6.6, "x": 1, "y": 1 }
				]
			},
			"Re/R_eye": {
				"rotate": [
					{ "time": 0, "angle": 0, "curve": "stepped" },
					{ "time": 3.9333, "angle": 0, "curve": "stepped" },
					{ "time": 4.7, "angle": 0, "curve": "stepped" },
					{ "time": 5.4666, "angle": 0, "curve": "stepped" },
					{ "time": 6.2333, "angle": 0, "curve": "stepped" },
					{ "time": 6.6, "angle": 0 }
				],
				"translate": [
					{ "time": 0, "x": 0, "y": 0, "curve": "stepped" },
					{ "time": 3.9333, "x": 0, "y": 0, "curve": "stepped" },
					{ "time": 4.7, "x": 0, "y": 0, "curve": "stepped" },
					{ "time": 5.4666, "x": 0, "y": 0, "curve": "stepped" },
					{ "time": 6.2333, "x": 0, "y": 0, "curve": "stepped" },
					{ "time": 6.6, "x": 0, "y": 0 }
				],
				"scale": [
					{ "time": 0, "x": 1, "y": 1, "curve": "stepped" },
					{ "time": 3.9333, "x": 1, "y": 1, "curve": "stepped" },
					{ "time": 4.7, "x": 1, "y": 1, "curve": "stepped" },
					{ "time": 5.4666, "x": 1, "y": 1, "curve": "stepped" },
					{ "time": 6.2333, "x": 1, "y": 1, "curve": "stepped" },
					{ "time": 6.6, "x": 1, "y": 1 }
				]
			},
			"Re/brow_L": {
				"rotate": [
					{ "time": 0, "angle": 0, "curve": "stepped" },
					{ "time": 1.6666, "angle": 0 },
					{ "time": 2, "angle": -6.89 },
					{ "time": 3.9333, "angle": 0 },
					{ "time": 4.2, "angle": -7.16 },
					{ "time": 4.7, "angle": 0 },
					{ "time": 4.9666, "angle": -7.16 },
					{ "time": 5.4666, "angle": 0 },
					{ "time": 5.7333, "angle": -7.16 },
					{ "time": 6.2333, "angle": 0, "curve": "stepped" },
					{ "time": 6.6, "angle": 0 }
				],
				"translate": [
					{ "time": 0, "x": -2.33, "y": -6.31 },
					{ "time": 1.6666, "x": -1.53, "y": -2.81 },
					{ "time": 2, "x": -3.59, "y": -5.92 },
					{ "time": 3, "x": -1.82, "y": -7.23 },
					{ "time": 3.9333, "x": -1.62, "y": -6.83 },
					{ "time": 4.2, "x": -1.47, "y": -9.31 },
					{ "time": 4.5, "x": -1.09, "y": -7.59 },
					{ "time": 4.7, "x": -2.3, "y": -7.38 },
					{ "time": 4.9666, "x": -1.92, "y": -6.59 },
					{ "time": 5.2666, "x": -1.42, "y": -8.54 },
					{ "time": 5.4666, "x": -1.8, "y": -5.18 },
					{ "time": 5.7333, "x": -3.97, "y": -7.53 },
					{ "time": 6.0333, "x": -2.19, "y": -6.87 },
					{ "time": 6.2333, "x": -1.23, "y": -6.87 },
					{ "time": 6.6, "x": -2.33, "y": -6.31 }
				],
				"scale": [
					{ "time": 0, "x": 1, "y": 1, "curve": "stepped" },
					{ "time": 1.6666, "x": 1, "y": 1, "curve": "stepped" },
					{ "time": 3.9333, "x": 1, "y": 1, "curve": "stepped" },
					{ "time": 4.7, "x": 1, "y": 1, "curve": "stepped" },
					{ "time": 5.4666, "x": 1, "y": 1, "curve": "stepped" },
					{ "time": 6.2333, "x": 1, "y": 1, "curve": "stepped" },
					{ "time": 6.6, "x": 1, "y": 1 }
				]
			},
			"Re/brow_R": {
				"rotate": [
					{ "time": 0, "angle": 0, "curve": "stepped" },
					{ "time": 1.6666, "angle": 0 },
					{ "time": 2, "angle": -1.84 },
					{ "time": 3.9333, "angle": 0 },
					{ "time": 4.2, "angle": 7.62 },
					{ "time": 4.7, "angle": 0 },
					{ "time": 4.9666, "angle": 7.62 },
					{ "time": 5.4666, "angle": 0 },
					{ "time": 5.7333, "angle": 7.62 },
					{ "time": 6.2333, "angle": 0, "curve": "stepped" },
					{ "time": 6.6, "angle": 0 }
				],
				"translate": [
					{ "time": 0, "x": -2.33, "y": -6.31 },
					{ "time": 1.6666, "x": -1.53, "y": -2.81 },
					{ "time": 2, "x": -3.59, "y": -7.01 },
					{ "time": 3, "x": -1.72, "y": -8.62 },
					{ "time": 3.9333, "x": -1.62, "y": -6.83 },
					{ "time": 4.2, "x": -1.47, "y": -9.31 },
					{ "time": 4.5, "x": -1.08, "y": -7.59 },
					{ "time": 4.7, "x": -2.3, "y": -7.38 },
					{ "time": 4.9666, "x": -1.92, "y": -6.59 },
					{ "time": 5.2666, "x": -1.42, "y": -8.54 },
					{ "time": 5.4666, "x": -1.8, "y": -5.18 },
					{ "time": 5.7333, "x": 0.23, "y": -9.33 },
					{ "time": 6.0333, "x": -2.19, "y": -6.87 },
					{ "time": 6.2333, "x": -1.23, "y": -6.87 },
					{ "time": 6.6, "x": -2.33, "y": -6.31 }
				],
				"scale": [
					{ "time": 0, "x": 1, "y": 1, "curve": "stepped" },
					{ "time": 1.6666, "x": 1, "y": 1 },
					{ "time": 1.8666, "x": 1.029, "y": 1.029 },
					{ "time": 3.9333, "x": 1, "y": 1, "curve": "stepped" },
					{ "time": 4.7, "x": 1, "y": 1, "curve": "stepped" },
					{ "time": 5.4666, "x": 1, "y": 1, "curve": "stepped" },
					{ "time": 6.2333, "x": 1, "y": 1, "curve": "stepped" },
					{ "time": 6.6, "x": 1, "y": 1 }
				]
			},
			"Re/mouth": {
				"rotate": [
					{ "time": 0, "angle": 0, "curve": "stepped" },
					{ "time": 3.9333, "angle": 0, "curve": "stepped" },
					{ "time": 4.7, "angle": 0, "curve": "stepped" },
					{ "time": 5.4666, "angle": 0, "curve": "stepped" },
					{ "time": 6.2333, "angle": 0, "curve": "stepped" },
					{ "time": 6.6, "angle": 0 }
				],
				"translate": [
					{ "time": 0, "x": 0, "y": 0, "curve": "stepped" },
					{ "time": 3.9333, "x": 0, "y": 0 },
					{ "time": 4.5, "x": 0, "y": 6.82 },
					{ "time": 4.7, "x": 0, "y": 0 },
					{ "time": 5.2666, "x": 0, "y": 6.82 },
					{ "time": 5.4666, "x": 0, "y": 0 },
					{ "time": 6.0333, "x": 0, "y": 6.82 },
					{ "time": 6.2333, "x": 0, "y": 0, "curve": "stepped" },
					{ "time": 6.6, "x": 0, "y": 0 }
				],
				"scale": [
					{ "time": 0, "x": 1, "y": 1, "curve": "stepped" },
					{ "time": 3.9333, "x": 1, "y": 1 },
					{ "time": 4.2, "x": 1.218, "y": 1.147 },
					{ "time": 4.5, "x": 1, "y": 0.673 },
					{ "time": 4.7, "x": 1, "y": 1 },
					{ "time": 4.9666, "x": 1.218, "y": 1.147 },
					{ "time": 5.2666, "x": 1, "y": 0.673 },
					{ "time": 5.4666, "x": 1, "y": 1 },
					{ "time": 5.7333, "x": 1.218, "y": 1.147 },
					{ "time": 6.0333, "x": 1, "y": 0.673 },
					{ "time": 6.2333, "x": 1, "y": 1, "curve": "stepped" },
					{ "time": 6.6, "x": 1, "y": 1 }
				]
			},
			"Re/plume": {
				"rotate": [
					{
						"time": 0,
						"angle": 17.32,
						"curve": [ 0.25, 0, 0.75, 1 ]
					},
					{ "time": 0.5, "angle": -8.69 },
					{
						"time": 0.7666,
						"angle": -305.45,
						"curve": [ 0.304, 0, 0.64, 0.35 ]
					},
					{
						"time": 1.0666,
						"angle": -298.77,
						"curve": [ 0.315, 0.24, 0.65, 0.58 ]
					},
					{
						"time": 1.3333,
						"angle": -52.59,
						"curve": [ 0.321, 0.28, 0.655, 0.62 ]
					},
					{
						"time": 1.6,
						"angle": -7.84,
						"curve": [ 0.321, 0.29, 0.658, 0.63 ]
					},
					{
						"time": 2.0333,
						"angle": -275.6,
						"curve": [ 0.331, 0.32, 0.666, 0.66 ]
					},
					{
						"time": 2.3333,
						"angle": 65.9,
						"curve": [ 0.337, 0.34, 0.674, 0.69 ]
					},
					{
						"time": 2.9333,
						"angle": -38.28,
						"curve": [ 0.348, 0.38, 0.684, 0.73 ]
					},
					{
						"time": 3.3333,
						"angle": 8.67,
						"curve": [ 0.373, 0.61, 0.713, 1 ]
					},
					{
						"time": 3.9333,
						"angle": 0,
						"curve": [ 0.25, 0, 0.75, 1 ]
					},
					{
						"time": 4.2,
						"angle": -330.39,
						"curve": [ 0.25, 0, 0.75, 1 ]
					},
					{
						"time": 4.5,
						"angle": -14.2,
						"curve": [ 0.25, 0, 0.75, 1 ]
					},
					{
						"time": 4.7,
						"angle": 0,
						"curve": [ 0.25, 0, 0.75, 1 ]
					},
					{
						"time": 4.9666,
						"angle": 16.49,
						"curve": [ 0.25, 0, 0.75, 1 ]
					},
					{
						"time": 5.2666,
						"angle": -41.67,
						"curve": [ 0.25, 0, 0.75, 1 ]
					},
					{
						"time": 5.4666,
						"angle": 0,
						"curve": [ 0.25, 0, 0.75, 1 ]
					},
					{
						"time": 5.7333,
						"angle": 27.9,
						"curve": [ 0.25, 0, 0.75, 1 ]
					},
					{
						"time": 6.0333,
						"angle": -13.42,
						"curve": [ 0.25, 0, 0.75, 1 ]
					},
					{
						"time": 6.2333,
						"angle": 0,
						"curve": [ 0.25, 0, 0.75, 1 ]
					},
					{ "time": 6.6, "angle": 17.32 }
				],
				"translate": [
					{ "time": 0, "x": 0, "y": 0 },
					{ "time": 0.5, "x": 7.98, "y": 0 },
					{ "time": 3.9333, "x": 0, "y": 0 },
					{ "time": 4.5, "x": 0, "y": -2.35 },
					{ "time": 4.7, "x": 0, "y": 0 },
					{ "time": 5.2666, "x": 7.16, "y": -16.46 },
					{ "time": 5.4666, "x": 0, "y": 0 },
					{ "time": 6.0333, "x": 0, "y": -11.76 },
					{ "time": 6.2333, "x": 0, "y": 0, "curve": "stepped" },
					{ "time": 6.6, "x": 0, "y": 0 }
				],
				"scale": [
					{ "time": 0, "x": 1, "y": 1, "curve": "stepped" },
					{ "time": 3.9333, "x": 1, "y": 1, "curve": "stepped" },
					{ "time": 4.7, "x": 1, "y": 1, "curve": "stepped" },
					{ "time": 5.4666, "x": 1, "y": 1, "curve": "stepped" },
					{ "time": 6.2333, "x": 1, "y": 1, "curve": "stepped" },
					{ "time": 6.6, "x": 1, "y": 1 }
				]
			},
			"Re/plume1": {
				"rotate": [
					{ "time": 0, "angle": -60.29 },
					{ "time": 0.4666, "angle": -80.93 },
					{
						"time": 0.7666,
						"angle": -67.89,
						"curve": [ 0.286, 0, 0.626, 0.38 ]
					},
					{
						"time": 1.3333,
						"angle": -0.7,
						"curve": [ 0.321, 0.28, 0.655, 0.62 ]
					},
					{
						"time": 1.6,
						"angle": -55.84,
						"curve": [ 0.317, 0.28, 0.673, 0.68 ]
					},
					{
						"time": 2.9333,
						"angle": -50.96,
						"curve": [ 0.382, 0.57, 0.735, 1 ]
					},
					{
						"time": 3.9333,
						"angle": 0,
						"curve": [ 0.25, 0, 0.75, 1 ]
					},
					{
						"time": 4.2,
						"angle": -283.02,
						"curve": [ 0.25, 0, 0.75, 1 ]
					},
					{
						"time": 4.5,
						"angle": -12.19,
						"curve": [ 0.25, 0, 0.75, 1 ]
					},
					{
						"time": 4.7,
						"angle": 0,
						"curve": [ 0.25, 0, 0.75, 1 ]
					},
					{
						"time": 4.9666,
						"angle": -283.02,
						"curve": [ 0.25, 0, 0.75, 1 ]
					},
					{
						"time": 5.2666,
						"angle": -12.19,
						"curve": [ 0.25, 0, 0.75, 1 ]
					},
					{
						"time": 5.4666,
						"angle": -40.16,
						"curve": [ 0.25, 0, 0.75, 1 ]
					},
					{
						"time": 5.7333,
						"angle": -283.02,
						"curve": [ 0.25, 0, 0.75, 1 ]
					},
					{
						"time": 6.0333,
						"angle": -12.19,
						"curve": [ 0.25, 0, 0.75, 1 ]
					},
					{
						"time": 6.2333,
						"angle": -28.56,
						"curve": [ 0.25, 0, 0.75, 1 ]
					},
					{ "time": 6.6, "angle": -60.29 }
				],
				"translate": [
					{ "time": 0, "x": 0, "y": 0, "curve": "stepped" },
					{ "time": 3.9333, "x": 0, "y": 0, "curve": "stepped" },
					{ "time": 4.7, "x": 0, "y": 0, "curve": "stepped" },
					{ "time": 5.4666, "x": 0, "y": 0, "curve": "stepped" },
					{ "time": 6.2333, "x": 0, "y": 0, "curve": "stepped" },
					{ "time": 6.6, "x": 0, "y": 0 }
				],
				"scale": [
					{ "time": 0, "x": 1, "y": 1, "curve": "stepped" },
					{ "time": 3.9333, "x": 1, "y": 1, "curve": "stepped" },
					{ "time": 4.7, "x": 1, "y": 1, "curve": "stepped" },
					{ "time": 5.4666, "x": 1, "y": 1, "curve": "stepped" },
					{ "time": 6.2333, "x": 1, "y": 1, "curve": "stepped" },
					{ "time": 6.6, "x": 1, "y": 1 }
				]
			},
			"balloon/airball_re2": {
				"rotate": [
					{
						"time": 0,
						"angle": 9.03,
						"curve": [ 0.25, 0, 1, 0.74 ]
					},
					{
						"time": 1.0666,
						"angle": -0.77,
						"curve": [ 0.247, 0, 0.599, 0.37 ]
					},
					{
						"time": 1.6,
						"angle": -48.15,
						"curve": [ 0.118, 0.3, 0.561, 1 ]
					},
					{
						"time": 2.0333,
						"angle": -51.06,
						"curve": [ 0.246, 0, 0.676, 0.45 ]
					},
					{
						"time": 2.4666,
						"angle": -104.86,
						"curve": [ 0.184, 0, 0.75, 1 ]
					},
					{
						"time": 2.9333,
						"angle": -159.89,
						"curve": [ 0.139, 0.19, 0.75, 1 ]
					},
					{ "time": 3.9333, "angle": 107.26 },
					{ "time": 6.2333, "angle": 9.03, "curve": "stepped" },
					{ "time": 6.6, "angle": 9.03 }
				],
				"translate": [
					{
						"time": 0,
						"x": -86.26,
						"y": 0,
						"curve": [ 0.25, 0, 1, 0.74 ]
					},
					{ "time": 0.5, "x": -38.07, "y": 1.89 },
					{
						"time": 0.7666,
						"x": -17.18,
						"y": 2.51,
						"curve": [ 0.25, 0, 0.75, 1 ]
					},
					{
						"time": 1.0666,
						"x": 15.19,
						"y": 0,
						"curve": [ 0.25, 0, 1, 0.63 ]
					},
					{
						"time": 1.2666,
						"x": 80.75,
						"y": 33.54,
						"curve": [ 0.239, 0, 0.606, 0.4 ]
					},
					{
						"time": 1.3333,
						"x": -1.56,
						"y": 8.17,
						"curve": [ 0.25, 0, 0.75, 1 ]
					},
					{
						"time": 1.6,
						"x": -111.49,
						"y": -27.12,
						"curve": [ 0.102, 0.35, 0.561, 1 ]
					},
					{
						"time": 2.0333,
						"x": -0.95,
						"y": -2.51,
						"curve": [ 0.269, 0, 0.62, 0.37 ]
					},
					{
						"time": 2.4666,
						"x": -3.65,
						"y": -7.91,
						"curve": [ 0.139, 0.16, 0.75, 1 ]
					},
					{ "time": 3.9333, "x": 1.24, "y": 1.69 },
					{ "time": 4.2, "x": 60.19, "y": 1.49 },
					{ "time": 4.7, "x": 16.55, "y": 1.13 },
					{ "time": 4.9666, "x": -26.43, "y": 0.93 },
					{ "time": 5.4666, "x": 0.41, "y": 0.56 },
					{ "time": 5.8, "x": -43.83, "y": 0.36 },
					{ "time": 6.2333, "x": 0, "y": 0 },
					{ "time": 6.6, "x": -86.26, "y": 0 }
				],
				"scale": [
					{
						"time": 0,
						"x": 1,
						"y": 1,
						"curve": [ 0.25, 0, 1, 0.74 ]
					},
					{
						"time": 0.2333,
						"x": 1.164,
						"y": 0.995,
						"curve": [ 0.091, 0.23, 0.492, 0.61 ]
					},
					{
						"time": 0.5,
						"x": 0.949,
						"y": 1.197,
						"curve": [ 0.335, 0.5, 0.782, 1 ]
					},
					{
						"time": 0.7666,
						"x": 0.868,
						"y": 1.163,
						"curve": [ 0.25, 0, 0.75, 1 ]
					},
					{
						"time": 1.0666,
						"x": 1.366,
						"y": 0.993,
						"curve": [ 0.25, 0, 1, 0.63 ]
					},
					{
						"time": 1.2666,
						"x": 1,
						"y": 1,
						"curve": [ 0.239, 0, 0.606, 0.4 ]
					},
					{
						"time": 1.3333,
						"x": 0.993,
						"y": 1.143,
						"curve": [ 0.261, 0, 0.617, 0.44 ]
					},
					{
						"time": 1.6,
						"x": 0.831,
						"y": 1.195,
						"curve": [ 0.118, 0.3, 0.561, 1 ]
					},
					{
						"time": 2.0333,
						"x": 1.051,
						"y": 0.936,
						"curve": [ 0.303, 0, 1, 0.64 ]
					},
					{
						"time": 2.4666,
						"x": 1.149,
						"y": 0.929,
						"curve": [ 0.184, 0, 0.75, 1 ]
					},
					{ "time": 3.3666, "x": 1.061, "y": 0.96 },
					{ "time": 3.9333, "x": 1, "y": 1, "curve": "stepped" },
					{ "time": 6.2333, "x": 1, "y": 1, "curve": "stepped" },
					{ "time": 6.6, "x": 1, "y": 1 }
				]
			},
			"redballoon": {
				"rotate": [
					{ "time": 0, "angle": 0 }
				],
				"translate": [
					{
						"time": 0,
						"x": 0,
						"y": -198.26,
						"curve": [ 0.25, 0, 0.926, 0.73 ]
					},
					{
						"time": 0.4,
						"x": -60.64,
						"y": -198.26,
						"curve": [ 0.139, 0.31, 1, 0.66 ]
					},
					{ "time": 0.7666, "x": -102.9, "y": -198.26 },
					{
						"time": 1.2,
						"x": -124.16,
						"y": -198.26,
						"curve": [ 0.069, 0.27, 0.811, 1 ]
					},
					{
						"time": 2.0333,
						"x": 151.45,
						"y": -96.91,
						"curve": [ 0.102, 0.34, 0.75, 1 ]
					},
					{
						"time": 2.9333,
						"x": 432.51,
						"y": -198.26,
						"curve": [ 0.25, 0, 0.877, 0.73 ]
					},
					{
						"time": 3.9333,
						"x": 221.92,
						"y": -202.67,
						"curve": [ 0.098, 0.17, 0.75, 1 ]
					},
					{ "time": 6.6, "x": 0, "y": -198.26 }
				],
				"scale": [
					{ "time": 0, "x": 1, "y": 1, "curve": "stepped" },
					{ "time": 1.2, "x": 1, "y": 1 },
					{ "time": 2.0333, "x": 0.867, "y": 0.867 },
					{ "time": 3.9333, "x": 1.11, "y": 1.11 },
					{ "time": 6.6, "x": 1, "y": 1 }
				]
			}
		},
		"deform": {
			"default": {
				"balloon/airball_Light": {
					"balloon/airball_Light": [
						{
							"time": 0,
							"vertices": [ 61.42228, -9.38346, 71.90252, -20.28088, 53.68007, -25.48075, 48.98057, -12.69209 ]
						},
						{
							"time": 0.2333,
							"vertices": [ 38.43228, -0.76417, 46.61032, -17.69503, 33.13353, -11.20892, 28.64663, 0.1086 ]
						},
						{
							"time": 0.5,
							"vertices": [ -33.37831, 31.59672, -7.86402, 13.29961, -11.24961, 17.57819, -31.50303, 35.58913 ]
						},
						{
							"time": 0.7666,
							"vertices": [ 6.6202, 32.13965, 14.32941, 20.42292, 4.08584, 18.28626, 1.45314, 30.91605 ]
						},
						{
							"time": 1.0666,
							"vertices": [ 34.23205, 5.05851, 45.45935, -6.47504, 27.15892, -1.23399, 23.45901, 11.07566 ],
							"curve": [ 0.247, 0, 0.599, 0.36 ]
						},
						{
							"time": 1.1333,
							"vertices": [ 22.47666, 8.05574, 33.19859, -4.65364, 15.25801, -0.38253, 10.52931, 12.53228 ],
							"curve": [ 0.272, 0, 0.727, 0.35 ]
						},
						{
							"time": 1.2333,
							"vertices": [ -20.34919, -38.4051, -10.63167, -53.45142, -27.85703, -51.10806, -34.63047, -36.9905 ],
							"curve": [ 0.459, 0.29, 0.815, 0.62 ]
						},
						{
							"time": 1.2666,
							"vertices": [ -26.48228, -52.1485, -17.95536, -69.96493, -34.33292, -69.90666, -43.53012, -54.36341 ],
							"curve": [ 0.126, 0.56, 0.78, 0.88 ]
						},
						{
							"time": 1.3333,
							"vertices": [ -5.15399, -39.13252, 0.1461, -59.26925, -13.61767, -54.98001, -15.01471, -36.23031 ]
						},
						{
							"time": 1.6,
							"vertices": [ 37.51299, -9.18998, 27.70456, -20.88031, 11.09595, 11.66, 23.59623, 18.95275 ]
						},
						{
							"time": 1.6666,
							"vertices": [ 65.23156, 31.45718, 46.10659, 11.32828, 19.24338, 32.10319, 36.95308, 42.49119 ]
						},
						{
							"time": 1.8333,
							"vertices": [ 72.54959, 90.54714, 50.74972, 66.75891, 21.30486, 88.28815, 43.88646, 110.78267 ]
						},
						{
							"time": 2.1,
							"vertices": [ 80.27546, 97.2569, 60.2598, 76.38842, 34.5989, 97.26334, 50.7316, 121.36651 ]
						},
						{
							"time": 2.2666,
							"vertices": [ 57.47695, 77.57939, 42.8975, 58.18189, 10.35012, 98.04894, 27.27346, 105.20444 ]
						},
						{
							"time": 2.4333,
							"vertices": [ 54.68018, 104.33836, 28.33434, 82.3778, -17.57364, 107.55653, 1.58955, 138.7351 ]
						},
						{
							"time": 2.5666,
							"vertices": [ 5.56226, 128.10876, -18.54441, 80.73271, -65.77538, 100.08102, -44.82029, 150.47801 ]
						},
						{
							"time": 2.9333,
							"vertices": [ 7.64723, 130.1059, -23.60513, 61.46707, -97.01619, 65.98278, -77.34276, 130.33096 ]
						},
						{
							"time": 3.3666,
							"vertices": [ -56.55203, 88.62428, -49.6217, 29.45589, -102.81762, 22.73122, -110.71931, 80.26677 ]
						},
						{
							"time": 3.7,
							"vertices": [ -99.29672, 63.64744, -81.85718, 4.92467, -113.9195, -28.00387, -138.01556, 38.06061 ]
						},
						{
							"time": 3.9333,
							"vertices": [ -70.10713, 64.17013, -45.84997, 18.78835, -93.41452, 3.91928, -115.99353, 48.36688 ]
						},
						{
							"time": 4.0333,
							"vertices": [ -74.11637, 41.4175, -50.65986, -3.36653, -92.91484, -17.00991, -118.18227, 28.65177 ]
						},
						{
							"time": 4.2,
							"vertices": [ -97.15768, 25.06505, -66.74109, -41.98333, -102.38009, -59.13669, -126.79028, -11.00514 ]
						},
						{
							"time": 4.4333,
							"vertices": [ -81.5826, 3.82702, -51.62042, -49.27804, -88.28805, -66.58784, -111.6774, -25.91312 ]
						},
						{
							"time": 4.7,
							"vertices": [ -67.2315, 4.41032, -37.78865, -32.75954, -75.63185, -50.24814, -97.85455, -18.0955 ]
						},
						{
							"time": 4.8,
							"vertices": [ -92.53916, 22.85403, -68.73192, -19.27079, -100.87177, -46.13349, -127.31308, -4.62844 ]
						},
						{
							"time": 4.9666,
							"vertices": [ -34.21561, -50.08891, -7.87231, -72.54677, -36.25653, -93.57491, -60.40315, -68.15624 ]
						},
						{
							"time": 5.1,
							"vertices": [ -13.92803, -47.47198, 10.736, -69.99868, -16.56777, -88.54893, -39.34863, -64.63952 ]
						},
						{
							"time": 5.3,
							"vertices": [ -15.45132, -42.64776, 6.69382, -65.27772, -18.98928, -80.11117, -39.72151, -58.4656 ]
						},
						{
							"time": 5.4666,
							"vertices": [ -53.1035, -8.37984, -26.22026, -32.59813, -50.65935, -50.26511, -73.46774, -29.68769 ]
						},
						{
							"time": 5.5666,
							"vertices": [ -61.67811, -11.29319, -31.84423, -39.7175, -41.88238, -46.2764, -73.69098, -24.17591 ]
						},
						{
							"time": 5.6666,
							"vertices": [ 17.06966, -16.85458, 34.54235, -33.55324, 13.35399, -42.53746, -0.15194, -26.61557 ]
						},
						{
							"time": 5.8,
							"vertices": [ 50.69135, -14.71165, 59.95538, -26.7714, 39.63828, -36.33138, 30.37443, -24.27165 ]
						},
						{
							"time": 5.9,
							"vertices": [ 40.53211, -19.78557, 59.97117, -30.42324, 42.38644, -38.95895, 22.94753, -28.32134 ]
						},
						{
							"time": 6.2333,
							"vertices": [ -5.08355, -6.31089, 7.80264, -18.66175, -6.89597, -15.47096, -14.26782, -4.68921 ]
						},
						{
							"time": 6.3666,
							"vertices": [ -11.43988, -13.59086, 15.99499, -29.38319, 4.58681, -23.12522, -15.41512, -6.82635 ]
						},
						{
							"time": 6.6,
							"vertices": [ 61.42228, -9.38346, 71.90252, -20.28088, 53.68007, -25.48075, 48.98057, -12.69209 ]
						}
					]
				},
				"balloon/airball_re": {
					"balloon/airball_ye": [
						{
							"time": 0,
							"vertices": [ 55.24446, -4.11304, 57.41186, -5.87636, 58.64563, -9.0272, 58.63436, -11.28787, 57.55328, -13.25232, 56.30864, -14.15674, 57.20506, -14.9989, 54.29484, -15.67638, 54.3146, -14.62093, 52.92892, -14.43061, 50.38131, -13.19148, 48.93158, -11.63457, 47.65551, -8.36319, 47.92658, -5.70562, 49.64868, -3.94829, 52.62239, -3.25607 ]
						},
						{
							"time": 0.2333,
							"vertices": [ 47.06146, 40.89912, 62.23326, 28.55589, 70.86967, 6.50003, 70.79077, -9.32469, 63.22319, -23.07583, 54.51077, -29.40675, 60.78567, -35.30189, 40.41412, -40.04423, 40.55247, -32.65606, 30.8527, -31.32382, 13.01945, -22.64997, 2.87127, -11.75155, -6.06118, 11.14811, -4.16366, 29.75108, 7.89103, 42.05241, 28.70697, 46.89795 ]
						},
						{
							"time": 0.5,
							"vertices": [ -60.01655, 32.22799, -69.32441, 53.62549, -66.31189, 75.00903, -57.47783, 84.62779, -41.82641, 86.14565, -29.06094, 82.07574, -32.47401, 91.40939, -8.18858, 75.7315, -12.42073, 71.33348, -2.84318, 61.67033, 11.3245, 40.09207, 16.08929, 24.16195, 12.92503, 1.99134, 0.62033, -7.66932, -19.00077, -4.20639, -43.81582, 11.81292 ]
						},
						{
							"time": 0.7666,
							"vertices": [ -28.07885, 31.99058, -35.40998, 54.8257, -30.69334, 77.3945, -21.25761, 87.39343, -5.82557, 88.67992, 6.32145, 84.11171, 3.75651, 94.05933, 26.20836, 76.97091, 21.70535, 72.40303, 30.27169, 61.98076, 42.34048, 38.85489, 45.68124, 21.89851, 40.75109, -1.49992, 27.91784, -11.4723, 9.01588, -7.40637, -13.92564, 10.05412 ]
						},
						{
							"time": 1.0666,
							"vertices": [ 12.85923, 15.95451, 19.80262, 20.98365, 34.15356, 24.4602, 45.10978, 25.08361, 55.41989, 23.38871, 60.71653, 21.04945, 64.13467, 23.16119, 69.55903, 17.28067, 64.4329, 17.02018, 64.53172, 14.07304, 60.40709, 8.40109, 53.93458, 4.92961, 39.03144, 1.33039, 25.9613, 1.13621, 16.18226, 4.22851, 10.64, 10.23722 ]
						},
						{
							"time": 1.1333,
							"vertices": [ -10.42168, -15.14232, -5.6137, -1.65415, 11.27994, 16.06623, 26.22034, 26.61315, 42.57357, 33.18713, 52.45212, 34.4082, 55.18451, 40.51433, 68.80662, 36.64743, 61.78501, 31.75911, 64.88926, 27.51868, 64.73405, 15.56354, 59.029, 4.77668, 41.47421, -13.60998, 23.09946, -25.38413, 6.09534, -29.43961, -7.82299, -25.48852 ],
							"curve": [ 0.272, 0, 0.727, 0.35 ]
						},
						{
							"time": 1.2333,
							"vertices": [ -86.07994, -54.71686, -88.19882, -25.44753, -66.46672, 11.91155, -42.20611, 33.64056, -10.76552, 46.45609, 10.93216, 48.12767, 11.26057, 61.32116, 46.63976, 51.37555, 35.17265, 41.31393, 46.53785, 31.63429, 57.93476, 5.2652, 55.31947, -17.95056, 32.70885, -56.7113, 1.69612, -80.79398, -33.73063, -87.9841, -69.88012, -77.8217 ],
							"curve": [ 0.459, 0.29, 0.815, 0.62 ]
						},
						{
							"time": 1.2666,
							"vertices": [ -158.00952, -72.10611, -158.76308, -25.18245, -123.12514, 25.94989, -84.99146, 51.52436, -36.84105, 60.46702, -4.2046, 55.3257, -2.62191, 76.01661, 49.54591, 47.6476, 31.5391, 35.88857, 47.76144, 16.54733, 62.65122, -29.12734, 56.81521, -64.80636, 19.74477, -117.83434, -28.69613, -144.7012, -82.35212, -143.34256, -135.65622, -114.355 ],
							"curve": [ 0.126, 0.56, 0.78, 0.88 ]
						},
						{
							"time": 1.3333,
							"vertices": [ -147.90575, -42.53218, -142.15573, 14.92845, -93.07101, 70.18435, -44.66923, 93.72244, 13.14502, 94.92613, 50.74713, 82.05995, 55.5321, 107.01108, 112.78781, 61.83395, 89.97704, 51.10658, 106.29443, 24.21052, 117.32274, -34.57769, 105.42386, -76.97572, 54.38876, -134.25743, -6.30136, -157.29411, -69.12427, -144.8053, -127.62753, -98.64391 ]
						},
						{
							"time": 1.6,
							"vertices": [ -73.67517, -47.46657, -92.63246, -14.13128, -82.37033, 15.53135, -60.05285, 24.4042, -32.10873, 22.75296, -5.69374, 16.97845, -8.94171, 28.24453, 31.7767, 8.25871, 22.20442, 3.28465, 37.05481, -8.72578, 56.49347, -35.13154, 63.55125, -60.50903, 49.84097, -86.62538, 29.8059, -98.88597, -2.50051, -96.68295, -52.49891, -79.04869 ]
						},
						{
							"time": 1.6666,
							"vertices": [ -45.41729, -15.71464, -59.44229, 16.07507, -45.95588, 44.48893, -23.1497, 52.97992, 3.7555, 51.34457, 27.90174, 46.03366, 26.48007, 56.74136, 62.2559, 37.88935, 52.41353, 33.11668, 64.76246, 21.74812, 79.34474, -3.30039, 83.25061, -27.63314, 66.34178, -52.54237, 45.42534, -64.20186, 15.38551, -62.29132, -28.67613, -46.05143 ]
						},
						{
							"time": 1.8333,
							"vertices": [ -1.61367, 26.35044, 3.34027, 35.7257, 5.40177, 36.66029, 2.00685, 45.5552, 4.54441, 43.00439, 7.84889, 43.44339, 5.25726, 45.64602, 10.53556, 42.5096, 11.87016, 40.36753, 23.93361, 54.65498, 19.78376, 51.17891, 31.78939, 37.49542, 22.03221, 31.64653, 21.82872, 28.60313, 15.88093, 19.99643, 5.0399, 23.90327 ]
						},
						{
							"time": 2.1,
							"vertices": [ -58.19894, 36.61738, -64.73434, 92.3555, -37.9477, 144.15593, -6.33589, 162.43665, 29.90757, 165.7969, 59.32652, 157.48767, 60.18896, 176.61337, 103.07985, 147.20915, 88.71361, 137.34154, 102.26552, 118.42662, 115.27336, 75.13096, 112.3735, 33.63589, 83.38673, -13.44541, 49.67711, -39.9189, 8.35249, -40.54797, -43.10695, -10.57734 ]
						},
						{
							"time": 2.2666,
							"vertices": [ -107.75293, 18.41511, -99.76022, 85.96347, -52.45332, 142.40233, -8.826, 158.89636, 38.67405, 155.76578, 72.84266, 138.8263, 78.44339, 162.50461, 125.94951, 115.90416, 105.39256, 106.89799, 118.13557, 80.15935, 124.44374, 23.1085, 109.61069, -25.19278, 61.73106, -77.28441, 10.40437, -101.66707, -43.55851, -91.4682, -99.05574, -41.26307 ]
						},
						{
							"time": 2.4333,
							"vertices": [ -78.17215, -4.20198, -78.33671, 55.65509, -41.77195, 104.68115, -6.95816, 127.40034, 33.3679, 128.94049, 64.18803, 117.97504, 67.16642, 138.66907, 110.93784, 103.86159, 94.17861, 94.127, 106.98462, 72.68673, 116.6011, 24.82958, 108.62621, -19.12141, 73.35574, -72.53569, 31.3799, -94.45302, -14.33542, -91.90417, -66.28199, -55.54321 ]
						},
						{
							"time": 2.5666,
							"vertices": [ -65.73821, -16.22294, -72.42856, 33.69864, -47.04344, 79.46007, -16.69454, 95.01807, 17.89235, 96.69766, 46.03372, 88.74286, 46.91421, 105.84579, 87.69786, 78.37834, 73.9768, 69.92375, 86.83321, 52.62736, 99.09628, 13.51493, 96.60792, -23.72586, 68.83893, -65.11278, 36.92963, -87.49812, -2.18762, -86.87964, -51.29366, -59.54066 ]
						},
						{
							"time": 2.7333,
							"vertices": [ -27.6735, -28.92286, -38.08037, -1.98491, -26.57457, 27.91014, -7.57868, 40.38335, 12.92145, 45.80964, 30.89772, 47.55264, 31.06776, 56.19489, 55.6615, 50.29194, 47.74748, 43.5089, 55.67614, 37.36686, 63.69984, 20.30159, 66.33911, -2.04952, 50.81752, -27.80826, 35.17442, -44.93976, 14.41013, -53.40598, -16.8134, -52.0847 ]
						},
						{
							"time": 2.9333,
							"vertices": [ 14.42813, -17.20939, 6.01644, -18.35885, 6.81804, -15.90181, 14.49129, -14.92016, 18.97602, -15.36755, 23.58093, -10.11868, 25.18753, -11.34835, 26.89663, -4.8953, 24.75034, -5.69712, 24.52261, -2.99623, 22.29832, 1.33049, 26.54887, -0.89105, 20.05099, -0.63566, 20.41504, -0.37944, 21.60674, -5.84811, 16.23102, -20.60795 ]
						},
						{
							"time": 3.3666,
							"vertices": [ 25.23999, 12.25759, 17.65574, 13.87117, 19.45644, 16.06974, 27.65157, 15.34409, 32.55664, 11.63455, 37.25662, 13.4718, 39.14279, 13.38501, 40.81946, 13.48, 38.40381, 13.53693, 38.02882, 13.6088, 35.30615, 13.79228, 38.91755, 10.30117, 31.48957, 10.53857, 31.08135, 13.11367, 31.85007, 12.53093, 26.57576, 5.12627 ]
						},
						{
							"time": 3.7,
							"vertices": [ -0.36958, 20.41251, -10.12034, 17.58315, -12.39589, 19.33025, -6.89115, 19.70199, -4.1566, 18.09041, 0.05548, 22.12127, 0.4987, 21.29956, 2.34146, 25.48312, 1.31629, 24.98776, 1.69953, 26.75022, 1.54872, 29.59826, 8.45562, 26.92322, 5.82614, 27.17222, 20.39347, 13.1823, 11.14033, 14.25537, 5.06873, 24.2169 ]
						},
						{
							"time": 3.9333,
							"vertices": [ -46.96193, 15.80744, -57.67185, 47.5288, -43.03224, 86.92539, -16.78755, 104.8084, 12.64413, 120.61201, 35.63456, 115.60258, 29.06701, 129.53806, 66.44346, 112.86369, 55.7962, 103.13523, 70.84884, 89.9663, 84.66624, 68.42579, 84.91345, 33.26134, 65.73956, 5.00418, 43.24494, -13.74332, 13.87446, -18.78447, -24.71764, -8.83467 ]
						},
						{
							"time": 4.0333,
							"vertices": [ -57.58053, 5.84311, -68.29045, 37.56447, -53.65084, 76.96106, -27.40615, 94.84407, 2.02553, 110.64767, 25.01596, 105.63826, 18.44841, 119.57373, 55.82487, 102.89937, 45.1776, 93.17091, 60.23024, 80.00197, 74.04764, 58.46147, 74.29484, 23.29702, 55.12097, -4.96013, 32.62634, -23.70765, 3.25586, -28.7488, -35.33624, -18.79899 ]
						},
						{
							"time": 4.2,
							"vertices": [ -93.78181, -33.57801, -100.7676, 10.86956, -73.46743, 59.69004, -37.53965, 78.79445, 5.07767, 91.95038, 33.76543, 82.28612, 29.33694, 102.51927, 75.70068, 73.82672, 60.01265, 63.15746, 76.69995, 43.13001, 92.60538, 9.09181, 85.7757, -33.63575, 57.14937, -71.06412, 22.37761, -93.24665, -19.60806, -94.13871, -69.35942, -71.50905 ]
						},
						{
							"time": 4.4333,
							"vertices": [ -41.23086, -36.54374, -51.82966, -16.72514, -45.61629, 11.28094, -27.3734, 25.59582, -9.95912, 40.2441, 6.92541, 37.75195, 0.15845, 45.72003, 26.68695, 37.03317, 20.12572, 29.4244, 31.98968, 21.72303, 40.7619, 10.37672, 45.12189, -16.44844, 31.68336, -34.36689, 18.84335, -46.96922, 1.39068, -52.29361, -24.31506, -50.33496 ]
						},
						{
							"time": 4.7,
							"vertices": [ -4.97249, 22.88346, -3.78144, 16.38881, -5.22503, 10.93981, -1.28321, 9.57385, -9.42379, 10.00291, -8.53385, 7.17698, -9.95642, 1.70573, -15.25402, 0.22882, -14.80085, 1.28778, -15.31716, 2.62984, -27.63049, 9.01965, -22.22861, 4.69342, -32.96266, 15.28588, -30.33176, 25.68695, -21.05563, 31.29262, -10.40748, 28.01039 ]
						},
						{
							"time": 4.8,
							"vertices": [ -12.10696, 0.55029, -17.30298, 3.15727, -19.96199, 10.13223, -13.32361, 14.99218, -15.18129, 21.54028, -9.44998, 19.43709, -13.92836, 18.63999, -8.75678, 15.74446, -9.52265, 13.39564, -5.30437, 11.92255, -9.3065, 12.67172, -1.83489, 0.1449, -10.36809, 0.29332, -10.01319, 1.76793, -7.72705, 2.40382, -8.71953, -0.34479 ]
						},
						{
							"time": 4.9666,
							"vertices": [ -29.84105, -64.19043, -40.94544, -40.92368, -32.74067, -9.27828, -12.31852, 6.38977, 8.53577, 21.85098, 27.29173, 18.8716, 20.34518, 28.5785, 50.33813, 18.00609, 42.67601, 9.62001, 55.68216, 0.45921, 66.3233, -13.64344, 69.82187, -43.05121, 55.13078, -64.19681, 39.73461, -78.96577, 18.81337, -84.68163, -10.94817, -80.91747 ]
						},
						{
							"time": 5.1,
							"vertices": [ -25.02679, -61.07863, -36.13118, -37.81188, -27.92641, -6.16648, -7.50427, 9.50157, 13.35002, 24.96278, 32.10598, 21.9834, 25.15944, 31.6903, 55.15239, 21.11789, 47.49026, 12.73181, 60.49642, 3.57101, 71.13756, -10.53163, 74.63613, -39.93941, 59.94504, -61.08501, 44.54887, -75.85397, 23.62763, -81.56983, -6.13391, -77.80567 ]
						},
						{
							"time": 5.3,
							"vertices": [ -32.58053, -48.41263, -43.72069, -23.02604, -34.03041, 10.65937, -12.18789, 26.97378, 10.80524, 42.65691, 30.65207, 39.23737, 23.73307, 50.00741, 55.66885, 38.02694, 47.28186, 29.25779, 60.86326, 19.12748, 72.41668, 3.21586, 75.19394, -27.68267, 59.49525, -50.67738, 42.38775, -66.5538, 19.34348, -72.23527, -12.72405, -67.06517 ]
						},
						{
							"time": 5.4666,
							"vertices": [ -66.27966, -20.47468, -77.41982, 4.91189, -69.935, 40.56789, -51.34179, 58.7942, -27.0112, 69.31611, -3.04705, 67.17537, -9.96604, 77.94541, 21.96972, 65.96494, 13.58273, 57.19579, 27.16413, 47.06547, 38.04879, 33.73445, 32.98964, 11.82085, 25.79612, -22.73941, 8.68862, -38.61579, -14.35564, -44.29726, -46.42318, -39.12716 ]
						},
						{
							"time": 5.5666,
							"vertices": [ -14.41, 10.61859, -16.63457, 8.31982, -18.3163, 9.30672, -12.54469, 11.4779, -16.74465, 15.72591, -12.97198, 13.73789, -16.01652, 10.44269, -15.19561, 9.20595, -15.59231, 8.3531, -13.4253, 8.65785, -21.05487, 12.85756, -14.74846, 4.40299, -24.58679, 9.69661, -23.64203, 15.17669, -18.67923, 17.50216, -14.87456, 13.40299 ]
						},
						{
							"time": 5.6666,
							"vertices": [ 17.70607, 2.46821, 17.69982, -2.64881, 16.10645, -5.93029, 20.62675, -6.08376, 13.77353, -4.3244, 15.62637, -6.83652, 13.6333, -11.59166, 10.39607, -12.92133, 10.58343, -12.51608, 10.98313, -11.49468, 0.27278, -5.79257, 6.02428, -11.50097, -4.35029, -2.68534, -2.2345, 6.03803, 5.62279, 10.49103, 13.97229, 6.85909 ]
						},
						{
							"time": 5.8,
							"vertices": [ 34.74627, -9.78332, 31.42806, -10.51066, 29.83361, -7.24668, 36.34486, -3.87614, 33.63684, 1.61462, 38.44902, -0.1545, 34.89012, -2.63885, 37.87631, -3.95363, 37.12867, -5.45828, 40.21512, -5.59114, 34.17978, -2.28835, 40.69561, -12.22365, 31.03215, -8.82339, 31.2514, -5.03508, 34.60506, -3.75217, 35.97318, -7.95769 ]
						},
						{
							"time": 5.9,
							"vertices": [ 35.61393, -14.31131, 32.29572, -15.03864, 30.70127, -11.77467, 37.21252, -8.40413, 34.50451, -2.91336, 39.31668, -4.68249, 35.75778, -7.16683, 38.74397, -8.48161, 37.99633, -9.98626, 41.08278, -10.11912, 35.04744, -6.81634, 41.56327, -16.75163, 31.89981, -13.35137, 32.11906, -9.56307, 35.47272, -8.28015, 36.84084, -12.48567 ]
						},
						{
							"time": 6.2333,
							"vertices": [ -13.50041, 5.41743, -16.81862, 4.6901, -26.30228, 6.89332, -24.90786, 7.21799, -15.29471, 7.65985, -9.79766, 15.04626, -13.35656, 12.56191, -10.37037, 11.24713, -11.11801, 9.74248, -8.03156, 9.60962, -18.85836, 16.76307, -19.59847, 4.89418, -17.21453, 6.37737, -16.99528, 10.16567, -13.64162, 11.44859, -12.2735, 7.24307 ]
						},
						{
							"time": 6.3666,
							"vertices": [ -28.06169, -16.08953, -42.36121, -5.94795, -45.9005, 14.15668, -35.26675, 27.02213, -27.57833, 41.56993, -14.89984, 42.80543, -22.53447, 46.01784, -2.96128, 45.72693, -5.68788, 39.23357, 4.55735, 36.61823, 11.85252, 33.445, 22.43596, 13.66342, 16.42897, 2.1057, 12.73731, -7.11375, 4.7908, -14.3865, -12.74422, -21.24673 ]
						},
						{
							"time": 6.6,
							"vertices": [ 55.24446, -4.11304, 57.41186, -5.87636, 58.64563, -9.0272, 58.63436, -11.28787, 57.55328, -13.25232, 56.30864, -14.15674, 57.20506, -14.9989, 54.29484, -15.67638, 54.3146, -14.62093, 52.92892, -14.43061, 50.38131, -13.19148, 48.93158, -11.63457, 47.65551, -8.36319, 47.92658, -5.70562, 49.64868, -3.94829, 52.62239, -3.25607 ]
						}
					]
				}
			}
		},
		"drawOrder": [
			{ "time": 0 }
		]
	}
}
}