{
"skeleton": { "hash": "PMH0DnvHCZaHc9LtsuPRos1P1uw", "spine": "3.4.02", "width": 0, "height": 0, "images": "" },
"bones": [
	{ "name": "root" },
	{ "name": "root2", "parent": "root", "x": -77.93, "y": -830.7 },
	{ "name": "line", "parent": "root2", "length": 136.91, "rotation": -90.92, "x": 76.1, "y": 818.26 },
	{ "name": "head", "parent": "line", "length": 55.84, "rotation": 12.69, "x": 537.18, "y": 6.83 },
	{ "name": "ear", "parent": "head", "length": 12.03, "rotation": 163.83, "x": -26.76, "y": 19.1 },
	{ "name": "ear2", "parent": "head", "length": 19.73, "rotation": 157.44, "x": -17.5, "y": 45.45 },
	{ "name": "eye1", "parent": "head", "rotation": -177.73, "x": 30.23, "y": 41.74 },
	{ "name": "eye2", "parent": "head", "rotation": -177.73, "x": 32.3, "y": -41.28 },
	{ "name": "head2", "parent": "head", "x": 59.5, "y": 2.22 },
	{ "name": "nose(1)", "parent": "head", "rotation": -177.73, "x": 32.7, "y": 2.09 },
	{ "name": "xiaba", "parent": "head", "length": 34.13, "rotation": 0.64, "x": 28.42, "y": 0.47 }
],
"slots": [
	{ "name": "shardow", "bone": "head" },
	{ "name": "line", "bone": "line", "attachment": "line" },
	{ "name": "xiaba", "bone": "xiaba" },
	{ "name": "head", "bone": "head2" },
	{ "name": "eye1", "bone": "eye1" },
	{ "name": "eye2", "bone": "eye2" },
	{ "name": "nose(1)", "bone": "nose(1)" },
	{ "name": "ear", "bone": "ear" },
	{ "name": "ear2", "bone": "ear2" }
],
"skins": {
	"default": {
		"ear": {
			"ear": { "x": 3.48, "y": 1.83, "rotation": -85.6, "width": 31, "height": 32 }
		},
		"ear2": {
			"ear": { "x": 4.13, "y": 1.25, "scaleY": 0.956, "rotation": -107.4, "width": 31, "height": 32 }
		},
		"eye1": {
			"eye1": { "x": -0.43, "y": -1.22, "rotation": -104.03, "width": 39, "height": 36 }
		},
		"eye2": {
			"eye2": { "x": 2.65, "y": -0.2, "rotation": -104.03, "width": 39, "height": 39 }
		},
		"head": {
			"head": {
				"type": "mesh",
				"uvs": [ 0.99999, 0.61465, 0.83456, 0.78329, 0.7116, 1, 0.38677, 0.99999, 0, 1, 0, 0, 1, 0, 0.40403, 0.76607, 0.7361, 0.65431 ],
				"triangles": [ 6, 8, 5, 0, 8, 6, 7, 5, 8, 1, 8, 0, 7, 4, 5, 3, 4, 7, 2, 7, 8, 2, 8, 1, 3, 7, 2 ],
				"vertices": [ -9.26, 67.48, 4.46, 39.09999, 24.85, 15.88, 14.85, -32.12, 2.94, -89.3, -108.66, -66.05, -77.86, 81.76999, -10.72, -24.13, -12.96, 27.54 ],
				"hull": 7,
				"edges": [ 8, 10, 10, 12, 6, 8, 6, 14, 14, 16, 2, 16, 4, 6, 2, 4, 0, 12, 2, 0 ],
				"width": 151,
				"height": 114
			}
		},
		"line": {
			"line": { "x": 258.91, "y": 1.43, "rotation": 90.92, "width": 17, "height": 545 }
		},
		"nose(1)": {
			"nose(1)": { "x": 0.78, "y": -0.01, "rotation": -104.03, "width": 40, "height": 35 }
		},
		"shardow": {
			"shardow": {
				"type": "mesh",
				"uvs": [ 1, 1, 0, 1, 0, 0, 1, 0 ],
				"triangles": [ 1, 2, 3, 1, 3, 0 ],
				"vertices": [ 107.18, 68.23, 75.98, -81.54, -59.11, -53.39, -27.91, 96.38 ],
				"hull": 4,
				"edges": [ 0, 2, 2, 4, 4, 6, 0, 6 ],
				"width": 144,
				"height": 124
			}
		},
		"xiaba": {
			"xiaba": { "x": 6.78, "y": -0.86, "rotation": 77.58, "width": 116, "height": 74 }
		}
	}
},
"animations": {
	"laugh": {
		"slots": {
			"ear": {
				"attachment": [
					{ "time": 0, "name": null },
					{ "time": 2.6666, "name": null }
				]
			},
			"ear2": {
				"attachment": [
					{ "time": 0, "name": null },
					{ "time": 2.6666, "name": null }
				]
			},
			"eye1": {
				"attachment": [
					{ "time": 0, "name": null },
					{ "time": 2.6666, "name": null }
				]
			},
			"eye2": {
				"attachment": [
					{ "time": 0, "name": null },
					{ "time": 2.6666, "name": null }
				]
			},
			"head": {
				"attachment": [
					{ "time": 0, "name": null },
					{ "time": 2.6666, "name": null }
				]
			},
			"line": {
				"attachment": [
					{ "time": 0, "name": "line" },
					{ "time": 2.6666, "name": "line" }
				]
			},
			"nose(1)": {
				"attachment": [
					{ "time": 0, "name": null },
					{ "time": 2.6666, "name": null }
				]
			},
			"shardow": {
				"attachment": [
					{ "time": 0, "name": null },
					{ "time": 2.6666, "name": null }
				]
			},
			"xiaba": {
				"attachment": [
					{ "time": 0, "name": null },
					{ "time": 2.6666, "name": null }
				]
			}
		},
		"bones": {
			"head": {
				"rotate": [
					{ "time": 0, "angle": 0, "curve": "stepped" },
					{ "time": 1.7, "angle": 0, "curve": "stepped" },
					{ "time": 2, "angle": 0, "curve": "stepped" },
					{ "time": 2.3333, "angle": 0, "curve": "stepped" },
					{ "time": 2.6666, "angle": 0 }
				],
				"translate": [
					{ "time": 0, "x": 0, "y": 0, "curve": "stepped" },
					{
						"time": 0.1,
						"x": 0,
						"y": 0,
						"curve": [ 0.05, 0, 0.375, 1 ]
					},
					{ "time": 0.4666, "x": -8.15, "y": -1.83, "curve": "stepped" },
					{
						"time": 0.7,
						"x": -8.15,
						"y": -1.83,
						"curve": [ 0.25, 0, 0.75, 1 ]
					},
					{
						"time": 0.9,
						"x": 4.24,
						"y": 0.95,
						"curve": [ 0.25, 0, 0.75, 1 ]
					},
					{
						"time": 1.0333,
						"x": -8.15,
						"y": -1.83,
						"curve": [ 0.25, 0, 0.75, 1 ]
					},
					{
						"time": 1.1666,
						"x": 4.24,
						"y": 0.95,
						"curve": [ 0.25, 0, 0.75, 1 ]
					},
					{
						"time": 1.3,
						"x": -8.15,
						"y": -1.83,
						"curve": [ 0.25, 0, 0.75, 1 ]
					},
					{
						"time": 1.4333,
						"x": 4.24,
						"y": 0.95,
						"curve": [ 0.25, 0, 0.75, 1 ]
					},
					{
						"time": 1.5666,
						"x": -8.15,
						"y": -1.83,
						"curve": [ 0.25, 0, 0.75, 1 ]
					},
					{ "time": 1.7, "x": 4.24, "y": 0.95, "curve": "stepped" },
					{
						"time": 2,
						"x": 4.24,
						"y": 0.95,
						"curve": [ 0.25, 0, 0.75, 1 ]
					},
					{ "time": 2.3333, "x": 0, "y": 0, "curve": "stepped" },
					{ "time": 2.6666, "x": 0, "y": 0 }
				],
				"scale": [
					{
						"time": 0,
						"x": 1,
						"y": 1,
						"curve": [ 0.25, 0, 0.75, 1 ]
					},
					{
						"time": 0.1,
						"x": 0.869,
						"y": 1.085,
						"curve": [ 0.05, 0, 0.423, 0.98 ]
					},
					{
						"time": 0.7,
						"x": 1.243,
						"y": 0.914,
						"curve": [ 0.25, 0, 0.75, 1 ]
					},
					{
						"time": 0.9,
						"x": 1,
						"y": 1,
						"curve": [ 0.244, 0, 0.639, 0.56 ]
					},
					{ "time": 1.7, "x": 1.032, "y": 1, "curve": "stepped" },
					{
						"time": 2,
						"x": 1.032,
						"y": 1,
						"curve": [ 0.381, 0.55, 0.74, 1 ]
					},
					{
						"time": 2.3333,
						"x": 1.05,
						"y": 1,
						"curve": [ 0.25, 0, 0.75, 1 ]
					},
					{ "time": 2.6666, "x": 1, "y": 1 }
				]
			},
			"ear": {
				"rotate": [
					{ "time": 0, "angle": 0, "curve": "stepped" },
					{ "time": 1.7, "angle": 0, "curve": "stepped" },
					{ "time": 1.8, "angle": 0, "curve": "stepped" },
					{ "time": 2.3333, "angle": 0, "curve": "stepped" },
					{ "time": 2.6666, "angle": 0 }
				],
				"translate": [
					{
						"time": 0,
						"x": -3.98,
						"y": 1.15,
						"curve": [ 0.25, 0, 0.75, 1 ]
					},
					{
						"time": 0.1,
						"x": 4.89,
						"y": 1.05,
						"curve": [ 0.091, 0, 0.366, 0.53 ]
					},
					{
						"time": 0.5,
						"x": -5.01,
						"y": 2.21,
						"curve": [ 0.262, 0.39, 0.591, 0.75 ]
					},
					{
						"time": 0.7,
						"x": 3.25,
						"y": -2.54,
						"curve": [ 0.288, 0.61, 0.62, 1 ]
					},
					{ "time": 0.9, "x": 1.4, "y": 0.04 },
					{ "time": 1.7, "x": -2.51, "y": 0.9, "curve": "stepped" },
					{ "time": 1.8, "x": -2.51, "y": 0.9 },
					{ "time": 2.1333, "x": -5.14, "y": 1.54 },
					{
						"time": 2.3333,
						"x": -0.44,
						"y": 0.12,
						"curve": [ 0.25, 0, 0.75, 1 ]
					},
					{ "time": 2.6666, "x": -3.98, "y": 1.15 }
				],
				"scale": [
					{ "time": 0, "x": 1, "y": 1, "curve": "stepped" },
					{ "time": 1.7, "x": 1, "y": 1, "curve": "stepped" },
					{ "time": 1.8, "x": 1, "y": 1, "curve": "stepped" },
					{ "time": 2.3333, "x": 1, "y": 1, "curve": "stepped" },
					{ "time": 2.6666, "x": 1, "y": 1 }
				]
			},
			"ear2": {
				"rotate": [
					{ "time": 0, "angle": 0, "curve": "stepped" },
					{ "time": 1.7, "angle": 0, "curve": "stepped" },
					{ "time": 1.8, "angle": 0, "curve": "stepped" },
					{ "time": 2.3333, "angle": 0, "curve": "stepped" },
					{ "time": 2.6666, "angle": 0 }
				],
				"translate": [
					{
						"time": 0,
						"x": -3.82,
						"y": 1.59,
						"curve": [ 0.25, 0, 0.75, 1 ]
					},
					{
						"time": 0.1,
						"x": 5.69,
						"y": 2.23,
						"curve": [ 0.091, 0, 0.366, 0.53 ]
					},
					{
						"time": 0.5,
						"x": -4,
						"y": 3.34,
						"curve": [ 0.262, 0.39, 0.591, 0.75 ]
					},
					{
						"time": 0.7,
						"x": 3.67,
						"y": -2.47,
						"curve": [ 0.288, 0.61, 0.62, 1 ]
					},
					{ "time": 0.9, "x": 2.13, "y": 0.27 },
					{ "time": 1.7, "x": -1.03, "y": 0.87, "curve": "stepped" },
					{ "time": 1.8, "x": -1.03, "y": 0.87 },
					{ "time": 2.1333, "x": -3.3, "y": 1.52 },
					{
						"time": 2.3333,
						"x": -0.42,
						"y": 0.17,
						"curve": [ 0.25, 0, 0.75, 1 ]
					},
					{ "time": 2.6666, "x": -3.82, "y": 1.59 }
				],
				"scale": [
					{ "time": 0, "x": 1, "y": 1, "curve": "stepped" },
					{ "time": 1.7, "x": 1, "y": 1, "curve": "stepped" },
					{ "time": 1.8, "x": 1, "y": 1, "curve": "stepped" },
					{ "time": 2.3333, "x": 1, "y": 1, "curve": "stepped" },
					{ "time": 2.6666, "x": 1, "y": 1 }
				]
			},
			"eye2": {
				"rotate": [
					{ "time": 0, "angle": 0 },
					{ "time": 0.7, "angle": 355.44 },
					{ "time": 0.9, "angle": 0, "curve": "stepped" },
					{ "time": 1.7, "angle": 0, "curve": "stepped" },
					{ "time": 1.8, "angle": 0, "curve": "stepped" },
					{ "time": 2.3333, "angle": 0, "curve": "stepped" },
					{ "time": 2.6666, "angle": 0 }
				],
				"translate": [
					{
						"time": 0,
						"x": -4.29,
						"y": -0.17,
						"curve": [ 0.25, 0, 0.75, 1 ]
					},
					{ "time": 0.1, "x": 12.6, "y": -8.96 },
					{ "time": 0.3, "x": -11.49, "y": -0.11 },
					{ "time": 0.7, "x": -34.41, "y": 11.83 },
					{ "time": 0.9, "x": -26.02, "y": -1.03, "curve": "stepped" },
					{ "time": 1.7, "x": -26.02, "y": -1.03, "curve": "stepped" },
					{ "time": 1.8, "x": -26.02, "y": -1.03 },
					{
						"time": 2.3333,
						"x": 4.53,
						"y": -0.75,
						"curve": [ 0.25, 0, 0.75, 1 ]
					},
					{ "time": 2.6666, "x": -4.29, "y": -0.17 }
				],
				"scale": [
					{
						"time": 0,
						"x": 1,
						"y": 1,
						"curve": [ 0.25, 0, 0.75, 1 ]
					},
					{ "time": 0.1, "x": 0.936, "y": 0.844 },
					{
						"time": 0.3,
						"x": 1,
						"y": 1,
						"curve": [ 0.25, 0, 0.75, 1 ]
					},
					{ "time": 0.7, "x": 0.752, "y": 1 },
					{ "time": 0.9, "x": 0.878, "y": 1, "curve": "stepped" },
					{ "time": 1.7, "x": 0.878, "y": 1, "curve": "stepped" },
					{ "time": 1.8, "x": 0.878, "y": 1 },
					{ "time": 2.1333, "x": 0.984, "y": 1 },
					{
						"time": 2.3333,
						"x": 0.869,
						"y": 1,
						"curve": [ 0.25, 0, 0.75, 1 ]
					},
					{ "time": 2.6666, "x": 1, "y": 1 }
				]
			},
			"eye1": {
				"rotate": [
					{ "time": 0, "angle": 0 },
					{ "time": 0.7, "angle": 355.44 },
					{ "time": 0.9, "angle": 0, "curve": "stepped" },
					{ "time": 1.7, "angle": 0, "curve": "stepped" },
					{ "time": 1.8, "angle": 0, "curve": "stepped" },
					{ "time": 2.3333, "angle": 0, "curve": "stepped" },
					{ "time": 2.6666, "angle": 0 }
				],
				"translate": [
					{
						"time": 0,
						"x": -4.29,
						"y": -0.17,
						"curve": [ 0.25, 0, 0.75, 1 ]
					},
					{ "time": 0.1, "x": 12.74, "y": -12.53 },
					{ "time": 0.3, "x": -11.45, "y": -0.97 },
					{ "time": 0.7, "x": -31.15, "y": 9.3 },
					{ "time": 0.9, "x": -26.02, "y": -1.03, "curve": "stepped" },
					{ "time": 1.7, "x": -26.02, "y": -1.03, "curve": "stepped" },
					{ "time": 1.8, "x": -26.02, "y": -1.03 },
					{
						"time": 2.3333,
						"x": 4.53,
						"y": -0.75,
						"curve": [ 0.25, 0, 0.75, 1 ]
					},
					{ "time": 2.6666, "x": -4.29, "y": -0.17 }
				],
				"scale": [
					{
						"time": 0,
						"x": 1,
						"y": 1,
						"curve": [ 0.25, 0, 0.75, 1 ]
					},
					{ "time": 0.1, "x": 0.936, "y": 1 },
					{
						"time": 0.3,
						"x": 1,
						"y": 1,
						"curve": [ 0.25, 0, 0.75, 1 ]
					},
					{ "time": 0.7, "x": 0.752, "y": 0.828 },
					{ "time": 0.9, "x": 0.878, "y": 1, "curve": "stepped" },
					{ "time": 1.7, "x": 0.878, "y": 1, "curve": "stepped" },
					{ "time": 1.8, "x": 0.878, "y": 1 },
					{ "time": 2.1333, "x": 0.984, "y": 1 },
					{
						"time": 2.3333,
						"x": 0.869,
						"y": 1,
						"curve": [ 0.25, 0, 0.75, 1 ]
					},
					{ "time": 2.6666, "x": 1, "y": 1 }
				]
			},
			"nose(1)": {
				"rotate": [
					{ "time": 0, "angle": 0 },
					{ "time": 0.7, "angle": 355.44 },
					{ "time": 0.9, "angle": 0, "curve": "stepped" },
					{ "time": 1.7, "angle": 0, "curve": "stepped" },
					{ "time": 1.8, "angle": 0, "curve": "stepped" },
					{ "time": 2.3333, "angle": 0, "curve": "stepped" },
					{ "time": 2.6666, "angle": 0 }
				],
				"translate": [
					{
						"time": 0,
						"x": -4.29,
						"y": -0.17,
						"curve": [ 0.25, 0, 0.75, 1 ]
					},
					{ "time": 0.1, "x": 15.51, "y": -13.83 },
					{ "time": 0.3, "x": -10.63, "y": -1.36 },
					{ "time": 0.7, "x": -33.64, "y": 15.74 },
					{ "time": 0.9, "x": -26.02, "y": -1.03, "curve": "stepped" },
					{ "time": 1.7, "x": -26.02, "y": -1.03, "curve": "stepped" },
					{ "time": 1.8, "x": -26.02, "y": -1.03 },
					{
						"time": 2.3333,
						"x": 4.53,
						"y": -0.75,
						"curve": [ 0.25, 0, 0.75, 1 ]
					},
					{ "time": 2.6666, "x": -4.29, "y": -0.17 }
				],
				"scale": [
					{
						"time": 0,
						"x": 1,
						"y": 1,
						"curve": [ 0.25, 0, 0.75, 1 ]
					},
					{ "time": 0.1, "x": 0.936, "y": 1 },
					{
						"time": 0.3,
						"x": 1,
						"y": 1,
						"curve": [ 0.25, 0, 0.75, 1 ]
					},
					{ "time": 0.7, "x": 0.752, "y": 1 },
					{ "time": 0.9, "x": 0.878, "y": 1, "curve": "stepped" },
					{ "time": 1.7, "x": 0.878, "y": 1, "curve": "stepped" },
					{ "time": 1.8, "x": 0.878, "y": 1 },
					{ "time": 2.1333, "x": 0.984, "y": 1 },
					{
						"time": 2.3333,
						"x": 0.869,
						"y": 1,
						"curve": [ 0.25, 0, 0.75, 1 ]
					},
					{ "time": 2.6666, "x": 1, "y": 1 }
				]
			},
			"xiaba": {
				"rotate": [
					{ "time": 0, "angle": 0, "curve": "stepped" },
					{ "time": 1.7, "angle": 0, "curve": "stepped" },
					{ "time": 2, "angle": 0, "curve": "stepped" },
					{ "time": 2.3333, "angle": 0, "curve": "stepped" },
					{ "time": 2.6666, "angle": 0 }
				],
				"translate": [
					{ "time": 0, "x": 0, "y": 0, "curve": "stepped" },
					{
						"time": 0.1,
						"x": 0,
						"y": 0,
						"curve": [ 0.167, 0.48, 0.606, 0.8 ]
					},
					{
						"time": 0.2666,
						"x": 33.54,
						"y": -10.62,
						"curve": [ 0.393, 0.51, 0.761, 0.83 ]
					},
					{
						"time": 0.4,
						"x": 40.84,
						"y": -6.14,
						"curve": [ 0.06, 0.14, 0.419, 0.98 ]
					},
					{
						"time": 0.7,
						"x": 31.41,
						"y": 11.11,
						"curve": [ 0.25, 0, 0.75, 1 ]
					},
					{
						"time": 0.9,
						"x": 30.77,
						"y": 10.24,
						"curve": [ 0.25, 0, 0.75, 1 ]
					},
					{
						"time": 1.0333,
						"x": 49.24,
						"y": 3.06,
						"curve": [ 0.25, 0, 0.75, 1 ]
					},
					{
						"time": 1.1666,
						"x": 24.66,
						"y": 2.81,
						"curve": [ 0.25, 0, 0.75, 1 ]
					},
					{
						"time": 1.3,
						"x": 49.47,
						"y": 3.07,
						"curve": [ 0.25, 0, 0.75, 1 ]
					},
					{
						"time": 1.4333,
						"x": 24.66,
						"y": 2.81,
						"curve": [ 0.25, 0, 0.75, 1 ]
					},
					{
						"time": 1.5666,
						"x": 49.47,
						"y": 3.07,
						"curve": [ 0.25, 0, 0.75, 1 ]
					},
					{
						"time": 1.7,
						"x": 27.81,
						"y": 2.85,
						"curve": [ 0.25, 0, 0.75, 1 ]
					},
					{
						"time": 2,
						"x": 11,
						"y": 2.66,
						"curve": [ 0.25, 0, 0.75, 1 ]
					},
					{ "time": 2.1333, "x": 11.98, "y": 2.67 },
					{
						"time": 2.3333,
						"x": -6.74,
						"y": -0.07,
						"curve": [ 0.25, 0, 0.75, 1 ]
					},
					{ "time": 2.6666, "x": 0, "y": 0 }
				],
				"scale": [
					{ "time": 0, "x": 1, "y": 1, "curve": "stepped" },
					{
						"time": 0.1,
						"x": 1,
						"y": 1,
						"curve": [ 0.05, 0, 0.774, 0.8 ]
					},
					{
						"time": 0.4,
						"x": 1.708,
						"y": 0.9,
						"curve": [ 0.25, 0, 0.423, 0.99 ]
					},
					{
						"time": 0.7,
						"x": 1.427,
						"y": 0.882,
						"curve": [ 0.25, 0, 0.75, 1 ]
					},
					{ "time": 0.9, "x": 1, "y": 1, "curve": "stepped" },
					{ "time": 1.7, "x": 1, "y": 1, "curve": "stepped" },
					{ "time": 2, "x": 1, "y": 1, "curve": "stepped" },
					{ "time": 2.3333, "x": 1, "y": 1, "curve": "stepped" },
					{ "time": 2.6666, "x": 1, "y": 1 }
				]
			},
			"head2": {
				"rotate": [
					{ "time": 0, "angle": 0, "curve": "stepped" },
					{ "time": 2.6666, "angle": 0 }
				],
				"translate": [
					{ "time": 0, "x": 0, "y": 0, "curve": "stepped" },
					{ "time": 2.3333, "x": 0, "y": 0, "curve": "stepped" },
					{ "time": 2.6666, "x": 0, "y": 0 }
				],
				"scale": [
					{ "time": 0, "x": 1, "y": 1, "curve": "stepped" },
					{ "time": 2.3333, "x": 1, "y": 1, "curve": "stepped" },
					{ "time": 2.6666, "x": 1, "y": 1 }
				]
			},
			"root": {
				"rotate": [
					{ "time": 0, "angle": 0, "curve": "stepped" },
					{ "time": 2.6666, "angle": 0 }
				],
				"translate": [
					{ "time": 0, "x": 0, "y": 0, "curve": "stepped" },
					{ "time": 2.6666, "x": 0, "y": 0 }
				],
				"scale": [
					{ "time": 0, "x": 1, "y": 1, "curve": "stepped" },
					{ "time": 2.6666, "x": 1, "y": 1 }
				]
			},
			"root2": {
				"rotate": [
					{ "time": 0, "angle": 0, "curve": "stepped" },
					{ "time": 2.6666, "angle": 0 }
				],
				"translate": [
					{ "time": 0, "x": 0, "y": 0, "curve": "stepped" },
					{ "time": 2.6666, "x": 0, "y": 0 }
				],
				"scale": [
					{ "time": 0, "x": 1, "y": 1, "curve": "stepped" },
					{ "time": 2.6666, "x": 1, "y": 1 }
				]
			},
			"line": {
				"rotate": [
					{ "time": 0, "angle": 0, "curve": "stepped" },
					{ "time": 2.6666, "angle": 0 }
				],
				"translate": [
					{ "time": 0, "x": 0, "y": 0, "curve": "stepped" },
					{ "time": 2.6666, "x": 0, "y": 0 }
				],
				"scale": [
					{ "time": 0, "x": 1, "y": 1, "curve": "stepped" },
					{ "time": 2.6666, "x": 1, "y": 1 }
				]
			}
		},
		"deform": {
			"default": {
				"head": {
					"head": [
						{ "time": 0 },
						{
							"time": 0.1,
							"vertices": [ 6.73013, 1.0796, 5.95184, -9.95497, 6.28729, -9.59397, 6.46205, -9.83463, 8.08294, 1.07963, -12.03874, 7.0E-5, -8.62655, -4.0E-5, 19.09835, -11.62777, 18.84945, -11.62769 ],
							"curve": [ 0.085, 0.19, 0.76, 0.95 ]
						},
						{
							"time": 0.3,
							"vertices": [ -12.01817, 1.65547, -13.843, 1.03841, -15.84117, -0.29003, -18.23699, 1.70878, -17.74154, 0.88801, -0.83115, 0, -0.59558, 0, -7.27836, 0.485, -6.64704, 0.50882 ],
							"curve": [ 0.132, 0.23, 0.706, 0.99 ]
						},
						{
							"time": 0.7,
							"vertices": [ -24.1923, 3.38771, -28.44529, 11.13165, -36.72938, 10.95143, -36.93202, 12.61961, -34.49836, 4.28891, 0, 0, 0, 0, -29.98173, 12.24725, -26.15205, 11.62014 ],
							"curve": [ 0.25, 0, 0.75, 1 ]
						},
						{
							"time": 0.9,
							"vertices": [ -13.72528, 1.7642, -15.62771, 1.91972, -17.79895, 0.46597, -20.3854, 2.63087, -19.97341, 0.93983, 0, 0, 0, 0, -14.03106, 2.38264, -13.33447, 2.40821 ],
							"curve": "stepped"
						},
						{
							"time": 1.7,
							"vertices": [ -13.72528, 1.7642, -15.62771, 1.91972, -17.79895, 0.46597, -20.3854, 2.63087, -19.97341, 0.93983, 0, 0, 0, 0, -14.03106, 2.38264, -13.33447, 2.40821 ],
							"curve": "stepped"
						},
						{
							"time": 1.8,
							"vertices": [ -13.72528, 1.7642, -15.62771, 1.91972, -17.79895, 0.46597, -20.3854, 2.63087, -19.97341, 0.93983, 0, 0, 0, 0, -14.03106, 2.38264, -13.33447, 2.40821 ]
						},
						{
							"time": 2.3333,
							"offset": 14,
							"vertices": [ 9.18057, -1.91261, 9.18057, -1.91261 ],
							"curve": [ 0.25, 0, 0.75, 1 ]
						},
						{ "time": 2.6666 }
					]
				},
				"shardow": {
					"shardow": [
						{ "time": 0, "curve": "stepped" },
						{ "time": 2.6666 }
					]
				}
			}
		},
		"drawOrder": [
			{ "time": 0 },
			{
				"time": 0.5,
				"offsets": [
					{ "slot": "ear", "offset": -4 },
					{ "slot": "ear2", "offset": -4 }
				]
			},
			{ "time": 2.1333 },
			{ "time": 2.6666 }
		]
	},
	"start": {
		"slots": {
			"ear": {
				"attachment": [
					{ "time": 0, "name": null },
					{ "time": 3.3333, "name": null }
				]
			},
			"ear2": {
				"attachment": [
					{ "time": 0, "name": null },
					{ "time": 3.3333, "name": null }
				]
			},
			"eye1": {
				"attachment": [
					{ "time": 0, "name": null },
					{ "time": 3.3333, "name": null }
				]
			},
			"eye2": {
				"attachment": [
					{ "time": 0, "name": null },
					{ "time": 3.3333, "name": null }
				]
			},
			"head": {
				"attachment": [
					{ "time": 0, "name": null },
					{ "time": 3.3333, "name": null }
				]
			},
			"line": {
				"attachment": [
					{ "time": 0, "name": "line" },
					{ "time": 3.3333, "name": "line" }
				]
			},
			"nose(1)": {
				"attachment": [
					{ "time": 0, "name": null },
					{ "time": 3.3333, "name": null }
				]
			},
			"shardow": {
				"attachment": [
					{ "time": 0, "name": null },
					{ "time": 3.3333, "name": null }
				]
			},
			"xiaba": {
				"attachment": [
					{ "time": 0, "name": null },
					{ "time": 3.3333, "name": null }
				]
			}
		},
		"bones": {
			"line": {
				"rotate": [
					{
						"time": 0,
						"angle": 0,
						"curve": [ 0.25, 0, 0.75, 1 ]
					},
					{
						"time": 0.6333,
						"angle": 2.24,
						"curve": [ 0.25, 0, 0.75, 1 ]
					},
					{
						"time": 1.2,
						"angle": -0.04,
						"curve": [ 0.25, 0, 0.75, 1 ]
					},
					{
						"time": 1.8,
						"angle": 0.79,
						"curve": [ 0.25, 0, 0.75, 1 ]
					},
					{ "time": 2.5, "angle": 0, "curve": "stepped" },
					{ "time": 3.3333, "angle": 0 }
				],
				"translate": [
					{ "time": 0, "x": 0, "y": 0, "curve": "stepped" },
					{ "time": 3.3333, "x": 0, "y": 0 }
				],
				"scale": [
					{ "time": 0, "x": 1, "y": 1, "curve": "stepped" },
					{ "time": 3.3333, "x": 1, "y": 1 }
				]
			},
			"head": {
				"rotate": [
					{
						"time": 0,
						"angle": 0,
						"curve": [ 0.242, 0, 0.677, 0.7 ]
					},
					{
						"time": 0.7666,
						"angle": 1.88,
						"curve": [ 0.435, 0, 0.75, 1 ]
					},
					{
						"time": 1.4,
						"angle": -2.15,
						"curve": [ 0.25, 0, 0.75, 1 ]
					},
					{
						"time": 1.8666,
						"angle": 1.56,
						"curve": [ 0.25, 0, 0.75, 1 ]
					},
					{
						"time": 2.2666,
						"angle": -3.17,
						"curve": [ 0.25, 0, 0.75, 1 ]
					},
					{
						"time": 2.6666,
						"angle": -0.59,
						"curve": [ 0.25, 0, 0.75, 1 ]
					},
					{
						"time": 3.0333,
						"angle": -1.94,
						"curve": [ 0.25, 0, 0.75, 1 ]
					},
					{ "time": 3.3333, "angle": 0 }
				]
			}
		},
		"deform": {
			"default": {
				"head": {
					"head": [
						{ "time": 0, "curve": "stepped" },
						{ "time": 3.3333 }
					]
				},
				"shardow": {
					"shardow": [
						{ "time": 0, "curve": "stepped" },
						{ "time": 3.3333 }
					]
				}
			}
		},
		"drawOrder": [
			{ "time": 0 },
			{ "time": 3.3333 }
		]
	}
}
}