{
"skeleton": { "hash": "1kVV6haxKxDY/2IbJyZC7vecKvA", "spine": "3.4.02", "width": 513.86, "height": 184.95, "images": "./pig_picture/" },
"bones": [
	{ "name": "root" },
	{ "name": "root2", "parent": "root", "x": -0.55, "y": 2.02, "color": "0b009cff" },
	{ "name": "pig", "parent": "root2", "length": 56.16, "rotation": 90, "x": -186.09, "y": -54.08 },
	{ "name": "body", "parent": "pig", "x": 54.08, "y": -0.66 },
	{ "name": "L_eye", "parent": "body", "x": -3.4, "y": 33.75, "color": "c4c4c4ff" },
	{ "name": "L_brow", "parent": "L_eye", "length": 13.58, "rotation": 123.37, "x": 31.16, "y": 0.92, "color": "c4c4c4ff" },
	{ "name": "pig2", "parent": "root2", "length": 56.16, "rotation": 90, "x": 193.67, "y": -45.16, "scaleY": -1 },
	{ "name": "body2", "parent": "pig2", "x": 54.08, "y": -0.66 },
	{ "name": "L_eye2", "parent": "body2", "x": -3.4, "y": 24.67, "color": "c4c4c4ff" },
	{ "name": "L_brow2", "parent": "L_eye2", "length": 13.58, "rotation": 123.37, "x": 31.16, "y": 0.92, "color": "c4c4c4ff" },
	{ "name": "L_ear", "parent": "body", "length": 24.62, "rotation": 25.28, "x": 31.85, "y": 31.21 },
	{ "name": "L_ear2", "parent": "body2", "length": 24.62, "rotation": 25.28, "x": 31.85, "y": 31.21 },
	{ "name": "R_eye", "parent": "body", "x": -4.75, "y": -41.3, "color": "c9c9c9ff" },
	{ "name": "R_brow", "parent": "R_eye", "length": 15.85, "rotation": -123.79, "x": 34.64, "y": 6.99, "color": "c9c9c9ff" },
	{ "name": "R_eye2", "parent": "body2", "x": -4.75, "y": -45.92, "scaleY": 0.796, "color": "c9c9c9ff" },
	{ "name": "R_brow2", "parent": "R_eye2", "length": 15.85, "rotation": -123.79, "x": 34.64, "y": 6.99, "color": "c9c9c9ff" },
	{ "name": "R_ear", "parent": "body", "length": 21.21, "rotation": 10.26, "x": 39.91, "y": 0.91 },
	{ "name": "R_ear2", "parent": "body2", "length": 21.21, "rotation": 10.26, "x": 39.91, "y": 0.91 },
	{ "name": "R_eyeball", "parent": "R_eye", "x": 0.78, "y": 0.36, "scaleX": 0.845, "scaleY": 0.845, "color": "4a4a4aff" },
	{ "name": "R_eyeball2", "parent": "R_eye2", "x": 4.05, "y": 4.05, "scaleX": 0.845, "scaleY": 0.845, "color": "4a4a4aff" },
	{ "name": "base", "parent": "root2", "x": -1.64, "y": -58.57, "color": "0b009cff" },
	{ "name": "eyeball", "parent": "L_eye", "x": -0.22, "y": -5.72, "scaleX": 0.845, "scaleY": 0.845, "color": "2e2e2eff" },
	{ "name": "eyeball2", "parent": "L_eye2", "x": 3.04, "y": -2.02, "scaleX": 0.845, "scaleY": 0.845, "color": "2e2e2eff" },
	{
		"name": "loadingworkpigs/hammer",
		"parent": "root2",
		"length": 78.15,
		"rotation": -3.88,
		"x": -106.98,
		"y": 23.69,
		"color": "0b009cff"
	},
	{
		"name": "loadingworkpigs/plank",
		"parent": "root2",
		"length": 102.23,
		"rotation": 14.79,
		"x": -37.99,
		"y": -54.07,
		"color": "0b009cff"
	},
	{ "name": "loadingworkpigs/plankshadow", "parent": "root2", "x": 24.61, "y": -49.85, "color": "0b009cff" },
	{
		"name": "loadingworkpigs/saw",
		"parent": "root2",
		"length": 73.5,
		"rotation": -169.28,
		"x": 97.85,
		"y": 6.09,
		"color": "0b009cff"
	},
	{ "name": "loadingworkpigs/shadow", "parent": "root2", "x": 190.87, "y": -45.83, "color": "0b009cff" },
	{ "name": "loadingworkpigs/shadow2", "parent": "root2", "x": -184.51, "y": -51.48, "color": "0b009cff" },
	{
		"name": "loadingworkpigs/shadow3",
		"parent": "root2",
		"x": -57.21,
		"y": -53.91,
		"scaleX": 0.832,
		"scaleY": 0.832,
		"color": "0b009cff"
	},
	{ "name": "mouth", "parent": "body", "x": -33.28, "y": 1.15, "color": "9c5554ff" },
	{ "name": "mouth2", "parent": "body2", "x": -33.28, "y": -10.85, "color": "9c5554ff" },
	{ "name": "nose", "parent": "body", "x": -10.42, "y": -9.14 },
	{ "name": "nose2", "parent": "body2", "x": -10.42, "y": -18.42 },
	{ "name": "stars", "parent": "pig", "rotation": -90, "x": 139.52, "y": 6.02, "color": "0b009cff" },
	{ "name": "star1", "parent": "stars", "x": -43.34, "y": -59.59, "color": "c9c900ff" },
	{ "name": "pig/star", "parent": "star1", "x": -0.01, "y": 17.16, "color": "c9c900ff" },
	{ "name": "star2", "parent": "stars", "x": -43.34, "y": -59.59, "color": "c9c900ff" },
	{ "name": "pig/star2", "parent": "star2", "x": -0.01, "y": 17.16, "color": "c9c900ff" },
	{ "name": "star3", "parent": "stars", "x": -43.34, "y": -59.59, "color": "c9c900ff" },
	{ "name": "pig/star3", "parent": "star3", "x": -0.01, "y": 17.16, "color": "c9c900ff" },
	{ "name": "stars2", "parent": "pig2", "rotation": -90, "x": 139.52, "y": 6.02, "color": "0b009cff" },
	{ "name": "star4", "parent": "stars2", "x": -43.34, "y": -59.59, "color": "c9c900ff" },
	{ "name": "pig/star4", "parent": "star4", "x": -0.01, "y": 17.16, "color": "c9c900ff" },
	{ "name": "star5", "parent": "stars2", "x": -43.34, "y": -59.59, "color": "c9c900ff" },
	{ "name": "pig/star5", "parent": "star5", "x": -0.01, "y": 17.16, "color": "c9c900ff" },
	{ "name": "star6", "parent": "stars2", "x": -43.34, "y": -59.59, "color": "c9c900ff" },
	{ "name": "pig/star6", "parent": "star6", "x": -0.01, "y": 17.16, "color": "c9c900ff" }
],
"slots": [
	{ "name": "loadingworkpigs/bgg", "bone": "root" },
	{ "name": "loadingworkpigs/bg", "bone": "root" },
	{
		"name": "loadingworkpigs/plankshadow",
		"bone": "loadingworkpigs/plankshadow",
		"attachment": "loadingworkpigs/plankshadow",
		"blend": "multiply"
	},
	{ "name": "loadingworkpigs/shadow", "bone": "loadingworkpigs/shadow", "attachment": "loadingworkpigs/shadow", "blend": "multiply" },
	{
		"name": "loadingworkpigs/shadow2",
		"bone": "loadingworkpigs/shadow2",
		"attachment": "loadingworkpigs/shadow",
		"blend": "multiply"
	},
	{ "name": "base", "bone": "base", "attachment": "base" },
	{ "name": "loadingworkpigs/plank", "bone": "loadingworkpigs/plank", "attachment": "loadingworkpigs/plank" },
	{ "name": "body", "bone": "body", "attachment": "body" },
	{ "name": "body2", "bone": "body2", "attachment": "body" },
	{ "name": "R_ear", "bone": "R_ear", "attachment": "R_ear" },
	{
		"name": "loadingworkpigs/shadow3",
		"bone": "loadingworkpigs/shadow3",
		"color": "ffffff92",
		"attachment": "loadingworkpigs/shadow",
		"blend": "multiply"
	},
	{ "name": "R_ear2", "bone": "R_ear2", "attachment": "R_ear" },
	{ "name": "L_ear", "bone": "L_ear", "attachment": "L_ear" },
	{ "name": "L_ear2", "bone": "L_ear2", "attachment": "L_ear" },
	{ "name": "L_eye", "bone": "L_eye", "attachment": "L_eye" },
	{ "name": "L_eye4", "bone": "L_eye2", "attachment": "L_eye" },
	{ "name": "R_eye", "bone": "R_eye", "attachment": "R_eye" },
	{ "name": "R_eye2", "bone": "R_eye2", "attachment": "R_eye" },
	{ "name": "R_eyeball", "bone": "R_eyeball", "attachment": "R_eyeball" },
	{ "name": "R_eyeball2", "bone": "R_eyeball2", "attachment": "R_eyeball" },
	{ "name": "bondage", "bone": "body" },
	{ "name": "bondage2", "bone": "body2" },
	{ "name": "eyeball", "bone": "eyeball", "attachment": "eyeball" },
	{ "name": "eyeball2", "bone": "eyeball2", "attachment": "eyeball" },
	{ "name": "R_eyelid", "bone": "R_eye" },
	{ "name": "R_eyelid2", "bone": "R_eye2" },
	{ "name": "R_eye5lid", "bone": "R_eye" },
	{ "name": "R_eye5lid2", "bone": "R_eye2" },
	{ "name": "L_brow", "bone": "L_brow", "attachment": "L_brow" },
	{ "name": "L_brow2", "bone": "L_brow2", "attachment": "L_brow" },
	{ "name": "cheek_R", "bone": "R_eye" },
	{ "name": "cheek_R2", "bone": "R_eye2", "attachment": "R_cheek" },
	{ "name": "L_eye3", "bone": "L_eye" },
	{ "name": "L_eye5", "bone": "L_eye2" },
	{ "name": "L_eye2", "bone": "L_eye" },
	{ "name": "L_eye6", "bone": "L_eye2" },
	{ "name": "cheek_L", "bone": "L_eye" },
	{ "name": "cheek_L2", "bone": "L_eye2", "attachment": "L_cheek" },
	{ "name": "mouth", "bone": "mouth", "attachment": "mouth" },
	{ "name": "mouth2", "bone": "mouth2", "attachment": "mouth" },
	{ "name": "tongue", "bone": "mouth" },
	{ "name": "tongue2", "bone": "mouth2" },
	{ "name": "tooth1", "bone": "mouth" },
	{ "name": "tooth3", "bone": "mouth2" },
	{ "name": "tooth", "bone": "mouth", "attachment": "teeth" },
	{ "name": "tooth4", "bone": "mouth2", "attachment": "teeth" },
	{ "name": "R_brow", "bone": "R_brow", "attachment": "R_brow" },
	{ "name": "R_brow2", "bone": "R_brow2", "attachment": "R_brow" },
	{ "name": "mouth03", "bone": "mouth" },
	{ "name": "mouth3", "bone": "mouth2" },
	{ "name": "tooth11", "bone": "mouth" },
	{ "name": "tooth12", "bone": "mouth2" },
	{ "name": "nose", "bone": "nose", "attachment": "nose" },
	{ "name": "nose6", "bone": "nose2", "attachment": "nose" },
	{ "name": "nose2", "bone": "nose", "attachment": "nostril_L" },
	{ "name": "nose7", "bone": "nose2", "attachment": "nostril_L" },
	{ "name": "nose4", "bone": "nose", "attachment": "nostril_R" },
	{ "name": "nose8", "bone": "nose2", "attachment": "nostril_R" },
	{ "name": "nose5", "bone": "nose", "attachment": "R_nostril2" },
	{ "name": "nose9", "bone": "nose2", "attachment": "R_nostril2" },
	{ "name": "nose3", "bone": "nose", "attachment": "L_nostril2" },
	{ "name": "nose10", "bone": "nose2", "attachment": "L_nostril2" },
	{ "name": "pig/star", "bone": "pig/star" },
	{ "name": "pig/star4", "bone": "pig/star4" },
	{ "name": "pig/star2", "bone": "pig/star2" },
	{ "name": "pig/star5", "bone": "pig/star5" },
	{ "name": "pig/star3", "bone": "pig/star3" },
	{ "name": "pig/star6", "bone": "pig/star6" },
	{ "name": "tooth2", "bone": "mouth" },
	{ "name": "tooth8", "bone": "mouth2" },
	{ "name": "tooth5", "bone": "mouth" },
	{ "name": "tooth9", "bone": "mouth2" },
	{ "name": "tooth6", "bone": "mouth" },
	{ "name": "tooth10", "bone": "mouth2" },
	{ "name": "tooth7", "bone": "mouth" },
	{ "name": "tooth13", "bone": "mouth2" },
	{ "name": "loadingworkpigs/plank2", "bone": "loadingworkpigs/plank", "attachment": "loadingworkpigs/nail" },
	{ "name": "loadingworkpigs/hammer", "bone": "loadingworkpigs/hammer", "attachment": "loadingworkpigs/hammer" },
	{ "name": "loadingworkpigs/saw", "bone": "loadingworkpigs/saw", "attachment": "loadingworkpigs/saw" }
],
"skins": {
	"default": {
		"L_brow": {
			"L_brow": { "x": 6.3, "y": 0.08, "rotation": 146.62, "width": 17, "height": 12 }
		},
		"L_brow2": {
			"L_brow": { "x": 6.3, "y": 0.08, "rotation": 146.62, "width": 17, "height": 12 }
		},
		"L_ear": {
			"L_ear": {
				"type": "mesh",
				"uvs": [ 1, 1, 0, 1, 0, 0, 1, 0 ],
				"triangles": [ 1, 2, 3, 1, 3, 0 ],
				"vertices": [ -6.56, -5.31, 5.38, 20, 32.5, 7.2, 20.56, -18.11 ],
				"hull": 4,
				"edges": [ 0, 2, 2, 4, 4, 6, 0, 6 ],
				"width": 28,
				"height": 30
			}
		},
		"L_ear2": {
			"L_ear": {
				"type": "mesh",
				"uvs": [ 1, 1, 0, 1, 0, 0, 1, 0 ],
				"triangles": [ 1, 2, 3, 1, 3, 0 ],
				"vertices": [ -6.56, -5.31, 5.38, 20, 32.5, 7.2, 20.56, -18.11 ],
				"hull": 4,
				"edges": [ 0, 2, 2, 4, 4, 6, 0, 6 ],
				"width": 28,
				"height": 30
			}
		},
		"L_eye": {
			"L_eye": { "x": -1.68, "y": 0.57, "scaleX": 0.801, "scaleY": 0.801, "rotation": -90, "width": 32, "height": 42 }
		},
		"L_eye2": {
			"upper_eyelid": {
				"type": "mesh",
				"uvs": [ 1, 1, 0, 1, 0, 0, 1, 0 ],
				"triangles": [ 1, 2, 3, 1, 3, 0 ],
				"vertices": [ -3.99, -12.67, -3.99, 13.16, 16.52, 13.16, 16.52, -12.67 ],
				"hull": 4,
				"edges": [ 0, 2, 2, 4, 4, 6, 0, 6 ],
				"width": 34,
				"height": 27
			}
		},
		"L_eye3": {
			"down_eyelid": {
				"type": "mesh",
				"uvs": [ 1, 1, 0, 1, 0, 0, 1, 0 ],
				"triangles": [ 1, 2, 3, 1, 3, 0 ],
				"vertices": [ -13.02, -13.32, -13.02, 13.27, 1.41, 13.27, 1.41, -13.32 ],
				"hull": 4,
				"edges": [ 0, 2, 2, 4, 4, 6, 0, 6 ],
				"width": 35,
				"height": 19
			}
		},
		"L_eye4": {
			"L_eye": { "x": -1.68, "y": 0.57, "scaleX": 0.801, "scaleY": 0.801, "rotation": -90, "width": 32, "height": 42 }
		},
		"L_eye5": {
			"down_eyelid": {
				"type": "mesh",
				"uvs": [ 1, 1, 0, 1, 0, 0, 1, 0 ],
				"triangles": [ 1, 2, 3, 1, 3, 0 ],
				"vertices": [ -13.02, -13.32, -13.02, 13.27, 1.41, 13.27, 1.41, -13.32 ],
				"hull": 4,
				"edges": [ 0, 2, 2, 4, 4, 6, 0, 6 ],
				"width": 35,
				"height": 19
			}
		},
		"L_eye6": {
			"upper_eyelid": {
				"type": "mesh",
				"uvs": [ 1, 1, 0, 1, 0, 0, 1, 0 ],
				"triangles": [ 1, 2, 3, 1, 3, 0 ],
				"vertices": [ -3.99, -12.67, -3.99, 13.16, 16.52, 13.16, 16.52, -12.67 ],
				"hull": 4,
				"edges": [ 0, 2, 2, 4, 4, 6, 0, 6 ],
				"width": 34,
				"height": 27
			}
		},
		"R_brow": {
			"R_brow": { "x": 6.84, "y": -1.13, "rotation": 33.79, "width": 17, "height": 12 }
		},
		"R_brow2": {
			"R_brow": { "x": 6.84, "y": -1.13, "rotation": 33.79, "width": 17, "height": 12 }
		},
		"R_ear": {
			"R_ear": {
				"type": "mesh",
				"uvs": [ 1, 1, 0, 1, 0, 0, 1, 0 ],
				"triangles": [ 1, 2, 3, 1, 3, 0 ],
				"vertices": [ -5.55, -9.96, -0.57, 17.59, 26.97, 12.6, 21.99, -14.94 ],
				"hull": 4,
				"edges": [ 0, 2, 2, 4, 4, 6, 0, 6 ],
				"width": 28,
				"height": 28
			}
		},
		"R_ear2": {
			"R_ear": {
				"type": "mesh",
				"uvs": [ 1, 1, 0, 1, 0, 0, 1, 0 ],
				"triangles": [ 1, 2, 3, 1, 3, 0 ],
				"vertices": [ -5.55, -9.96, -0.57, 17.59, 26.97, 12.6, 21.99, -14.94 ],
				"hull": 4,
				"edges": [ 0, 2, 2, 4, 4, 6, 0, 6 ],
				"width": 28,
				"height": 28
			}
		},
		"R_eye": {
			"R_eye": { "x": -0.32, "y": 0.54, "scaleX": 0.801, "scaleY": 0.801, "rotation": -90, "width": 32, "height": 42 }
		},
		"R_eye2": {
			"R_eye": { "x": -0.32, "y": 0.54, "scaleX": 0.801, "scaleY": 0.801, "rotation": -90, "width": 32, "height": 42 }
		},
		"R_eye5lid": {
			"down_eyelid": {
				"type": "mesh",
				"uvs": [ 1, 1, 0, 1, 0, 0, 1, 0 ],
				"triangles": [ 1, 2, 3, 1, 3, 0 ],
				"vertices": [ -12.32, -13.08, -12.32, 13.38, 2.04, 13.38, 2.04, -13.08 ],
				"hull": 4,
				"edges": [ 0, 2, 2, 4, 4, 6, 0, 6 ],
				"width": 35,
				"height": 19
			},
			"downr_eyelid": {
				"type": "mesh",
				"uvs": [ 1, 1, 0, 1, 0, 0, 1, 0 ],
				"triangles": [ 1, 2, 3, 1, 3, 0 ],
				"vertices": [ -14.09, -13.52, -14.09, 13.9, 1.83, 13.9, 1.83, -13.52 ],
				"hull": 4,
				"edges": [ 0, 2, 2, 4, 4, 6, 0, 6 ],
				"width": 31,
				"height": 18
			}
		},
		"R_eye5lid2": {
			"down_eyelid": {
				"type": "mesh",
				"uvs": [ 1, 1, 0, 1, 0, 0, 1, 0 ],
				"triangles": [ 1, 2, 3, 1, 3, 0 ],
				"vertices": [ -12.32, -13.08, -12.32, 13.38, 2.04, 13.38, 2.04, -13.08 ],
				"hull": 4,
				"edges": [ 0, 2, 2, 4, 4, 6, 0, 6 ],
				"width": 35,
				"height": 19
			},
			"downr_eyelid": {
				"type": "mesh",
				"uvs": [ 1, 1, 0, 1, 0, 0, 1, 0 ],
				"triangles": [ 1, 2, 3, 1, 3, 0 ],
				"vertices": [ -14.09, -13.52, -14.09, 13.9, 1.83, 13.9, 1.83, -13.52 ],
				"hull": 4,
				"edges": [ 0, 2, 2, 4, 4, 6, 0, 6 ],
				"width": 31,
				"height": 18
			}
		},
		"R_eyeball": {
			"R_eyeball": { "x": -0.74, "y": -1.62, "rotation": -90, "width": 10, "height": 11 }
		},
		"R_eyeball2": {
			"R_eyeball": { "x": -0.74, "y": -1.62, "rotation": -90, "width": 10, "height": 11 }
		},
		"R_eyelid": {
			"up_eyelid": {
				"type": "mesh",
				"uvs": [ 1, 1, 0, 1, 0, 0, 1, 0 ],
				"triangles": [ 1, 2, 3, 1, 3, 0 ],
				"vertices": [ -2.38, -14.16, -2.38, 15.07, 19.54, 15.07, 19.54, -14.16 ],
				"hull": 4,
				"edges": [ 0, 2, 2, 4, 4, 6, 0, 6 ],
				"width": 32,
				"height": 24
			},
			"upper_eyelid": {
				"type": "mesh",
				"uvs": [ 1, 1, 0, 1, 0, 0, 1, 0 ],
				"triangles": [ 1, 2, 3, 1, 3, 0 ],
				"vertices": [ -2.82, -12.6, -2.82, 13.1, 17.58, 13.1, 17.58, -12.6 ],
				"hull": 4,
				"edges": [ 0, 2, 2, 4, 4, 6, 0, 6 ],
				"width": 34,
				"height": 27
			}
		},
		"R_eyelid2": {
			"up_eyelid": {
				"type": "mesh",
				"uvs": [ 1, 1, 0, 1, 0, 0, 1, 0 ],
				"triangles": [ 1, 2, 3, 1, 3, 0 ],
				"vertices": [ -2.38, -14.16, -2.38, 15.07, 19.54, 15.07, 19.54, -14.16 ],
				"hull": 4,
				"edges": [ 0, 2, 2, 4, 4, 6, 0, 6 ],
				"width": 32,
				"height": 24
			},
			"upper_eyelid": {
				"type": "mesh",
				"uvs": [ 1, 1, 0, 1, 0, 0, 1, 0 ],
				"triangles": [ 1, 2, 3, 1, 3, 0 ],
				"vertices": [ -2.82, -12.6, -2.82, 13.1, 17.58, 13.1, 17.58, -12.6 ],
				"hull": 4,
				"edges": [ 0, 2, 2, 4, 4, 6, 0, 6 ],
				"width": 34,
				"height": 27
			}
		},
		"body": {
			"body": {
				"type": "mesh",
				"uvs": [ 1, 0.55264, 1, 1, 0, 1, 0, 0.55264, 0, 0, 1, 0 ],
				"triangles": [ 3, 4, 5, 3, 5, 0, 2, 3, 0, 2, 0, 1 ],
				"vertices": [ -9.21, -63.28, -58.42, -63.28, -58.42, 67.71, -9.21, 67.71, 51.57, 67.71, 51.57, -63.28 ],
				"hull": 6,
				"edges": [ 2, 4, 8, 10, 4, 6, 6, 8, 2, 0, 0, 10 ],
				"width": 131,
				"height": 110
			}
		},
		"body2": {
			"body": {
				"type": "mesh",
				"uvs": [ 1, 0.55264, 1, 1, 0, 1, 0, 0.55264, 0, 0, 1, 0 ],
				"triangles": [ 3, 4, 5, 3, 5, 0, 2, 3, 0, 2, 0, 1 ],
				"vertices": [ -9.21, -63.28, -58.42, -63.28, -58.42, 67.71, -9.21, 67.71, 51.57, 67.71, 51.57, -63.28 ],
				"hull": 6,
				"edges": [ 2, 4, 8, 10, 4, 6, 6, 8, 2, 0, 0, 10 ],
				"width": 131,
				"height": 110
			}
		},
		"bondage": {
			"bondi": {
				"type": "mesh",
				"uvs": [ 1, 1, 0, 1, 0, 0, 1, 0 ],
				"triangles": [ 1, 2, 3, 1, 3, 0 ],
				"vertices": [ 10.03, -19.93, 10.03, 29.06, 41.03, 29.06, 41.03, -19.93 ],
				"hull": 4,
				"edges": [ 0, 2, 2, 4, 4, 6, 0, 6 ],
				"width": 49,
				"height": 31
			}
		},
		"bondage2": {
			"bondi": {
				"type": "mesh",
				"uvs": [ 1, 1, 0, 1, 0, 0, 1, 0 ],
				"triangles": [ 1, 2, 3, 1, 3, 0 ],
				"vertices": [ 10.03, -19.93, 10.03, 29.06, 41.03, 29.06, 41.03, -19.93 ],
				"hull": 4,
				"edges": [ 0, 2, 2, 4, 4, 6, 0, 6 ],
				"width": 49,
				"height": 31
			}
		},
		"cheek_L": {
			"L_cheek": {
				"type": "mesh",
				"uvs": [ 1, 1, 0, 1, 0, 0, 1, 0 ],
				"triangles": [ 1, 2, 3, 1, 3, 0 ],
				"vertices": [ -27.11, -15.77, -27.11, 21.22, 0.88, 21.22, 0.88, -15.77 ],
				"hull": 4,
				"edges": [ 0, 2, 2, 4, 4, 6, 0, 6 ],
				"width": 37,
				"height": 28
			}
		},
		"cheek_L2": {
			"L_cheek": {
				"type": "mesh",
				"uvs": [ 1, 1, 0, 1, 0, 0, 1, 0 ],
				"triangles": [ 1, 2, 3, 1, 3, 0 ],
				"vertices": [ -27.11, -15.77, -27.11, 21.22, 0.88, 21.22, 0.88, -15.77 ],
				"hull": 4,
				"edges": [ 0, 2, 2, 4, 4, 6, 0, 6 ],
				"width": 37,
				"height": 28
			}
		},
		"cheek_R": {
			"R_cheek": {
				"type": "mesh",
				"uvs": [ 1, 1, 0, 1, 0, 0, 1, 0 ],
				"triangles": [ 1, 2, 3, 1, 3, 0 ],
				"vertices": [ -21.95, -14.5, -21.95, 18.49, 5.04, 18.49, 5.04, -14.5 ],
				"hull": 4,
				"edges": [ 0, 2, 2, 4, 4, 6, 0, 6 ],
				"width": 33,
				"height": 27
			}
		},
		"cheek_R2": {
			"R_cheek": {
				"type": "mesh",
				"uvs": [ 1, 1, 0, 1, 0, 0, 1, 0 ],
				"triangles": [ 1, 2, 3, 1, 3, 0 ],
				"vertices": [ -25.33, -14.5, -25.33, 18.49, 1.66, 18.49, 1.66, -14.5 ],
				"hull": 4,
				"edges": [ 0, 2, 2, 4, 4, 6, 0, 6 ],
				"width": 33,
				"height": 27
			}
		},
		"eyeball": {
			"eyeball": { "x": -0.88, "y": 0.34, "rotation": -90, "width": 11, "height": 11 }
		},
		"eyeball2": {
			"eyeball": { "x": -0.88, "y": 0.34, "rotation": -90, "width": 11, "height": 11 }
		},
		"loadingworkpigs/hammer": {
			"loadingworkpigs/hammer": {
				"type": "mesh",
				"uvs": [ 1, 0.28904, 1, 1, 0.47227, 1, 0, 0.5964, 0, 0.25533, 0.45695, 0, 1, 0, 0.34971, 0.462, 0.38537, 0.3084 ],
				"triangles": [ 5, 6, 0, 8, 4, 5, 8, 5, 0, 7, 4, 8, 3, 4, 7, 0, 7, 8, 1, 2, 7, 3, 7, 2, 1, 7, 0 ],
				"vertices": [ 102.4, 23.79, 106.89, -42.17, 41.07, -46.64, -20.36, -13.2, -22.51, 18.44, 32.86, 46, 100.58, 50.6, 22.4, 2.23, 25.87, 16.78 ],
				"hull": 7,
				"edges": [ 6, 8, 8, 10, 10, 12, 2, 4, 4, 6, 14, 4, 10, 16, 16, 14, 2, 0, 0, 12, 16, 0 ],
				"width": 125,
				"height": 93
			}
		},
		"loadingworkpigs/plank": {
			"loadingworkpigs/plank": { "x": 59.17, "y": -12.06, "rotation": -14.79, "width": 273, "height": 112 }
		},
		"loadingworkpigs/plank2": {
			"loadingworkpigs/nail": { "x": 29.86, "y": 0.38, "rotation": -14.79, "width": 35, "height": 40 }
		},
		"loadingworkpigs/plankshadow": {
			"loadingworkpigs/plankshadow": { "x": 0.58, "y": -5.98, "width": 273, "height": 112 }
		},
		"loadingworkpigs/saw": {
			"loadingworkpigs/saw": { "x": 37.89, "y": -0.13, "rotation": 169.28, "width": 118, "height": 83 }
		},
		"loadingworkpigs/shadow": {
			"loadingworkpigs/shadow": { "x": 1.56, "y": 2.11, "width": 94, "height": 40 }
		},
		"loadingworkpigs/shadow2": {
			"loadingworkpigs/shadow": { "x": 0.2, "y": -2.17, "width": 94, "height": 40 }
		},
		"loadingworkpigs/shadow3": {
			"loadingworkpigs/shadow": { "x": 0.2, "y": -2.17, "scaleX": 0.657, "scaleY": 0.657, "width": 94, "height": 40 }
		},
		"mouth": {
			"mouth": {
				"type": "mesh",
				"uvs": [ 1, 1, 0.52398, 1, 0, 1, 0, 0, 0.19782, 1.0E-5, 0.47649, 0.16255, 0.74882, 0, 1, 0 ],
				"triangles": [ 5, 2, 3, 5, 3, 4, 0, 1, 5, 2, 5, 1, 6, 7, 0, 0, 5, 6 ],
				"vertices": [ -11.49, -31.63, -11.49, -0.22, -11.49, 34.36, 15.5, 34.36, 15.5, 21.3, 11.11, 2.91, 15.5, -15.05, 15.5, -31.63 ],
				"hull": 8,
				"edges": [ 4, 6, 0, 14, 0, 2, 2, 4, 6, 8, 12, 14, 8, 10, 10, 12 ],
				"width": 66,
				"height": 27
			},
			"mouth02": { "x": 0.06, "y": -3.18, "scaleX": 0.845, "scaleY": 0.845, "rotation": -90, "width": 26, "height": 28 },
			"mouth04": { "x": 0.85, "y": 3.92, "scaleX": 0.845, "scaleY": 0.845, "rotation": -90, "width": 68, "height": 26 },
			"mouth05": { "x": -7.04, "y": 3.52, "scaleX": 0.845, "scaleY": 0.845, "rotation": -90, "width": 69, "height": 47 },
			"mouth06": { "x": -3.51, "y": -1.33, "scaleX": 0.905, "scaleY": 0.905, "rotation": -90, "width": 29, "height": 23 },
			"mouth07": {
				"type": "mesh",
				"uvs": [ 1, 1, 0, 1, 0, 0, 1, 0 ],
				"triangles": [ 1, 2, 3, 1, 3, 0 ],
				"vertices": [ -16.94, -21.03, -16.94, 17.32, 17.37, 17.32, 17.37, -21.03 ],
				"hull": 4,
				"edges": [ 0, 2, 2, 4, 4, 6, 0, 6 ],
				"width": 38,
				"height": 34
			}
		},
		"mouth03": {
			"mouth03": { "x": 7.72, "y": 11.08, "rotation": -90, "width": 69, "height": 16 },
			"mouth08": { "x": 0.89, "y": 5.35, "rotation": -90, "width": 30, "height": 15 }
		},
		"mouth2": {
			"mouth": {
				"type": "mesh",
				"uvs": [ 1, 1, 0.52398, 1, 0, 1, 0, 0, 0.19782, 1.0E-5, 0.47649, 0.16255, 0.74882, 0, 1, 0 ],
				"triangles": [ 5, 2, 3, 5, 3, 4, 0, 1, 5, 2, 5, 1, 6, 7, 0, 0, 5, 6 ],
				"vertices": [ -11.49, -31.63, -11.49, -0.22, -11.49, 34.36, 15.5, 34.36, 15.5, 21.3, 11.11, 2.91, 15.5, -15.05, 15.5, -31.63 ],
				"hull": 8,
				"edges": [ 4, 6, 0, 14, 0, 2, 2, 4, 6, 8, 12, 14, 8, 10, 10, 12 ],
				"width": 66,
				"height": 27
			},
			"mouth02": { "x": 0.06, "y": -3.18, "scaleX": 0.845, "scaleY": 0.845, "rotation": -90, "width": 26, "height": 28 },
			"mouth04": { "x": 0.85, "y": 3.92, "scaleX": 0.845, "scaleY": 0.845, "rotation": -90, "width": 68, "height": 26 },
			"mouth05": { "x": -7.04, "y": 3.52, "scaleX": 0.845, "scaleY": 0.845, "rotation": -90, "width": 69, "height": 47 },
			"mouth06": { "x": -3.51, "y": -1.33, "scaleX": 0.905, "scaleY": 0.905, "rotation": -90, "width": 29, "height": 23 },
			"mouth07": {
				"type": "mesh",
				"uvs": [ 1, 1, 0, 1, 0, 0, 1, 0 ],
				"triangles": [ 1, 2, 3, 1, 3, 0 ],
				"vertices": [ -16.94, -21.03, -16.94, 17.32, 17.37, 17.32, 17.37, -21.03 ],
				"hull": 4,
				"edges": [ 0, 2, 2, 4, 4, 6, 0, 6 ],
				"width": 38,
				"height": 34
			}
		},
		"mouth3": {
			"mouth03": { "x": 7.72, "y": 11.08, "rotation": -90, "width": 69, "height": 16 },
			"mouth08": { "x": 0.89, "y": 5.35, "rotation": -90, "width": 30, "height": 15 }
		},
		"nose": {
			"nose": { "x": 3.57, "y": 2.17, "rotation": -90, "width": 58, "height": 48 }
		},
		"nose10": {
			"L_nostril2": {
				"type": "mesh",
				"uvs": [ 1, 1, 0, 1, 0, 0, 1, 0 ],
				"triangles": [ 1, 2, 3, 1, 3, 0 ],
				"vertices": [ -2.74, 6.14, -2.74, 15.14, 10.25, 15.14, 10.25, 6.14 ],
				"hull": 4,
				"edges": [ 0, 2, 2, 4, 4, 6, 0, 6 ],
				"width": 9,
				"height": 13
			}
		},
		"nose2": {
			"nostril_L": {
				"type": "mesh",
				"uvs": [ 1, 1, 0, 1, 0, 0, 1, 0 ],
				"triangles": [ 1, 2, 3, 1, 3, 0 ],
				"vertices": [ -5.36, 1.84, -5.36, 16.84, 13.63, 16.84, 13.63, 1.84 ],
				"hull": 4,
				"edges": [ 0, 2, 2, 4, 4, 6, 0, 6 ],
				"width": 15,
				"height": 19
			}
		},
		"nose3": {
			"L_nostril2": {
				"type": "mesh",
				"uvs": [ 1, 1, 0, 1, 0, 0, 1, 0 ],
				"triangles": [ 1, 2, 3, 1, 3, 0 ],
				"vertices": [ -2.74, 6.14, -2.74, 15.14, 10.25, 15.14, 10.25, 6.14 ],
				"hull": 4,
				"edges": [ 0, 2, 2, 4, 4, 6, 0, 6 ],
				"width": 9,
				"height": 13
			}
		},
		"nose4": {
			"nostril_R": {
				"type": "mesh",
				"uvs": [ 1, 1, 0, 1, 0, 0, 1, 0 ],
				"triangles": [ 1, 2, 3, 1, 3, 0 ],
				"vertices": [ -5.4, -14.29, -5.4, -1.29, 9.59, -1.29, 9.59, -14.29 ],
				"hull": 4,
				"edges": [ 0, 2, 2, 4, 4, 6, 0, 6 ],
				"width": 13,
				"height": 15
			}
		},
		"nose5": {
			"R_nostril2": {
				"type": "mesh",
				"uvs": [ 1, 1, 0, 1, 0, 0, 1, 0 ],
				"triangles": [ 1, 2, 3, 1, 3, 0 ],
				"vertices": [ -1.52, -10.22, -1.52, -3.22, 7.47, -3.22, 7.47, -10.22 ],
				"hull": 4,
				"edges": [ 0, 2, 2, 4, 4, 6, 0, 6 ],
				"width": 7,
				"height": 9
			}
		},
		"nose6": {
			"nose": { "x": 3.57, "y": 2.17, "rotation": -90, "width": 58, "height": 48 }
		},
		"nose7": {
			"nostril_L": {
				"type": "mesh",
				"uvs": [ 1, 1, 0, 1, 0, 0, 1, 0 ],
				"triangles": [ 1, 2, 3, 1, 3, 0 ],
				"vertices": [ -5.36, 1.84, -5.36, 16.84, 13.63, 16.84, 13.63, 1.84 ],
				"hull": 4,
				"edges": [ 0, 2, 2, 4, 4, 6, 0, 6 ],
				"width": 15,
				"height": 19
			}
		},
		"nose8": {
			"nostril_R": {
				"type": "mesh",
				"uvs": [ 1, 1, 0, 1, 0, 0, 1, 0 ],
				"triangles": [ 1, 2, 3, 1, 3, 0 ],
				"vertices": [ -5.4, -14.29, -5.4, -1.29, 9.59, -1.29, 9.59, -14.29 ],
				"hull": 4,
				"edges": [ 0, 2, 2, 4, 4, 6, 0, 6 ],
				"width": 13,
				"height": 15
			}
		},
		"nose9": {
			"R_nostril2": {
				"type": "mesh",
				"uvs": [ 1, 1, 0, 1, 0, 0, 1, 0 ],
				"triangles": [ 1, 2, 3, 1, 3, 0 ],
				"vertices": [ -1.52, -10.22, -1.52, -3.22, 7.47, -3.22, 7.47, -10.22 ],
				"hull": 4,
				"edges": [ 0, 2, 2, 4, 4, 6, 0, 6 ],
				"width": 7,
				"height": 9
			}
		},
		"pig/star": {
			"star": { "y": 0.58, "width": 35, "height": 35 }
		},
		"pig/star2": {
			"star": { "y": 0.58, "width": 35, "height": 35 }
		},
		"pig/star3": {
			"star": { "y": 0.58, "width": 35, "height": 35 }
		},
		"pig/star4": {
			"star": { "y": 0.58, "width": 35, "height": 35 }
		},
		"pig/star5": {
			"star": { "y": 0.58, "width": 35, "height": 35 }
		},
		"pig/star6": {
			"star": { "y": 0.58, "width": 35, "height": 35 }
		},
		"tongue": {
			"tongue": {
				"type": "mesh",
				"uvs": [ 1, 1, 0, 1, 0, 0, 1, 0 ],
				"triangles": [ 1, 2, 3, 1, 3, 0 ],
				"vertices": [ -24.97, -37.72, -24.97, -1.72, 7.02, -1.72, 7.02, -37.72 ],
				"hull": 4,
				"edges": [ 0, 2, 2, 4, 4, 6, 0, 6 ],
				"width": 36,
				"height": 32
			}
		},
		"tongue2": {
			"tongue": {
				"type": "mesh",
				"uvs": [ 1, 1, 0, 1, 0, 0, 1, 0 ],
				"triangles": [ 1, 2, 3, 1, 3, 0 ],
				"vertices": [ -24.97, -37.72, -24.97, -1.72, 7.02, -1.72, 7.02, -37.72 ],
				"hull": 4,
				"edges": [ 0, 2, 2, 4, 4, 6, 0, 6 ],
				"width": 36,
				"height": 32
			}
		},
		"tooth": {
			"teeth": {
				"type": "mesh",
				"uvs": [ 1, 1, 0, 1, 0, 0, 1, 0 ],
				"triangles": [ 1, 2, 3, 1, 3, 0 ],
				"vertices": [ -4.73, -24.67, -4.73, 17.32, 11.26, 17.32, 11.26, -24.67 ],
				"hull": 4,
				"edges": [ 0, 2, 2, 4, 4, 6, 0, 6 ],
				"width": 42,
				"height": 16
			}
		},
		"tooth1": {
			"tooth": {
				"type": "mesh",
				"uvs": [ 1, 1, 0, 1, 0, 0, 1, 0 ],
				"triangles": [ 1, 2, 3, 1, 3, 0 ],
				"vertices": [ 0.45, -33.87, -0.41, -19.9, 13.55, -19.02, 14.43, -33 ],
				"hull": 4,
				"edges": [ 0, 2, 2, 4, 4, 6, 0, 6 ],
				"width": 14,
				"height": 14
			}
		},
		"tooth10": {
			"tooth": {
				"type": "mesh",
				"uvs": [ 1, 1, 0, 1, 0, 0, 1, 0 ],
				"triangles": [ 1, 2, 3, 1, 3, 0 ],
				"vertices": [ 2.89, 30.58, 1.16, 16.68, -12.72, 18.41, -10.99, 32.3 ],
				"hull": 4,
				"edges": [ 0, 2, 2, 4, 4, 6, 0, 6 ],
				"width": 14,
				"height": 14
			}
		},
		"tooth11": {
			"tooth": {
				"type": "mesh",
				"uvs": [ 1, 1, 0, 1, 0, 0, 1, 0 ],
				"triangles": [ 1, 2, 3, 1, 3, 0 ],
				"vertices": [ -1.9, 23.14, 3.58, 36.02, 16.45, 30.54, 10.97, 17.66 ],
				"hull": 4,
				"edges": [ 0, 2, 2, 4, 4, 6, 0, 6 ],
				"width": 14,
				"height": 14
			}
		},
		"tooth12": {
			"tooth": {
				"type": "mesh",
				"uvs": [ 1, 1, 0, 1, 0, 0, 1, 0 ],
				"triangles": [ 1, 2, 3, 1, 3, 0 ],
				"vertices": [ -1.9, 23.14, 3.58, 36.02, 16.45, 30.54, 10.97, 17.66 ],
				"hull": 4,
				"edges": [ 0, 2, 2, 4, 4, 6, 0, 6 ],
				"width": 14,
				"height": 14
			}
		},
		"tooth13": {
			"tooth": {
				"type": "mesh",
				"uvs": [ 1, 1, 0, 1, 0, 0, 1, 0 ],
				"triangles": [ 1, 2, 3, 1, 3, 0 ],
				"vertices": [ 1.61, -20.26, 0.41, -34.21, -13.53, -33, -12.33, -19.06 ],
				"hull": 4,
				"edges": [ 0, 2, 2, 4, 4, 6, 0, 6 ],
				"width": 14,
				"height": 14
			}
		},
		"tooth2": {
			"tooth": {
				"type": "mesh",
				"uvs": [ 1, 1, 0, 1, 0, 0, 1, 0 ],
				"triangles": [ 1, 2, 3, 1, 3, 0 ],
				"vertices": [ -1.25, 8.82, -6.81, -4.02, -19.66, 1.52, -14.1, 14.37 ],
				"hull": 4,
				"edges": [ 0, 2, 2, 4, 4, 6, 0, 6 ],
				"width": 14,
				"height": 14
			}
		},
		"tooth3": {
			"tooth": {
				"type": "mesh",
				"uvs": [ 1, 1, 0, 1, 0, 0, 1, 0 ],
				"triangles": [ 1, 2, 3, 1, 3, 0 ],
				"vertices": [ 0.45, -33.87, -0.41, -19.9, 13.55, -19.02, 14.43, -33 ],
				"hull": 4,
				"edges": [ 0, 2, 2, 4, 4, 6, 0, 6 ],
				"width": 14,
				"height": 14
			}
		},
		"tooth4": {
			"teeth": {
				"type": "mesh",
				"uvs": [ 1, 1, 0, 1, 0, 0, 1, 0 ],
				"triangles": [ 1, 2, 3, 1, 3, 0 ],
				"vertices": [ -5.63, -22.87, -5.63, 19.12, 10.35, 19.12, 10.35, -22.87 ],
				"hull": 4,
				"edges": [ 0, 2, 2, 4, 4, 6, 0, 6 ],
				"width": 42,
				"height": 16
			}
		},
		"tooth5": {
			"tooth": {
				"type": "mesh",
				"uvs": [ 1, 1, 0, 1, 0, 0, 1, 0 ],
				"triangles": [ 1, 2, 3, 1, 3, 0 ],
				"vertices": [ -2.91, -0.05, -5.33, -13.84, -19.12, -11.43, -16.7, 2.33999 ],
				"hull": 4,
				"edges": [ 0, 2, 2, 4, 4, 6, 0, 6 ],
				"width": 14,
				"height": 14
			}
		},
		"tooth6": {
			"tooth": {
				"type": "mesh",
				"uvs": [ 1, 1, 0, 1, 0, 0, 1, 0 ],
				"triangles": [ 1, 2, 3, 1, 3, 0 ],
				"vertices": [ 2.89, 30.58, 1.16, 16.68, -12.72, 18.41, -10.99, 32.3 ],
				"hull": 4,
				"edges": [ 0, 2, 2, 4, 4, 6, 0, 6 ],
				"width": 14,
				"height": 14
			}
		},
		"tooth7": {
			"tooth": {
				"type": "mesh",
				"uvs": [ 1, 1, 0, 1, 0, 0, 1, 0 ],
				"triangles": [ 1, 2, 3, 1, 3, 0 ],
				"vertices": [ 1.61, -20.26, 0.41, -34.21, -13.53, -33, -12.33, -19.06 ],
				"hull": 4,
				"edges": [ 0, 2, 2, 4, 4, 6, 0, 6 ],
				"width": 14,
				"height": 14
			}
		},
		"tooth8": {
			"tooth": {
				"type": "mesh",
				"uvs": [ 1, 1, 0, 1, 0, 0, 1, 0 ],
				"triangles": [ 1, 2, 3, 1, 3, 0 ],
				"vertices": [ -1.25, 8.82, -6.81, -4.02, -19.66, 1.52, -14.1, 14.37 ],
				"hull": 4,
				"edges": [ 0, 2, 2, 4, 4, 6, 0, 6 ],
				"width": 14,
				"height": 14
			}
		},
		"tooth9": {
			"tooth": {
				"type": "mesh",
				"uvs": [ 1, 1, 0, 1, 0, 0, 1, 0 ],
				"triangles": [ 1, 2, 3, 1, 3, 0 ],
				"vertices": [ -2.91, -0.05, -5.33, -13.84, -19.12, -11.43, -16.7, 2.33999 ],
				"hull": 4,
				"edges": [ 0, 2, 2, 4, 4, 6, 0, 6 ],
				"width": 14,
				"height": 14
			}
		}
	},
	"base": {
		"base": {
			"base": { "x": -2.48, "y": 0.08, "scaleX": 0.902, "scaleY": 0.902, "width": 63, "height": 19 }
		}
	},
	"nobase": {}
},
"animations": {
	"loading": {
		"slots": {
			"L_brow": {
				"color": [
					{ "time": 0, "color": "ffffffff", "curve": "stepped" },
					{ "time": 0.8333, "color": "ffffffff" }
				],
				"attachment": [
					{ "time": 0, "name": "L_brow" },
					{ "time": 0.8333, "name": "L_brow" }
				]
			},
			"L_brow2": {
				"color": [
					{ "time": 0, "color": "ffffffff", "curve": "stepped" },
					{ "time": 0.8333, "color": "ffffffff" }
				],
				"attachment": [
					{ "time": 0, "name": "L_brow" },
					{ "time": 0.8333, "name": "L_brow" }
				]
			},
			"L_ear": {
				"color": [
					{ "time": 0, "color": "ffffffff", "curve": "stepped" },
					{ "time": 0.8333, "color": "ffffffff" }
				],
				"attachment": [
					{ "time": 0, "name": "L_ear" },
					{ "time": 0.8333, "name": "L_ear" }
				]
			},
			"L_ear2": {
				"color": [
					{ "time": 0, "color": "ffffffff", "curve": "stepped" },
					{ "time": 0.8333, "color": "ffffffff" }
				],
				"attachment": [
					{ "time": 0, "name": "L_ear" },
					{ "time": 0.8333, "name": "L_ear" }
				]
			},
			"L_eye": {
				"color": [
					{ "time": 0, "color": "ffffffff", "curve": "stepped" },
					{ "time": 0.8333, "color": "ffffffff" }
				],
				"attachment": [
					{ "time": 0, "name": "L_eye" },
					{ "time": 0.8333, "name": "L_eye" }
				]
			},
			"L_eye2": {
				"color": [
					{ "time": 0, "color": "ffffffff", "curve": "stepped" },
					{ "time": 0.8333, "color": "ffffffff" }
				],
				"attachment": [
					{ "time": 0, "name": null },
					{ "time": 0.1, "name": "upper_eyelid" },
					{ "time": 0.2666, "name": "upper_eyelid" },
					{ "time": 0.4333, "name": "upper_eyelid" },
					{ "time": 0.6, "name": null },
					{ "time": 0.8333, "name": null }
				]
			},
			"L_eye3": {
				"color": [
					{ "time": 0, "color": "ffffffff", "curve": "stepped" },
					{ "time": 0.8333, "color": "ffffffff" }
				],
				"attachment": [
					{ "time": 0, "name": null },
					{ "time": 0.1, "name": "down_eyelid" },
					{ "time": 0.2666, "name": "down_eyelid" },
					{ "time": 0.4333, "name": "down_eyelid" },
					{ "time": 0.6, "name": null },
					{ "time": 0.8333, "name": null }
				]
			},
			"L_eye4": {
				"color": [
					{ "time": 0, "color": "ffffffff", "curve": "stepped" },
					{ "time": 0.8333, "color": "ffffffff" }
				],
				"attachment": [
					{ "time": 0, "name": "L_eye" },
					{ "time": 0.8333, "name": "L_eye" }
				]
			},
			"L_eye5": {
				"color": [
					{ "time": 0, "color": "ffffffff", "curve": "stepped" },
					{ "time": 0.8333, "color": "ffffffff" }
				],
				"attachment": [
					{ "time": 0, "name": null },
					{ "time": 0.8333, "name": null }
				]
			},
			"L_eye6": {
				"color": [
					{ "time": 0, "color": "ffffffff", "curve": "stepped" },
					{ "time": 0.8333, "color": "ffffffff" }
				],
				"attachment": [
					{ "time": 0, "name": null },
					{ "time": 0.8333, "name": null }
				]
			},
			"R_brow": {
				"color": [
					{ "time": 0, "color": "ffffffff", "curve": "stepped" },
					{ "time": 0.8333, "color": "ffffffff" }
				],
				"attachment": [
					{ "time": 0, "name": "R_brow" },
					{ "time": 0.8333, "name": "R_brow" }
				]
			},
			"R_brow2": {
				"color": [
					{ "time": 0, "color": "ffffffff", "curve": "stepped" },
					{ "time": 0.8333, "color": "ffffffff" }
				],
				"attachment": [
					{ "time": 0, "name": "R_brow" },
					{ "time": 0.8333, "name": "R_brow" }
				]
			},
			"R_ear": {
				"color": [
					{ "time": 0, "color": "ffffffff", "curve": "stepped" },
					{ "time": 0.8333, "color": "ffffffff" }
				],
				"attachment": [
					{ "time": 0, "name": "R_ear" },
					{ "time": 0.8333, "name": "R_ear" }
				]
			},
			"R_ear2": {
				"color": [
					{ "time": 0, "color": "ffffffff", "curve": "stepped" },
					{ "time": 0.8333, "color": "ffffffff" }
				],
				"attachment": [
					{ "time": 0, "name": "R_ear" },
					{ "time": 0.8333, "name": "R_ear" }
				]
			},
			"R_eye": {
				"color": [
					{ "time": 0, "color": "ffffffff", "curve": "stepped" },
					{ "time": 0.8333, "color": "ffffffff" }
				],
				"attachment": [
					{ "time": 0, "name": "R_eye" },
					{ "time": 0.8333, "name": "R_eye" }
				]
			},
			"R_eye2": {
				"color": [
					{ "time": 0, "color": "ffffffff", "curve": "stepped" },
					{ "time": 0.8333, "color": "ffffffff" }
				],
				"attachment": [
					{ "time": 0, "name": "R_eye" },
					{ "time": 0.8333, "name": "R_eye" }
				]
			},
			"R_eye5lid": {
				"color": [
					{ "time": 0, "color": "ffffffff", "curve": "stepped" },
					{ "time": 0.8333, "color": "ffffffff" }
				],
				"attachment": [
					{ "time": 0, "name": null },
					{ "time": 0.1, "name": "down_eyelid" },
					{ "time": 0.2, "name": "down_eyelid" },
					{ "time": 0.4333, "name": "down_eyelid" },
					{ "time": 0.6, "name": null },
					{ "time": 0.8333, "name": null }
				]
			},
			"R_eye5lid2": {
				"color": [
					{ "time": 0, "color": "ffffffff", "curve": "stepped" },
					{ "time": 0.8333, "color": "ffffffff" }
				],
				"attachment": [
					{ "time": 0, "name": null },
					{ "time": 0.8333, "name": null }
				]
			},
			"R_eyeball": {
				"color": [
					{ "time": 0, "color": "ffffffff", "curve": "stepped" },
					{ "time": 0.8333, "color": "ffffffff" }
				],
				"attachment": [
					{ "time": 0, "name": "R_eyeball" },
					{ "time": 0.8333, "name": "R_eyeball" }
				]
			},
			"R_eyeball2": {
				"color": [
					{ "time": 0, "color": "ffffffff", "curve": "stepped" },
					{ "time": 0.8333, "color": "ffffffff" }
				],
				"attachment": [
					{ "time": 0, "name": "R_eyeball" },
					{ "time": 0.8333, "name": "R_eyeball" }
				]
			},
			"R_eyelid": {
				"color": [
					{ "time": 0, "color": "ffffffff", "curve": "stepped" },
					{ "time": 0.8333, "color": "ffffffff" }
				],
				"attachment": [
					{ "time": 0, "name": null },
					{ "time": 0.1, "name": "upper_eyelid" },
					{ "time": 0.2, "name": "upper_eyelid" },
					{ "time": 0.4333, "name": "upper_eyelid" },
					{ "time": 0.6, "name": null },
					{ "time": 0.8333, "name": null }
				]
			},
			"R_eyelid2": {
				"color": [
					{ "time": 0, "color": "ffffffff", "curve": "stepped" },
					{ "time": 0.8333, "color": "ffffffff" }
				],
				"attachment": [
					{ "time": 0, "name": null },
					{ "time": 0.8333, "name": null }
				]
			},
			"base": {
				"color": [
					{ "time": 0, "color": "ffffffff", "curve": "stepped" },
					{ "time": 0.8333, "color": "ffffffff" }
				],
				"attachment": [
					{ "time": 0, "name": "base" },
					{ "time": 0.8333, "name": "base" }
				]
			},
			"body": {
				"color": [
					{ "time": 0, "color": "ffffffff", "curve": "stepped" },
					{ "time": 0.8333, "color": "ffffffff" }
				],
				"attachment": [
					{ "time": 0, "name": "body" },
					{ "time": 0.8333, "name": "body" }
				]
			},
			"body2": {
				"color": [
					{ "time": 0, "color": "ffffffff", "curve": "stepped" },
					{ "time": 0.8333, "color": "ffffffff" }
				],
				"attachment": [
					{ "time": 0, "name": "body" },
					{ "time": 0.8333, "name": "body" }
				]
			},
			"bondage": {
				"color": [
					{ "time": 0, "color": "ffffffff", "curve": "stepped" },
					{ "time": 0.8333, "color": "ffffffff" }
				],
				"attachment": [
					{ "time": 0, "name": null },
					{ "time": 0.8333, "name": null }
				]
			},
			"bondage2": {
				"color": [
					{ "time": 0, "color": "ffffffff", "curve": "stepped" },
					{ "time": 0.8333, "color": "ffffffff" }
				],
				"attachment": [
					{ "time": 0, "name": null },
					{ "time": 0.8333, "name": null }
				]
			},
			"cheek_L": {
				"color": [
					{ "time": 0, "color": "ffffffff", "curve": "stepped" },
					{ "time": 0.8333, "color": "ffffffff" }
				],
				"attachment": [
					{ "time": 0, "name": null },
					{ "time": 0.8333, "name": null }
				]
			},
			"cheek_L2": {
				"color": [
					{ "time": 0, "color": "ffffffff", "curve": "stepped" },
					{ "time": 0.8333, "color": "ffffffff" }
				],
				"attachment": [
					{ "time": 0, "name": "L_cheek" },
					{ "time": 0.8333, "name": "L_cheek" }
				]
			},
			"cheek_R": {
				"color": [
					{ "time": 0, "color": "ffffffff", "curve": "stepped" },
					{ "time": 0.8333, "color": "ffffffff" }
				],
				"attachment": [
					{ "time": 0, "name": null },
					{ "time": 0.8333, "name": null }
				]
			},
			"cheek_R2": {
				"color": [
					{ "time": 0, "color": "ffffffff", "curve": "stepped" },
					{ "time": 0.8333, "color": "ffffffff" }
				],
				"attachment": [
					{ "time": 0, "name": "R_cheek" },
					{ "time": 0.8333, "name": "R_cheek" }
				]
			},
			"eyeball": {
				"color": [
					{ "time": 0, "color": "ffffffff", "curve": "stepped" },
					{ "time": 0.8333, "color": "ffffffff" }
				],
				"attachment": [
					{ "time": 0, "name": "eyeball" },
					{ "time": 0.8333, "name": "eyeball" }
				]
			},
			"eyeball2": {
				"color": [
					{ "time": 0, "color": "ffffffff", "curve": "stepped" },
					{ "time": 0.8333, "color": "ffffffff" }
				],
				"attachment": [
					{ "time": 0, "name": "eyeball" },
					{ "time": 0.8333, "name": "eyeball" }
				]
			},
			"loadingworkpigs/bg": {
				"color": [
					{ "time": 0, "color": "ffffffff", "curve": "stepped" },
					{ "time": 0.8333, "color": "ffffffff" }
				],
				"attachment": [
					{ "time": 0, "name": null },
					{ "time": 0.4333, "name": null },
					{ "time": 0.8333, "name": null }
				]
			},
			"loadingworkpigs/bgg": {
				"color": [
					{ "time": 0, "color": "ffffffff", "curve": "stepped" },
					{ "time": 0.8333, "color": "ffffffff" }
				],
				"attachment": [
					{ "time": 0, "name": null },
					{ "time": 0.4333, "name": null },
					{ "time": 0.8333, "name": null }
				]
			},
			"loadingworkpigs/hammer": {
				"color": [
					{ "time": 0, "color": "ffffffff", "curve": "stepped" },
					{ "time": 0.8333, "color": "ffffffff" }
				],
				"attachment": [
					{ "time": 0, "name": "loadingworkpigs/hammer" },
					{ "time": 0.8333, "name": "loadingworkpigs/hammer" }
				]
			},
			"loadingworkpigs/plank": {
				"color": [
					{ "time": 0, "color": "ffffffff", "curve": "stepped" },
					{ "time": 0.8333, "color": "ffffffff" }
				],
				"attachment": [
					{ "time": 0, "name": "loadingworkpigs/plank" },
					{ "time": 0.8333, "name": "loadingworkpigs/plank" }
				]
			},
			"loadingworkpigs/plank2": {
				"color": [
					{ "time": 0, "color": "ffffffff", "curve": "stepped" },
					{ "time": 0.8333, "color": "ffffffff" }
				],
				"attachment": [
					{ "time": 0, "name": "loadingworkpigs/nail" },
					{ "time": 0.8333, "name": "loadingworkpigs/nail" }
				]
			},
			"loadingworkpigs/plankshadow": {
				"color": [
					{ "time": 0, "color": "ffffffff", "curve": "stepped" },
					{ "time": 0.8333, "color": "ffffffff" }
				],
				"attachment": [
					{ "time": 0, "name": "loadingworkpigs/plankshadow" },
					{ "time": 0.8333, "name": "loadingworkpigs/plankshadow" }
				]
			},
			"loadingworkpigs/saw": {
				"color": [
					{ "time": 0, "color": "ffffffff", "curve": "stepped" },
					{ "time": 0.8333, "color": "ffffffff" }
				],
				"attachment": [
					{ "time": 0, "name": "loadingworkpigs/saw" },
					{ "time": 0.8333, "name": "loadingworkpigs/saw" }
				]
			},
			"loadingworkpigs/shadow": {
				"color": [
					{ "time": 0, "color": "ffffffff", "curve": "stepped" },
					{ "time": 0.8333, "color": "ffffffff" }
				],
				"attachment": [
					{ "time": 0, "name": "loadingworkpigs/shadow" },
					{ "time": 0.8333, "name": "loadingworkpigs/shadow" }
				]
			},
			"loadingworkpigs/shadow2": {
				"color": [
					{ "time": 0, "color": "ffffffff", "curve": "stepped" },
					{ "time": 0.8333, "color": "ffffffff" }
				],
				"attachment": [
					{ "time": 0, "name": "loadingworkpigs/shadow" },
					{ "time": 0.8333, "name": "loadingworkpigs/shadow" }
				]
			},
			"loadingworkpigs/shadow3": {
				"color": [
					{
						"time": 0,
						"color": "ffffff00",
						"curve": [ 0.25, 0, 1, 0.42 ]
					},
					{ "time": 0.1, "color": "ffffffb6", "curve": "stepped" },
					{
						"time": 0.4333,
						"color": "ffffffb6",
						"curve": [ 0, 0.43, 0.468, 1 ]
					},
					{ "time": 0.8333, "color": "ffffff00" }
				],
				"attachment": [
					{ "time": 0, "name": "loadingworkpigs/shadow" },
					{ "time": 0.8333, "name": "loadingworkpigs/shadow" }
				]
			},
			"mouth": {
				"color": [
					{ "time": 0, "color": "ffffffff", "curve": "stepped" },
					{ "time": 0.8333, "color": "ffffffff" }
				],
				"attachment": [
					{ "time": 0, "name": "mouth" },
					{ "time": 0.1333, "name": "mouth06" },
					{ "time": 0.6, "name": "mouth" },
					{ "time": 0.8333, "name": "mouth" }
				]
			},
			"mouth2": {
				"color": [
					{ "time": 0, "color": "ffffffff", "curve": "stepped" },
					{ "time": 0.8333, "color": "ffffffff" }
				],
				"attachment": [
					{ "time": 0, "name": null },
					{ "time": 0.8333, "name": null }
				]
			},
			"mouth03": {
				"color": [
					{ "time": 0, "color": "ffffffff", "curve": "stepped" },
					{ "time": 0.8333, "color": "ffffffff" }
				],
				"attachment": [
					{ "time": 0, "name": null },
					{ "time": 0.8333, "name": null }
				]
			},
			"mouth3": {
				"color": [
					{ "time": 0, "color": "ffffffff", "curve": "stepped" },
					{ "time": 0.8333, "color": "ffffffff" }
				],
				"attachment": [
					{ "time": 0, "name": "mouth03" },
					{ "time": 0.8333, "name": "mouth03" }
				]
			},
			"nose": {
				"color": [
					{ "time": 0, "color": "ffffffff", "curve": "stepped" },
					{ "time": 0.8333, "color": "ffffffff" }
				],
				"attachment": [
					{ "time": 0, "name": "nose" },
					{ "time": 0.8333, "name": "nose" }
				]
			},
			"nose2": {
				"color": [
					{ "time": 0, "color": "ffffffff", "curve": "stepped" },
					{ "time": 0.8333, "color": "ffffffff" }
				],
				"attachment": [
					{ "time": 0, "name": "nostril_L" },
					{ "time": 0.8333, "name": "nostril_L" }
				]
			},
			"nose3": {
				"color": [
					{ "time": 0, "color": "ffffffff", "curve": "stepped" },
					{ "time": 0.8333, "color": "ffffffff" }
				],
				"attachment": [
					{ "time": 0, "name": "L_nostril2" },
					{ "time": 0.8333, "name": "L_nostril2" }
				]
			},
			"nose4": {
				"color": [
					{ "time": 0, "color": "ffffffff", "curve": "stepped" },
					{ "time": 0.8333, "color": "ffffffff" }
				],
				"attachment": [
					{ "time": 0, "name": "nostril_R" },
					{ "time": 0.8333, "name": "nostril_R" }
				]
			},
			"nose5": {
				"color": [
					{ "time": 0, "color": "ffffffff", "curve": "stepped" },
					{ "time": 0.8333, "color": "ffffffff" }
				],
				"attachment": [
					{ "time": 0, "name": "R_nostril2" },
					{ "time": 0.8333, "name": "R_nostril2" }
				]
			},
			"nose6": {
				"color": [
					{ "time": 0, "color": "ffffffff", "curve": "stepped" },
					{ "time": 0.8333, "color": "ffffffff" }
				],
				"attachment": [
					{ "time": 0, "name": "nose" },
					{ "time": 0.8333, "name": "nose" }
				]
			},
			"nose7": {
				"color": [
					{ "time": 0, "color": "ffffffff", "curve": "stepped" },
					{ "time": 0.8333, "color": "ffffffff" }
				],
				"attachment": [
					{ "time": 0, "name": "nostril_L" },
					{ "time": 0.8333, "name": "nostril_L" }
				]
			},
			"nose8": {
				"color": [
					{ "time": 0, "color": "ffffffff", "curve": "stepped" },
					{ "time": 0.8333, "color": "ffffffff" }
				],
				"attachment": [
					{ "time": 0, "name": "nostril_R" },
					{ "time": 0.8333, "name": "nostril_R" }
				]
			},
			"nose9": {
				"color": [
					{ "time": 0, "color": "ffffffff", "curve": "stepped" },
					{ "time": 0.8333, "color": "ffffffff" }
				],
				"attachment": [
					{ "time": 0, "name": "R_nostril2" },
					{ "time": 0.8333, "name": "R_nostril2" }
				]
			},
			"nose10": {
				"color": [
					{ "time": 0, "color": "ffffffff", "curve": "stepped" },
					{ "time": 0.8333, "color": "ffffffff" }
				],
				"attachment": [
					{ "time": 0, "name": "L_nostril2" },
					{ "time": 0.8333, "name": "L_nostril2" }
				]
			},
			"pig/star": {
				"color": [
					{ "time": 0, "color": "ffffffff", "curve": "stepped" },
					{ "time": 0.8333, "color": "ffffffff" }
				],
				"attachment": [
					{ "time": 0, "name": null },
					{ "time": 0.8333, "name": null }
				]
			},
			"pig/star2": {
				"color": [
					{ "time": 0, "color": "ffffffff", "curve": "stepped" },
					{ "time": 0.8333, "color": "ffffffff" }
				],
				"attachment": [
					{ "time": 0, "name": null },
					{ "time": 0.8333, "name": null }
				]
			},
			"pig/star3": {
				"color": [
					{ "time": 0, "color": "ffffffff", "curve": "stepped" },
					{ "time": 0.8333, "color": "ffffffff" }
				],
				"attachment": [
					{ "time": 0, "name": null },
					{ "time": 0.8333, "name": null }
				]
			},
			"pig/star4": {
				"color": [
					{ "time": 0, "color": "ffffffff", "curve": "stepped" },
					{ "time": 0.8333, "color": "ffffffff" }
				],
				"attachment": [
					{ "time": 0, "name": null },
					{ "time": 0.8333, "name": null }
				]
			},
			"pig/star5": {
				"color": [
					{ "time": 0, "color": "ffffffff", "curve": "stepped" },
					{ "time": 0.8333, "color": "ffffffff" }
				],
				"attachment": [
					{ "time": 0, "name": null },
					{ "time": 0.8333, "name": null }
				]
			},
			"pig/star6": {
				"color": [
					{ "time": 0, "color": "ffffffff", "curve": "stepped" },
					{ "time": 0.8333, "color": "ffffffff" }
				],
				"attachment": [
					{ "time": 0, "name": null },
					{ "time": 0.8333, "name": null }
				]
			},
			"tongue": {
				"color": [
					{ "time": 0, "color": "ffffffff", "curve": "stepped" },
					{ "time": 0.8333, "color": "ffffffff" }
				],
				"attachment": [
					{ "time": 0, "name": null },
					{ "time": 0.8333, "name": null }
				]
			},
			"tongue2": {
				"color": [
					{ "time": 0, "color": "ffffffff", "curve": "stepped" },
					{ "time": 0.8333, "color": "ffffffff" }
				],
				"attachment": [
					{ "time": 0, "name": "tongue" },
					{ "time": 0.8333, "name": "tongue" }
				]
			},
			"tooth": {
				"color": [
					{ "time": 0, "color": "ffffffff", "curve": "stepped" },
					{ "time": 0.8333, "color": "ffffffff" }
				],
				"attachment": [
					{ "time": 0, "name": "teeth" },
					{ "time": 0.1333, "name": null },
					{ "time": 0.6, "name": "teeth" },
					{ "time": 0.8333, "name": "teeth" }
				]
			},
			"tooth1": {
				"color": [
					{ "time": 0, "color": "ffffffff", "curve": "stepped" },
					{ "time": 0.8333, "color": "ffffffff" }
				],
				"attachment": [
					{ "time": 0, "name": null },
					{ "time": 0.8333, "name": null }
				]
			},
			"tooth2": {
				"color": [
					{ "time": 0, "color": "ffffffff", "curve": "stepped" },
					{ "time": 0.8333, "color": "ffffffff" }
				],
				"attachment": [
					{ "time": 0, "name": null },
					{ "time": 0.8333, "name": null }
				]
			},
			"tooth3": {
				"color": [
					{ "time": 0, "color": "ffffffff", "curve": "stepped" },
					{ "time": 0.8333, "color": "ffffffff" }
				],
				"attachment": [
					{ "time": 0, "name": null },
					{ "time": 0.8333, "name": null }
				]
			},
			"tooth4": {
				"color": [
					{ "time": 0, "color": "ffffffff", "curve": "stepped" },
					{ "time": 0.8333, "color": "ffffffff" }
				],
				"attachment": [
					{ "time": 0, "name": null },
					{ "time": 0.8333, "name": null }
				]
			},
			"tooth5": {
				"color": [
					{ "time": 0, "color": "ffffffff", "curve": "stepped" },
					{ "time": 0.8333, "color": "ffffffff" }
				],
				"attachment": [
					{ "time": 0, "name": null },
					{ "time": 0.8333, "name": null }
				]
			},
			"tooth6": {
				"color": [
					{ "time": 0, "color": "ffffffff", "curve": "stepped" },
					{ "time": 0.8333, "color": "ffffffff" }
				],
				"attachment": [
					{ "time": 0, "name": null },
					{ "time": 0.8333, "name": null }
				]
			},
			"tooth7": {
				"color": [
					{ "time": 0, "color": "ffffffff", "curve": "stepped" },
					{ "time": 0.8333, "color": "ffffffff" }
				],
				"attachment": [
					{ "time": 0, "name": null },
					{ "time": 0.8333, "name": null }
				]
			},
			"tooth8": {
				"color": [
					{ "time": 0, "color": "ffffffff", "curve": "stepped" },
					{ "time": 0.8333, "color": "ffffffff" }
				],
				"attachment": [
					{ "time": 0, "name": null },
					{ "time": 0.8333, "name": null }
				]
			},
			"tooth9": {
				"color": [
					{ "time": 0, "color": "ffffffff", "curve": "stepped" },
					{ "time": 0.8333, "color": "ffffffff" }
				],
				"attachment": [
					{ "time": 0, "name": null },
					{ "time": 0.8333, "name": null }
				]
			},
			"tooth10": {
				"color": [
					{ "time": 0, "color": "ffffffff", "curve": "stepped" },
					{ "time": 0.8333, "color": "ffffffff" }
				],
				"attachment": [
					{ "time": 0, "name": null },
					{ "time": 0.8333, "name": null }
				]
			},
			"tooth11": {
				"color": [
					{ "time": 0, "color": "ffffffff", "curve": "stepped" },
					{ "time": 0.8333, "color": "ffffffff" }
				],
				"attachment": [
					{ "time": 0, "name": null },
					{ "time": 0.8333, "name": null }
				]
			},
			"tooth12": {
				"color": [
					{ "time": 0, "color": "ffffffff", "curve": "stepped" },
					{ "time": 0.8333, "color": "ffffffff" }
				],
				"attachment": [
					{ "time": 0, "name": null },
					{ "time": 0.8333, "name": null }
				]
			},
			"tooth13": {
				"color": [
					{ "time": 0, "color": "ffffffff", "curve": "stepped" },
					{ "time": 0.8333, "color": "ffffffff" }
				],
				"attachment": [
					{ "time": 0, "name": null },
					{ "time": 0.8333, "name": null }
				]
			}
		},
		"bones": {
			"L_brow": {
				"rotate": [
					{ "time": 0, "angle": 0 },
					{ "time": 0.2666, "angle": -61.29 },
					{ "time": 0.7, "angle": 0, "curve": "stepped" },
					{ "time": 0.8333, "angle": 0 }
				],
				"translate": [
					{ "time": 0, "x": 0, "y": 0 },
					{ "time": 0.2666, "x": -12.39, "y": -3.31 },
					{ "time": 0.7, "x": 0, "y": 0, "curve": "stepped" },
					{ "time": 0.8333, "x": 0, "y": 0 }
				],
				"scale": [
					{ "time": 0, "x": 1, "y": 1, "curve": "stepped" },
					{ "time": 0.7, "x": 1, "y": 1, "curve": "stepped" },
					{ "time": 0.8333, "x": 1, "y": 1 }
				]
			},
			"L_brow2": {
				"rotate": [
					{ "time": 0, "angle": -63.46, "curve": "stepped" },
					{ "time": 0.4333, "angle": -63.46, "curve": "stepped" },
					{ "time": 0.8333, "angle": -63.46 }
				],
				"translate": [
					{
						"time": 0,
						"x": -16.77,
						"y": -8.38,
						"curve": [ 0.599, 0.01, 0.507, 0.98 ]
					},
					{
						"time": 0.4333,
						"x": -11.31,
						"y": -8.83,
						"curve": [ 0.599, 0.01, 0.507, 0.98 ]
					},
					{ "time": 0.8333, "x": -16.77, "y": -8.38 }
				],
				"scale": [
					{ "time": 0, "x": 1, "y": 1, "curve": "stepped" },
					{ "time": 0.4333, "x": 1, "y": 1, "curve": "stepped" },
					{ "time": 0.8333, "x": 1, "y": 1 }
				]
			},
			"L_ear": {
				"rotate": [
					{ "time": 0, "angle": 0, "curve": "stepped" },
					{ "time": 0.7, "angle": 0, "curve": "stepped" },
					{ "time": 0.8333, "angle": 0 }
				],
				"translate": [
					{
						"time": 0,
						"x": 0,
						"y": 0,
						"curve": [ 0.25, 0, 0.75, 1 ]
					},
					{
						"time": 0.2666,
						"x": -0.82,
						"y": 4.83,
						"curve": [ 0.25, 0, 0.75, 1 ]
					},
					{ "time": 0.7, "x": 0, "y": 0, "curve": "stepped" },
					{ "time": 0.8333, "x": 0, "y": 0 }
				],
				"scale": [
					{ "time": 0, "x": 1, "y": 1, "curve": "stepped" },
					{ "time": 0.7, "x": 1, "y": 1, "curve": "stepped" },
					{ "time": 0.8333, "x": 1, "y": 1 }
				]
			},
			"L_ear2": {
				"rotate": [
					{ "time": 0, "angle": 0, "curve": "stepped" },
					{ "time": 0.4333, "angle": 0, "curve": "stepped" },
					{ "time": 0.8333, "angle": 0 }
				],
				"translate": [
					{
						"time": 0,
						"x": -5.45,
						"y": -0.17,
						"curve": [ 0.599, 0.01, 0.507, 0.98 ]
					},
					{
						"time": 0.4333,
						"x": 0,
						"y": 0,
						"curve": [ 0.599, 0.01, 0.507, 0.98 ]
					},
					{ "time": 0.8333, "x": -5.45, "y": -0.17 }
				],
				"scale": [
					{ "time": 0, "x": 1, "y": 1, "curve": "stepped" },
					{ "time": 0.4333, "x": 1, "y": 1, "curve": "stepped" },
					{ "time": 0.8333, "x": 1, "y": 1 }
				]
			},
			"L_eye": {
				"rotate": [
					{ "time": 0, "angle": 0, "curve": "stepped" },
					{ "time": 0.7, "angle": 0, "curve": "stepped" },
					{ "time": 0.8333, "angle": 0 }
				],
				"translate": [
					{
						"time": 0,
						"x": 0,
						"y": 0,
						"curve": [ 0.25, 0, 0.75, 1 ]
					},
					{
						"time": 0.2666,
						"x": 0,
						"y": -13.71,
						"curve": [ 0.25, 0, 0.75, 1 ]
					},
					{ "time": 0.7, "x": 0, "y": 0, "curve": "stepped" },
					{ "time": 0.8333, "x": 0, "y": 0 }
				],
				"scale": [
					{ "time": 0, "x": 1, "y": 1 },
					{ "time": 0.2666, "x": 0.888, "y": 1.063 },
					{ "time": 0.7, "x": 1, "y": 1, "curve": "stepped" },
					{ "time": 0.8333, "x": 1, "y": 1 }
				]
			},
			"L_eye2": {
				"rotate": [
					{
						"time": 0,
						"angle": 0,
						"curve": [ 0.599, 0.01, 0.507, 0.98 ]
					},
					{
						"time": 0.4333,
						"angle": 6.09,
						"curve": [ 0.599, 0.01, 0.507, 0.98 ]
					},
					{ "time": 0.8333, "angle": 0 }
				],
				"translate": [
					{
						"time": 0,
						"x": -7.22,
						"y": 4.94,
						"curve": [ 0.599, 0.01, 0.507, 0.98 ]
					},
					{
						"time": 0.4333,
						"x": 3,
						"y": -4.42,
						"curve": [ 0.599, 0.01, 0.507, 0.98 ]
					},
					{ "time": 0.8333, "x": -7.22, "y": 4.94 }
				],
				"scale": [
					{ "time": 0, "x": 1, "y": 1, "curve": "stepped" },
					{ "time": 0.4333, "x": 1, "y": 1, "curve": "stepped" },
					{ "time": 0.8333, "x": 1, "y": 1 }
				]
			},
			"R_brow": {
				"rotate": [
					{ "time": 0, "angle": 0 },
					{ "time": 0.2666, "angle": 63.35 },
					{ "time": 0.7, "angle": 0, "curve": "stepped" },
					{ "time": 0.8333, "angle": 0 }
				],
				"translate": [
					{ "time": 0, "x": 0, "y": 0 },
					{ "time": 0.2666, "x": -14.7, "y": 0 },
					{ "time": 0.7, "x": 0, "y": 0, "curve": "stepped" },
					{ "time": 0.8333, "x": 0, "y": 0 }
				],
				"scale": [
					{ "time": 0, "x": 1, "y": 1, "curve": "stepped" },
					{ "time": 0.7, "x": 1, "y": 1, "curve": "stepped" },
					{ "time": 0.8333, "x": 1, "y": 1 }
				]
			},
			"R_brow2": {
				"rotate": [
					{ "time": 0, "angle": 67.06, "curve": "stepped" },
					{ "time": 0.4333, "angle": 67.06, "curve": "stepped" },
					{ "time": 0.8333, "angle": 67.06 }
				],
				"translate": [
					{
						"time": 0,
						"x": -9.78,
						"y": 1.75,
						"curve": [ 0.599, 0.01, 0.507, 0.98 ]
					},
					{
						"time": 0.4333,
						"x": -4.34,
						"y": 0.96,
						"curve": [ 0.599, 0.01, 0.507, 0.98 ]
					},
					{ "time": 0.8333, "x": -9.78, "y": 1.75 }
				],
				"scale": [
					{ "time": 0, "x": 1, "y": 1, "curve": "stepped" },
					{ "time": 0.4333, "x": 1, "y": 1, "curve": "stepped" },
					{ "time": 0.8333, "x": 1, "y": 1 }
				]
			},
			"R_ear": {
				"rotate": [
					{ "time": 0, "angle": 0, "curve": "stepped" },
					{ "time": 0.7, "angle": 0, "curve": "stepped" },
					{ "time": 0.8333, "angle": 0 }
				],
				"translate": [
					{
						"time": 0,
						"x": 0,
						"y": 0,
						"curve": [ 0.25, 0, 0.75, 1 ]
					},
					{
						"time": 0.2666,
						"x": 0,
						"y": 4.83,
						"curve": [ 0.25, 0, 0.75, 1 ]
					},
					{ "time": 0.7, "x": 0, "y": 0, "curve": "stepped" },
					{ "time": 0.8333, "x": 0, "y": 0 }
				],
				"scale": [
					{ "time": 0, "x": 1, "y": 1, "curve": "stepped" },
					{ "time": 0.7, "x": 1, "y": 1, "curve": "stepped" },
					{ "time": 0.8333, "x": 1, "y": 1 }
				]
			},
			"R_ear2": {
				"rotate": [
					{ "time": 0, "angle": 0, "curve": "stepped" },
					{ "time": 0.4333, "angle": 0, "curve": "stepped" },
					{ "time": 0.8333, "angle": 0 }
				],
				"translate": [
					{
						"time": 0,
						"x": -5.45,
						"y": -0.17,
						"curve": [ 0.599, 0.01, 0.507, 0.98 ]
					},
					{
						"time": 0.4333,
						"x": 0,
						"y": 0,
						"curve": [ 0.599, 0.01, 0.507, 0.98 ]
					},
					{ "time": 0.8333, "x": -5.45, "y": -0.17 }
				],
				"scale": [
					{ "time": 0, "x": 1, "y": 1, "curve": "stepped" },
					{ "time": 0.4333, "x": 1, "y": 1, "curve": "stepped" },
					{ "time": 0.8333, "x": 1, "y": 1 }
				]
			},
			"R_eye": {
				"rotate": [
					{ "time": 0, "angle": 0, "curve": "stepped" },
					{ "time": 0.7, "angle": 0, "curve": "stepped" },
					{ "time": 0.8333, "angle": 0 }
				],
				"translate": [
					{
						"time": 0,
						"x": 0,
						"y": 0,
						"curve": [ 0.25, 0, 0.75, 1 ]
					},
					{
						"time": 0.2666,
						"x": 0,
						"y": -2.61,
						"curve": [ 0.25, 0, 0.75, 1 ]
					},
					{ "time": 0.7, "x": 0, "y": 0, "curve": "stepped" },
					{ "time": 0.8333, "x": 0, "y": 0 }
				],
				"scale": [
					{ "time": 0, "x": 1, "y": 1 },
					{ "time": 0.2666, "x": 0.888, "y": 1.063 },
					{ "time": 0.7, "x": 1, "y": 1, "curve": "stepped" },
					{ "time": 0.8333, "x": 1, "y": 1 }
				]
			},
			"R_eye2": {
				"rotate": [
					{ "time": 0, "angle": 1.98, "curve": "stepped" },
					{ "time": 0.4333, "angle": 1.98, "curve": "stepped" },
					{ "time": 0.8333, "angle": 1.98 }
				],
				"translate": [
					{
						"time": 0,
						"x": -9.14,
						"y": -0.29,
						"curve": [ 0.599, 0.01, 0.507, 0.98 ]
					},
					{
						"time": 0.4333,
						"x": 7.1,
						"y": -0.57,
						"curve": [ 0.599, 0.01, 0.507, 0.98 ]
					},
					{ "time": 0.8333, "x": -9.14, "y": -0.29 }
				],
				"scale": [
					{ "time": 0, "x": 1, "y": 1, "curve": "stepped" },
					{ "time": 0.4333, "x": 1, "y": 1, "curve": "stepped" },
					{ "time": 0.8333, "x": 1, "y": 1 }
				]
			},
			"R_eyeball": {
				"rotate": [
					{ "time": 0, "angle": 0, "curve": "stepped" },
					{ "time": 0.7, "angle": 0, "curve": "stepped" },
					{ "time": 0.8333, "angle": 0 }
				],
				"translate": [
					{ "time": 0, "x": 0, "y": 0, "curve": "stepped" },
					{ "time": 0.7, "x": 0, "y": 0, "curve": "stepped" },
					{ "time": 0.8333, "x": 0, "y": 0 }
				],
				"scale": [
					{ "time": 0, "x": 1, "y": 1, "curve": "stepped" },
					{ "time": 0.7, "x": 1, "y": 1, "curve": "stepped" },
					{ "time": 0.8333, "x": 1, "y": 1 }
				]
			},
			"R_eyeball2": {
				"rotate": [
					{ "time": 0, "angle": 0, "curve": "stepped" },
					{ "time": 0.4333, "angle": 0, "curve": "stepped" },
					{ "time": 0.8333, "angle": 0 }
				],
				"translate": [
					{
						"time": 0,
						"x": -0.93,
						"y": -5.74,
						"curve": [ 0.599, 0.01, 0.507, 0.98 ]
					},
					{
						"time": 0.4333,
						"x": -2.66,
						"y": -5.49,
						"curve": [ 0.599, 0.01, 0.507, 0.98 ]
					},
					{ "time": 0.8333, "x": -0.93, "y": -5.74 }
				],
				"scale": [
					{ "time": 0, "x": 1, "y": 1, "curve": "stepped" },
					{ "time": 0.4333, "x": 1, "y": 1, "curve": "stepped" },
					{ "time": 0.8333, "x": 1, "y": 1 }
				]
			},
			"base": {
				"rotate": [
					{ "time": 0, "angle": 0, "curve": "stepped" },
					{ "time": 0.8333, "angle": 0 }
				],
				"translate": [
					{ "time": 0, "x": 0, "y": 0, "curve": "stepped" },
					{ "time": 0.8333, "x": 0, "y": 0 }
				],
				"scale": [
					{ "time": 0, "x": 1, "y": 1, "curve": "stepped" },
					{ "time": 0.8333, "x": 1, "y": 1 }
				]
			},
			"body": {
				"rotate": [
					{ "time": 0, "angle": 0, "curve": "stepped" },
					{ "time": 0.7, "angle": 0, "curve": "stepped" },
					{ "time": 0.8333, "angle": 0 }
				],
				"translate": [
					{ "time": 0, "x": 0, "y": 0 },
					{
						"time": 0.0666,
						"x": 3.2,
						"y": 0,
						"curve": [ 0.023, 0.73, 0.392, 1 ]
					},
					{
						"time": 0.2666,
						"x": 59.58,
						"y": 0,
						"curve": [ 0.658, 0, 1, 0.18 ]
					},
					{
						"time": 0.5666,
						"x": 7.64,
						"y": 0,
						"curve": [ 0.25, 0, 0.75, 1 ]
					},
					{
						"time": 0.7,
						"x": -7.46,
						"y": 0,
						"curve": [ 0.694, 0.01, 0.392, 1 ]
					},
					{ "time": 0.8333, "x": 0, "y": 0 }
				],
				"scale": [
					{ "time": 0, "x": 1, "y": 1 },
					{
						"time": 0.1,
						"x": 1.12,
						"y": 0.855,
						"curve": [ 0.25, 0, 0.75, 1 ]
					},
					{
						"time": 0.2666,
						"x": 0.904,
						"y": 1.089,
						"curve": [ 0.25, 0, 1, 0.47 ]
					},
					{
						"time": 0.5666,
						"x": 1.15,
						"y": 0.923,
						"curve": [ 0.25, 0, 0.75, 1 ]
					},
					{
						"time": 0.7,
						"x": 0.878,
						"y": 1.099,
						"curve": [ 0.694, 0.01, 0.75, 1 ]
					},
					{ "time": 0.8333, "x": 1, "y": 1 }
				]
			},
			"body2": {
				"rotate": [
					{
						"time": 0,
						"angle": -2,
						"curve": [ 0.599, 0.01, 0.507, 0.98 ]
					},
					{
						"time": 0.4333,
						"angle": 4.17,
						"curve": [ 0.599, 0.01, 0.507, 0.98 ]
					},
					{ "time": 0.8333, "angle": -2 }
				],
				"translate": [
					{
						"time": 0,
						"x": -3.14,
						"y": 0,
						"curve": [ 0.599, 0.01, 0.507, 0.98 ]
					},
					{
						"time": 0.4333,
						"x": 0,
						"y": 0,
						"curve": [ 0.599, 0.01, 0.507, 0.98 ]
					},
					{ "time": 0.8333, "x": -3.14, "y": 0 }
				],
				"scale": [
					{
						"time": 0,
						"x": 0.972,
						"y": 1.044,
						"curve": [ 0.599, 0.01, 0.507, 0.98 ]
					},
					{
						"time": 0.4333,
						"x": 1.076,
						"y": 0.971,
						"curve": [ 0.599, 0.01, 0.507, 0.98 ]
					},
					{ "time": 0.8333, "x": 0.972, "y": 1.044 }
				]
			},
			"eyeball": {
				"rotate": [
					{ "time": 0, "angle": 0, "curve": "stepped" },
					{ "time": 0.7, "angle": 0, "curve": "stepped" },
					{ "time": 0.8333, "angle": 0 }
				],
				"translate": [
					{ "time": 0, "x": 0, "y": 0, "curve": "stepped" },
					{ "time": 0.7, "x": 0, "y": 0, "curve": "stepped" },
					{ "time": 0.8333, "x": 0, "y": 0 }
				],
				"scale": [
					{ "time": 0, "x": 1, "y": 1, "curve": "stepped" },
					{ "time": 0.7, "x": 1, "y": 1, "curve": "stepped" },
					{ "time": 0.8333, "x": 1, "y": 1 }
				]
			},
			"eyeball2": {
				"rotate": [
					{ "time": 0, "angle": 0, "curve": "stepped" },
					{ "time": 0.4333, "angle": 0, "curve": "stepped" },
					{ "time": 0.8333, "angle": 0 }
				],
				"translate": [
					{
						"time": 0,
						"x": -0.93,
						"y": -4.57,
						"curve": [ 0.599, 0.01, 0.507, 0.98 ]
					},
					{
						"time": 0.4333,
						"x": -2.66,
						"y": -4.42,
						"curve": [ 0.599, 0.01, 0.507, 0.98 ]
					},
					{ "time": 0.8333, "x": -0.93, "y": -4.57 }
				],
				"scale": [
					{ "time": 0, "x": 1, "y": 1, "curve": "stepped" },
					{ "time": 0.4333, "x": 1, "y": 1, "curve": "stepped" },
					{ "time": 0.8333, "x": 1, "y": 1 }
				]
			},
			"root": {
				"rotate": [
					{ "time": 0, "angle": 0, "curve": "stepped" },
					{ "time": 0.8333, "angle": 0 }
				],
				"translate": [
					{ "time": 0, "x": 0, "y": 0, "curve": "stepped" },
					{ "time": 0.8333, "x": 0, "y": 0 }
				],
				"scale": [
					{ "time": 0, "x": 1, "y": 1, "curve": "stepped" },
					{ "time": 0.8333, "x": 1, "y": 1 }
				]
			},
			"loadingworkpigs/hammer": {
				"rotate": [
					{
						"time": 0,
						"angle": 94.96,
						"curve": [ 0.595, 0, 1, 0.09 ]
					},
					{ "time": 0.0666, "angle": -20.26, "curve": "stepped" },
					{ "time": 0.4, "angle": -20.26 },
					{ "time": 0.7666, "angle": 94.96, "curve": "stepped" },
					{ "time": 0.8333, "angle": 94.96 }
				],
				"translate": [
					{
						"time": 0,
						"x": -6.03,
						"y": -24.7,
						"curve": [ 0.595, 0, 1, 0.09 ]
					},
					{
						"time": 0.0666,
						"x": 0,
						"y": -14.14,
						"curve": [ 0.25, 0, 0.75, 1 ]
					},
					{
						"time": 0.2666,
						"x": 0,
						"y": -19.84,
						"curve": [ 0.27, 0, 0.618, 0.41 ]
					},
					{ "time": 0.7666, "x": -6.03, "y": -24.7, "curve": "stepped" },
					{ "time": 0.8333, "x": -6.03, "y": -24.7 }
				],
				"scale": [
					{ "time": 0, "x": 1, "y": 1, "curve": "stepped" },
					{ "time": 0.7666, "x": 1, "y": 1, "curve": "stepped" },
					{ "time": 0.8333, "x": 1, "y": 1 }
				]
			},
			"loadingworkpigs/plank": {
				"rotate": [
					{ "time": 0, "angle": 0, "curve": "stepped" },
					{
						"time": 0.1,
						"angle": 0,
						"curve": [ 0, 0.91, 0.75, 1 ]
					},
					{
						"time": 0.2,
						"angle": 5.92,
						"curve": [ 0.25, 0, 0.75, 1 ]
					},
					{ "time": 0.4333, "angle": 0, "curve": "stepped" },
					{ "time": 0.8333, "angle": 0 }
				],
				"translate": [
					{ "time": 0, "x": 0, "y": 0, "curve": "stepped" },
					{
						"time": 0.1,
						"x": 0,
						"y": 0,
						"curve": [ 0, 0.91, 0.75, 1 ]
					},
					{
						"time": 0.2,
						"x": 0,
						"y": 1.86,
						"curve": [ 0.25, 0, 0.75, 1 ]
					},
					{ "time": 0.4333, "x": 0, "y": 0, "curve": "stepped" },
					{ "time": 0.8333, "x": 0, "y": 0 }
				],
				"scale": [
					{ "time": 0, "x": 1, "y": 1, "curve": "stepped" },
					{
						"time": 0.1,
						"x": 1,
						"y": 1,
						"curve": [ 0, 0.91, 0.75, 1 ]
					},
					{
						"time": 0.2,
						"x": 0.951,
						"y": 1.156,
						"curve": [ 0.25, 0, 0.75, 1 ]
					},
					{ "time": 0.4333, "x": 1, "y": 1, "curve": "stepped" },
					{ "time": 0.8333, "x": 1, "y": 1 }
				]
			},
			"loadingworkpigs/plankshadow": {
				"rotate": [
					{
						"time": 0,
						"angle": 0,
						"curve": [ 0.25, 0, 0.75, 1 ]
					},
					{
						"time": 0.4,
						"angle": 4.16,
						"curve": [ 0.25, 0, 0.75, 1 ]
					},
					{ "time": 0.8333, "angle": 0 }
				],
				"translate": [
					{ "time": 0, "x": 0, "y": 0, "curve": "stepped" },
					{ "time": 0.8333, "x": 0, "y": 0 }
				],
				"scale": [
					{ "time": 0, "x": 1, "y": 1, "curve": "stepped" },
					{ "time": 0.8333, "x": 1, "y": 1 }
				]
			},
			"loadingworkpigs/saw": {
				"rotate": [
					{ "time": 0, "angle": 20.04, "curve": "stepped" },
					{ "time": 0.8333, "angle": 20.04 }
				],
				"translate": [
					{
						"time": 0,
						"x": -1.91,
						"y": -12.67,
						"curve": [ 0.883, 0, 0.33, 0.87 ]
					},
					{
						"time": 0.4333,
						"x": 50.19,
						"y": 18.33,
						"curve": [ 0.293, 0.62, 0.624, 0.97 ]
					},
					{ "time": 0.8333, "x": -1.91, "y": -12.67 }
				],
				"scale": [
					{
						"time": 0,
						"x": 1,
						"y": 1,
						"curve": [ 0.25, 0, 0.75, 1 ]
					},
					{
						"time": 0.2333,
						"x": 1.072,
						"y": 0.803,
						"curve": [ 0.25, 0, 0.75, 1 ]
					},
					{
						"time": 0.4333,
						"x": 1,
						"y": 1,
						"curve": [ 0.25, 0, 0.75, 1 ]
					},
					{
						"time": 0.6,
						"x": 1.048,
						"y": 0.896,
						"curve": [ 0.25, 0, 0.75, 1 ]
					},
					{ "time": 0.8333, "x": 1, "y": 1 }
				]
			},
			"loadingworkpigs/shadow": {
				"rotate": [
					{ "time": 0, "angle": 0, "curve": "stepped" },
					{ "time": 0.4333, "angle": 0, "curve": "stepped" },
					{ "time": 0.8333, "angle": 0 }
				],
				"translate": [
					{ "time": 0, "x": 0, "y": 0, "curve": "stepped" },
					{ "time": 0.4333, "x": 0, "y": 0, "curve": "stepped" },
					{ "time": 0.8333, "x": 0, "y": 0 }
				],
				"scale": [
					{ "time": 0, "x": 1, "y": 1, "curve": "stepped" },
					{ "time": 0.4333, "x": 1, "y": 1, "curve": "stepped" },
					{ "time": 0.8333, "x": 1, "y": 1 }
				]
			},
			"loadingworkpigs/shadow2": {
				"scale": [
					{ "time": 0, "x": 1, "y": 1 },
					{ "time": 0.2666, "x": 0.731, "y": 0.731 },
					{ "time": 0.8333, "x": 1, "y": 1 }
				]
			},
			"loadingworkpigs/shadow3": {
				"scale": [
					{
						"time": 0.1666,
						"x": 1,
						"y": 1,
						"curve": [ 0.25, 0, 0.75, 1 ]
					},
					{ "time": 0.4, "x": 1.306, "y": 1.306 },
					{ "time": 0.5666, "x": 0.76, "y": 0.76 }
				]
			},
			"mouth": {
				"rotate": [
					{ "time": 0, "angle": 0, "curve": "stepped" },
					{ "time": 0.7, "angle": 0, "curve": "stepped" },
					{ "time": 0.8333, "angle": 0 }
				],
				"translate": [
					{
						"time": 0,
						"x": 0,
						"y": 0,
						"curve": [ 0.25, 0, 0.75, 1 ]
					},
					{
						"time": 0.2666,
						"x": 0,
						"y": -16.99,
						"curve": [ 0.25, 0, 0.75, 1 ]
					},
					{ "time": 0.7, "x": 0, "y": 0, "curve": "stepped" },
					{ "time": 0.8333, "x": 0, "y": 0 }
				],
				"scale": [
					{
						"time": 0,
						"x": 1,
						"y": 1,
						"curve": [ 0.25, 0, 1, 0.56 ]
					},
					{ "time": 0.1, "x": 1, "y": 0.642 },
					{ "time": 0.1333, "x": 1, "y": 1, "curve": "stepped" },
					{ "time": 0.5666, "x": 1, "y": 1 },
					{
						"time": 0.6,
						"x": 1,
						"y": 0.642,
						"curve": [ 0, 0.56, 0.75, 1 ]
					},
					{ "time": 0.7, "x": 1, "y": 1, "curve": "stepped" },
					{ "time": 0.8333, "x": 1, "y": 1 }
				]
			},
			"mouth2": {
				"rotate": [
					{ "time": 0, "angle": 0, "curve": "stepped" },
					{ "time": 0.4333, "angle": 0, "curve": "stepped" },
					{ "time": 0.8333, "angle": 0 }
				],
				"translate": [
					{
						"time": 0,
						"x": -5.32,
						"y": 3.92,
						"curve": [ 0.599, 0.01, 0.507, 0.98 ]
					},
					{
						"time": 0.4333,
						"x": 4.57,
						"y": -4.69,
						"curve": [ 0.599, 0.01, 0.507, 0.98 ]
					},
					{ "time": 0.8333, "x": -5.32, "y": 3.92 }
				],
				"scale": [
					{ "time": 0, "x": 1, "y": 0.813, "curve": "stepped" },
					{ "time": 0.4333, "x": 1, "y": 0.813, "curve": "stepped" },
					{ "time": 0.8333, "x": 1, "y": 0.813 }
				]
			},
			"nose": {
				"rotate": [
					{ "time": 0, "angle": 0, "curve": "stepped" },
					{ "time": 0.7, "angle": 0, "curve": "stepped" },
					{ "time": 0.8333, "angle": 0 }
				],
				"translate": [
					{
						"time": 0,
						"x": 0,
						"y": 0,
						"curve": [ 0.25, 0, 0.75, 1 ]
					},
					{
						"time": 0.2666,
						"x": 0,
						"y": -12.97,
						"curve": [ 0.25, 0, 0.75, 1 ]
					},
					{ "time": 0.7, "x": 0, "y": 0, "curve": "stepped" },
					{ "time": 0.8333, "x": 0, "y": 0 }
				],
				"scale": [
					{ "time": 0, "x": 1, "y": 1, "curve": "stepped" },
					{ "time": 0.7, "x": 1, "y": 1, "curve": "stepped" },
					{ "time": 0.8333, "x": 1, "y": 1 }
				]
			},
			"nose2": {
				"rotate": [
					{ "time": 0, "angle": 0, "curve": "stepped" },
					{ "time": 0.4333, "angle": 0, "curve": "stepped" },
					{ "time": 0.8333, "angle": 0 }
				],
				"translate": [
					{
						"time": 0,
						"x": -9.18,
						"y": 3.85,
						"curve": [ 0.599, 0.01, 0.507, 0.98 ]
					},
					{
						"time": 0.4333,
						"x": 3.87,
						"y": -4.78,
						"curve": [ 0.599, 0.01, 0.507, 0.98 ]
					},
					{ "time": 0.8333, "x": -9.18, "y": 3.85 }
				],
				"scale": [
					{ "time": 0, "x": 1, "y": 1, "curve": "stepped" },
					{ "time": 0.4333, "x": 1, "y": 1, "curve": "stepped" },
					{ "time": 0.8333, "x": 1, "y": 1 }
				]
			},
			"pig/star": {
				"rotate": [
					{ "time": 0, "angle": 0, "curve": "stepped" },
					{ "time": 0.7, "angle": 0, "curve": "stepped" },
					{ "time": 0.8333, "angle": 0 }
				],
				"translate": [
					{ "time": 0, "x": 0, "y": 0, "curve": "stepped" },
					{ "time": 0.7, "x": 0, "y": 0, "curve": "stepped" },
					{ "time": 0.8333, "x": 0, "y": 0 }
				],
				"scale": [
					{ "time": 0, "x": 1, "y": 1, "curve": "stepped" },
					{ "time": 0.7, "x": 1, "y": 1, "curve": "stepped" },
					{ "time": 0.8333, "x": 1, "y": 1 }
				]
			},
			"pig/star2": {
				"rotate": [
					{ "time": 0, "angle": 0, "curve": "stepped" },
					{ "time": 0.7, "angle": 0, "curve": "stepped" },
					{ "time": 0.8333, "angle": 0 }
				],
				"translate": [
					{ "time": 0, "x": 0, "y": 0, "curve": "stepped" },
					{ "time": 0.7, "x": 0, "y": 0, "curve": "stepped" },
					{ "time": 0.8333, "x": 0, "y": 0 }
				],
				"scale": [
					{ "time": 0, "x": 1, "y": 1, "curve": "stepped" },
					{ "time": 0.7, "x": 1, "y": 1, "curve": "stepped" },
					{ "time": 0.8333, "x": 1, "y": 1 }
				]
			},
			"pig/star3": {
				"rotate": [
					{ "time": 0, "angle": 0, "curve": "stepped" },
					{ "time": 0.7, "angle": 0, "curve": "stepped" },
					{ "time": 0.8333, "angle": 0 }
				],
				"translate": [
					{ "time": 0, "x": 0, "y": 0, "curve": "stepped" },
					{ "time": 0.7, "x": 0, "y": 0, "curve": "stepped" },
					{ "time": 0.8333, "x": 0, "y": 0 }
				],
				"scale": [
					{ "time": 0, "x": 1, "y": 1, "curve": "stepped" },
					{ "time": 0.7, "x": 1, "y": 1, "curve": "stepped" },
					{ "time": 0.8333, "x": 1, "y": 1 }
				]
			},
			"pig/star4": {
				"rotate": [
					{ "time": 0, "angle": 0, "curve": "stepped" },
					{ "time": 0.4333, "angle": 0, "curve": "stepped" },
					{ "time": 0.8333, "angle": 0 }
				],
				"translate": [
					{ "time": 0, "x": 0, "y": 0, "curve": "stepped" },
					{ "time": 0.4333, "x": 0, "y": 0, "curve": "stepped" },
					{ "time": 0.8333, "x": 0, "y": 0 }
				],
				"scale": [
					{ "time": 0, "x": 1, "y": 1, "curve": "stepped" },
					{ "time": 0.4333, "x": 1, "y": 1, "curve": "stepped" },
					{ "time": 0.8333, "x": 1, "y": 1 }
				]
			},
			"pig/star5": {
				"rotate": [
					{ "time": 0, "angle": 0, "curve": "stepped" },
					{ "time": 0.4333, "angle": 0, "curve": "stepped" },
					{ "time": 0.8333, "angle": 0 }
				],
				"translate": [
					{ "time": 0, "x": 0, "y": 0, "curve": "stepped" },
					{ "time": 0.4333, "x": 0, "y": 0, "curve": "stepped" },
					{ "time": 0.8333, "x": 0, "y": 0 }
				],
				"scale": [
					{ "time": 0, "x": 1, "y": 1, "curve": "stepped" },
					{ "time": 0.4333, "x": 1, "y": 1, "curve": "stepped" },
					{ "time": 0.8333, "x": 1, "y": 1 }
				]
			},
			"pig/star6": {
				"rotate": [
					{ "time": 0, "angle": 0, "curve": "stepped" },
					{ "time": 0.4333, "angle": 0, "curve": "stepped" },
					{ "time": 0.8333, "angle": 0 }
				],
				"translate": [
					{ "time": 0, "x": 0, "y": 0, "curve": "stepped" },
					{ "time": 0.4333, "x": 0, "y": 0, "curve": "stepped" },
					{ "time": 0.8333, "x": 0, "y": 0 }
				],
				"scale": [
					{ "time": 0, "x": 1, "y": 1, "curve": "stepped" },
					{ "time": 0.4333, "x": 1, "y": 1, "curve": "stepped" },
					{ "time": 0.8333, "x": 1, "y": 1 }
				]
			},
			"root2": {
				"rotate": [
					{ "time": 0, "angle": 0, "curve": "stepped" },
					{ "time": 0.8333, "angle": 0 }
				],
				"translate": [
					{ "time": 0, "x": 0, "y": 0, "curve": "stepped" },
					{ "time": 0.8333, "x": 0, "y": 0 }
				],
				"scale": [
					{ "time": 0, "x": 1, "y": 1, "curve": "stepped" },
					{ "time": 0.8333, "x": 1, "y": 1 }
				]
			},
			"pig": {
				"rotate": [
					{ "time": 0, "angle": 0, "curve": "stepped" },
					{ "time": 0.7, "angle": 0, "curve": "stepped" },
					{ "time": 0.8333, "angle": 0 }
				],
				"translate": [
					{ "time": 0, "x": 0, "y": 0, "curve": "stepped" },
					{ "time": 0.7, "x": 0, "y": 0, "curve": "stepped" },
					{ "time": 0.8333, "x": 0, "y": 0 }
				],
				"scale": [
					{ "time": 0, "x": 1, "y": 1, "curve": "stepped" },
					{ "time": 0.7, "x": 1, "y": 1, "curve": "stepped" },
					{ "time": 0.8333, "x": 1, "y": 1 }
				]
			},
			"stars": {
				"rotate": [
					{ "time": 0, "angle": 0, "curve": "stepped" },
					{ "time": 0.7, "angle": 0, "curve": "stepped" },
					{ "time": 0.8333, "angle": 0 }
				],
				"translate": [
					{ "time": 0, "x": 0, "y": 0, "curve": "stepped" },
					{ "time": 0.7, "x": 0, "y": 0, "curve": "stepped" },
					{ "time": 0.8333, "x": 0, "y": 0 }
				],
				"scale": [
					{ "time": 0, "x": 1, "y": 1, "curve": "stepped" },
					{ "time": 0.7, "x": 1, "y": 1, "curve": "stepped" },
					{ "time": 0.8333, "x": 1, "y": 1 }
				]
			},
			"star1": {
				"rotate": [
					{ "time": 0, "angle": 0, "curve": "stepped" },
					{ "time": 0.7, "angle": 0, "curve": "stepped" },
					{ "time": 0.8333, "angle": 0 }
				],
				"translate": [
					{ "time": 0, "x": 0, "y": 0, "curve": "stepped" },
					{ "time": 0.7, "x": 0, "y": 0, "curve": "stepped" },
					{ "time": 0.8333, "x": 0, "y": 0 }
				],
				"scale": [
					{ "time": 0, "x": 1, "y": 1, "curve": "stepped" },
					{ "time": 0.7, "x": 1, "y": 1, "curve": "stepped" },
					{ "time": 0.8333, "x": 1, "y": 1 }
				]
			},
			"star2": {
				"rotate": [
					{ "time": 0, "angle": 0, "curve": "stepped" },
					{ "time": 0.7, "angle": 0, "curve": "stepped" },
					{ "time": 0.8333, "angle": 0 }
				],
				"translate": [
					{ "time": 0, "x": 0, "y": 0, "curve": "stepped" },
					{ "time": 0.7, "x": 0, "y": 0, "curve": "stepped" },
					{ "time": 0.8333, "x": 0, "y": 0 }
				],
				"scale": [
					{ "time": 0, "x": 1, "y": 1, "curve": "stepped" },
					{ "time": 0.7, "x": 1, "y": 1, "curve": "stepped" },
					{ "time": 0.8333, "x": 1, "y": 1 }
				]
			},
			"star3": {
				"rotate": [
					{ "time": 0, "angle": 0, "curve": "stepped" },
					{ "time": 0.7, "angle": 0, "curve": "stepped" },
					{ "time": 0.8333, "angle": 0 }
				],
				"translate": [
					{ "time": 0, "x": 0, "y": 0, "curve": "stepped" },
					{ "time": 0.7, "x": 0, "y": 0, "curve": "stepped" },
					{ "time": 0.8333, "x": 0, "y": 0 }
				],
				"scale": [
					{ "time": 0, "x": 1, "y": 1, "curve": "stepped" },
					{ "time": 0.7, "x": 1, "y": 1, "curve": "stepped" },
					{ "time": 0.8333, "x": 1, "y": 1 }
				]
			},
			"pig2": {
				"rotate": [
					{ "time": 0, "angle": 0, "curve": "stepped" },
					{ "time": 0.4333, "angle": 0, "curve": "stepped" },
					{ "time": 0.8333, "angle": 0 }
				],
				"translate": [
					{ "time": 0, "x": 0, "y": 0, "curve": "stepped" },
					{ "time": 0.4333, "x": 0, "y": 0, "curve": "stepped" },
					{ "time": 0.8333, "x": 0, "y": 0 }
				],
				"scale": [
					{ "time": 0, "x": 1, "y": 1, "curve": "stepped" },
					{ "time": 0.4333, "x": 1, "y": 1, "curve": "stepped" },
					{ "time": 0.8333, "x": 1, "y": 1 }
				]
			},
			"star4": {
				"rotate": [
					{ "time": 0, "angle": 0, "curve": "stepped" },
					{ "time": 0.4333, "angle": 0, "curve": "stepped" },
					{ "time": 0.8333, "angle": 0 }
				],
				"translate": [
					{ "time": 0, "x": 0, "y": 0, "curve": "stepped" },
					{ "time": 0.4333, "x": 0, "y": 0, "curve": "stepped" },
					{ "time": 0.8333, "x": 0, "y": 0 }
				],
				"scale": [
					{ "time": 0, "x": 1, "y": 1, "curve": "stepped" },
					{ "time": 0.4333, "x": 1, "y": 1, "curve": "stepped" },
					{ "time": 0.8333, "x": 1, "y": 1 }
				]
			},
			"star5": {
				"rotate": [
					{ "time": 0, "angle": 0, "curve": "stepped" },
					{ "time": 0.4333, "angle": 0, "curve": "stepped" },
					{ "time": 0.8333, "angle": 0 }
				],
				"translate": [
					{ "time": 0, "x": 0, "y": 0, "curve": "stepped" },
					{ "time": 0.4333, "x": 0, "y": 0, "curve": "stepped" },
					{ "time": 0.8333, "x": 0, "y": 0 }
				],
				"scale": [
					{ "time": 0, "x": 1, "y": 1, "curve": "stepped" },
					{ "time": 0.4333, "x": 1, "y": 1, "curve": "stepped" },
					{ "time": 0.8333, "x": 1, "y": 1 }
				]
			},
			"star6": {
				"rotate": [
					{ "time": 0, "angle": 0, "curve": "stepped" },
					{ "time": 0.4333, "angle": 0, "curve": "stepped" },
					{ "time": 0.8333, "angle": 0 }
				],
				"translate": [
					{ "time": 0, "x": 0, "y": 0, "curve": "stepped" },
					{ "time": 0.4333, "x": 0, "y": 0, "curve": "stepped" },
					{ "time": 0.8333, "x": 0, "y": 0 }
				],
				"scale": [
					{ "time": 0, "x": 1, "y": 1, "curve": "stepped" },
					{ "time": 0.4333, "x": 1, "y": 1, "curve": "stepped" },
					{ "time": 0.8333, "x": 1, "y": 1 }
				]
			}
		},
		"deform": {
			"default": {
				"L_ear": {
					"L_ear": [
						{ "time": 0, "curve": "stepped" },
						{ "time": 0.8333 }
					]
				},
				"L_ear2": {
					"L_ear": [
						{ "time": 0, "curve": "stepped" },
						{ "time": 0.8333 }
					]
				},
				"L_eye2": {
					"upper_eyelid": [
						{ "time": 0 },
						{
							"time": 0.1,
							"vertices": [ 8.34701, -1.0E-5, 8.34701, 0, -2.31618, 0, -2.31618 ]
						},
						{ "time": 0.2666, "curve": "stepped" },
						{ "time": 0.4333 },
						{
							"time": 0.6,
							"vertices": [ 8.34701, -1.0E-5, 8.34701, 0, -2.31618, 0, -2.31618 ]
						},
						{ "time": 0.8333 }
					]
				},
				"L_eye3": {
					"down_eyelid": [
						{ "time": 0 },
						{
							"time": 0.1,
							"vertices": [ 1.1581, 0, 1.1581, 0, -4.9132, 0, -4.9132 ]
						},
						{ "time": 0.2666, "curve": "stepped" },
						{ "time": 0.4333 },
						{
							"time": 0.6,
							"vertices": [ 1.1581, 0, 1.1581, 0, -4.9132, 0, -4.9132 ]
						},
						{ "time": 0.8333 }
					]
				},
				"L_eye5": {
					"down_eyelid": [
						{ "time": 0, "curve": "stepped" },
						{ "time": 0.8333 }
					]
				},
				"L_eye6": {
					"upper_eyelid": [
						{ "time": 0, "curve": "stepped" },
						{ "time": 0.8333 }
					]
				},
				"R_ear": {
					"R_ear": [
						{ "time": 0, "curve": "stepped" },
						{ "time": 0.8333 }
					]
				},
				"R_ear2": {
					"R_ear": [
						{ "time": 0, "curve": "stepped" },
						{ "time": 0.8333 }
					]
				},
				"R_eye5lid": {
					"down_eyelid": [
						{ "time": 0 },
						{
							"time": 0.1,
							"vertices": [ 0.70257, 1.0E-5, 0.70257, 0, -6.32318, 0, -6.32318 ]
						},
						{ "time": 0.2, "curve": "stepped" },
						{ "time": 0.4333, "curve": "stepped" },
						{ "time": 0.8333 }
					],
					"downr_eyelid": [
						{ "time": 0, "curve": "stepped" },
						{ "time": 0.8333 }
					]
				},
				"R_eye5lid2": {
					"down_eyelid": [
						{ "time": 0, "curve": "stepped" },
						{ "time": 0.8333 }
					],
					"downr_eyelid": [
						{ "time": 0, "curve": "stepped" },
						{ "time": 0.8333 }
					]
				},
				"R_eyelid": {
					"upper_eyelid": [
						{ "time": 0 },
						{
							"time": 0.1,
							"vertices": [ 11.22002, -1.14848, 11.22002, -1.14849, -0.17564, 0, -0.17564 ]
						},
						{ "time": 0.2, "curve": "stepped" },
						{ "time": 0.4333 },
						{
							"time": 0.6,
							"vertices": [ 11.22002, -1.14848, 11.22002, -1.14849, -0.17564, 0, -0.17564 ]
						},
						{ "time": 0.8333 }
					],
					"up_eyelid": [
						{ "time": 0, "curve": "stepped" },
						{ "time": 0.8333 }
					]
				},
				"R_eyelid2": {
					"up_eyelid": [
						{ "time": 0, "curve": "stepped" },
						{ "time": 0.8333 }
					],
					"upper_eyelid": [
						{ "time": 0, "curve": "stepped" },
						{ "time": 0.8333 }
					]
				},
				"body": {
					"body": [
						{ "time": 0, "curve": "stepped" },
						{ "time": 0.8333 }
					]
				},
				"body2": {
					"body": [
						{ "time": 0, "curve": "stepped" },
						{ "time": 0.8333 }
					]
				},
				"bondage": {
					"bondi": [
						{ "time": 0, "curve": "stepped" },
						{ "time": 0.8333 }
					]
				},
				"bondage2": {
					"bondi": [
						{ "time": 0, "curve": "stepped" },
						{ "time": 0.8333 }
					]
				},
				"cheek_L": {
					"L_cheek": [
						{ "time": 0, "curve": "stepped" },
						{ "time": 0.8333 }
					]
				},
				"cheek_L2": {
					"L_cheek": [
						{
							"time": 0,
							"vertices": [ 2.928, 0, 2.928, -1.0E-5, 2.92799, -1.0E-5, 2.928 ],
							"curve": [ 0.599, 0.01, 0.507, 0.98 ]
						},
						{
							"time": 0.4333,
							"vertices": [ -0.19832, 0.25378, -0.19832, 0.25376, -0.19833, 0.25376, -0.19832, 0.25378 ],
							"curve": [ 0.599, 0.01, 0.507, 0.98 ]
						},
						{
							"time": 0.8333,
							"vertices": [ 2.928, 0, 2.928, -1.0E-5, 2.92799, -1.0E-5, 2.928 ]
						}
					]
				},
				"cheek_R": {
					"R_cheek": [
						{ "time": 0, "curve": "stepped" },
						{ "time": 0.8333 }
					]
				},
				"cheek_R2": {
					"R_cheek": [
						{
							"time": 0,
							"vertices": [ 9.00374, 7.60187, -3.44487, -3.56281, -4.1744, 2.67118, 0.66119, 2.26618 ],
							"curve": [ 0.599, 0.01, 0.507, 0.98 ]
						},
						{
							"time": 0.4333,
							"vertices": [ 1.05871, -2.21776, -6.56056, -3.10934, -7.2901, 3.12464, 0.32918, 4.01623 ],
							"curve": [ 0.599, 0.01, 0.507, 0.98 ]
						},
						{
							"time": 0.8333,
							"vertices": [ 9.00374, 7.60187, -3.44487, -3.56281, -4.1744, 2.67118, 0.66119, 2.26618 ]
						}
					]
				},
				"loadingworkpigs/hammer": {
					"loadingworkpigs/hammer": [
						{
							"time": 0,
							"vertices": [ -4.18979, 9.54408, 0, 0, 0, 0, -1.0E-5, 0, -2.0E-5, 0, 0, 0, -1.0E-5, 0, -1.0E-5, 0, 2.36106, 9.4213 ],
							"curve": [ 0.595, 0, 1, 0.09 ]
						},
						{
							"time": 0.0666,
							"vertices": [ -4.37242, 4.53755, -1.10405, -0.36901, 3.41893, 1.03453, -1.0E-5, 0, -2.0E-5, 0, -2.2144, 12.87146, -6.84192, 11.49794, 2.16602, 4.14164, 0.97687, 5.86367 ]
						},
						{
							"time": 0.2666,
							"vertices": [ 10.26023, -2.98832, 9.34923, 1.34537, -10.60237, 3.33166, -1.0E-5, 0, -2.0E-5, 0, -1.73779, -6.51321, 12.96984, -5.95047, -9.26262, -0.61141, -6.55388, -3.48785 ]
						},
						{
							"time": 0.6666,
							"vertices": [ -4.18979, 9.54408, 0, 0, 0, 0, -1.0E-5, 0, -2.0E-5, 0, 0, 0, -1.0E-5, 0, -1.0E-5, 0, 2.36106, 9.4213 ],
							"curve": "stepped"
						},
						{
							"time": 0.7666,
							"vertices": [ -4.18979, 9.54408, 0, 0, 0, 0, -1.0E-5, 0, -2.0E-5, 0, 0, 0, -1.0E-5, 0, -1.0E-5, 0, 2.36106, 9.4213 ],
							"curve": "stepped"
						},
						{
							"time": 0.8333,
							"vertices": [ -4.18979, 9.54408, 0, 0, 0, 0, -1.0E-5, 0, -2.0E-5, 0, 0, 0, -1.0E-5, 0, -1.0E-5, 0, 2.36106, 9.4213 ]
						}
					]
				},
				"mouth": {
					"mouth": [
						{ "time": 0, "curve": "stepped" },
						{ "time": 0.8333 }
					],
					"mouth07": [
						{ "time": 0, "curve": "stepped" },
						{ "time": 0.8333 }
					]
				},
				"mouth2": {
					"mouth": [
						{ "time": 0, "curve": "stepped" },
						{ "time": 0.8333 }
					],
					"mouth07": [
						{ "time": 0, "curve": "stepped" },
						{ "time": 0.8333 }
					]
				},
				"nose2": {
					"nostril_L": [
						{ "time": 0, "curve": "stepped" },
						{ "time": 0.8333 }
					]
				},
				"nose3": {
					"L_nostril2": [
						{ "time": 0, "curve": "stepped" },
						{ "time": 0.8333 }
					]
				},
				"nose4": {
					"nostril_R": [
						{ "time": 0, "curve": "stepped" },
						{ "time": 0.8333 }
					]
				},
				"nose5": {
					"R_nostril2": [
						{ "time": 0, "curve": "stepped" },
						{ "time": 0.8333 }
					]
				},
				"nose7": {
					"nostril_L": [
						{
							"time": 0,
							"vertices": [ -3.44096, -0.11255, -3.44096, -0.11255, -3.44096, -0.11255, -3.44096, -0.11255 ],
							"curve": [ 0.599, 0.01, 0.507, 0.98 ]
						},
						{
							"time": 0.4333,
							"vertices": [ 0.0643, -0.39683, 0.0643, -0.39683, 0.0643, -0.39683, 0.0643, -0.39683 ],
							"curve": [ 0.599, 0.01, 0.507, 0.98 ]
						},
						{
							"time": 0.8333,
							"vertices": [ -3.44096, -0.11255, -3.44096, -0.11255, -3.44096, -0.11255, -3.44096, -0.11255 ]
						}
					]
				},
				"nose8": {
					"nostril_R": [
						{
							"time": 0,
							"vertices": [ -3.44096, -0.11257, -3.44096, -0.11257, -3.44096, -0.11257, -3.44096, -0.11257 ],
							"curve": [ 0.599, 0.01, 0.507, 0.98 ]
						},
						{
							"time": 0.4333,
							"vertices": [ 0.0643, -0.39685, 0.0643, -0.39685, 0.0643, -0.39685, 0.0643, -0.39685 ],
							"curve": [ 0.599, 0.01, 0.507, 0.98 ]
						},
						{
							"time": 0.8333,
							"vertices": [ -3.44096, -0.11257, -3.44096, -0.11257, -3.44096, -0.11257, -3.44096, -0.11257 ]
						}
					]
				},
				"nose9": {
					"R_nostril2": [
						{
							"time": 0,
							"vertices": [ -1.77593, -0.05826, -1.77593, -0.05826, -1.77593, -0.05826, -1.77593, -0.05826 ],
							"curve": [ 0.599, 0.01, 0.507, 0.98 ]
						},
						{
							"time": 0.4333,
							"vertices": [ -0.45675, -0.16523, -0.45675, -0.16523, -0.45675, -0.16523, -0.45675, -0.16523 ],
							"curve": [ 0.599, 0.01, 0.507, 0.98 ]
						},
						{
							"time": 0.8333,
							"vertices": [ -1.77593, -0.05826, -1.77593, -0.05826, -1.77593, -0.05826, -1.77593, -0.05826 ]
						}
					]
				},
				"nose10": {
					"L_nostril2": [
						{
							"time": 0,
							"vertices": [ -1.77593, -0.05824, -1.77593, -0.05824, -1.77593, -0.05824, -1.77593, -0.05824 ],
							"curve": [ 0.599, 0.01, 0.507, 0.98 ]
						},
						{
							"time": 0.4333,
							"vertices": [ -0.45675, -0.16521, -0.45675, -0.16521, -0.45675, -0.16521, -0.45675, -0.16521 ],
							"curve": [ 0.599, 0.01, 0.507, 0.98 ]
						},
						{
							"time": 0.8333,
							"vertices": [ -1.77593, -0.05824, -1.77593, -0.05824, -1.77593, -0.05824, -1.77593, -0.05824 ]
						}
					]
				},
				"tongue": {
					"tongue": [
						{ "time": 0, "curve": "stepped" },
						{ "time": 0.8333 }
					]
				},
				"tongue2": {
					"tongue": [
						{
							"time": 0,
							"vertices": [ 22.4296, 88.22813, 17.74435, 19.369, 0.65244, 26.44162, 10.07871, 87.41031 ],
							"curve": [ 0.599, 0.01, 0.507, 0.98 ]
						},
						{
							"time": 0.4333,
							"vertices": [ 24.57127, 91.6485, 21.38704, 19.85488, 0.65244, 26.44162, 10.07871, 87.41031 ],
							"curve": [ 0.599, 0.01, 0.507, 0.98 ]
						},
						{
							"time": 0.8333,
							"vertices": [ 22.4296, 88.22813, 17.74435, 19.369, 0.65244, 26.44162, 10.07871, 87.41031 ]
						}
					]
				},
				"tooth": {
					"teeth": [
						{ "time": 0, "curve": "stepped" },
						{ "time": 0.8333 }
					]
				},
				"tooth1": {
					"tooth": [
						{ "time": 0, "curve": "stepped" },
						{ "time": 0.8333 }
					]
				},
				"tooth2": {
					"tooth": [
						{ "time": 0, "curve": "stepped" },
						{ "time": 0.8333 }
					]
				},
				"tooth3": {
					"tooth": [
						{ "time": 0, "curve": "stepped" },
						{ "time": 0.8333 }
					]
				},
				"tooth4": {
					"teeth": [
						{ "time": 0, "curve": "stepped" },
						{ "time": 0.8333 }
					]
				},
				"tooth5": {
					"tooth": [
						{ "time": 0, "curve": "stepped" },
						{ "time": 0.8333 }
					]
				},
				"tooth6": {
					"tooth": [
						{ "time": 0, "curve": "stepped" },
						{ "time": 0.8333 }
					]
				},
				"tooth7": {
					"tooth": [
						{ "time": 0, "curve": "stepped" },
						{ "time": 0.8333 }
					]
				},
				"tooth8": {
					"tooth": [
						{ "time": 0, "curve": "stepped" },
						{ "time": 0.8333 }
					]
				},
				"tooth9": {
					"tooth": [
						{ "time": 0, "curve": "stepped" },
						{ "time": 0.8333 }
					]
				},
				"tooth10": {
					"tooth": [
						{ "time": 0, "curve": "stepped" },
						{ "time": 0.8333 }
					]
				},
				"tooth11": {
					"tooth": [
						{ "time": 0, "curve": "stepped" },
						{ "time": 0.8333 }
					]
				},
				"tooth12": {
					"tooth": [
						{ "time": 0, "curve": "stepped" },
						{ "time": 0.8333 }
					]
				},
				"tooth13": {
					"tooth": [
						{ "time": 0, "curve": "stepped" },
						{ "time": 0.8333 }
					]
				}
			}
		},
		"drawOrder": [
			{
				"time": 0,
				"offsets": [
					{ "slot": "loadingworkpigs/saw", "offset": -71 }
				]
			},
			{
				"time": 0.8333,
				"offsets": [
					{ "slot": "loadingworkpigs/saw", "offset": -71 }
				]
			}
		]
	}
}
}