{
"skeleton": { "hash": "RbDFWwz3De/YHR2qooq7FM7uXVU", "spine": "3.4.02", "width": 0, "height": 0, "images": "./picture/" },
"bones": [
	{ "name": "root" },
	{ "name": "root2", "parent": "root" },
	{ "name": "Balloon", "parent": "root2", "x": 2.1, "y": 53.09 },
	{ "name": "L_chip", "parent": "Balloon", "length": 28.29, "rotation": 127.65, "x": -56.07, "y": 13.42 },
	{ "name": "R_chip", "parent": "Balloon", "length": 34.65, "rotation": -40.6, "x": 53.44, "y": -81.23 },
	{ "name": "balloon", "parent": "Balloon", "x": -1.05, "y": -113.13, "color": "9b9898ff" },
	{
		"name": "balloon/light1",
		"parent": "Balloon",
		"length": 34.84,
		"rotation": 104.82,
		"x": 23.09,
		"y": -190.91,
		"scaleX": 1.22,
		"scaleY": 1.4
	},
	{
		"name": "balloon/light2",
		"parent": "Balloon",
		"length": 34.84,
		"rotation": 121.78,
		"x": 75.43,
		"y": -142.17,
		"scaleX": 0.92,
		"scaleY": 0.97
	},
	{
		"name": "balloon/light3",
		"parent": "Balloon",
		"length": 34.84,
		"rotation": 140.25,
		"x": 105.31,
		"y": -106.42,
		"scaleX": 1.13,
		"scaleY": 1.06
	},
	{
		"name": "balloon/light4",
		"parent": "Balloon",
		"length": 34.84,
		"rotation": 202.58,
		"x": 115.7,
		"y": -3.42,
		"scaleX": 1.18,
		"scaleY": 1.01
	},
	{
		"name": "balloon/light5",
		"parent": "Balloon",
		"length": 34.84,
		"rotation": 219.45,
		"x": 74.63,
		"y": 31.99,
		"scaleX": 0.67,
		"scaleY": 0.75
	},
	{
		"name": "balloon/light6",
		"parent": "Balloon",
		"length": 34.84,
		"rotation": 273.04,
		"x": -11.63,
		"y": 70.19,
		"scaleX": 0.89,
		"scaleY": 0.68
	},
	{ "name": "balloon/light7", "parent": "Balloon", "length": 34.84, "rotation": 307.42, "x": -60.97, "y": 55.82, "scaleX": 1.01 },
	{
		"name": "balloon/light8",
		"parent": "Balloon",
		"length": 34.84,
		"rotation": 316.07,
		"x": -87.65,
		"y": 13.39,
		"scaleX": 0.8,
		"scaleY": 0.81
	},
	{
		"name": "balloon/light9",
		"parent": "Balloon",
		"length": 34.84,
		"rotation": 54.5,
		"x": -41.05,
		"y": -131.28,
		"scaleX": 0.662,
		"scaleY": 0.959
	},
	{ "name": "chip01", "parent": "Balloon", "x": 19.59, "y": -69.12 },
	{ "name": "chip1", "parent": "chip01", "x": -1.48, "y": 21.14 },
	{ "name": "chip02", "parent": "Balloon", "x": -17.5, "y": -63.92 },
	{ "name": "chip2", "parent": "chip02", "x": 0.37, "y": 24.85 },
	{ "name": "chip04", "parent": "Balloon", "x": -0.93, "y": -60.51 },
	{ "name": "chip4", "parent": "chip04", "rotation": 22.42, "x": -0.14, "y": 14.01, "scaleX": 0.721, "scaleY": 0.721 }
],
"slots": [
	{ "name": "red/red_bg", "bone": "balloon", "attachment": "balloon/red_bg" },
	{ "name": "red", "bone": "root2", "attachment": "balloon/red_body" },
	{ "name": "L_chip", "bone": "L_chip" },
	{ "name": "R_chip", "bone": "R_chip" },
	{ "name": "chip04", "bone": "chip4" },
	{ "name": "chip01", "bone": "chip1" },
	{ "name": "chip02", "bone": "chip2" },
	{ "name": "red/red_line", "bone": "balloon", "attachment": "balloon/red_line" },
	{ "name": "red/flash", "bone": "balloon", "attachment": "balloon/flash" },
	{ "name": "balloon/light1", "bone": "balloon/light1" },
	{ "name": "balloon/light2", "bone": "balloon/light2" },
	{ "name": "balloon/light3", "bone": "balloon/light3" },
	{ "name": "balloon/light4", "bone": "balloon/light4" },
	{ "name": "balloon/light5", "bone": "balloon/light5" },
	{ "name": "balloon/light6", "bone": "balloon/light6" },
	{ "name": "balloon/light7", "bone": "balloon/light7" },
	{ "name": "balloon/light8", "bone": "balloon/light8" },
	{ "name": "balloon/light9", "bone": "balloon/light9" }
],
"skins": {
	"default": {
		"L_chip": {
			"balloon/R1": { "x": 4.42, "y": -3.29, "rotation": -173.87, "width": 60, "height": 165 }
		},
		"R_chip": {
			"balloon/R2": { "x": -3.72, "y": -3.92, "rotation": -4.83, "width": 86, "height": 191 }
		},
		"balloon/light1": {
			"balloon/light2": { "x": 17.75, "y": 0.33, "rotation": -89.89, "width": 12, "height": 35 }
		},
		"balloon/light2": {
			"balloon/light2": { "x": 17.75, "y": 0.33, "rotation": -89.89, "width": 12, "height": 35 }
		},
		"balloon/light3": {
			"balloon/light2": { "x": 17.75, "y": 0.33, "rotation": -89.89, "width": 12, "height": 35 }
		},
		"balloon/light4": {
			"balloon/light2": { "x": 17.75, "y": 0.33, "rotation": -89.89, "width": 12, "height": 35 }
		},
		"balloon/light5": {
			"balloon/light2": { "x": 17.75, "y": 0.33, "rotation": -89.89, "width": 12, "height": 35 }
		},
		"balloon/light6": {
			"balloon/light2": { "x": 17.75, "y": 0.33, "rotation": -89.89, "width": 12, "height": 35 }
		},
		"balloon/light7": {
			"balloon/light2": { "x": 17.75, "y": 0.33, "rotation": -89.89, "width": 12, "height": 35 }
		},
		"balloon/light8": {
			"balloon/light2": { "x": 17.75, "y": 0.33, "rotation": -89.89, "width": 12, "height": 35 }
		},
		"balloon/light9": {
			"balloon/light2": { "x": 17.75, "y": 0.33, "rotation": -89.89, "width": 12, "height": 35 }
		},
		"chip01": {
			"balloon/R3": { "x": -0.7, "y": -4.24, "scaleX": 0.818, "scaleY": 0.818, "rotation": -102.43, "width": 38, "height": 45 }
		},
		"chip02": {
			"balloon/R5": { "x": -4.65, "y": -2.05, "scaleX": 0.882, "scaleY": 0.882, "rotation": -135.47, "width": 41, "height": 42 }
		},
		"chip04": {
			"balloon/R4": { "x": -0.75, "y": -5.73, "scaleX": 1.154, "scaleY": 1.154, "rotation": 57.89, "width": 30, "height": 36 }
		},
		"red": {
			"balloon/red_body": { "x": -2.41, "y": -10.03, "scaleX": 0.346, "scaleY": 0.346, "width": 242, "height": 246 }
		},
		"red/flash": {
			"balloon/flash": {
				"type": "mesh",
				"uvs": [ 1, 1, 0, 1, 0, 0, 1, 0 ],
				"triangles": [ 1, 2, 3, 1, 3, 0 ],
				"vertices": [ 35.38, 79.83, 11.51, 79.82, 11.5, 101.26, 35.37, 101.27 ],
				"hull": 4,
				"edges": [ 0, 2, 2, 4, 4, 6, 0, 6 ],
				"width": 59,
				"height": 53
			}
		},
		"red/red_bg": {
			"balloon/red_bg": { "x": -1.98, "y": 52.81, "scaleX": 0.507, "scaleY": 0.507, "width": 250, "height": 250 }
		},
		"red/red_line": {
			"balloon/red_line": { "x": -1.86, "y": 51.51, "scaleX": 0.507, "scaleY": 0.507, "width": 250, "height": 250 }
		}
	}
},
"animations": {
	"run": {
		"slots": {
			"L_chip": {
				"color": [
					{ "time": 0, "color": "ffffffff", "curve": "stepped" },
					{
						"time": 0.1,
						"color": "ffffffff",
						"curve": [ 0.862, 0, 0.75, 1 ]
					},
					{ "time": 0.2, "color": "ffffff00" }
				],
				"attachment": [
					{ "time": 0, "name": null },
					{ "time": 0.1, "name": "balloon/R1" },
					{ "time": 0.2, "name": null }
				]
			},
			"R_chip": {
				"color": [
					{ "time": 0, "color": "ffffffff", "curve": "stepped" },
					{
						"time": 0.1,
						"color": "ffffffff",
						"curve": [ 0.862, 0, 0.75, 1 ]
					},
					{ "time": 0.2, "color": "ffffff00" }
				],
				"attachment": [
					{ "time": 0, "name": null },
					{ "time": 0.1, "name": "balloon/R2" },
					{ "time": 0.2, "name": null }
				]
			},
			"balloon/light1": {
				"color": [
					{ "time": 0, "color": "ffffffff", "curve": "stepped" },
					{
						"time": 0.1666,
						"color": "ffffffff",
						"curve": [ 0.25, 0, 0.75, 1 ]
					},
					{ "time": 0.2333, "color": "ffffff00" }
				],
				"attachment": [
					{ "time": 0, "name": null },
					{ "time": 0.1, "name": "balloon/light2" },
					{ "time": 0.2333, "name": null }
				]
			},
			"balloon/light2": {
				"color": [
					{ "time": 0, "color": "ffffffff", "curve": "stepped" },
					{
						"time": 0.1666,
						"color": "ffffffff",
						"curve": [ 0.25, 0, 0.75, 1 ]
					},
					{ "time": 0.2333, "color": "ffffff00" }
				],
				"attachment": [
					{ "time": 0, "name": null },
					{ "time": 0.1, "name": "balloon/light2" },
					{ "time": 0.2333, "name": null }
				]
			},
			"balloon/light3": {
				"color": [
					{ "time": 0, "color": "ffffffff", "curve": "stepped" },
					{
						"time": 0.1666,
						"color": "ffffffff",
						"curve": [ 0.25, 0, 0.75, 1 ]
					},
					{ "time": 0.2333, "color": "ffffff00" }
				],
				"attachment": [
					{ "time": 0, "name": null },
					{ "time": 0.1, "name": "balloon/light2" },
					{ "time": 0.2333, "name": null }
				]
			},
			"balloon/light4": {
				"color": [
					{ "time": 0, "color": "ffffffff", "curve": "stepped" },
					{
						"time": 0.1666,
						"color": "ffffffff",
						"curve": [ 0.25, 0, 0.75, 1 ]
					},
					{ "time": 0.2333, "color": "ffffff00" }
				],
				"attachment": [
					{ "time": 0, "name": null },
					{ "time": 0.1, "name": "balloon/light2" },
					{ "time": 0.2333, "name": null }
				]
			},
			"balloon/light5": {
				"color": [
					{ "time": 0, "color": "ffffffff", "curve": "stepped" },
					{
						"time": 0.1666,
						"color": "ffffffff",
						"curve": [ 0.25, 0, 0.75, 1 ]
					},
					{ "time": 0.2333, "color": "ffffff00" }
				],
				"attachment": [
					{ "time": 0, "name": null },
					{ "time": 0.1, "name": "balloon/light2" },
					{ "time": 0.2333, "name": null }
				]
			},
			"balloon/light6": {
				"color": [
					{ "time": 0, "color": "ffffffff", "curve": "stepped" },
					{
						"time": 0.1666,
						"color": "ffffffff",
						"curve": [ 0.25, 0, 0.75, 1 ]
					},
					{ "time": 0.2333, "color": "ffffff00" }
				],
				"attachment": [
					{ "time": 0, "name": null },
					{ "time": 0.1, "name": "balloon/light2" },
					{ "time": 0.2333, "name": null }
				]
			},
			"balloon/light7": {
				"color": [
					{ "time": 0, "color": "ffffffff", "curve": "stepped" },
					{
						"time": 0.1666,
						"color": "ffffffff",
						"curve": [ 0.25, 0, 0.75, 1 ]
					},
					{ "time": 0.2333, "color": "ffffff00" }
				],
				"attachment": [
					{ "time": 0, "name": null },
					{ "time": 0.1, "name": "balloon/light2" },
					{ "time": 0.2333, "name": null }
				]
			},
			"balloon/light8": {
				"color": [
					{ "time": 0, "color": "ffffffff", "curve": "stepped" },
					{
						"time": 0.1666,
						"color": "ffffffff",
						"curve": [ 0.25, 0, 0.75, 1 ]
					},
					{ "time": 0.2333, "color": "ffffff00" }
				],
				"attachment": [
					{ "time": 0, "name": null },
					{ "time": 0.1, "name": "balloon/light2" },
					{ "time": 0.2333, "name": null }
				]
			},
			"balloon/light9": {
				"color": [
					{ "time": 0, "color": "ffffffff", "curve": "stepped" },
					{
						"time": 0.1666,
						"color": "ffffffff",
						"curve": [ 0.25, 0, 0.75, 1 ]
					},
					{ "time": 0.2333, "color": "ffffff00" }
				],
				"attachment": [
					{ "time": 0, "name": null },
					{ "time": 0.1, "name": "balloon/light2" },
					{ "time": 0.2333, "name": null }
				]
			},
			"chip01": {
				"color": [
					{ "time": 0, "color": "ffffffff", "curve": "stepped" },
					{ "time": 0.1, "color": "ffffffff" },
					{ "time": 0.4, "color": "ffffff86" }
				],
				"attachment": [
					{ "time": 0, "name": null },
					{ "time": 0.1, "name": "balloon/R3" },
					{ "time": 0.4, "name": null }
				]
			},
			"chip02": {
				"color": [
					{ "time": 0, "color": "ffffffff", "curve": "stepped" },
					{ "time": 0.2666, "color": "ffffffff" },
					{ "time": 0.4, "color": "ffffff00" }
				],
				"attachment": [
					{ "time": 0, "name": null },
					{ "time": 0.1, "name": "balloon/R5" },
					{ "time": 0.4, "name": null }
				]
			},
			"chip04": {
				"color": [
					{ "time": 0, "color": "ffffffff", "curve": "stepped" },
					{ "time": 0.2666, "color": "ffffffff" },
					{ "time": 0.4, "color": "ffffff00" }
				],
				"attachment": [
					{ "time": 0, "name": null },
					{ "time": 0.1, "name": "balloon/R4" },
					{ "time": 0.4, "name": null }
				]
			},
			"red": {
				"attachment": [
					{ "time": 0, "name": "balloon/red_body" },
					{ "time": 0.1, "name": null }
				]
			},
			"red/flash": {
				"color": [
					{ "time": 0, "color": "ffffffff" }
				],
				"attachment": [
					{ "time": 0, "name": "balloon/flash" },
					{ "time": 0.1, "name": null }
				]
			},
			"red/red_bg": {
				"color": [
					{ "time": 0, "color": "ffffffff" }
				],
				"attachment": [
					{ "time": 0, "name": "balloon/red_bg" },
					{ "time": 0.1, "name": null }
				]
			},
			"red/red_line": {
				"color": [
					{ "time": 0, "color": "ffffffff" }
				],
				"attachment": [
					{ "time": 0, "name": "balloon/red_line" },
					{ "time": 0.1, "name": null }
				]
			}
		},
		"bones": {
			"balloon": {
				"rotate": [
					{ "time": 0, "angle": 0 }
				],
				"translate": [
					{
						"time": 0,
						"x": 0,
						"y": 0,
						"curve": [ 0.466, 0, 1, 0.79 ]
					},
					{ "time": 0.1, "x": 0.59, "y": -9.46 }
				],
				"scale": [
					{
						"time": 0,
						"x": 1,
						"y": 1,
						"curve": [ 0.47, 0, 1, 0.8 ]
					},
					{ "time": 0.1, "x": 1.507, "y": 1.456 }
				]
			},
			"root2": {
				"rotate": [
					{ "time": 0, "angle": 0 }
				],
				"translate": [
					{ "time": 0, "x": 0, "y": 0 }
				],
				"scale": [
					{ "time": 0, "x": 1, "y": 1 }
				]
			},
			"L_chip": {
				"rotate": [
					{ "time": 0, "angle": 0 }
				],
				"translate": [
					{ "time": 0, "x": 4.5, "y": -19.19, "curve": "stepped" },
					{
						"time": 0.1,
						"x": 4.5,
						"y": -19.19,
						"curve": [ 0, 0, 0.443, 0.99 ]
					},
					{ "time": 0.2, "x": -21.71, "y": 6.58 }
				],
				"scale": [
					{ "time": 0, "x": 0.855, "y": 0.855, "curve": "stepped" },
					{
						"time": 0.1,
						"x": 0.855,
						"y": 0.855,
						"curve": [ 0.281, 0, 0.754, 0.99 ]
					},
					{ "time": 0.2, "x": 0.425, "y": 0.896 }
				]
			},
			"R_chip": {
				"rotate": [
					{ "time": 0, "angle": 0 }
				],
				"translate": [
					{ "time": 0, "x": -9.86, "y": -4.9, "curve": "stepped" },
					{
						"time": 0.1,
						"x": -9.86,
						"y": -4.9,
						"curve": [ 0, 0, 0.688, 0.99 ]
					},
					{ "time": 0.2, "x": 20.19, "y": -37.27 }
				],
				"scale": [
					{ "time": 0, "x": 0.855, "y": 0.855, "curve": "stepped" },
					{
						"time": 0.1,
						"x": 0.855,
						"y": 0.855,
						"curve": [ 0.217, 0, 0.476, 0.97 ]
					},
					{ "time": 0.2, "x": 0.493, "y": 0.98 }
				]
			},
			"chip1": {
				"rotate": [
					{ "time": 0, "angle": 0, "curve": "stepped" },
					{
						"time": 0.1,
						"angle": 0,
						"curve": [ 0.445, 0.23, 0.75, 1 ]
					},
					{
						"time": 0.2666,
						"angle": -138.71,
						"curve": [ 0.2, 0.3, 0.581, 0.63 ]
					},
					{ "time": 0.4, "angle": 147.14 }
				],
				"translate": [
					{
						"time": 0,
						"x": 0,
						"y": 0,
						"curve": [ 0.367, 0, 0.604, 0.59 ]
					},
					{
						"time": 0.1,
						"x": -47.39,
						"y": -6.77,
						"curve": [ 0.138, 0.4, 0.603, 0.93 ]
					},
					{
						"time": 0.2666,
						"x": 0,
						"y": 185.97,
						"curve": [ 0.299, -0.37, 0.642, -0.01 ]
					},
					{ "time": 0.4, "x": -3.57, "y": 178.29 }
				],
				"scale": [
					{ "time": 0, "x": 1, "y": 1, "curve": "stepped" },
					{ "time": 0.1, "x": 1, "y": 1 },
					{ "time": 0.4, "x": 1.104, "y": 1.104 }
				]
			},
			"chip2": {
				"rotate": [
					{ "time": 0, "angle": 0, "curve": "stepped" },
					{
						"time": 0.1,
						"angle": 0,
						"curve": [ 0.229, 0.39, 0.547, 0.79 ]
					},
					{
						"time": 0.2666,
						"angle": 63.24,
						"curve": [ 0, 0, 0.408, 0.43 ]
					},
					{ "time": 0.4, "angle": 113.16 }
				],
				"translate": [
					{ "time": 0, "x": 32.81, "y": 16.66, "curve": "stepped" },
					{
						"time": 0.1,
						"x": 32.81,
						"y": 16.66,
						"curve": [ 0.229, 0.39, 0.547, 0.79 ]
					},
					{
						"time": 0.2666,
						"x": 4.64,
						"y": 12.25,
						"curve": [ 0.292, 0.05, 0.651, 0.47 ]
					},
					{ "time": 0.4, "x": 28.97, "y": -18.31 }
				],
				"scale": [
					{ "time": 0, "x": 1, "y": 1 }
				]
			},
			"chip01": {
				"rotate": [
					{ "time": 0, "angle": 0 }
				],
				"translate": [
					{ "time": 0, "x": 0, "y": 0, "curve": "stepped" },
					{ "time": 0.1, "x": 0, "y": 0 },
					{ "time": 0.4, "x": 378.1, "y": 0 }
				],
				"scale": [
					{ "time": 0, "x": 1, "y": 1 }
				]
			},
			"chip02": {
				"rotate": [
					{ "time": 0, "angle": 0, "curve": "stepped" },
					{ "time": 0.4, "angle": 0 }
				],
				"translate": [
					{ "time": 0, "x": 0, "y": 0, "curve": "stepped" },
					{
						"time": 0.1,
						"x": 0,
						"y": 0,
						"curve": [ 0, 0.02, 0.811, 0.97 ]
					},
					{
						"time": 0.2666,
						"x": -184.02,
						"y": 0,
						"curve": [ 0.219, 0.12, 0.596, 0.52 ]
					},
					{ "time": 0.4, "x": -306.3, "y": 0 }
				],
				"scale": [
					{ "time": 0, "x": 1, "y": 1 }
				]
			},
			"chip4": {
				"rotate": [
					{ "time": 0, "angle": 0, "curve": "stepped" },
					{
						"time": 0.1,
						"angle": 0,
						"curve": [ 0, 0, 0.457, 0.55 ]
					},
					{ "time": 0.4, "angle": 121.66 }
				],
				"translate": [
					{ "time": 0, "x": 17.7, "y": -17.7, "curve": "stepped" },
					{
						"time": 0.1,
						"x": 17.7,
						"y": -17.7,
						"curve": [ 0.169, 0.5, 0.557, 0.82 ]
					},
					{ "time": 0.4, "x": 2.6, "y": 332.88 }
				],
				"scale": [
					{ "time": 0, "x": 1, "y": 1, "curve": "stepped" },
					{
						"time": 0.1,
						"x": 1,
						"y": 1,
						"curve": [ 0.27, 0, 0.617, 0.54 ]
					},
					{ "time": 0.4, "x": 0.655, "y": 0.655 }
				]
			},
			"chip04": {
				"rotate": [
					{ "time": 0, "angle": 0 }
				],
				"translate": [
					{ "time": 0, "x": 0, "y": 0, "curve": "stepped" },
					{ "time": 0.1, "x": 0, "y": 0 },
					{ "time": 0.4, "x": -104.7, "y": 0 }
				],
				"scale": [
					{ "time": 0, "x": 1, "y": 1 }
				]
			},
			"balloon/light1": {
				"rotate": [
					{ "time": 0, "angle": 0 }
				],
				"translate": [
					{ "time": 0, "x": 0, "y": 0, "curve": "stepped" },
					{
						"time": 0.1,
						"x": 0,
						"y": 0,
						"curve": [ 0, 0, 0.404, 0.99 ]
					},
					{ "time": 0.2333, "x": 7.09, "y": -26.81 }
				],
				"scale": [
					{ "time": 0, "x": 1, "y": 1 },
					{
						"time": 0.1,
						"x": 1.266,
						"y": 0.916,
						"curve": [ 0, 0, 0.75, 1 ]
					},
					{ "time": 0.1666, "x": 1.411, "y": 1.326 },
					{ "time": 0.2333, "x": 0.678, "y": 1.584 }
				]
			},
			"balloon/light2": {
				"rotate": [
					{ "time": 0, "angle": 0 }
				],
				"translate": [
					{ "time": 0, "x": 0, "y": 0, "curve": "stepped" },
					{
						"time": 0.1,
						"x": 0,
						"y": 0,
						"curve": [ 0, 0, 0.192, 0.99 ]
					},
					{ "time": 0.2333, "x": 28.66, "y": -46.26 }
				],
				"scale": [
					{ "time": 0, "x": 1, "y": 1 },
					{
						"time": 0.1,
						"x": 1.18,
						"y": 1,
						"curve": [ 0, 0.01, 0.75, 1 ]
					},
					{ "time": 0.1666, "x": 2.104, "y": 1 },
					{ "time": 0.2333, "x": 0.853, "y": 1.579 }
				]
			},
			"balloon/light3": {
				"rotate": [
					{ "time": 0, "angle": 0 }
				],
				"translate": [
					{ "time": 0, "x": 0, "y": 0, "curve": "stepped" },
					{
						"time": 0.1,
						"x": 0,
						"y": 0,
						"curve": [ 0, 0, 0.404, 1 ]
					},
					{ "time": 0.2333, "x": 28.26, "y": -23.49 }
				],
				"scale": [
					{ "time": 0, "x": 1, "y": 1 },
					{
						"time": 0.1,
						"x": 1.269,
						"y": 1,
						"curve": [ 0, 0.01, 0.344, 1 ]
					},
					{ "time": 0.1666, "x": 1.581, "y": 1.34 },
					{ "time": 0.2333, "x": 0.623, "y": 1.795 }
				]
			},
			"balloon/light4": {
				"rotate": [
					{ "time": 0, "angle": 0 }
				],
				"translate": [
					{ "time": 0, "x": 0, "y": 0, "curve": "stepped" },
					{
						"time": 0.1,
						"x": 0,
						"y": 0,
						"curve": [ 0, 0, 0.067, 0.99 ]
					},
					{ "time": 0.2333, "x": 70.28, "y": 29.22 }
				],
				"scale": [
					{ "time": 0, "x": 1, "y": 1 },
					{
						"time": 0.1,
						"x": 1.128,
						"y": 1,
						"curve": [ 0.004, 0, 0.27, 0.98 ]
					},
					{ "time": 0.1666, "x": 2.065, "y": 1.319 },
					{ "time": 0.2333, "x": 0.916, "y": 1.553 }
				]
			},
			"balloon/light5": {
				"rotate": [
					{ "time": 0, "angle": 0 }
				],
				"translate": [
					{ "time": 0, "x": 0, "y": 0, "curve": "stepped" },
					{
						"time": 0.1,
						"x": 0,
						"y": 0,
						"curve": [ 0, 0, 0.75, 1 ]
					},
					{ "time": 0.2333, "x": 32.53, "y": 26.77 }
				],
				"scale": [
					{ "time": 0, "x": 1, "y": 1 },
					{
						"time": 0.1,
						"x": 0.838,
						"y": 1.086,
						"curve": [ 0, 0, 0.75, 1 ]
					},
					{ "time": 0.1666, "x": 1.303, "y": 1.128 },
					{ "time": 0.2333, "x": 0.662, "y": 1.732 }
				]
			},
			"balloon/light6": {
				"rotate": [
					{ "time": 0, "angle": 0 }
				],
				"translate": [
					{ "time": 0, "x": 0, "y": 0, "curve": "stepped" },
					{
						"time": 0.1,
						"x": 0,
						"y": 0,
						"curve": [ 0, 0, 0.21, 1 ]
					},
					{ "time": 0.2333, "x": -2.31, "y": 43.55 }
				],
				"scale": [
					{ "time": 0, "x": 1, "y": 1 },
					{
						"time": 0.1,
						"x": 0.87,
						"y": 1.467,
						"curve": [ 0, 0, 0.169, 0.99 ]
					},
					{ "time": 0.1666, "x": 1.125, "y": 1.818 },
					{ "time": 0.2333, "x": 0.655, "y": 2.189 }
				]
			},
			"balloon/light7": {
				"rotate": [
					{ "time": 0, "angle": 0 }
				],
				"translate": [
					{ "time": 0, "x": 0, "y": 0, "curve": "stepped" },
					{
						"time": 0.1,
						"x": 0,
						"y": 0,
						"curve": [ 0, 0, 0.063, 1 ]
					},
					{ "time": 0.2, "x": -51.95, "y": 67.87 }
				],
				"scale": [
					{ "time": 0, "x": 1, "y": 1, "curve": "stepped" },
					{
						"time": 0.1,
						"x": 1,
						"y": 1,
						"curve": [ 0, 0, 0.275, 0.99 ]
					},
					{ "time": 0.1666, "x": 2.282, "y": 1.716 },
					{ "time": 0.2333, "x": 1.257, "y": 1.438 }
				]
			},
			"balloon/light8": {
				"rotate": [
					{ "time": 0, "angle": 0 }
				],
				"translate": [
					{ "time": 0, "x": 0, "y": 0, "curve": "stepped" },
					{
						"time": 0.1,
						"x": 0,
						"y": 0,
						"curve": [ 0, 0, 0.266, 1 ]
					},
					{ "time": 0.2333, "x": -41.1, "y": 39.57 }
				],
				"scale": [
					{ "time": 0, "x": 1, "y": 1, "curve": "stepped" },
					{
						"time": 0.1,
						"x": 1,
						"y": 1,
						"curve": [ 0, 0, 0.75, 1 ]
					},
					{ "time": 0.1666, "x": 1.613, "y": 1.39 },
					{ "time": 0.2333, "x": 0.905, "y": 1.235 }
				]
			},
			"balloon/light9": {
				"rotate": [
					{ "time": 0, "angle": 0 }
				],
				"translate": [
					{ "time": 0, "x": 0, "y": 0, "curve": "stepped" },
					{
						"time": 0.1,
						"x": 0,
						"y": 0,
						"curve": [ 0, 0, 0.565, 1 ]
					},
					{ "time": 0.2333, "x": -19.16, "y": -26.87 }
				],
				"scale": [
					{ "time": 0, "x": 1, "y": 1, "curve": "stepped" },
					{
						"time": 0.1,
						"x": 1,
						"y": 1,
						"curve": [ 0, 0, 0.75, 1 ]
					},
					{ "time": 0.1666, "x": 1.681, "y": 1.326 },
					{ "time": 0.2333, "x": 0.742, "y": 1.915 }
				]
			},
			"root": {
				"rotate": [
					{ "time": 0, "angle": 0 }
				],
				"translate": [
					{ "time": 0, "x": 0, "y": 0 }
				],
				"scale": [
					{ "time": 0, "x": 1, "y": 1 }
				]
			},
			"Balloon": {
				"rotate": [
					{ "time": 0, "angle": 0 }
				],
				"translate": [
					{ "time": 0, "x": 0, "y": 0 }
				],
				"scale": [
					{ "time": 0, "x": 1, "y": 1 }
				]
			}
		},
		"deform": {
			"default": {
				"red/flash": {
					"balloon/flash": [
						{
							"time": 0,
							"curve": [ 0.47, 0, 1, 0.8 ]
						},
						{
							"time": 0.1,
							"vertices": [ 2.86683, 0.45179, 1.02836, 11.81448, 2.87536, 3.4888, 4.71381, -7.87387 ]
						}
					]
				}
			}
		}
	}
}
}