{
"skeleton": { "hash": "Lcun2dDk3FCTe2DhuS3d7GZxeXg", "spine": "3.4.02", "width": 0, "height": 0, "images": "./picture/" },
"bones": [
	{ "name": "root" },
	{ "name": "bulbs", "parent": "root" },
	{ "name": "bulb/light", "parent": "bulbs", "x": 1.04, "y": 10.77 },
	{ "name": "bulb/light2", "parent": "bulbs", "x": -27.77, "y": 89.37, "scaleX": 1.052, "scaleY": 1.052 },
	{ "name": "bulb/light3", "parent": "bulbs", "x": -3.66, "y": 177.78, "scaleX": 1.105, "scaleY": 1.105 },
	{ "name": "bulb/light4", "parent": "bulbs", "x": -41.85, "y": 272.79, "scaleX": 1.165, "scaleY": 1.165 },
	{ "name": "bulb/light5", "parent": "bulbs", "x": -77.33, "y": 366.32, "scaleX": 0.658, "scaleY": 0.658 },
	{ "name": "bulb/light6", "parent": "bulbs", "x": -99.9, "y": 385.67, "scaleX": 0.975, "scaleY": 0.975 },
	{ "name": "bulb/light7", "parent": "bulbs", "x": -34.33, "y": 431.89, "scaleX": 1.005, "scaleY": 1.005 },
	{ "name": "bulb/light8", "parent": "bulbs", "x": -10.68, "y": 450.17, "scaleX": 0.851, "scaleY": 0.851 },
	{ "name": "bulb/light9", "parent": "bulbs", "x": 48.44, "y": 482.42, "scaleX": 1.141, "scaleY": 1.141 },
	{ "name": "bulb/light10", "parent": "bulbs", "x": 1.63, "y": 558.97, "scaleX": 0.996, "scaleY": 0.996 },
	{ "name": "bulb/light11", "parent": "bulbs", "x": -66.98, "y": 611.72, "scaleX": 0.921, "scaleY": 0.921 },
	{ "name": "bulb/light12", "parent": "bulbs", "x": 63.6, "y": 697.96, "scaleX": 1.004, "scaleY": 1.004 },
	{ "name": "bulb/light13", "parent": "bulbs", "x": -31.25, "y": 762.03, "scaleX": 1.138, "scaleY": 1.138 },
	{ "name": "bulb/light14", "parent": "bulbs", "x": -47.27, "y": 780.51, "scaleX": 0.771, "scaleY": 0.771 },
	{ "name": "bulb/light15", "parent": "bulbs", "x": 66.84, "y": 881.69, "scaleX": 0.745, "scaleY": 0.745 },
	{ "name": "bulb/light16", "parent": "bulbs", "x": 44.69, "y": 930.61, "scaleX": 1.301, "scaleY": 1.301 }
],
"slots": [
	{ "name": "bulb/light", "bone": "bulb/light", "color": "59baffdf", "blend": "additive" },
	{ "name": "bulb/light2", "bone": "bulb/light2", "color": "59baffdf", "blend": "additive" },
	{ "name": "bulb/light3", "bone": "bulb/light3", "color": "59baffdf", "blend": "additive" },
	{ "name": "bulb/light4", "bone": "bulb/light4", "color": "59baffdf", "blend": "additive" },
	{ "name": "bulb/light5", "bone": "bulb/light5", "color": "59baffdf", "blend": "additive" },
	{ "name": "bulb/light6", "bone": "bulb/light6", "color": "59baffdf", "blend": "additive" },
	{ "name": "bulb/light7", "bone": "bulb/light7", "color": "59baffdf", "blend": "additive" },
	{ "name": "bulb/light8", "bone": "bulb/light8", "color": "59baffdf", "blend": "additive" },
	{ "name": "bulb/light9", "bone": "bulb/light9", "color": "59baffdf", "blend": "additive" },
	{ "name": "bulb/light10", "bone": "bulb/light10", "color": "59baffdf", "blend": "additive" },
	{ "name": "bulb/light11", "bone": "bulb/light11", "color": "59baffdf", "blend": "additive" },
	{ "name": "bulb/light12", "bone": "bulb/light12", "color": "59baffdf", "blend": "additive" },
	{ "name": "bulb/light13", "bone": "bulb/light13", "color": "59baffdf", "blend": "additive" },
	{ "name": "bulb/light14", "bone": "bulb/light14", "color": "59baffdf", "blend": "additive" },
	{ "name": "bulb/light15", "bone": "bulb/light15", "color": "59baffdf", "blend": "additive" },
	{ "name": "bulb/light16", "bone": "bulb/light16", "color": "59baffdf", "blend": "additive" }
],
"skins": {
	"default": {
		"bulb/light": {
			"light": { "y": 0.2, "scaleX": 1.14, "scaleY": 1.14, "width": 49, "height": 49 }
		},
		"bulb/light10": {
			"light": { "y": 0.2, "scaleX": 1.14, "scaleY": 1.14, "width": 49, "height": 49 }
		},
		"bulb/light11": {
			"light": { "y": 0.2, "scaleX": 1.14, "scaleY": 1.14, "width": 49, "height": 49 }
		},
		"bulb/light12": {
			"light": { "y": 0.2, "scaleX": 1.14, "scaleY": 1.14, "width": 49, "height": 49 }
		},
		"bulb/light13": {
			"light": { "y": 0.2, "scaleX": 1.14, "scaleY": 1.14, "width": 49, "height": 49 }
		},
		"bulb/light14": {
			"light": { "y": 0.2, "scaleX": 1.14, "scaleY": 1.14, "width": 49, "height": 49 }
		},
		"bulb/light15": {
			"light": { "y": 0.2, "scaleX": 1.14, "scaleY": 1.14, "width": 49, "height": 49 }
		},
		"bulb/light16": {
			"light": { "y": 0.2, "scaleX": 1.14, "scaleY": 1.14, "width": 49, "height": 49 }
		},
		"bulb/light2": {
			"light": { "y": 0.2, "scaleX": 1.14, "scaleY": 1.14, "width": 49, "height": 49 }
		},
		"bulb/light3": {
			"light": { "y": 0.2, "scaleX": 1.14, "scaleY": 1.14, "width": 49, "height": 49 }
		},
		"bulb/light4": {
			"light": { "y": 0.2, "scaleX": 1.14, "scaleY": 1.14, "width": 49, "height": 49 }
		},
		"bulb/light5": {
			"light": { "y": 0.2, "scaleX": 1.14, "scaleY": 1.14, "width": 49, "height": 49 }
		},
		"bulb/light6": {
			"light": { "y": 0.2, "scaleX": 1.14, "scaleY": 1.14, "width": 49, "height": 49 }
		},
		"bulb/light7": {
			"light": { "y": 0.2, "scaleX": 1.14, "scaleY": 1.14, "width": 49, "height": 49 }
		},
		"bulb/light8": {
			"light": { "y": 0.2, "scaleX": 1.14, "scaleY": 1.14, "width": 49, "height": 49 }
		},
		"bulb/light9": {
			"light": { "y": 0.2, "scaleX": 1.14, "scaleY": 1.14, "width": 49, "height": 49 }
		}
	}
},
"animations": {
	"run1": {
		"slots": {
			"bulb/light": {
				"color": [
					{ "time": 0, "color": "59baff00" }
				],
				"attachment": [
					{ "time": 0, "name": "light" }
				]
			},
			"bulb/light2": {
				"color": [
					{
						"time": 0,
						"color": "59baff00",
						"curve": [ 0, 0.01, 0.502, 1 ]
					},
					{
						"time": 0.4666,
						"color": "59baffdf",
						"curve": [ 0.441, 0, 0.75, 1 ]
					},
					{ "time": 1.3333, "color": "59baff00", "curve": "stepped" },
					{
						"time": 5,
						"color": "59baff00",
						"curve": [ 0, 0.01, 0.502, 1 ]
					},
					{
						"time": 5.4666,
						"color": "59baffdf",
						"curve": [ 0.441, 0, 0.75, 1 ]
					},
					{ "time": 6.3333, "color": "59baff00", "curve": "stepped" },
					{
						"time": 16.3333,
						"color": "59baff00",
						"curve": [ 0, 0.01, 0.502, 1 ]
					},
					{
						"time": 16.8,
						"color": "59baffdf",
						"curve": [ 0.441, 0, 0.75, 1 ]
					},
					{ "time": 17.6666, "color": "59baff00" }
				],
				"attachment": [
					{ "time": 0, "name": "light" }
				]
			},
			"bulb/light3": {
				"color": [
					{ "time": 0, "color": "59baff00" }
				],
				"attachment": [
					{ "time": 0, "name": "light" }
				]
			},
			"bulb/light4": {
				"color": [
					{ "time": 0, "color": "59baff00", "curve": "stepped" },
					{
						"time": 4.6666,
						"color": "59baff00",
						"curve": [ 0, 0.01, 0.502, 1 ]
					},
					{
						"time": 5.1333,
						"color": "59baffdf",
						"curve": [ 0.441, 0, 0.75, 1 ]
					},
					{ "time": 6, "color": "59baff00", "curve": "stepped" },
					{
						"time": 17,
						"color": "59baff00",
						"curve": [ 0, 0.01, 0.502, 1 ]
					},
					{
						"time": 17.4666,
						"color": "59baffdf",
						"curve": [ 0.441, 0, 0.75, 1 ]
					},
					{ "time": 18.3333, "color": "59baff00" }
				],
				"attachment": [
					{ "time": 0, "name": "light" }
				]
			},
			"bulb/light5": {
				"color": [
					{ "time": 0, "color": "59baff00" }
				],
				"attachment": [
					{ "time": 0, "name": "light" }
				]
			},
			"bulb/light6": {
				"color": [
					{ "time": 0, "color": "59baff00", "curve": "stepped" },
					{
						"time": 4,
						"color": "59baff00",
						"curve": [ 0, 0.01, 0.502, 1 ]
					},
					{
						"time": 4.4666,
						"color": "59baffdf",
						"curve": [ 0.441, 0, 0.75, 1 ]
					},
					{ "time": 5.3333, "color": "59baff00", "curve": "stepped" },
					{
						"time": 7.6666,
						"color": "59baff00",
						"curve": [ 0, 0.01, 0.502, 1 ]
					},
					{
						"time": 8.1333,
						"color": "59baffdf",
						"curve": [ 0.441, 0, 0.75, 1 ]
					},
					{ "time": 9, "color": "59baff00", "curve": "stepped" },
					{
						"time": 14.3333,
						"color": "59baff00",
						"curve": [ 0, 0.01, 0.502, 1 ]
					},
					{
						"time": 14.8,
						"color": "59baffdf",
						"curve": [ 0.441, 0, 0.75, 1 ]
					},
					{ "time": 15.6666, "color": "59baff00", "curve": "stepped" },
					{
						"time": 17.6666,
						"color": "59baff00",
						"curve": [ 0, 0.01, 0.502, 1 ]
					},
					{
						"time": 18.1333,
						"color": "59baffdf",
						"curve": [ 0.441, 0, 0.75, 1 ]
					},
					{ "time": 19, "color": "59baff00" }
				],
				"attachment": [
					{ "time": 0, "name": "light" }
				]
			},
			"bulb/light7": {
				"color": [
					{ "time": 0, "color": "59baff00", "curve": "stepped" },
					{
						"time": 2.6666,
						"color": "59baff00",
						"curve": [ 0, 0.01, 0.502, 1 ]
					},
					{
						"time": 3.1333,
						"color": "59baffdf",
						"curve": [ 0.441, 0, 0.75, 1 ]
					},
					{ "time": 4, "color": "59baff00", "curve": "stepped" },
					{
						"time": 13,
						"color": "59baff00",
						"curve": [ 0, 0.01, 0.502, 1 ]
					},
					{
						"time": 13.4666,
						"color": "59baffdf",
						"curve": [ 0.441, 0, 0.75, 1 ]
					},
					{ "time": 14.3333, "color": "59baff00", "curve": "stepped" },
					{
						"time": 16.3333,
						"color": "59baff00",
						"curve": [ 0, 0.01, 0.502, 1 ]
					},
					{
						"time": 16.8,
						"color": "59baffdf",
						"curve": [ 0.441, 0, 0.75, 1 ]
					},
					{ "time": 17.6666, "color": "59baff00" }
				],
				"attachment": [
					{ "time": 0, "name": "light" }
				]
			},
			"bulb/light8": {
				"color": [
					{ "time": 0, "color": "59baff00", "curve": "stepped" },
					{
						"time": 0.6666,
						"color": "59baff00",
						"curve": [ 0, 0.01, 0.502, 1 ]
					},
					{
						"time": 1.1333,
						"color": "59baffdf",
						"curve": [ 0.441, 0, 0.75, 1 ]
					},
					{ "time": 2, "color": "59baff00", "curve": "stepped" },
					{
						"time": 5.6666,
						"color": "59baff00",
						"curve": [ 0, 0.01, 0.502, 1 ]
					},
					{
						"time": 6.1333,
						"color": "59baffdf",
						"curve": [ 0.441, 0, 0.75, 1 ]
					},
					{ "time": 7, "color": "59baff00", "curve": "stepped" },
					{
						"time": 17,
						"color": "59baff00",
						"curve": [ 0, 0.01, 0.502, 1 ]
					},
					{
						"time": 17.4666,
						"color": "59baffdf",
						"curve": [ 0.441, 0, 0.75, 1 ]
					},
					{ "time": 18.3333, "color": "59baff00" }
				],
				"attachment": [
					{ "time": 0, "name": "light" }
				]
			},
			"bulb/light9": {
				"color": [
					{ "time": 0, "color": "59baff00", "curve": "stepped" },
					{
						"time": 1.6666,
						"color": "59baff00",
						"curve": [ 0, 0.01, 0.502, 1 ]
					},
					{
						"time": 2.1333,
						"color": "59baffdf",
						"curve": [ 0.441, 0, 0.75, 1 ]
					},
					{ "time": 3, "color": "59baff00", "curve": "stepped" },
					{
						"time": 5.3333,
						"color": "59baff00",
						"curve": [ 0, 0.01, 0.502, 1 ]
					},
					{
						"time": 5.8,
						"color": "59baffdf",
						"curve": [ 0.441, 0, 0.75, 1 ]
					},
					{ "time": 6.6666, "color": "59baff00", "curve": "stepped" },
					{
						"time": 8,
						"color": "59baff00",
						"curve": [ 0, 0.01, 0.502, 1 ]
					},
					{
						"time": 8.4666,
						"color": "59baffdf",
						"curve": [ 0.441, 0, 0.75, 1 ]
					},
					{ "time": 9.3333, "color": "59baff00", "curve": "stepped" },
					{
						"time": 12.6666,
						"color": "59baff00",
						"curve": [ 0, 0.01, 0.502, 1 ]
					},
					{
						"time": 13.1333,
						"color": "59baffdf",
						"curve": [ 0.441, 0, 0.75, 1 ]
					},
					{ "time": 14, "color": "59baff00" }
				],
				"attachment": [
					{ "time": 0, "name": "light" }
				]
			},
			"bulb/light10": {
				"color": [
					{ "time": 0, "color": "59baff00", "curve": "stepped" },
					{
						"time": 1.3333,
						"color": "59baff00",
						"curve": [ 0, 0.01, 0.502, 1 ]
					},
					{
						"time": 1.8,
						"color": "59baffdf",
						"curve": [ 0.441, 0, 0.75, 1 ]
					},
					{ "time": 2.6666, "color": "59baff00", "curve": "stepped" },
					{
						"time": 12.3333,
						"color": "59baff00",
						"curve": [ 0, 0.01, 0.502, 1 ]
					},
					{
						"time": 12.8,
						"color": "59baffdf",
						"curve": [ 0.441, 0, 0.75, 1 ]
					},
					{ "time": 13.6666, "color": "59baff00" }
				],
				"attachment": [
					{ "time": 0, "name": "light" }
				]
			},
			"bulb/light11": {
				"color": [
					{ "time": 0, "color": "59baff00", "curve": "stepped" },
					{
						"time": 9.6666,
						"color": "59baff00",
						"curve": [ 0, 0.01, 0.502, 1 ]
					},
					{
						"time": 10.1333,
						"color": "59baffdf",
						"curve": [ 0.441, 0, 0.75, 1 ]
					},
					{
						"time": 10.3333,
						"color": "59baff67",
						"curve": [ 0, 0.01, 0.502, 1 ]
					},
					{
						"time": 10.8,
						"color": "59baffdf",
						"curve": [ 0.441, 0, 0.75, 1 ]
					},
					{ "time": 11.6666, "color": "59baff00" }
				],
				"attachment": [
					{ "time": 0, "name": "light" }
				]
			},
			"bulb/light12": {
				"color": [
					{ "time": 0, "color": "59baff00", "curve": "stepped" },
					{
						"time": 3.3333,
						"color": "59baff00",
						"curve": [ 0, 0.01, 0.502, 1 ]
					},
					{
						"time": 3.8,
						"color": "59baffdf",
						"curve": [ 0.441, 0, 0.75, 1 ]
					},
					{ "time": 4.6666, "color": "59baff00" }
				],
				"attachment": [
					{ "time": 0, "name": "light" }
				]
			},
			"bulb/light13": {
				"color": [
					{ "time": 0, "color": "59baff00", "curve": "stepped" },
					{
						"time": 8.3333,
						"color": "59baff00",
						"curve": [ 0, 0.01, 0.502, 1 ]
					},
					{
						"time": 8.8,
						"color": "59baffdf",
						"curve": [ 0.441, 0, 0.75, 1 ]
					},
					{ "time": 9.6666, "color": "59baff00" }
				],
				"attachment": [
					{ "time": 0, "name": "light" }
				]
			},
			"bulb/light14": {
				"color": [
					{ "time": 0, "color": "59baff00", "curve": "stepped" },
					{
						"time": 8.6666,
						"color": "59baff00",
						"curve": [ 0, 0.01, 0.502, 1 ]
					},
					{
						"time": 9.1333,
						"color": "59baffdf",
						"curve": [ 0.441, 0, 0.75, 1 ]
					},
					{ "time": 10, "color": "59baff00" }
				],
				"attachment": [
					{ "time": 0, "name": "light" }
				]
			},
			"bulb/light15": {
				"color": [
					{ "time": 0, "color": "59baff00", "curve": "stepped" },
					{
						"time": 2.6666,
						"color": "59baff00",
						"curve": [ 0, 0.01, 0.502, 1 ]
					},
					{
						"time": 3.1333,
						"color": "59baffdf",
						"curve": [ 0.441, 0, 0.75, 1 ]
					},
					{ "time": 4, "color": "59baff00", "curve": "stepped" },
					{
						"time": 10,
						"color": "59baff00",
						"curve": [ 0, 0.01, 0.502, 1 ]
					},
					{
						"time": 10.4666,
						"color": "59baffdf",
						"curve": [ 0.441, 0, 0.75, 1 ]
					},
					{ "time": 11.3333, "color": "59baff00" }
				],
				"attachment": [
					{ "time": 0, "name": "light" }
				]
			},
			"bulb/light16": {
				"color": [
					{ "time": 0, "color": "59baff00", "curve": "stepped" },
					{
						"time": 2,
						"color": "59baff00",
						"curve": [ 0, 0.01, 0.502, 1 ]
					},
					{
						"time": 2.4666,
						"color": "59baffdf",
						"curve": [ 0.441, 0, 0.75, 1 ]
					},
					{ "time": 3.3333, "color": "59baff00", "curve": "stepped" },
					{
						"time": 9.3333,
						"color": "59baff00",
						"curve": [ 0, 0.01, 0.502, 1 ]
					},
					{
						"time": 9.8,
						"color": "59baffdf",
						"curve": [ 0.441, 0, 0.75, 1 ]
					},
					{ "time": 10.6666, "color": "59baff00" }
				],
				"attachment": [
					{ "time": 0, "name": "light" }
				]
			}
		},
		"bones": {
			"bulbs": {
				"rotate": [
					{ "time": 0, "angle": 0 }
				],
				"translate": [
					{ "time": 0, "x": 0, "y": 0 }
				],
				"scale": [
					{ "time": 0, "x": 1, "y": 1 }
				]
			},
			"bulb/light": {
				"rotate": [
					{ "time": 0, "angle": 0 }
				],
				"translate": [
					{ "time": 0, "x": 0, "y": 0 }
				],
				"scale": [
					{ "time": 0, "x": 1, "y": 1 }
				]
			},
			"bulb/light2": {
				"rotate": [
					{ "time": 0, "angle": 0 }
				],
				"translate": [
					{ "time": 0, "x": 0, "y": 0 }
				],
				"scale": [
					{ "time": 0, "x": 1, "y": 1 }
				]
			},
			"bulb/light3": {
				"rotate": [
					{ "time": 0, "angle": 0 }
				],
				"translate": [
					{ "time": 0, "x": 0, "y": 0 }
				],
				"scale": [
					{ "time": 0, "x": 1, "y": 1 }
				]
			},
			"bulb/light4": {
				"rotate": [
					{ "time": 0, "angle": 0 }
				],
				"translate": [
					{ "time": 0, "x": 0, "y": 0 }
				],
				"scale": [
					{ "time": 0, "x": 1, "y": 1 }
				]
			},
			"bulb/light5": {
				"rotate": [
					{ "time": 0, "angle": 0 }
				],
				"translate": [
					{ "time": 0, "x": 0, "y": 0 }
				],
				"scale": [
					{ "time": 0, "x": 1, "y": 1 }
				]
			},
			"bulb/light6": {
				"rotate": [
					{ "time": 0, "angle": 0 }
				],
				"translate": [
					{ "time": 0, "x": 0, "y": 0 }
				],
				"scale": [
					{ "time": 0, "x": 1, "y": 1 }
				]
			},
			"bulb/light7": {
				"rotate": [
					{ "time": 0, "angle": 0 }
				],
				"translate": [
					{ "time": 0, "x": 0, "y": 0 }
				],
				"scale": [
					{ "time": 0, "x": 1, "y": 1 }
				]
			},
			"bulb/light8": {
				"rotate": [
					{ "time": 0, "angle": 0 }
				],
				"translate": [
					{ "time": 0, "x": 0, "y": 0 }
				],
				"scale": [
					{ "time": 0, "x": 1, "y": 1 }
				]
			},
			"bulb/light9": {
				"rotate": [
					{ "time": 0, "angle": 0 }
				],
				"translate": [
					{ "time": 0, "x": 0, "y": 0 }
				],
				"scale": [
					{ "time": 0, "x": 1, "y": 1 }
				]
			},
			"bulb/light10": {
				"rotate": [
					{ "time": 0, "angle": 0 }
				],
				"translate": [
					{ "time": 0, "x": 0, "y": 0 }
				],
				"scale": [
					{ "time": 0, "x": 1, "y": 1 }
				]
			},
			"bulb/light11": {
				"rotate": [
					{ "time": 0, "angle": 0 }
				],
				"translate": [
					{ "time": 0, "x": 0, "y": 0 }
				],
				"scale": [
					{ "time": 0, "x": 1, "y": 1 }
				]
			},
			"bulb/light12": {
				"rotate": [
					{ "time": 0, "angle": 0 }
				],
				"translate": [
					{ "time": 0, "x": 0, "y": 0 }
				],
				"scale": [
					{ "time": 0, "x": 1, "y": 1 }
				]
			},
			"bulb/light13": {
				"rotate": [
					{ "time": 0, "angle": 0 }
				],
				"translate": [
					{ "time": 0, "x": 0, "y": 0 }
				],
				"scale": [
					{ "time": 0, "x": 1, "y": 1 }
				]
			},
			"bulb/light14": {
				"rotate": [
					{ "time": 0, "angle": 0 }
				],
				"translate": [
					{ "time": 0, "x": 0, "y": 0 }
				],
				"scale": [
					{ "time": 0, "x": 1, "y": 1 }
				]
			},
			"bulb/light15": {
				"rotate": [
					{ "time": 0, "angle": 0 }
				],
				"translate": [
					{ "time": 0, "x": 0, "y": 0 }
				],
				"scale": [
					{ "time": 0, "x": 1, "y": 1 }
				]
			},
			"bulb/light16": {
				"rotate": [
					{ "time": 0, "angle": 0 }
				],
				"translate": [
					{ "time": 0, "x": 0, "y": 0 }
				],
				"scale": [
					{ "time": 0, "x": 1, "y": 1 }
				]
			}
		}
	},
	"run2": {
		"slots": {
			"bulb/light": {
				"color": [
					{ "time": 0, "color": "59baff00", "curve": "stepped" },
					{
						"time": 3.5,
						"color": "59baff00",
						"curve": [ 0, 0.01, 0.502, 1 ]
					},
					{
						"time": 3.7333,
						"color": "59baffdf",
						"curve": [ 0.441, 0, 0.75, 1 ]
					},
					{ "time": 4.1666, "color": "59baff00" }
				]
			},
			"bulb/light2": {
				"color": [
					{ "time": 0, "color": "59baff00", "curve": "stepped" },
					{
						"time": 3.3333,
						"color": "59baff00",
						"curve": [ 0, 0.01, 0.502, 1 ]
					},
					{
						"time": 3.5666,
						"color": "59baffdf",
						"curve": [ 0.441, 0, 0.75, 1 ]
					},
					{ "time": 4, "color": "59baff00" }
				]
			},
			"bulb/light3": {
				"color": [
					{ "time": 0, "color": "59baff00", "curve": "stepped" },
					{
						"time": 3.1666,
						"color": "59baff00",
						"curve": [ 0, 0.01, 0.502, 1 ]
					},
					{
						"time": 3.4,
						"color": "59baffdf",
						"curve": [ 0.441, 0, 0.75, 1 ]
					},
					{ "time": 3.8333, "color": "59baff00" }
				]
			},
			"bulb/light4": {
				"color": [
					{ "time": 0, "color": "59baff00", "curve": "stepped" },
					{
						"time": 3,
						"color": "59baff00",
						"curve": [ 0, 0.01, 0.502, 1 ]
					},
					{
						"time": 3.2333,
						"color": "59baffdf",
						"curve": [ 0.441, 0, 0.75, 1 ]
					},
					{ "time": 3.6666, "color": "59baff00" }
				]
			},
			"bulb/light5": {
				"color": [
					{ "time": 0, "color": "59baff00", "curve": "stepped" },
					{
						"time": 2.8333,
						"color": "59baff00",
						"curve": [ 0, 0.01, 0.502, 1 ]
					},
					{
						"time": 3.0666,
						"color": "59baffdf",
						"curve": [ 0.441, 0, 0.75, 1 ]
					},
					{ "time": 3.5, "color": "59baff00" }
				]
			},
			"bulb/light6": {
				"color": [
					{ "time": 0, "color": "59baff00", "curve": "stepped" },
					{
						"time": 2.6666,
						"color": "59baff00",
						"curve": [ 0, 0.01, 0.502, 1 ]
					},
					{
						"time": 2.9,
						"color": "59baffdf",
						"curve": [ 0.441, 0, 0.75, 1 ]
					},
					{ "time": 3.3333, "color": "59baff00" }
				]
			},
			"bulb/light7": {
				"color": [
					{ "time": 0, "color": "59baff00", "curve": "stepped" },
					{
						"time": 2.3333,
						"color": "59baff00",
						"curve": [ 0, 0.01, 0.502, 1 ]
					},
					{
						"time": 2.5666,
						"color": "59baffdf",
						"curve": [ 0.441, 0, 0.75, 1 ]
					},
					{ "time": 3, "color": "59baff00" }
				]
			},
			"bulb/light8": {
				"color": [
					{ "time": 0, "color": "59baff00", "curve": "stepped" },
					{
						"time": 2.1666,
						"color": "59baff00",
						"curve": [ 0, 0.01, 0.502, 1 ]
					},
					{
						"time": 2.4,
						"color": "59baffdf",
						"curve": [ 0.441, 0, 0.75, 1 ]
					},
					{ "time": 2.8333, "color": "59baff00" }
				]
			},
			"bulb/light9": {
				"color": [
					{ "time": 0, "color": "59baff00", "curve": "stepped" },
					{
						"time": 2,
						"color": "59baff00",
						"curve": [ 0, 0.01, 0.502, 1 ]
					},
					{
						"time": 2.2333,
						"color": "59baffdf",
						"curve": [ 0.441, 0, 0.75, 1 ]
					},
					{ "time": 2.6666, "color": "59baff00" }
				]
			},
			"bulb/light10": {
				"color": [
					{ "time": 0, "color": "59baff00", "curve": "stepped" },
					{
						"time": 1.8333,
						"color": "59baff00",
						"curve": [ 0, 0.01, 0.502, 1 ]
					},
					{
						"time": 2.0666,
						"color": "59baffdf",
						"curve": [ 0.441, 0, 0.75, 1 ]
					},
					{ "time": 2.5, "color": "59baff00" }
				]
			},
			"bulb/light11": {
				"color": [
					{ "time": 0, "color": "59baff00", "curve": "stepped" },
					{
						"time": 1.6666,
						"color": "59baff00",
						"curve": [ 0, 0.01, 0.502, 1 ]
					},
					{
						"time": 1.9,
						"color": "59baffdf",
						"curve": [ 0.441, 0, 0.75, 1 ]
					},
					{ "time": 2.3333, "color": "59baff00" }
				]
			},
			"bulb/light12": {
				"color": [
					{ "time": 0, "color": "59baff00", "curve": "stepped" },
					{
						"time": 1.1666,
						"color": "59baff00",
						"curve": [ 0, 0.01, 0.502, 1 ]
					},
					{
						"time": 1.4,
						"color": "59baffdf",
						"curve": [ 0.441, 0, 0.75, 1 ]
					},
					{ "time": 1.8333, "color": "59baff00" }
				]
			},
			"bulb/light13": {
				"color": [
					{ "time": 0, "color": "59baff00", "curve": "stepped" },
					{
						"time": 1,
						"color": "59baff00",
						"curve": [ 0, 0.01, 0.502, 1 ]
					},
					{
						"time": 1.2333,
						"color": "59baffdf",
						"curve": [ 0.441, 0, 0.75, 1 ]
					},
					{ "time": 1.6666, "color": "59baff00" }
				]
			},
			"bulb/light14": {
				"color": [
					{ "time": 0, "color": "59baff00", "curve": "stepped" },
					{
						"time": 0.8333,
						"color": "59baff00",
						"curve": [ 0, 0.01, 0.502, 1 ]
					},
					{
						"time": 1.0666,
						"color": "59baffdf",
						"curve": [ 0.441, 0, 0.75, 1 ]
					},
					{ "time": 1.5, "color": "59baff00" }
				]
			},
			"bulb/light15": {
				"color": [
					{ "time": 0, "color": "59baff00", "curve": "stepped" },
					{
						"time": 0.1666,
						"color": "59baff00",
						"curve": [ 0, 0.01, 0.502, 1 ]
					},
					{
						"time": 0.4,
						"color": "59baffdf",
						"curve": [ 0.441, 0, 0.75, 1 ]
					},
					{ "time": 0.8333, "color": "59baff00" }
				]
			},
			"bulb/light16": {
				"color": [
					{
						"time": 0,
						"color": "59baff00",
						"curve": [ 0, 0.01, 0.502, 1 ]
					},
					{
						"time": 0.2333,
						"color": "59baffdf",
						"curve": [ 0.441, 0, 0.75, 1 ]
					},
					{ "time": 0.6666, "color": "59baff00" }
				]
			}
		},
		"bones": {
			"bulbs": {
				"rotate": [
					{ "time": 0, "angle": 0 }
				],
				"translate": [
					{ "time": 0, "x": 0, "y": 0 }
				],
				"scale": [
					{ "time": 0, "x": 1, "y": 1 }
				]
			},
			"bulb/light": {
				"rotate": [
					{ "time": 0, "angle": 0 }
				],
				"translate": [
					{ "time": 0, "x": 0, "y": 0 }
				],
				"scale": [
					{ "time": 0, "x": 1, "y": 1 }
				]
			},
			"bulb/light2": {
				"rotate": [
					{ "time": 0, "angle": 0 }
				],
				"translate": [
					{ "time": 0, "x": 0, "y": 0 }
				],
				"scale": [
					{ "time": 0, "x": 1, "y": 1 }
				]
			},
			"bulb/light3": {
				"rotate": [
					{ "time": 0, "angle": 0 }
				],
				"translate": [
					{ "time": 0, "x": 0, "y": 0 }
				],
				"scale": [
					{ "time": 0, "x": 1, "y": 1 }
				]
			},
			"bulb/light4": {
				"rotate": [
					{ "time": 0, "angle": 0 }
				],
				"translate": [
					{ "time": 0, "x": 0, "y": 0 }
				],
				"scale": [
					{ "time": 0, "x": 1, "y": 1 }
				]
			},
			"bulb/light5": {
				"rotate": [
					{ "time": 0, "angle": 0 }
				],
				"translate": [
					{ "time": 0, "x": 0, "y": 0 }
				],
				"scale": [
					{ "time": 0, "x": 1, "y": 1 }
				]
			},
			"bulb/light6": {
				"rotate": [
					{ "time": 0, "angle": 0 }
				],
				"translate": [
					{ "time": 0, "x": 0, "y": 0 }
				],
				"scale": [
					{ "time": 0, "x": 1, "y": 1 }
				]
			},
			"bulb/light7": {
				"rotate": [
					{ "time": 0, "angle": 0 }
				],
				"translate": [
					{ "time": 0, "x": 0, "y": 0 }
				],
				"scale": [
					{ "time": 0, "x": 1, "y": 1 }
				]
			},
			"bulb/light8": {
				"rotate": [
					{ "time": 0, "angle": 0 }
				],
				"translate": [
					{ "time": 0, "x": 0, "y": 0 }
				],
				"scale": [
					{ "time": 0, "x": 1, "y": 1 }
				]
			},
			"bulb/light9": {
				"rotate": [
					{ "time": 0, "angle": 0 }
				],
				"translate": [
					{ "time": 0, "x": 0, "y": 0 }
				],
				"scale": [
					{ "time": 0, "x": 1, "y": 1 }
				]
			},
			"bulb/light10": {
				"rotate": [
					{ "time": 0, "angle": 0 }
				],
				"translate": [
					{ "time": 0, "x": 0, "y": 0 }
				],
				"scale": [
					{ "time": 0, "x": 1, "y": 1 }
				]
			},
			"bulb/light11": {
				"rotate": [
					{ "time": 0, "angle": 0 }
				],
				"translate": [
					{ "time": 0, "x": 0, "y": 0 }
				],
				"scale": [
					{ "time": 0, "x": 1, "y": 1 }
				]
			},
			"bulb/light12": {
				"rotate": [
					{ "time": 0, "angle": 0 }
				],
				"translate": [
					{ "time": 0, "x": 0, "y": 0 }
				],
				"scale": [
					{ "time": 0, "x": 1, "y": 1 }
				]
			},
			"bulb/light13": {
				"rotate": [
					{ "time": 0, "angle": 0 }
				],
				"translate": [
					{ "time": 0, "x": 0, "y": 0 }
				],
				"scale": [
					{ "time": 0, "x": 1, "y": 1 }
				]
			},
			"bulb/light14": {
				"rotate": [
					{ "time": 0, "angle": 0 }
				],
				"translate": [
					{ "time": 0, "x": 0, "y": 0 }
				],
				"scale": [
					{ "time": 0, "x": 1, "y": 1 }
				]
			},
			"bulb/light15": {
				"rotate": [
					{ "time": 0, "angle": 0 }
				],
				"translate": [
					{ "time": 0, "x": 0, "y": 0 }
				],
				"scale": [
					{ "time": 0, "x": 1, "y": 1 }
				]
			},
			"bulb/light16": {
				"rotate": [
					{ "time": 0, "angle": 0 }
				],
				"translate": [
					{ "time": 0, "x": 0, "y": 0 }
				],
				"scale": [
					{ "time": 0, "x": 1, "y": 1 }
				]
			}
		}
	},
	"run3": {
		"slots": {
			"bulb/light": {
				"color": [
					{ "time": 0, "color": "59baff00" }
				],
				"attachment": [
					{ "time": 0, "name": "light" }
				]
			},
			"bulb/light2": {
				"color": [
					{
						"time": 0,
						"color": "59baff00",
						"curve": [ 0, 0.01, 0.502, 1 ]
					},
					{
						"time": 0.4666,
						"color": "59baffdf",
						"curve": [ 0.441, 0, 0.75, 1 ]
					},
					{ "time": 1.3333, "color": "59baff00", "curve": "stepped" },
					{
						"time": 5,
						"color": "59baff00",
						"curve": [ 0, 0.01, 0.502, 1 ]
					},
					{
						"time": 5.4666,
						"color": "59baffdf",
						"curve": [ 0.441, 0, 0.75, 1 ]
					},
					{ "time": 6.3333, "color": "59baff00", "curve": "stepped" },
					{
						"time": 9,
						"color": "59baff00",
						"curve": [ 0, 0.01, 0.502, 1 ]
					},
					{
						"time": 9.4666,
						"color": "59baffdf",
						"curve": [ 0.441, 0, 0.75, 1 ]
					},
					{ "time": 10.3333, "color": "59baff00" }
				],
				"attachment": [
					{ "time": 0, "name": "light" }
				]
			},
			"bulb/light3": {
				"color": [
					{ "time": 0, "color": "59baff00" }
				],
				"attachment": [
					{ "time": 0, "name": "light" }
				]
			},
			"bulb/light4": {
				"color": [
					{ "time": 0, "color": "ff7ee500", "curve": "stepped" },
					{
						"time": 4.6666,
						"color": "ff7ee500",
						"curve": [ 0, 0.01, 0.502, 1 ]
					},
					{
						"time": 5.1333,
						"color": "ff7ee5de",
						"curve": [ 0.441, 0, 0.75, 1 ]
					},
					{ "time": 6, "color": "ff7ee500", "curve": "stepped" },
					{
						"time": 9.6666,
						"color": "ff7ee500",
						"curve": [ 0, 0.01, 0.502, 1 ]
					},
					{
						"time": 10.1333,
						"color": "ff7ee5de",
						"curve": [ 0.441, 0, 0.75, 1 ]
					},
					{ "time": 11, "color": "ff7ee500" }
				],
				"attachment": [
					{ "time": 0, "name": "light" }
				]
			},
			"bulb/light5": {
				"color": [
					{ "time": 0, "color": "59baff00" }
				],
				"attachment": [
					{ "time": 0, "name": "light" }
				]
			},
			"bulb/light6": {
				"color": [
					{ "time": 0, "color": "ff7ee500", "curve": "stepped" },
					{
						"time": 4,
						"color": "ff7ee500",
						"curve": [ 0, 0.01, 0.502, 1 ]
					},
					{
						"time": 4.4666,
						"color": "ff7ee5de",
						"curve": [ 0.441, 0, 0.75, 1 ]
					},
					{ "time": 5.3333, "color": "ff7ee500", "curve": "stepped" },
					{
						"time": 7,
						"color": "ff7ee500",
						"curve": [ 0, 0.01, 0.502, 1 ]
					},
					{
						"time": 7.4666,
						"color": "ff7ee5de",
						"curve": [ 0.441, 0, 0.75, 1 ]
					},
					{ "time": 8.3333, "color": "ff7ee500", "curve": "stepped" },
					{
						"time": 10.3333,
						"color": "ff7ee500",
						"curve": [ 0, 0.01, 0.502, 1 ]
					},
					{
						"time": 10.8,
						"color": "ff7ee5de",
						"curve": [ 0.441, 0, 0.75, 1 ]
					},
					{ "time": 11.6666, "color": "ff7ee500" }
				],
				"attachment": [
					{ "time": 0, "name": "light" }
				]
			},
			"bulb/light7": {
				"color": [
					{ "time": 0, "color": "ff7ee500", "curve": "stepped" },
					{
						"time": 2.6666,
						"color": "ff7ee500",
						"curve": [ 0, 0.01, 0.502, 1 ]
					},
					{
						"time": 3.1333,
						"color": "ff7ee5de",
						"curve": [ 0.441, 0, 0.75, 1 ]
					},
					{ "time": 4, "color": "ff7ee500", "curve": "stepped" },
					{
						"time": 5.6666,
						"color": "ff7ee500",
						"curve": [ 0, 0.01, 0.502, 1 ]
					},
					{
						"time": 6.1333,
						"color": "ff7ee5de",
						"curve": [ 0.441, 0, 0.75, 1 ]
					},
					{ "time": 7, "color": "ff7ee500", "curve": "stepped" },
					{
						"time": 9,
						"color": "ff7ee500",
						"curve": [ 0, 0.01, 0.502, 1 ]
					},
					{
						"time": 9.4666,
						"color": "ff7ee5de",
						"curve": [ 0.441, 0, 0.75, 1 ]
					},
					{ "time": 10.3333, "color": "ff7ee500" }
				],
				"attachment": [
					{ "time": 0, "name": "light" }
				]
			},
			"bulb/light8": {
				"color": [
					{ "time": 0, "color": "59baff00" }
				],
				"attachment": [
					{ "time": 0, "name": null }
				]
			},
			"bulb/light9": {
				"color": [
					{ "time": 0, "color": "59baff00" }
				],
				"attachment": [
					{ "time": 0, "name": null }
				]
			},
			"bulb/light10": {
				"color": [
					{ "time": 0, "color": "59baff00" }
				],
				"attachment": [
					{ "time": 0, "name": null }
				]
			},
			"bulb/light11": {
				"color": [
					{ "time": 0, "color": "59baff00" }
				],
				"attachment": [
					{ "time": 0, "name": null }
				]
			},
			"bulb/light12": {
				"color": [
					{ "time": 0, "color": "59baff00" }
				],
				"attachment": [
					{ "time": 0, "name": null }
				]
			},
			"bulb/light13": {
				"color": [
					{ "time": 0, "color": "59baff00" }
				],
				"attachment": [
					{ "time": 0, "name": null }
				]
			},
			"bulb/light14": {
				"color": [
					{ "time": 0, "color": "59baff00" }
				],
				"attachment": [
					{ "time": 0, "name": null }
				]
			},
			"bulb/light15": {
				"color": [
					{ "time": 0, "color": "59baff00" }
				],
				"attachment": [
					{ "time": 0, "name": null }
				]
			},
			"bulb/light16": {
				"color": [
					{ "time": 0, "color": "59baff00" }
				],
				"attachment": [
					{ "time": 0, "name": null }
				]
			}
		},
		"bones": {
			"bulbs": {
				"rotate": [
					{ "time": 0, "angle": 0 }
				],
				"translate": [
					{ "time": 0, "x": 0, "y": 0 }
				],
				"scale": [
					{ "time": 0, "x": 1, "y": 1 }
				]
			},
			"bulb/light": {
				"rotate": [
					{ "time": 0, "angle": 0 }
				],
				"translate": [
					{ "time": 0, "x": -30.12, "y": 0.37 }
				],
				"scale": [
					{ "time": 0, "x": 1, "y": 1 }
				]
			},
			"bulb/light2": {
				"rotate": [
					{ "time": 0, "angle": 0 }
				],
				"translate": [
					{ "time": 0, "x": 37.71, "y": -49.71 }
				],
				"scale": [
					{ "time": 0, "x": 0.825, "y": 0.825 }
				]
			},
			"bulb/light3": {
				"rotate": [
					{ "time": 0, "angle": 0 }
				],
				"translate": [
					{ "time": 0, "x": 40.92, "y": -114.14 }
				],
				"scale": [
					{ "time": 0, "x": 1, "y": 1 }
				]
			},
			"bulb/light4": {
				"rotate": [
					{ "time": 0, "angle": 0 }
				],
				"translate": [
					{ "time": 0, "x": 40.2, "y": -185.22 }
				],
				"scale": [
					{ "time": 0, "x": 0.642, "y": 0.642 }
				]
			},
			"bulb/light5": {
				"rotate": [
					{ "time": 0, "angle": 0 }
				],
				"translate": [
					{ "time": 0, "x": 113.08, "y": -237.02 }
				],
				"scale": [
					{ "time": 0, "x": 1, "y": 1 }
				]
			},
			"bulb/light6": {
				"rotate": [
					{ "time": 0, "angle": 0 }
				],
				"translate": [
					{ "time": 0, "x": 173.37, "y": -230.39 }
				],
				"scale": [
					{ "time": 0, "x": 0.762, "y": 0.762 }
				]
			},
			"bulb/light7": {
				"rotate": [
					{ "time": 0, "angle": 0 }
				],
				"translate": [
					{ "time": 0, "x": 101.78, "y": -229.41 }
				],
				"scale": [
					{ "time": 0, "x": 0.531, "y": 0.531 }
				]
			},
			"bulb/light8": {
				"rotate": [
					{ "time": 0, "angle": 0 }
				],
				"translate": [
					{ "time": 0, "x": 0, "y": 0 }
				],
				"scale": [
					{ "time": 0, "x": 1, "y": 1 }
				]
			},
			"bulb/light9": {
				"rotate": [
					{ "time": 0, "angle": 0 }
				],
				"translate": [
					{ "time": 0, "x": 0, "y": 0 }
				],
				"scale": [
					{ "time": 0, "x": 1, "y": 1 }
				]
			},
			"bulb/light10": {
				"rotate": [
					{ "time": 0, "angle": 0 }
				],
				"translate": [
					{ "time": 0, "x": 0, "y": 0 }
				],
				"scale": [
					{ "time": 0, "x": 1, "y": 1 }
				]
			},
			"bulb/light11": {
				"rotate": [
					{ "time": 0, "angle": 0 }
				],
				"translate": [
					{ "time": 0, "x": 0, "y": 0 }
				],
				"scale": [
					{ "time": 0, "x": 1, "y": 1 }
				]
			},
			"bulb/light12": {
				"rotate": [
					{ "time": 0, "angle": 0 }
				],
				"translate": [
					{ "time": 0, "x": 0, "y": 0 }
				],
				"scale": [
					{ "time": 0, "x": 1, "y": 1 }
				]
			},
			"bulb/light13": {
				"rotate": [
					{ "time": 0, "angle": 0 }
				],
				"translate": [
					{ "time": 0, "x": 0, "y": 0 }
				],
				"scale": [
					{ "time": 0, "x": 1, "y": 1 }
				]
			},
			"bulb/light14": {
				"rotate": [
					{ "time": 0, "angle": 0 }
				],
				"translate": [
					{ "time": 0, "x": 0, "y": 0 }
				],
				"scale": [
					{ "time": 0, "x": 1, "y": 1 }
				]
			},
			"bulb/light15": {
				"rotate": [
					{ "time": 0, "angle": 0 }
				],
				"translate": [
					{ "time": 0, "x": 0, "y": 0 }
				],
				"scale": [
					{ "time": 0, "x": 1, "y": 1 }
				]
			},
			"bulb/light16": {
				"rotate": [
					{ "time": 0, "angle": 0 }
				],
				"translate": [
					{ "time": 0, "x": 0, "y": 0 }
				],
				"scale": [
					{ "time": 0, "x": 1, "y": 1 }
				]
			}
		}
	},
	"run4": {
		"slots": {
			"bulb/light": {
				"color": [
					{ "time": 0, "color": "ff7ee500", "curve": "stepped" },
					{
						"time": 1.1666,
						"color": "ff7ee500",
						"curve": [ 0, 0.01, 0.502, 1 ]
					},
					{
						"time": 1.4,
						"color": "ff7ee5de",
						"curve": [ 0.441, 0, 0.75, 1 ]
					},
					{ "time": 1.8333, "color": "ff7ee500" }
				],
				"attachment": [
					{ "time": 0, "name": "light" }
				]
			},
			"bulb/light2": {
				"color": [
					{ "time": 0, "color": "59baff00", "curve": "stepped" },
					{
						"time": 1,
						"color": "59baff00",
						"curve": [ 0, 0.01, 0.502, 1 ]
					},
					{
						"time": 1.2333,
						"color": "59baffdf",
						"curve": [ 0.441, 0, 0.75, 1 ]
					},
					{ "time": 1.6666, "color": "59baff00" }
				],
				"attachment": [
					{ "time": 0, "name": "light" }
				]
			},
			"bulb/light3": {
				"color": [
					{ "time": 0, "color": "ff7ee500", "curve": "stepped" },
					{
						"time": 0.8333,
						"color": "ff7ee500",
						"curve": [ 0, 0.01, 0.502, 1 ]
					},
					{
						"time": 1.0666,
						"color": "ff7ee5de",
						"curve": [ 0.441, 0, 0.75, 1 ]
					},
					{ "time": 1.5, "color": "ff7ee500" }
				],
				"attachment": [
					{ "time": 0, "name": "light" }
				]
			},
			"bulb/light4": {
				"color": [
					{ "time": 0, "color": "ff7ee500", "curve": "stepped" },
					{
						"time": 0.6666,
						"color": "ff7ee500",
						"curve": [ 0, 0.01, 0.502, 1 ]
					},
					{
						"time": 0.9,
						"color": "ff7ee5de",
						"curve": [ 0.441, 0, 0.75, 1 ]
					},
					{ "time": 1.3333, "color": "ff7ee500" }
				],
				"attachment": [
					{ "time": 0, "name": "light" }
				]
			},
			"bulb/light5": {
				"color": [
					{ "time": 0, "color": "59baff00", "curve": "stepped" },
					{
						"time": 0.5,
						"color": "59baff00",
						"curve": [ 0, 0.01, 0.502, 1 ]
					},
					{
						"time": 0.7333,
						"color": "59baffdf",
						"curve": [ 0.441, 0, 0.75, 1 ]
					},
					{ "time": 1.1666, "color": "59baff00" }
				],
				"attachment": [
					{ "time": 0, "name": "light" }
				]
			},
			"bulb/light6": {
				"color": [
					{ "time": 0, "color": "ff7ee500", "curve": "stepped" },
					{
						"time": 0.3333,
						"color": "ff7ee500",
						"curve": [ 0, 0.01, 0.502, 1 ]
					},
					{
						"time": 0.5666,
						"color": "ff7ee5de",
						"curve": [ 0.441, 0, 0.75, 1 ]
					},
					{ "time": 1, "color": "ff7ee500" }
				],
				"attachment": [
					{ "time": 0, "name": "light" }
				]
			},
			"bulb/light7": {
				"color": [
					{
						"time": 0,
						"color": "59baff00",
						"curve": [ 0, 0.01, 0.502, 1 ]
					},
					{
						"time": 0.2333,
						"color": "ff7ee5de",
						"curve": [ 0.441, 0, 0.75, 1 ]
					},
					{ "time": 0.6666, "color": "59baff00" }
				],
				"attachment": [
					{ "time": 0, "name": "light" }
				]
			},
			"bulb/light8": {
				"color": [
					{ "time": 0, "color": "59baff00" }
				],
				"attachment": [
					{ "time": 0, "name": null }
				]
			},
			"bulb/light9": {
				"color": [
					{ "time": 0, "color": "59baff00" }
				],
				"attachment": [
					{ "time": 0, "name": null }
				]
			},
			"bulb/light10": {
				"color": [
					{ "time": 0, "color": "59baff00" }
				],
				"attachment": [
					{ "time": 0, "name": null }
				]
			},
			"bulb/light11": {
				"color": [
					{ "time": 0, "color": "59baff00" }
				],
				"attachment": [
					{ "time": 0, "name": null }
				]
			},
			"bulb/light12": {
				"color": [
					{ "time": 0, "color": "59baff00" }
				],
				"attachment": [
					{ "time": 0, "name": null }
				]
			},
			"bulb/light13": {
				"color": [
					{ "time": 0, "color": "59baff00" }
				],
				"attachment": [
					{ "time": 0, "name": null }
				]
			},
			"bulb/light14": {
				"color": [
					{ "time": 0, "color": "59baff00" }
				],
				"attachment": [
					{ "time": 0, "name": null }
				]
			},
			"bulb/light15": {
				"color": [
					{ "time": 0, "color": "59baff00" }
				],
				"attachment": [
					{ "time": 0, "name": null }
				]
			},
			"bulb/light16": {
				"color": [
					{ "time": 0, "color": "59baff00" }
				],
				"attachment": [
					{ "time": 0, "name": null }
				]
			}
		},
		"bones": {
			"bulbs": {
				"rotate": [
					{ "time": 0, "angle": 0 }
				],
				"translate": [
					{ "time": 0, "x": 0, "y": 0 }
				],
				"scale": [
					{ "time": 0, "x": 1, "y": 1 }
				]
			},
			"bulb/light": {
				"rotate": [
					{ "time": 0, "angle": 0 }
				],
				"translate": [
					{ "time": 0, "x": -30.12, "y": 0.37 }
				],
				"scale": [
					{ "time": 0, "x": 1, "y": 1 }
				]
			},
			"bulb/light2": {
				"rotate": [
					{ "time": 0, "angle": 0 }
				],
				"translate": [
					{ "time": 0, "x": 37.71, "y": -49.71 }
				],
				"scale": [
					{ "time": 0, "x": 0.825, "y": 0.825 }
				]
			},
			"bulb/light3": {
				"rotate": [
					{ "time": 0, "angle": 0 }
				],
				"translate": [
					{ "time": 0, "x": 40.92, "y": -114.14 }
				],
				"scale": [
					{ "time": 0, "x": 0.639, "y": 0.639 }
				]
			},
			"bulb/light4": {
				"rotate": [
					{ "time": 0, "angle": 0 }
				],
				"translate": [
					{ "time": 0, "x": 40.2, "y": -185.22 }
				],
				"scale": [
					{ "time": 0, "x": 0.642, "y": 0.642 }
				]
			},
			"bulb/light5": {
				"rotate": [
					{ "time": 0, "angle": 0 }
				],
				"translate": [
					{ "time": 0, "x": 113.08, "y": -237.02 }
				],
				"scale": [
					{ "time": 0, "x": 1, "y": 1 }
				]
			},
			"bulb/light6": {
				"rotate": [
					{ "time": 0, "angle": 0 }
				],
				"translate": [
					{ "time": 0, "x": 173.37, "y": -230.39 }
				],
				"scale": [
					{ "time": 0, "x": 0.762, "y": 0.762 }
				]
			},
			"bulb/light7": {
				"rotate": [
					{ "time": 0, "angle": 0 }
				],
				"translate": [
					{ "time": 0, "x": 101.78, "y": -229.41 }
				],
				"scale": [
					{ "time": 0, "x": 0.531, "y": 0.531 }
				]
			},
			"bulb/light8": {
				"rotate": [
					{ "time": 0, "angle": 0 }
				],
				"translate": [
					{ "time": 0, "x": 0, "y": 0 }
				],
				"scale": [
					{ "time": 0, "x": 1, "y": 1 }
				]
			},
			"bulb/light9": {
				"rotate": [
					{ "time": 0, "angle": 0 }
				],
				"translate": [
					{ "time": 0, "x": 0, "y": 0 }
				],
				"scale": [
					{ "time": 0, "x": 1, "y": 1 }
				]
			},
			"bulb/light10": {
				"rotate": [
					{ "time": 0, "angle": 0 }
				],
				"translate": [
					{ "time": 0, "x": 0, "y": 0 }
				],
				"scale": [
					{ "time": 0, "x": 1, "y": 1 }
				]
			},
			"bulb/light11": {
				"rotate": [
					{ "time": 0, "angle": 0 }
				],
				"translate": [
					{ "time": 0, "x": 0, "y": 0 }
				],
				"scale": [
					{ "time": 0, "x": 1, "y": 1 }
				]
			},
			"bulb/light12": {
				"rotate": [
					{ "time": 0, "angle": 0 }
				],
				"translate": [
					{ "time": 0, "x": 0, "y": 0 }
				],
				"scale": [
					{ "time": 0, "x": 1, "y": 1 }
				]
			},
			"bulb/light13": {
				"rotate": [
					{ "time": 0, "angle": 0 }
				],
				"translate": [
					{ "time": 0, "x": 0, "y": 0 }
				],
				"scale": [
					{ "time": 0, "x": 1, "y": 1 }
				]
			},
			"bulb/light14": {
				"rotate": [
					{ "time": 0, "angle": 0 }
				],
				"translate": [
					{ "time": 0, "x": 0, "y": 0 }
				],
				"scale": [
					{ "time": 0, "x": 1, "y": 1 }
				]
			},
			"bulb/light15": {
				"rotate": [
					{ "time": 0, "angle": 0 }
				],
				"translate": [
					{ "time": 0, "x": 0, "y": 0 }
				],
				"scale": [
					{ "time": 0, "x": 1, "y": 1 }
				]
			},
			"bulb/light16": {
				"rotate": [
					{ "time": 0, "angle": 0 }
				],
				"translate": [
					{ "time": 0, "x": 0, "y": 0 }
				],
				"scale": [
					{ "time": 0, "x": 1, "y": 1 }
				]
			}
		}
	}
}
}