{
"skeleton": { "hash": "Mfa/qgq/wMgFJqOqpkB0FbiMu2g", "spine": "3.4.02", "width": 0, "height": 0, "images": "./picture/" },
"bones": [
	{ "name": "root" },
	{ "name": "root2", "parent": "root", "rotation": -2.54, "y": -9.17 },
	{ "name": "star01", "parent": "root2", "rotation": -101.26, "x": -0.88, "y": -23.35 },
	{ "name": "star02", "parent": "root2", "rotation": -49.74, "x": 0.79, "y": 17.44 },
	{ "name": "star03", "parent": "root2", "rotation": 81.15, "x": 2.05, "y": 17.82 },
	{ "name": "star04", "parent": "root2", "rotation": -101.26, "x": -0.88, "y": -23.35 },
	{ "name": "star05", "parent": "root2", "rotation": -101.26, "x": -0.88, "y": -23.35 },
	{ "name": "star06", "parent": "root2", "rotation": -101.26, "x": -0.88, "y": -23.35 },
	{ "name": "star07", "parent": "root2", "rotation": -101.26, "x": 20.2, "y": -7.22 },
	{ "name": "star08", "parent": "root2", "rotation": -101.26, "x": -17.93, "y": -4.39 },
	{ "name": "star09", "parent": "root2", "rotation": -101.26, "x": 15.03, "y": -20.2 },
	{ "name": "star10", "parent": "root2", "rotation": -101.26, "x": -17.93, "y": -4.39 },
	{ "name": "star11", "parent": "root2", "rotation": -101.26, "x": -17.93, "y": -4.39 },
	{ "name": "star12", "parent": "root2", "rotation": -101.26, "x": -17.93, "y": -4.39 },
	{ "name": "star13", "parent": "root2", "rotation": -101.26, "x": 16.23, "y": -10.99 },
	{ "name": "star14", "parent": "root2", "rotation": -101.26, "x": 16.23, "y": -10.99 },
	{ "name": "star15", "parent": "root2", "rotation": -101.26, "x": 16.23, "y": -10.99 },
	{ "name": "star16", "parent": "root2", "rotation": -101.26, "x": 16.23, "y": -10.99 },
	{ "name": "star17", "parent": "root2", "rotation": -101.26, "x": 16.23, "y": -10.99 },
	{ "name": "star18", "parent": "root2", "rotation": -101.26, "x": 16.23, "y": -10.99 }
],
"slots": [
	{ "name": "star01", "bone": "star01", "color": "fffefee7" },
	{ "name": "star04", "bone": "star04", "color": "fffefee7" },
	{ "name": "star06", "bone": "star06", "color": "fffefee7" },
	{ "name": "star05", "bone": "star05", "color": "fffefee7" },
	{ "name": "star02", "bone": "star02", "color": "fffefee7" },
	{ "name": "star03", "bone": "star03", "color": "fffefee7" },
	{ "name": "star07", "bone": "star07", "color": "fffefee7" },
	{ "name": "star08", "bone": "star08", "color": "fffefee7" },
	{ "name": "star09", "bone": "star09", "color": "fffefee7" },
	{ "name": "star10", "bone": "star10", "color": "fffefee7" },
	{ "name": "star11", "bone": "star11", "color": "fffefee7" },
	{ "name": "star12", "bone": "star12", "color": "fffefee7" },
	{ "name": "star13", "bone": "star13", "color": "fffefee7" },
	{ "name": "star14", "bone": "star14", "color": "fffefee7" },
	{ "name": "star15", "bone": "star15", "color": "fffefee7" },
	{ "name": "star16", "bone": "star16", "color": "fffefee7" },
	{ "name": "star17", "bone": "star17", "color": "fffefee7" },
	{ "name": "star18", "bone": "star18", "color": "fffefee7" }
],
"skins": {
	"default": {
		"star01": {
			"star": { "x": -1.99, "y": 3.35, "rotation": 51.51, "width": 52, "height": 48 }
		},
		"star02": {
			"star": { "x": 1.37, "y": 3.65, "width": 52, "height": 48 }
		},
		"star03": {
			"star": { "x": 0.85, "y": -1.34, "rotation": -130.9, "width": 52, "height": 48 }
		},
		"star04": {
			"star": { "x": -1.99, "y": 3.35, "rotation": 51.51, "width": 52, "height": 48 }
		},
		"star05": {
			"star": { "x": -1.99, "y": 3.35, "rotation": 51.51, "width": 52, "height": 48 }
		},
		"star06": {
			"star": { "x": -1.99, "y": 3.35, "rotation": 51.51, "width": 52, "height": 48 }
		},
		"star07": {
			"star": { "x": -1.99, "y": 3.35, "rotation": 51.51, "width": 52, "height": 48 }
		},
		"star08": {
			"star": { "x": -1.99, "y": 3.35, "rotation": 51.51, "width": 52, "height": 48 }
		},
		"star09": {
			"star": { "x": -1.99, "y": 3.35, "rotation": 51.51, "width": 52, "height": 48 }
		},
		"star10": {
			"star": { "x": -1.99, "y": 3.35, "rotation": 51.51, "width": 52, "height": 48 }
		},
		"star11": {
			"star": { "x": -1.99, "y": 3.35, "rotation": 51.51, "width": 52, "height": 48 }
		},
		"star12": {
			"star": { "x": -1.99, "y": 3.35, "rotation": 51.51, "width": 52, "height": 48 }
		},
		"star13": {
			"star": { "x": -1.99, "y": 3.35, "rotation": 51.51, "width": 52, "height": 48 }
		},
		"star14": {
			"star": { "x": -1.99, "y": 3.35, "rotation": 51.51, "width": 52, "height": 48 }
		},
		"star15": {
			"star": { "x": -1.99, "y": 3.35, "rotation": 51.51, "width": 52, "height": 48 }
		},
		"star16": {
			"star": { "x": -1.99, "y": 3.35, "rotation": 51.51, "width": 52, "height": 48 }
		},
		"star17": {
			"star": { "x": -1.99, "y": 3.35, "rotation": 51.51, "width": 52, "height": 48 }
		},
		"star18": {
			"star": { "x": -1.99, "y": 3.35, "rotation": 51.51, "width": 52, "height": 48 }
		}
	}
},
"animations": {
	"run": {
		"slots": {
			"star01": {
				"color": [
					{ "time": 0, "color": "fcfcff91", "curve": "stepped" },
					{ "time": 0.7333, "color": "fcfcff91" },
					{
						"time": 0.9,
						"color": "f9fffffb",
						"curve": [ 0.25, 0, 0.83, 0.27 ]
					},
					{ "time": 1.6333, "color": "fffefd91" },
					{ "time": 2.2333, "color": "fcfcff91" }
				],
				"attachment": [
					{ "time": 0, "name": null },
					{ "time": 0.7333, "name": "star" },
					{ "time": 2.2333, "name": null }
				]
			},
			"star02": {
				"color": [
					{ "time": 0, "color": "fcfcff91", "curve": "stepped" },
					{ "time": 0.7333, "color": "fcfcff91" },
					{
						"time": 0.9,
						"color": "fafcfffb",
						"curve": [ 0.25, 0, 0.83, 0.27 ]
					},
					{ "time": 1.6333, "color": "fcfcff91" }
				],
				"attachment": [
					{ "time": 0, "name": null },
					{ "time": 0.7333, "name": "star" },
					{ "time": 2.0666, "name": null }
				]
			},
			"star03": {
				"color": [
					{ "time": 0, "color": "fcfcff91", "curve": "stepped" },
					{ "time": 0.7333, "color": "fcfcff91" },
					{
						"time": 0.9,
						"color": "fafcfffb",
						"curve": [ 0.25, 0, 0.83, 0.27 ]
					},
					{ "time": 1.6, "color": "fcfcff91" }
				],
				"attachment": [
					{ "time": 0, "name": null },
					{ "time": 0.7333, "name": "star" },
					{ "time": 1.7333, "name": null }
				]
			},
			"star04": {
				"color": [
					{ "time": 0, "color": "fcfcff91", "curve": "stepped" },
					{ "time": 0.7333, "color": "fcfcff91" },
					{
						"time": 0.9,
						"color": "fafcfffb",
						"curve": [ 0.25, 0, 0.83, 0.27 ]
					},
					{ "time": 1.6333, "color": "fcfcff91" }
				],
				"attachment": [
					{ "time": 0, "name": null },
					{ "time": 0.7333, "name": "star" },
					{ "time": 2.0333, "name": null }
				]
			},
			"star05": {
				"color": [
					{ "time": 0, "color": "fcfcff91", "curve": "stepped" },
					{ "time": 0.7333, "color": "fcfcff91" },
					{
						"time": 0.9,
						"color": "fafcfffb",
						"curve": [ 0.25, 0, 0.83, 0.27 ]
					},
					{ "time": 1.4666, "color": "fcfcff91" }
				],
				"attachment": [
					{ "time": 0, "name": null },
					{ "time": 0.7333, "name": "star" },
					{ "time": 1.4666, "name": null }
				]
			},
			"star06": {
				"color": [
					{ "time": 0, "color": "fcfcff91", "curve": "stepped" },
					{ "time": 0.7333, "color": "fcfcff91" },
					{
						"time": 0.9,
						"color": "fafcfffb",
						"curve": [ 0.25, 0, 0.83, 0.27 ]
					},
					{ "time": 1.6333, "color": "fcfcff91" }
				],
				"attachment": [
					{ "time": 0, "name": null },
					{ "time": 0.7333, "name": "star" },
					{ "time": 2.5333, "name": null }
				]
			},
			"star07": {
				"color": [
					{ "time": 0, "color": "fcfcff91", "curve": "stepped" },
					{ "time": 0.7333, "color": "fcfcff91" },
					{
						"time": 0.9,
						"color": "fafcfffb",
						"curve": [ 0.25, 0, 0.83, 0.27 ]
					},
					{ "time": 1.6333, "color": "fcfcff91" }
				],
				"attachment": [
					{ "time": 0, "name": null },
					{ "time": 0.7333, "name": "star" },
					{ "time": 1.9333, "name": null }
				]
			},
			"star08": {
				"color": [
					{ "time": 0, "color": "fcfcff91", "curve": "stepped" },
					{ "time": 0.7333, "color": "fcfcff91" },
					{
						"time": 0.9,
						"color": "fafcfffb",
						"curve": [ 0.25, 0, 0.83, 0.27 ]
					},
					{ "time": 1.5666, "color": "fcfcff91" }
				],
				"attachment": [
					{ "time": 0, "name": null },
					{ "time": 0.7333, "name": "star" },
					{ "time": 1.5666, "name": null }
				]
			},
			"star09": {
				"color": [
					{ "time": 0, "color": "fcfcff91", "curve": "stepped" },
					{ "time": 0.7333, "color": "fcfcff91" },
					{
						"time": 0.9,
						"color": "fafcfffb",
						"curve": [ 0.25, 0, 0.83, 0.27 ]
					},
					{ "time": 1.7, "color": "fcfcff91" }
				],
				"attachment": [
					{ "time": 0, "name": null },
					{ "time": 0.7333, "name": "star" },
					{ "time": 1.7, "name": null }
				]
			},
			"star10": {
				"color": [
					{ "time": 0, "color": "fcfcff91", "curve": "stepped" },
					{ "time": 0.7333, "color": "fcfcff91" },
					{
						"time": 0.9,
						"color": "fafcfffb",
						"curve": [ 0.25, 0, 0.83, 0.27 ]
					},
					{ "time": 1.6333, "color": "fcfcff91" }
				],
				"attachment": [
					{ "time": 0, "name": null },
					{ "time": 0.7333, "name": "star" },
					{ "time": 1.9333, "name": null }
				]
			},
			"star11": {
				"color": [
					{ "time": 0, "color": "fcfcff91", "curve": "stepped" },
					{ "time": 0.7333, "color": "fcfcff91" },
					{
						"time": 0.9,
						"color": "fafcfffb",
						"curve": [ 0.25, 0, 0.83, 0.27 ]
					},
					{ "time": 1.6333, "color": "fcfcff91" }
				],
				"attachment": [
					{ "time": 0, "name": null },
					{ "time": 0.7333, "name": "star" },
					{ "time": 2.3, "name": null }
				]
			},
			"star12": {
				"color": [
					{ "time": 0, "color": "fcfcff91", "curve": "stepped" },
					{ "time": 0.7333, "color": "fcfcff91" },
					{
						"time": 0.9,
						"color": "fafcfffb",
						"curve": [ 0.25, 0, 0.83, 0.27 ]
					},
					{ "time": 1.6333, "color": "fcfcff91" }
				],
				"attachment": [
					{ "time": 0, "name": null },
					{ "time": 0.7333, "name": "star" },
					{ "time": 2.7, "name": null }
				]
			},
			"star13": {
				"color": [
					{ "time": 0, "color": "fcfcff91", "curve": "stepped" },
					{ "time": 0.7333, "color": "fcfcff91" },
					{
						"time": 0.9,
						"color": "fafcfffb",
						"curve": [ 0.25, 0, 0.83, 0.27 ]
					},
					{ "time": 1.6333, "color": "fcfcff91" }
				],
				"attachment": [
					{ "time": 0, "name": null },
					{ "time": 0.7333, "name": "star" },
					{ "time": 2.3, "name": null }
				]
			},
			"star14": {
				"color": [
					{ "time": 0, "color": "fcfcff91", "curve": "stepped" },
					{ "time": 0.7333, "color": "fcfcff91" },
					{
						"time": 0.9,
						"color": "fafcfffb",
						"curve": [ 0.25, 0, 0.83, 0.27 ]
					},
					{ "time": 1.6333, "color": "fcfcff91" }
				],
				"attachment": [
					{ "time": 0, "name": null },
					{ "time": 0.7333, "name": "star" },
					{ "time": 2.3333, "name": null }
				]
			},
			"star15": {
				"color": [
					{ "time": 0, "color": "fcfcff91", "curve": "stepped" },
					{ "time": 0.7333, "color": "fcfcff91" },
					{
						"time": 0.9,
						"color": "fafcfffb",
						"curve": [ 0.25, 0, 0.83, 0.27 ]
					},
					{ "time": 1.6333, "color": "fcfcff91" }
				],
				"attachment": [
					{ "time": 0, "name": null },
					{ "time": 0.7333, "name": "star" },
					{ "time": 2.2333, "name": null }
				]
			},
			"star16": {
				"color": [
					{ "time": 0, "color": "fcfcff91", "curve": "stepped" },
					{ "time": 0.7333, "color": "fcfcff91" },
					{
						"time": 0.9,
						"color": "fafcfffb",
						"curve": [ 0.25, 0, 0.83, 0.27 ]
					},
					{ "time": 1.6333, "color": "fcfcff91" }
				],
				"attachment": [
					{ "time": 0, "name": null },
					{ "time": 0.7333, "name": "star" },
					{ "time": 2.2, "name": null }
				]
			},
			"star17": {
				"color": [
					{ "time": 0, "color": "fcfcff91", "curve": "stepped" },
					{ "time": 0.7333, "color": "fcfcff91" },
					{
						"time": 0.9,
						"color": "fafcfffb",
						"curve": [ 0.25, 0, 0.83, 0.27 ]
					},
					{ "time": 1.6333, "color": "fcfcff91" }
				],
				"attachment": [
					{ "time": 0, "name": null },
					{ "time": 0.7333, "name": "star" },
					{ "time": 1.8333, "name": null }
				]
			},
			"star18": {
				"color": [
					{ "time": 0, "color": "fcfcff91", "curve": "stepped" },
					{ "time": 0.7333, "color": "fcfcff91" },
					{
						"time": 0.9,
						"color": "fafcfffb",
						"curve": [ 0.25, 0, 0.83, 0.27 ]
					},
					{ "time": 1.6333, "color": "fcfcff91" }
				],
				"attachment": [
					{ "time": 0, "name": null },
					{ "time": 0.7333, "name": "star" },
					{ "time": 1.9, "name": null }
				]
			}
		},
		"bones": {
			"star01": {
				"rotate": [
					{ "time": 0, "angle": -23.8, "curve": "stepped" },
					{ "time": 0.7333, "angle": -23.8 },
					{ "time": 1.1, "angle": -55.57 },
					{ "time": 2.2333, "angle": 136.96 }
				],
				"translate": [
					{ "time": 0, "x": 8.59, "y": -128.67, "curve": "stepped" },
					{
						"time": 0.7333,
						"x": 8.59,
						"y": -128.67,
						"curve": [ 0.098, 0.87, 0.75, 1 ]
					},
					{
						"time": 1.1,
						"x": 218.47,
						"y": 336.8,
						"curve": [ 0.25, 0, 0.681, 0.24 ]
					},
					{ "time": 2.2333, "x": 261.93, "y": -93.01 }
				],
				"scale": [
					{ "time": 0, "x": 2.747, "y": 1.016, "curve": "stepped" },
					{
						"time": 0.7333,
						"x": 2.747,
						"y": 1.016,
						"curve": [ 0.394, 0, 0.927, 0.59 ]
					},
					{
						"time": 1.1,
						"x": 2.061,
						"y": 2.061,
						"curve": [ 0.213, 0.57, 0.75, 1 ]
					},
					{ "time": 2.2333, "x": 0.577, "y": 0.577 }
				]
			},
			"star02": {
				"rotate": [
					{ "time": 0, "angle": 63.54, "curve": "stepped" },
					{ "time": 0.7333, "angle": 63.54 },
					{ "time": 1.1, "angle": 0 },
					{ "time": 1.5666, "angle": 222.24 },
					{ "time": 2.0666, "angle": 103.58 }
				],
				"translate": [
					{ "time": 0, "x": 8.59, "y": -128.67, "curve": "stepped" },
					{
						"time": 0.7333,
						"x": 8.59,
						"y": -128.67,
						"curve": [ 0.186, 0.44, 0.547, 0.76 ]
					},
					{ "time": 1.1, "x": 154.09, "y": 27.17 },
					{ "time": 2.0666, "x": 256.13, "y": -337.51 }
				],
				"scale": [
					{ "time": 0, "x": 0.136, "y": 0.136, "curve": "stepped" },
					{
						"time": 0.7333,
						"x": 0.136,
						"y": 0.136,
						"curve": [ 0.25, 0, 0.61, 0.3 ]
					},
					{ "time": 1.1, "x": 1.863, "y": 1.863 },
					{ "time": 2.0666, "x": 0.413, "y": 0.413 }
				]
			},
			"star03": {
				"rotate": [
					{ "time": 0, "angle": -33.86, "curve": "stepped" },
					{ "time": 0.7333, "angle": -33.86 },
					{ "time": 1.0666, "angle": -30.92 },
					{ "time": 1.3666, "angle": 12.73 },
					{ "time": 1.7333, "angle": -239.98 }
				],
				"translate": [
					{ "time": 0, "x": 8.59, "y": -128.67, "curve": "stepped" },
					{
						"time": 0.7333,
						"x": 8.59,
						"y": -128.67,
						"curve": [ 0.172, 0.85, 0.75, 1 ]
					},
					{ "time": 1.0666, "x": -147.05, "y": 196.17 },
					{ "time": 1.3666, "x": -208.77, "y": 143.27 },
					{ "time": 1.7333, "x": -247.14, "y": 64.33 }
				],
				"scale": [
					{ "time": 0, "x": 0.871, "y": 2.116, "curve": "stepped" },
					{
						"time": 0.7333,
						"x": 0.871,
						"y": 2.116,
						"curve": [ 0.084, 0.01, 0.854, 0.38 ]
					},
					{
						"time": 1.0666,
						"x": 1.273,
						"y": 1.579,
						"curve": [ 0.147, 0.78, 0.75, 1 ]
					},
					{ "time": 1.7333, "x": 0.148, "y": 0.148 }
				]
			},
			"star04": {
				"rotate": [
					{ "time": 0, "angle": 143.7, "curve": "stepped" },
					{ "time": 0.7333, "angle": 143.7 },
					{ "time": 1.1, "angle": 108.52 },
					{ "time": 2.0333, "angle": 19.44 }
				],
				"translate": [
					{ "time": 0, "x": 30.21, "y": -102.57, "curve": "stepped" },
					{ "time": 0.7333, "x": 30.21, "y": -102.57 },
					{ "time": 1.1, "x": 258.77, "y": 200.06 },
					{ "time": 2.0333, "x": 362.5, "y": -138.58 }
				],
				"scale": [
					{ "time": 0, "x": 1.49, "y": 0.617, "curve": "stepped" },
					{
						"time": 0.7333,
						"x": 1.49,
						"y": 0.617,
						"curve": [ 0.25, 0, 0.915, 0.24 ]
					},
					{
						"time": 1.1,
						"x": 2.674,
						"y": 2.674,
						"curve": [ 0.153, 0.7, 0.75, 1 ]
					},
					{ "time": 2.0333, "x": 0.413, "y": 0.413 }
				]
			},
			"star05": {
				"rotate": [
					{ "time": 0, "angle": 0, "curve": "stepped" },
					{ "time": 0.7333, "angle": 0 },
					{ "time": 1.1, "angle": 98.85 },
					{ "time": 1.4666, "angle": 204.37 }
				],
				"translate": [
					{ "time": 0, "x": 5.58, "y": -92.01, "curve": "stepped" },
					{
						"time": 0.7333,
						"x": 5.58,
						"y": -92.01,
						"curve": [ 0.175, 0.74, 0.75, 1 ]
					},
					{ "time": 1.1, "x": -57.71, "y": 50.88 },
					{ "time": 1.4666, "x": -83.14, "y": 12.53 }
				],
				"scale": [
					{ "time": 0, "x": 0.535, "y": 0.535, "curve": "stepped" },
					{ "time": 0.7333, "x": 0.535, "y": 0.535 },
					{ "time": 1.1, "x": 1, "y": 1 },
					{ "time": 1.4666, "x": 0.465, "y": 0.465 }
				]
			},
			"star06": {
				"rotate": [
					{ "time": 0, "angle": 0, "curve": "stepped" },
					{ "time": 0.7333, "angle": 0 },
					{ "time": 0.9333, "angle": 109.13 },
					{ "time": 2.5333, "angle": -83.68 }
				],
				"translate": [
					{ "time": 0, "x": 23.61, "y": -69.78, "curve": "stepped" },
					{
						"time": 0.7333,
						"x": 23.61,
						"y": -69.78,
						"curve": [ 0.214, 0.86, 0.75, 1 ]
					},
					{ "time": 0.9333, "x": -148.57, "y": 13.95 },
					{ "time": 2.5333, "x": -231.42, "y": -400.22 }
				],
				"scale": [
					{ "time": 0, "x": 1, "y": 1, "curve": "stepped" },
					{ "time": 0.7333, "x": 1, "y": 1 },
					{ "time": 0.9333, "x": 1.542, "y": 1.542 },
					{ "time": 2.5333, "x": 0.146, "y": 0.146 }
				]
			},
			"star07": {
				"rotate": [
					{ "time": 0, "angle": 0, "curve": "stepped" },
					{ "time": 0.7333, "angle": 0 },
					{ "time": 0.9333, "angle": -129.45 },
					{ "time": 1.9333, "angle": 76.09 }
				],
				"translate": [
					{ "time": 0, "x": 8.59, "y": -128.67, "curve": "stepped" },
					{ "time": 0.7333, "x": 8.59, "y": -128.67 },
					{ "time": 0.9333, "x": -99.75, "y": 56.81 },
					{ "time": 1.9333, "x": -107.25, "y": -173.56 }
				],
				"scale": [
					{ "time": 0, "x": 1, "y": 1, "curve": "stepped" },
					{ "time": 0.7333, "x": 1, "y": 1, "curve": "stepped" },
					{ "time": 0.9333, "x": 1, "y": 1 },
					{ "time": 1.9333, "x": 0.345, "y": 0.345 }
				]
			},
			"star08": {
				"rotate": [
					{ "time": 0, "angle": 0, "curve": "stepped" },
					{
						"time": 0.7333,
						"angle": 0,
						"curve": [ 0.175, 0.6, 0.75, 1 ]
					},
					{ "time": 0.9333, "angle": -92.93 },
					{ "time": 1.5666, "angle": 92.77 }
				],
				"translate": [
					{ "time": 0, "x": 8.59, "y": -128.67, "curve": "stepped" },
					{
						"time": 0.7333,
						"x": 8.59,
						"y": -128.67,
						"curve": [ 0.175, 0.6, 0.75, 1 ]
					},
					{ "time": 0.9333, "x": -142.32, "y": 140.47 },
					{ "time": 1.5666, "x": -304.82, "y": -142.58 }
				],
				"scale": [
					{ "time": 0, "x": 1, "y": 1, "curve": "stepped" },
					{
						"time": 0.7333,
						"x": 1,
						"y": 1,
						"curve": [ 0.175, 0.6, 0.75, 1 ]
					},
					{ "time": 0.9333, "x": -2.236, "y": -2.236 },
					{ "time": 1.5666, "x": -0.271, "y": -0.271 }
				]
			},
			"star09": {
				"rotate": [
					{ "time": 0, "angle": 0, "curve": "stepped" },
					{ "time": 0.7333, "angle": 0 },
					{ "time": 1.1666, "angle": 188.08 },
					{ "time": 1.7, "angle": 12.68 }
				],
				"translate": [
					{ "time": 0, "x": 8.59, "y": -128.67, "curve": "stepped" },
					{
						"time": 0.7333,
						"x": 8.59,
						"y": -128.67,
						"curve": [ 0.134, 0.77, 0.75, 1 ]
					},
					{ "time": 1.1666, "x": -20.17, "y": 77.97 },
					{ "time": 1.7, "x": -28.24, "y": -105.73 }
				],
				"scale": [
					{ "time": 0, "x": 1, "y": 1, "curve": "stepped" },
					{ "time": 0.7333, "x": 1, "y": 1, "curve": "stepped" },
					{
						"time": 1.1666,
						"x": 1,
						"y": 1,
						"curve": [ 0.25, 0, 0.75, 1 ]
					},
					{ "time": 1.7, "x": 0.431, "y": 0.431 }
				]
			},
			"star10": {
				"rotate": [
					{ "time": 0, "angle": 0, "curve": "stepped" },
					{ "time": 0.7333, "angle": 0 },
					{ "time": 1.1, "angle": 150.88 },
					{ "time": 1.9333, "angle": -12.59 }
				],
				"translate": [
					{ "time": 0, "x": 8.59, "y": -128.67, "curve": "stepped" },
					{
						"time": 0.7333,
						"x": 8.59,
						"y": -128.67,
						"curve": [ 0.019, 0.96, 0.75, 1 ]
					},
					{ "time": 1.1, "x": 83.58, "y": 41.87 },
					{ "time": 1.9333, "x": 71.28, "y": -370.99 }
				],
				"scale": [
					{ "time": 0, "x": 1, "y": 1, "curve": "stepped" },
					{ "time": 0.7333, "x": 1, "y": 1, "curve": "stepped" },
					{ "time": 1.1, "x": 1, "y": 1 },
					{ "time": 1.9333, "x": 0.301, "y": 0.301 }
				]
			},
			"star11": {
				"rotate": [
					{ "time": 0, "angle": 0, "curve": "stepped" },
					{ "time": 0.7333, "angle": 0 },
					{ "time": 1.1, "angle": 102.68 },
					{ "time": 1.7, "angle": -87.63 },
					{ "time": 2.3, "angle": 63.74 }
				],
				"translate": [
					{ "time": 0, "x": 8.59, "y": -128.67, "curve": "stepped" },
					{
						"time": 0.7333,
						"x": 8.59,
						"y": -128.67,
						"curve": [ 0.115, 1, 0.75, 1 ]
					},
					{ "time": 1.1, "x": 104.5, "y": 311.9 },
					{ "time": 2.3, "x": 184.52, "y": 9.59 }
				],
				"scale": [
					{ "time": 0, "x": 1, "y": 1, "curve": "stepped" },
					{ "time": 0.7333, "x": 1, "y": 1 },
					{ "time": 1.1, "x": 1.38, "y": 1.38 },
					{ "time": 2.3, "x": 0.437, "y": 0.437 }
				]
			},
			"star12": {
				"rotate": [
					{ "time": 0, "angle": 54.43, "curve": "stepped" },
					{ "time": 0.7333, "angle": 54.43 },
					{ "time": 1.3666, "angle": 62.81 },
					{ "time": 2.7, "angle": 210.58 }
				],
				"translate": [
					{ "time": 0, "x": 82.83, "y": -131.93, "curve": "stepped" },
					{
						"time": 0.7333,
						"x": 82.83,
						"y": -131.93,
						"curve": [ 0.011, 0.82, 0.75, 1 ]
					},
					{
						"time": 1.3666,
						"x": -116.8,
						"y": 294.56,
						"curve": [ 0.25, 0, 0.846, 0.38 ]
					},
					{ "time": 2.7, "x": -200.64, "y": -356.28 }
				],
				"scale": [
					{ "time": 0, "x": 1.763, "y": 0.788, "curve": "stepped" },
					{
						"time": 0.7333,
						"x": 1.763,
						"y": 0.788,
						"curve": [ 0.25, 0, 0.947, 0.06 ]
					},
					{
						"time": 1.3666,
						"x": 1,
						"y": 1,
						"curve": [ 0.197, 0.62, 0.75, 1 ]
					},
					{ "time": 2.7, "x": 0.258, "y": 0.258 }
				]
			},
			"star13": {
				"rotate": [
					{ "time": 0, "angle": -14.73, "curve": "stepped" },
					{ "time": 0.7333, "angle": -14.73 },
					{ "time": 1.1666, "angle": -33.68 },
					{ "time": 2.3, "angle": 175.17 }
				],
				"translate": [
					{ "time": 0, "x": 8.59, "y": -128.67, "curve": "stepped" },
					{
						"time": 0.7333,
						"x": 8.59,
						"y": -128.67,
						"curve": [ 0.102, 0.59, 0.75, 1 ]
					},
					{
						"time": 1.1666,
						"x": 85.08,
						"y": 197.21,
						"curve": [ 0.25, 0, 0.826, 0.3 ]
					},
					{ "time": 2.3, "x": 136.07, "y": -240.85 }
				],
				"scale": [
					{ "time": 0, "x": 2.179, "y": 0.816, "curve": "stepped" },
					{ "time": 0.7333, "x": 2.179, "y": 0.816 },
					{
						"time": 1.1666,
						"x": 1,
						"y": 1,
						"curve": [ 0.237, 0.54, 0.75, 1 ]
					},
					{ "time": 2.3, "x": 0.375, "y": 0.375 }
				]
			},
			"star14": {
				"rotate": [
					{ "time": 0, "angle": 40.6, "curve": "stepped" },
					{ "time": 0.7333, "angle": 40.6 },
					{ "time": 1.0666, "angle": 69.29 },
					{ "time": 1.5333, "angle": 216.85 },
					{ "time": 2.3333, "angle": 21.56 }
				],
				"translate": [
					{ "time": 0, "x": 8.59, "y": -128.67, "curve": "stepped" },
					{
						"time": 0.7333,
						"x": 8.59,
						"y": -128.67,
						"curve": [ 0.083, 0.78, 0.75, 1 ]
					},
					{ "time": 1.0666, "x": -227.86, "y": 325.54 },
					{ "time": 1.5333, "x": -295.08, "y": 194.27 },
					{ "time": 2.3333, "x": -339.95, "y": -158.53 }
				],
				"scale": [
					{ "time": 0, "x": 2.078, "y": 1, "curve": "stepped" },
					{
						"time": 0.7333,
						"x": 2.078,
						"y": 1,
						"curve": [ 0.25, 0, 0.883, 0.29 ]
					},
					{
						"time": 1.0666,
						"x": 2.48,
						"y": 2.48,
						"curve": [ 0.221, 0.65, 0.75, 1 ]
					},
					{ "time": 2.3333, "x": 0.257, "y": 0.257 }
				]
			},
			"star15": {
				"rotate": [
					{ "time": 0, "angle": 0, "curve": "stepped" },
					{ "time": 0.7333, "angle": 0 },
					{ "time": 1.1, "angle": 150.3 },
					{ "time": 2.2333, "angle": -58.91 }
				],
				"translate": [
					{ "time": 0, "x": 8.59, "y": -128.67, "curve": "stepped" },
					{
						"time": 0.7333,
						"x": 8.59,
						"y": -128.67,
						"curve": [ 0.132, 0.82, 0.75, 1 ]
					},
					{ "time": 1.1, "x": 148.11, "y": 202.33 },
					{ "time": 2.2333, "x": 268.42, "y": -180.03 }
				],
				"scale": [
					{ "time": 0, "x": 1, "y": 1, "curve": "stepped" },
					{ "time": 0.7333, "x": 1, "y": 1, "curve": "stepped" },
					{ "time": 1.1, "x": 1, "y": 1 },
					{ "time": 2.2333, "x": 0.415, "y": 0.415 }
				]
			},
			"star16": {
				"rotate": [
					{ "time": 0, "angle": 0, "curve": "stepped" },
					{ "time": 0.7333, "angle": 0 },
					{ "time": 1.1, "angle": 211.88 },
					{ "time": 2.2, "angle": 62.5 }
				],
				"translate": [
					{ "time": 0, "x": 8.59, "y": -128.67, "curve": "stepped" },
					{
						"time": 0.7333,
						"x": 8.59,
						"y": -128.67,
						"curve": [ 0, 0.95, 0.75, 1 ]
					},
					{ "time": 1.1, "x": 15.75, "y": 358.51 },
					{ "time": 2.2, "x": 2.54, "y": 92.34 }
				],
				"scale": [
					{ "time": 0, "x": 1, "y": 1, "curve": "stepped" },
					{ "time": 0.7333, "x": 1, "y": 1, "curve": "stepped" },
					{ "time": 1.1, "x": 1, "y": 1 },
					{ "time": 2.2, "x": 0.348, "y": 0.348 }
				]
			},
			"star17": {
				"rotate": [
					{ "time": 0, "angle": 0, "curve": "stepped" },
					{ "time": 0.7333, "angle": 0 },
					{ "time": 1.1666, "angle": 173.74 },
					{ "time": 1.8333, "angle": -11.47 }
				],
				"translate": [
					{ "time": 0, "x": 8.59, "y": -128.67, "curve": "stepped" },
					{
						"time": 0.7333,
						"x": 8.59,
						"y": -128.67,
						"curve": [ 0.089, 0.79, 0.75, 1 ]
					},
					{ "time": 1.1666, "x": 231.59, "y": 216.82 },
					{ "time": 1.8333, "x": 288.55, "y": 11.62 }
				],
				"scale": [
					{ "time": 0, "x": 1, "y": 1, "curve": "stepped" },
					{ "time": 0.7333, "x": 1, "y": 1 },
					{ "time": 1.1666, "x": 1.049, "y": 1.049 },
					{ "time": 1.8333, "x": 0.465, "y": 0.465 }
				]
			},
			"star18": {
				"rotate": [
					{ "time": 0, "angle": 10.45, "curve": "stepped" },
					{ "time": 0.7333, "angle": 10.45 },
					{ "time": 1.1, "angle": 4.58 },
					{ "time": 1.4666, "angle": 116.09 },
					{ "time": 1.9, "angle": 244.07 }
				],
				"translate": [
					{ "time": 0, "x": 0, "y": 0, "curve": "stepped" },
					{
						"time": 0.7333,
						"x": 0,
						"y": 0,
						"curve": [ 0.134, 0.73, 0.75, 1 ]
					},
					{
						"time": 1.1,
						"x": -5.95,
						"y": 308.53,
						"curve": [ 0.25, 0, 1, 0.5 ]
					},
					{ "time": 1.9, "x": -50.31, "y": -79.38 }
				],
				"scale": [
					{ "time": 0, "x": 2.504, "y": 0.525, "curve": "stepped" },
					{
						"time": 0.7333,
						"x": 2.504,
						"y": 0.525,
						"curve": [ 0.25, 0, 0.947, 0.35 ]
					},
					{
						"time": 1.1,
						"x": 1.479,
						"y": 1.479,
						"curve": [ 0.197, 0.56, 0.75, 1 ]
					},
					{ "time": 1.9, "x": 0.065, "y": 0.065 }
				]
			},
			"root2": {
				"rotate": [
					{ "time": 0, "angle": 0 }
				],
				"translate": [
					{ "time": 0, "x": 0, "y": 69.83 }
				],
				"scale": [
					{ "time": 0, "x": 0.475, "y": 0.475 }
				]
			},
			"root": {
				"rotate": [
					{ "time": 0, "angle": 0 }
				],
				"translate": [
					{ "time": 0, "x": 0, "y": 0 }
				],
				"scale": [
					{ "time": 0, "x": 1, "y": 1 }
				]
			}
		}
	}
}
}