{
"skeleton": { "hash": "ZmZtKjgbSZ9MNPZOsgNV4yvHRVk", "spine": "3.4.02", "width": 251, "height": 246, "images": "" },
"bones": [
	{ "name": "root", "color": "9c0006ff" },
	{ "name": "bone", "parent": "root", "x": -489.36, "y": 193.31 },
	{ "name": "images/bird_stone_03", "parent": "bone", "x": 1812.35, "y": -401.92 },
	{ "name": "images/bird_stone_4", "parent": "bone", "x": 1723.13, "y": -401.92 },
	{ "name": "images/bird_stone_5", "parent": "bone", "x": 1890.41, "y": -401.92 },
	{ "name": "images/w8", "parent": "bone", "x": 1485.02, "y": -95.81 },
	{ "name": "images/w9", "parent": "bone", "x": 1717.05, "y": -109.66 },
	{ "name": "images/w10", "parent": "bone", "x": 1299.67, "y": -92.07 },
	{ "name": "images/w11", "parent": "bone", "x": 1432.6, "y": -93.94 },
	{ "name": "images/w12", "parent": "bone", "x": 1633.19, "y": -109.66 },
	{ "name": "images/w13", "parent": "bone", "x": 1554.29, "y": -99.56 },
	{ "name": "images/w14", "parent": "bone", "x": 1363.33, "y": -97.68 },
	{ "name": "images/w15", "parent": "bone", "x": 1224.76, "y": -99.56 },
	{ "name": "images/w16", "parent": "bone", "x": 1224.76, "y": 105.92 },
	{ "name": "images/w17", "parent": "bone", "x": 1299.67, "y": 38.05 },
	{ "name": "images/w18", "parent": "bone", "x": 1432.6, "y": 28.53 },
	{ "name": "images/w19", "parent": "bone", "x": 1633.19, "y": 64.46 },
	{ "name": "images/w21", "parent": "bone", "x": 1485.02, "y": 26.15 },
	{ "name": "images/w22", "parent": "bone", "x": 1554.29, "y": 48.08 }
],
"slots": [
	{ "name": "images/w8", "bone": "images/w8" },
	{ "name": "images/w21", "bone": "images/w21" },
	{ "name": "images/w9", "bone": "images/w9" },
	{ "name": "images/w10", "bone": "images/w10" },
	{ "name": "images/w17", "bone": "images/w17" },
	{ "name": "images/w11", "bone": "images/w11" },
	{ "name": "images/w18", "bone": "images/w18" },
	{ "name": "images/w12", "bone": "images/w12" },
	{ "name": "images/w19", "bone": "images/w19" },
	{ "name": "images/w13", "bone": "images/w13" },
	{ "name": "images/w22", "bone": "images/w22" },
	{ "name": "images/w15", "bone": "images/w15" },
	{ "name": "images/w16", "bone": "images/w16" },
	{ "name": "images/w14", "bone": "images/w14" },
	{ "name": "images/bird_stone_03", "bone": "images/bird_stone_03" },
	{ "name": "images/bird_stone_4", "bone": "images/bird_stone_4" },
	{ "name": "images/bird_stone_5", "bone": "images/bird_stone_5" },
	{ "name": "images/wo4", "bone": "bone", "attachment": "lv1" },
	{ "name": "images/a/stone_97", "bone": "bone", "attachment": "lv2" },
	{ "name": "images/a/stone_94", "bone": "bone", "attachment": "lv3" }
],
"skins": {
	"default": {
		"images/bird_stone_03": {
			"images/bird_stone_03": { "x": -0.61, "y": 0.23, "rotation": 89.59, "width": 107, "height": 23 }
		},
		"images/bird_stone_4": {
			"images/bird_stone_03": { "x": -0.61, "y": 0.23, "rotation": 89.59, "width": 107, "height": 23 }
		},
		"images/bird_stone_5": {
			"images/bird_stone_03": { "x": -0.61, "y": 0.23, "rotation": 89.59, "width": 107, "height": 23 }
		},
		"images/w10": {
			"images/bst1": { "x": -2.17, "y": 5.26, "width": 84, "height": 70 }
		},
		"images/w11": {
			"images/s1": { "x": -1.59, "y": -1.35, "width": 63, "height": 66 }
		},
		"images/w12": {
			"images/s6": { "x": 3.3, "y": 8.86, "width": 88, "height": 58 }
		},
		"images/w13": {
			"images/s1": { "x": -0.79, "y": 2.25, "width": 63, "height": 66 }
		},
		"images/w14": {
			"images/bst1": { "x": 2.67, "y": 2.88, "width": 84, "height": 70 }
		},
		"images/w15": {
			"images/bst2": { "x": -0.79, "y": 2.25, "width": 122, "height": 81 }
		},
		"images/w16": {
			"images/bst2": { "x": -0.79, "y": 2.25, "width": 122, "height": 81 }
		},
		"images/w17": {
			"images/bst1": { "x": -2.17, "y": 5.26, "width": 84, "height": 70 }
		},
		"images/w18": {
			"images/s1": { "x": -1.59, "y": -1.35, "width": 63, "height": 66 }
		},
		"images/w19": {
			"images/s6": { "x": 3.3, "y": 8.86, "width": 88, "height": 58 }
		},
		"images/w21": {
			"images/s5": { "x": 3.47, "y": 0.01, "width": 60, "height": 40 }
		},
		"images/w22": {
			"images/s1": { "x": -0.79, "y": 2.25, "width": 63, "height": 66 }
		},
		"images/w8": {
			"images/s5": { "x": 3.47, "y": 0.01, "width": 60, "height": 40 }
		},
		"images/w9": {
			"images/s3": { "x": 0.44, "y": 6.36, "width": 81, "height": 64 }
		}
	},
	"1": {
		"images/a/stone_94": {
			"lv3": { "name": "images/5_2", "x": 488.47, "y": -194.29, "width": 251, "height": 246 }
		},
		"images/a/stone_97": {
			"lv2": { "name": "images/5_1", "x": 488.47, "y": -194.29, "width": 251, "height": 246 }
		},
		"images/wo4": {
			"lv1": { "name": "images/5", "x": 488.58, "y": -194.94, "scaleX": 0.977, "scaleY": 0.977, "width": 251, "height": 247 }
		}
	},
	"2": {
		"images/a/stone_94": {
			"lv3": { "name": "images/a/stone_06", "x": 486.79, "y": -193.38, "width": 251, "height": 247 }
		},
		"images/a/stone_97": {
			"lv2": { "name": "images/a/stone_04", "x": 488.61, "y": -193.9, "width": 251, "height": 247 }
		},
		"images/wo4": {
			"lv1": { "name": "images/a/stone_02", "x": 486.66, "y": -193.99, "width": 250, "height": 247 }
		}
	},
	"3": {
		"images/a/stone_94": {
			"lv3": { "name": "images/a/stone_94", "x": 488.81, "y": -192.19, "width": 249, "height": 246 }
		},
		"images/a/stone_97": {
			"lv2": { "name": "images/a/stone_97", "x": 489.43, "y": -192.32, "width": 249, "height": 246 }
		},
		"images/wo4": {
			"lv1": { "name": "images/a/stone_90", "x": 489.24, "y": -192.48, "width": 250, "height": 246 }
		}
	},
	"4": {
		"images/a/stone_94": {
			"lv3": { "name": "images/a/stone_68", "x": 485.87, "y": -192.13, "width": 251, "height": 247 }
		},
		"images/a/stone_97": {
			"lv2": { "name": "images/a/stone_71", "x": 485.32, "y": -191.24, "width": 251, "height": 247 }
		},
		"images/wo4": {
			"lv1": { "name": "images/a/stone_66", "x": 486.59, "y": -192.51, "width": 250, "height": 247 }
		}
	},
	"5": {
		"images/a/stone_94": {
			"lv3": { "name": "images/d/stone_88", "x": 488.56, "y": -192.83, "width": 244, "height": 244 }
		},
		"images/a/stone_97": {
			"lv2": { "name": "images/d/stone_86", "x": 488.31, "y": -193.64, "width": 244, "height": 244 }
		},
		"images/wo4": {
			"lv1": { "name": "images/d/stone_83", "x": 488.77, "y": -193.31, "width": 244, "height": 244 }
		}
	},
	"6": {
		"images/a/stone_94": {
			"lv3": { "name": "images/c/stone_27", "x": 489.62, "y": -245.17, "width": 245, "height": 144 }
		},
		"images/a/stone_97": {
			"lv2": { "name": "images/c/stone_25", "x": 489.36, "y": -244.23, "width": 245, "height": 144 }
		},
		"images/wo4": {
			"lv1": { "name": "images/c/stone_23", "x": 488.39, "y": -244.27, "width": 245, "height": 143 }
		}
	},
	"7": {
		"images/a/stone_94": {
			"lv3": { "name": "images/c/stone_58", "x": 487.91, "y": -137.25, "width": 245, "height": 144 }
		},
		"images/a/stone_97": {
			"lv2": { "name": "images/c/stone_56", "x": 486.96, "y": -137.79, "width": 245, "height": 144 }
		},
		"images/wo4": {
			"lv1": { "name": "images/c/stone_55", "x": 487.96, "y": -139.51, "width": 244, "height": 144 }
		}
	},
	"8": {
		"images/a/stone_94": {
			"lv3": { "name": "images/c/stone_20", "x": 436.61, "y": -192.64, "width": 145, "height": 245 }
		},
		"images/a/stone_97": {
			"lv2": { "name": "images/c/stone_18", "x": 436.01, "y": -193.15, "width": 145, "height": 245 }
		},
		"images/wo4": {
			"lv1": { "name": "images/c/stone_16", "x": 436.44, "y": -191.55, "width": 144, "height": 245 }
		}
	},
	"9": {
		"images/a/stone_94": {
			"lv3": { "name": "images/c/stone_61", "x": 539.72, "y": -191.63, "width": 143, "height": 245 }
		},
		"images/a/stone_97": {
			"lv2": { "name": "images/c/stone_62", "x": 540.84, "y": -191.92, "width": 143, "height": 245 }
		},
		"images/wo4": {
			"lv1": { "name": "images/c/stone_60", "x": 540.35, "y": -193.15, "width": 144, "height": 244 }
		}
	},
	"10": {
		"images/a/stone_94": {
			"lv3": { "name": "images/b/stone_53", "x": 491.08, "y": -193.23, "width": 254, "height": 249 }
		},
		"images/a/stone_97": {
			"lv2": { "name": "images/b/stone_44", "x": 491.35, "y": -193.1, "width": 254, "height": 249 }
		},
		"images/wo4": {
			"lv1": { "name": "images/b/stone_50", "x": 491, "y": -192.88, "width": 254, "height": 248 }
		}
	},
	"11": {
		"images/a/stone_94": {
			"lv3": { "name": "images/b/stone_13", "x": 487.32, "y": -193.17, "width": 255, "height": 250 }
		},
		"images/a/stone_97": {
			"lv2": { "name": "images/b/stone_11", "x": 488.54, "y": -193.08, "width": 255, "height": 250 }
		},
		"images/wo4": {
			"lv1": { "name": "images/b/stone_09", "x": 487.12, "y": -193.09, "width": 254, "height": 249 }
		}
	},
	"12": {
		"images/a/stone_94": {
			"lv3": { "name": "images/b/stone_98", "x": 491.01, "y": -192.6, "width": 253, "height": 249 }
		},
		"images/a/stone_97": {
			"lv2": { "name": "images/b/stone_96", "x": 490.79, "y": -194.36, "width": 253, "height": 249 }
		},
		"images/wo4": {
			"lv1": { "name": "images/b/stone_99", "x": 491.22, "y": -192.01, "width": 253, "height": 248 }
		}
	},
	"13": {
		"images/a/stone_94": {
			"lv3": { "name": "images/b/stone_77", "x": 487.68, "y": -193.33, "width": 253, "height": 250 }
		},
		"images/a/stone_97": {
			"lv2": { "name": "images/b/stone_74", "x": 487.07, "y": -193.48, "width": 253, "height": 250 }
		},
		"images/wo4": {
			"lv1": { "name": "images/b/stone_82", "x": 488.21, "y": -192.35, "width": 254, "height": 249 }
		}
	}
},
"animations": {
	"lv1": {
		"slots": {
			"images/a/stone_94": {
				"color": [
					{ "time": 0, "color": "ffffffff" }
				],
				"attachment": [
					{ "time": 0, "name": "lv3" }
				]
			},
			"images/a/stone_97": {
				"color": [
					{ "time": 0, "color": "ffffffff" }
				],
				"attachment": [
					{ "time": 0, "name": null }
				]
			},
			"images/bird_stone_03": {
				"color": [
					{ "time": 0, "color": "ffffffff" }
				],
				"attachment": [
					{ "time": 0, "name": null }
				]
			},
			"images/bird_stone_4": {
				"color": [
					{ "time": 0, "color": "ffffffff" }
				],
				"attachment": [
					{ "time": 0, "name": null }
				]
			},
			"images/bird_stone_5": {
				"color": [
					{ "time": 0, "color": "ffffffff" }
				],
				"attachment": [
					{ "time": 0, "name": null }
				]
			},
			"images/w8": {
				"color": [
					{ "time": 0, "color": "ffffffff" }
				],
				"attachment": [
					{ "time": 0, "name": null }
				]
			},
			"images/w9": {
				"color": [
					{ "time": 0, "color": "ffffffff" }
				],
				"attachment": [
					{ "time": 0, "name": null }
				]
			},
			"images/w10": {
				"color": [
					{ "time": 0, "color": "ffffffff" }
				],
				"attachment": [
					{ "time": 0, "name": null }
				]
			},
			"images/w11": {
				"color": [
					{ "time": 0, "color": "ffffffff" }
				],
				"attachment": [
					{ "time": 0, "name": null }
				]
			},
			"images/w12": {
				"color": [
					{ "time": 0, "color": "ffffffff" }
				],
				"attachment": [
					{ "time": 0, "name": null }
				]
			},
			"images/w13": {
				"color": [
					{ "time": 0, "color": "ffffffff" }
				],
				"attachment": [
					{ "time": 0, "name": null }
				]
			},
			"images/w14": {
				"color": [
					{ "time": 0, "color": "ffffffff" }
				],
				"attachment": [
					{ "time": 0, "name": null }
				]
			},
			"images/w15": {
				"color": [
					{ "time": 0, "color": "ffffffff" }
				],
				"attachment": [
					{ "time": 0, "name": null }
				]
			},
			"images/w16": {
				"color": [
					{ "time": 0, "color": "ffffffff" }
				],
				"attachment": [
					{ "time": 0, "name": null }
				]
			},
			"images/w17": {
				"color": [
					{ "time": 0, "color": "ffffffff" }
				],
				"attachment": [
					{ "time": 0, "name": null }
				]
			},
			"images/w18": {
				"color": [
					{ "time": 0, "color": "ffffffff" }
				],
				"attachment": [
					{ "time": 0, "name": null }
				]
			},
			"images/w19": {
				"color": [
					{ "time": 0, "color": "ffffffff" }
				],
				"attachment": [
					{ "time": 0, "name": null }
				]
			},
			"images/w21": {
				"color": [
					{ "time": 0, "color": "ffffffff" }
				],
				"attachment": [
					{ "time": 0, "name": null }
				]
			},
			"images/w22": {
				"color": [
					{ "time": 0, "color": "ffffffff" }
				],
				"attachment": [
					{ "time": 0, "name": null }
				]
			},
			"images/wo4": {
				"color": [
					{ "time": 0, "color": "ffffffff" }
				],
				"attachment": [
					{ "time": 0, "name": null }
				]
			}
		},
		"bones": {
			"images/bird_stone_03": {
				"rotate": [
					{ "time": 0, "angle": 121.56 }
				],
				"translate": [
					{ "time": 0, "x": -1502.97, "y": 88.73 }
				],
				"scale": [
					{ "time": 0, "x": 1, "y": 1 }
				]
			},
			"images/bird_stone_4": {
				"rotate": [
					{ "time": 0, "angle": 0 }
				],
				"translate": [
					{ "time": 0, "x": -1303.38, "y": 303.55 }
				],
				"scale": [
					{ "time": 0, "x": 1, "y": 1 }
				]
			},
			"images/bird_stone_5": {
				"rotate": [
					{ "time": 0, "angle": -110.5 }
				],
				"translate": [
					{ "time": 0, "x": -1360.74, "y": 109.6 }
				],
				"scale": [
					{ "time": 0, "x": 1, "y": 1 }
				]
			},
			"images/w8": {
				"rotate": [
					{ "time": 0, "angle": -30.09 }
				],
				"translate": [
					{ "time": 0, "x": -936.34, "y": -220.12 }
				],
				"scale": [
					{ "time": 0, "x": 1, "y": 1 }
				]
			},
			"images/w9": {
				"rotate": [
					{ "time": 0, "angle": 14.1 }
				],
				"translate": [
					{ "time": 0, "x": -1272.87, "y": -8.22 }
				],
				"scale": [
					{ "time": 0, "x": 1.214, "y": 1.214 }
				]
			},
			"images/w10": {
				"rotate": [
					{ "time": 0, "angle": 0 }
				],
				"translate": [
					{ "time": 0, "x": -921.37, "y": -70.02 }
				],
				"scale": [
					{ "time": 0, "x": 0.922, "y": 0.922 }
				]
			},
			"images/w11": {
				"rotate": [
					{ "time": 0, "angle": 0 }
				],
				"translate": [
					{ "time": 0, "x": -927.1, "y": -67.04 }
				],
				"scale": [
					{ "time": 0, "x": 1.215, "y": 1.215 }
				]
			},
			"images/w12": {
				"rotate": [
					{ "time": 0, "angle": 9.29 }
				],
				"translate": [
					{ "time": 0, "x": -1329.14, "y": -227.91 }
				],
				"scale": [
					{ "time": 0, "x": 1, "y": 1 }
				]
			},
			"images/w13": {
				"rotate": [
					{ "time": 0, "angle": 90.83 }
				],
				"translate": [
					{ "time": 0, "x": -1228.35, "y": -118.04 }
				],
				"scale": [
					{ "time": 0, "x": 1.378, "y": 1.378 }
				]
			},
			"images/w14": {
				"rotate": [
					{ "time": 0, "angle": -1.8 }
				],
				"translate": [
					{ "time": 0, "x": -913.1, "y": -245.35 }
				],
				"scale": [
					{ "time": 0, "x": 0.961, "y": 0.961 }
				]
			},
			"root": {
				"rotate": [
					{ "time": 0, "angle": 0 }
				],
				"translate": [
					{ "time": 0, "x": 0, "y": 0 }
				],
				"scale": [
					{ "time": 0, "x": 1, "y": 1 }
				]
			},
			"images/w15": {
				"rotate": [
					{ "time": 0, "angle": -84.15 }
				],
				"translate": [
					{ "time": 0, "x": -686.02, "y": -136.44 }
				],
				"scale": [
					{ "time": 0, "x": 0.518, "y": 0.518 }
				]
			},
			"bone": {
				"rotate": [
					{ "time": 0, "angle": 0 }
				],
				"translate": [
					{ "time": 0, "x": 0, "y": 0 }
				],
				"scale": [
					{ "time": 0, "x": 1, "y": 1 }
				]
			},
			"images/w16": {
				"rotate": [
					{ "time": 0, "angle": -154.85 }
				],
				"translate": [
					{ "time": 0, "x": -774.86, "y": -335.49 }
				],
				"scale": [
					{ "time": 0, "x": 0.616, "y": 0.616 }
				]
			},
			"images/w17": {
				"rotate": [
					{ "time": 0, "angle": 166.02 }
				],
				"translate": [
					{ "time": 0, "x": -912.93, "y": -311.28 }
				],
				"scale": [
					{ "time": 0, "x": 0.871, "y": 0.871 }
				]
			},
			"images/w18": {
				"rotate": [
					{ "time": 0, "angle": 0 }
				],
				"translate": [
					{ "time": 0, "x": -974.96, "y": -313.81 }
				],
				"scale": [
					{ "time": 0, "x": 1, "y": 1 }
				]
			},
			"images/w21": {
				"rotate": [
					{ "time": 0, "angle": 0 }
				],
				"translate": [
					{ "time": 0, "x": -1091.29, "y": -227.42 }
				],
				"scale": [
					{ "time": 0, "x": 1.151, "y": 1.151 }
				]
			},
			"images/w22": {
				"rotate": [
					{ "time": 0, "angle": 0 }
				],
				"translate": [
					{ "time": 0, "x": -1184.73, "y": -396.67 }
				],
				"scale": [
					{ "time": 0, "x": 1.184, "y": 1.184 }
				]
			},
			"images/w19": {
				"rotate": [
					{ "time": 0, "angle": 6.81 }
				],
				"translate": [
					{ "time": 0, "x": -1191.78, "y": -239.76 }
				],
				"scale": [
					{ "time": 0, "x": 1, "y": 1 }
				]
			}
		},
		"drawOrder": [
			{ "time": 0 }
		]
	},
	"lv2": {
		"slots": {
			"images/a/stone_94": {
				"color": [
					{ "time": 0, "color": "ffffffff" }
				],
				"attachment": [
					{ "time": 0, "name": null }
				]
			},
			"images/a/stone_97": {
				"color": [
					{ "time": 0, "color": "ffffffff" }
				],
				"attachment": [
					{ "time": 0, "name": "lv2" }
				]
			},
			"images/bird_stone_03": {
				"color": [
					{ "time": 0, "color": "ffffffff" }
				],
				"attachment": [
					{ "time": 0, "name": null }
				]
			},
			"images/bird_stone_4": {
				"color": [
					{ "time": 0, "color": "ffffffff" }
				],
				"attachment": [
					{ "time": 0, "name": null }
				]
			},
			"images/bird_stone_5": {
				"color": [
					{ "time": 0, "color": "ffffffff" }
				],
				"attachment": [
					{ "time": 0, "name": null }
				]
			},
			"images/w8": {
				"color": [
					{ "time": 0, "color": "ffffffff" }
				],
				"attachment": [
					{ "time": 0, "name": null }
				]
			},
			"images/w9": {
				"color": [
					{ "time": 0, "color": "ffffffff" }
				],
				"attachment": [
					{ "time": 0, "name": null }
				]
			},
			"images/w10": {
				"color": [
					{ "time": 0, "color": "ffffffff" }
				],
				"attachment": [
					{ "time": 0, "name": null }
				]
			},
			"images/w11": {
				"color": [
					{ "time": 0, "color": "ffffffff" }
				],
				"attachment": [
					{ "time": 0, "name": null }
				]
			},
			"images/w12": {
				"color": [
					{ "time": 0, "color": "ffffffff" }
				],
				"attachment": [
					{ "time": 0, "name": null }
				]
			},
			"images/w13": {
				"color": [
					{ "time": 0, "color": "ffffffff" }
				],
				"attachment": [
					{ "time": 0, "name": null }
				]
			},
			"images/w14": {
				"color": [
					{ "time": 0, "color": "ffffffff" }
				],
				"attachment": [
					{ "time": 0, "name": null }
				]
			},
			"images/w15": {
				"color": [
					{ "time": 0, "color": "ffffffff" }
				],
				"attachment": [
					{ "time": 0, "name": null }
				]
			},
			"images/w16": {
				"color": [
					{ "time": 0, "color": "ffffffff" }
				],
				"attachment": [
					{ "time": 0, "name": null }
				]
			},
			"images/w17": {
				"color": [
					{ "time": 0, "color": "ffffffff" }
				],
				"attachment": [
					{ "time": 0, "name": null }
				]
			},
			"images/w18": {
				"color": [
					{ "time": 0, "color": "ffffffff" }
				],
				"attachment": [
					{ "time": 0, "name": null }
				]
			},
			"images/w19": {
				"color": [
					{ "time": 0, "color": "ffffffff" }
				],
				"attachment": [
					{ "time": 0, "name": null }
				]
			},
			"images/w21": {
				"color": [
					{ "time": 0, "color": "ffffffff" }
				],
				"attachment": [
					{ "time": 0, "name": null }
				]
			},
			"images/w22": {
				"color": [
					{ "time": 0, "color": "ffffffff" }
				],
				"attachment": [
					{ "time": 0, "name": null }
				]
			},
			"images/wo4": {
				"color": [
					{ "time": 0, "color": "ffffffff" }
				],
				"attachment": [
					{ "time": 0, "name": null }
				]
			}
		},
		"bones": {
			"images/bird_stone_03": {
				"rotate": [
					{ "time": 0, "angle": 121.56 }
				],
				"translate": [
					{ "time": 0, "x": -1502.97, "y": 88.73 }
				],
				"scale": [
					{ "time": 0, "x": 1, "y": 1 }
				]
			},
			"images/bird_stone_4": {
				"rotate": [
					{ "time": 0, "angle": 0 }
				],
				"translate": [
					{ "time": 0, "x": -1303.38, "y": 303.55 }
				],
				"scale": [
					{ "time": 0, "x": 1, "y": 1 }
				]
			},
			"images/bird_stone_5": {
				"rotate": [
					{ "time": 0, "angle": -110.5 }
				],
				"translate": [
					{ "time": 0, "x": -1360.74, "y": 109.6 }
				],
				"scale": [
					{ "time": 0, "x": 1, "y": 1 }
				]
			},
			"images/w8": {
				"rotate": [
					{ "time": 0, "angle": -30.09 }
				],
				"translate": [
					{ "time": 0, "x": -936.34, "y": -220.12 }
				],
				"scale": [
					{ "time": 0, "x": 1, "y": 1 }
				]
			},
			"images/w9": {
				"rotate": [
					{ "time": 0, "angle": 14.1 }
				],
				"translate": [
					{ "time": 0, "x": -1272.87, "y": -8.22 }
				],
				"scale": [
					{ "time": 0, "x": 1.214, "y": 1.214 }
				]
			},
			"images/w10": {
				"rotate": [
					{ "time": 0, "angle": 0 }
				],
				"translate": [
					{ "time": 0, "x": -921.37, "y": -70.02 }
				],
				"scale": [
					{ "time": 0, "x": 0.922, "y": 0.922 }
				]
			},
			"images/w11": {
				"rotate": [
					{ "time": 0, "angle": 0 }
				],
				"translate": [
					{ "time": 0, "x": -927.1, "y": -67.04 }
				],
				"scale": [
					{ "time": 0, "x": 1.215, "y": 1.215 }
				]
			},
			"images/w12": {
				"rotate": [
					{ "time": 0, "angle": 9.29 }
				],
				"translate": [
					{ "time": 0, "x": -1329.14, "y": -227.91 }
				],
				"scale": [
					{ "time": 0, "x": 1, "y": 1 }
				]
			},
			"images/w13": {
				"rotate": [
					{ "time": 0, "angle": 90.83 }
				],
				"translate": [
					{ "time": 0, "x": -1228.35, "y": -118.04 }
				],
				"scale": [
					{ "time": 0, "x": 1.378, "y": 1.378 }
				]
			},
			"images/w14": {
				"rotate": [
					{ "time": 0, "angle": -1.8 }
				],
				"translate": [
					{ "time": 0, "x": -913.1, "y": -245.35 }
				],
				"scale": [
					{ "time": 0, "x": 0.961, "y": 0.961 }
				]
			},
			"root": {
				"rotate": [
					{ "time": 0, "angle": 0 }
				],
				"translate": [
					{ "time": 0, "x": 0, "y": 0 }
				],
				"scale": [
					{ "time": 0, "x": 1, "y": 1 }
				]
			},
			"images/w15": {
				"rotate": [
					{ "time": 0, "angle": -84.15 }
				],
				"translate": [
					{ "time": 0, "x": -686.02, "y": -136.44 }
				],
				"scale": [
					{ "time": 0, "x": 0.518, "y": 0.518 }
				]
			},
			"bone": {
				"rotate": [
					{ "time": 0, "angle": 0 }
				],
				"translate": [
					{ "time": 0, "x": 0, "y": 0 }
				],
				"scale": [
					{ "time": 0, "x": 1, "y": 1 }
				]
			},
			"images/w16": {
				"rotate": [
					{ "time": 0, "angle": -154.85 }
				],
				"translate": [
					{ "time": 0, "x": -774.86, "y": -335.49 }
				],
				"scale": [
					{ "time": 0, "x": 0.616, "y": 0.616 }
				]
			},
			"images/w17": {
				"rotate": [
					{ "time": 0, "angle": 166.02 }
				],
				"translate": [
					{ "time": 0, "x": -912.93, "y": -311.28 }
				],
				"scale": [
					{ "time": 0, "x": 0.871, "y": 0.871 }
				]
			},
			"images/w18": {
				"rotate": [
					{ "time": 0, "angle": 0 }
				],
				"translate": [
					{ "time": 0, "x": -974.96, "y": -313.81 }
				],
				"scale": [
					{ "time": 0, "x": 1, "y": 1 }
				]
			},
			"images/w21": {
				"rotate": [
					{ "time": 0, "angle": 0 }
				],
				"translate": [
					{ "time": 0, "x": -1091.29, "y": -227.42 }
				],
				"scale": [
					{ "time": 0, "x": 1.151, "y": 1.151 }
				]
			},
			"images/w22": {
				"rotate": [
					{ "time": 0, "angle": 0 }
				],
				"translate": [
					{ "time": 0, "x": -1184.73, "y": -396.67 }
				],
				"scale": [
					{ "time": 0, "x": 1.184, "y": 1.184 }
				]
			},
			"images/w19": {
				"rotate": [
					{ "time": 0, "angle": 6.81 }
				],
				"translate": [
					{ "time": 0, "x": -1191.78, "y": -239.76 }
				],
				"scale": [
					{ "time": 0, "x": 1, "y": 1 }
				]
			}
		},
		"drawOrder": [
			{ "time": 0 }
		]
	},
	"lv3": {
		"slots": {
			"images/a/stone_94": {
				"color": [
					{ "time": 0, "color": "ffffffff" }
				],
				"attachment": [
					{ "time": 0, "name": null }
				]
			},
			"images/a/stone_97": {
				"color": [
					{ "time": 0, "color": "ffffffff" }
				],
				"attachment": [
					{ "time": 0, "name": null }
				]
			},
			"images/bird_stone_03": {
				"color": [
					{ "time": 0, "color": "ffffffff" }
				],
				"attachment": [
					{ "time": 0, "name": null }
				]
			},
			"images/bird_stone_4": {
				"color": [
					{ "time": 0, "color": "ffffffff" }
				],
				"attachment": [
					{ "time": 0, "name": null }
				]
			},
			"images/bird_stone_5": {
				"color": [
					{ "time": 0, "color": "ffffffff" }
				],
				"attachment": [
					{ "time": 0, "name": null }
				]
			},
			"images/w8": {
				"color": [
					{ "time": 0, "color": "ffffffff" }
				],
				"attachment": [
					{ "time": 0, "name": null }
				]
			},
			"images/w9": {
				"color": [
					{ "time": 0, "color": "ffffffff" }
				],
				"attachment": [
					{ "time": 0, "name": null }
				]
			},
			"images/w10": {
				"color": [
					{ "time": 0, "color": "ffffffff" }
				],
				"attachment": [
					{ "time": 0, "name": null }
				]
			},
			"images/w11": {
				"color": [
					{ "time": 0, "color": "ffffffff" }
				],
				"attachment": [
					{ "time": 0, "name": null }
				]
			},
			"images/w12": {
				"color": [
					{ "time": 0, "color": "ffffffff" }
				],
				"attachment": [
					{ "time": 0, "name": null }
				]
			},
			"images/w13": {
				"color": [
					{ "time": 0, "color": "ffffffff" }
				],
				"attachment": [
					{ "time": 0, "name": null }
				]
			},
			"images/w14": {
				"color": [
					{ "time": 0, "color": "ffffffff" }
				],
				"attachment": [
					{ "time": 0, "name": null }
				]
			},
			"images/w15": {
				"color": [
					{ "time": 0, "color": "ffffffff" }
				],
				"attachment": [
					{ "time": 0, "name": null }
				]
			},
			"images/w16": {
				"color": [
					{ "time": 0, "color": "ffffffff" }
				],
				"attachment": [
					{ "time": 0, "name": null }
				]
			},
			"images/w17": {
				"color": [
					{ "time": 0, "color": "ffffffff" }
				],
				"attachment": [
					{ "time": 0, "name": null }
				]
			},
			"images/w18": {
				"color": [
					{ "time": 0, "color": "ffffffff" }
				],
				"attachment": [
					{ "time": 0, "name": null }
				]
			},
			"images/w19": {
				"color": [
					{ "time": 0, "color": "ffffffff" }
				],
				"attachment": [
					{ "time": 0, "name": null }
				]
			},
			"images/w21": {
				"color": [
					{ "time": 0, "color": "ffffffff" }
				],
				"attachment": [
					{ "time": 0, "name": null }
				]
			},
			"images/w22": {
				"color": [
					{ "time": 0, "color": "ffffffff" }
				],
				"attachment": [
					{ "time": 0, "name": null }
				]
			},
			"images/wo4": {
				"color": [
					{ "time": 0, "color": "ffffffff" }
				],
				"attachment": [
					{ "time": 0, "name": "lv1" }
				]
			}
		},
		"bones": {
			"images/bird_stone_03": {
				"rotate": [
					{ "time": 0, "angle": 121.56 }
				],
				"translate": [
					{ "time": 0, "x": -1502.97, "y": 88.73 }
				],
				"scale": [
					{ "time": 0, "x": 1, "y": 1 }
				]
			},
			"images/bird_stone_4": {
				"rotate": [
					{ "time": 0, "angle": 0 }
				],
				"translate": [
					{ "time": 0, "x": -1303.38, "y": 303.55 }
				],
				"scale": [
					{ "time": 0, "x": 1, "y": 1 }
				]
			},
			"images/bird_stone_5": {
				"rotate": [
					{ "time": 0, "angle": -110.5 }
				],
				"translate": [
					{ "time": 0, "x": -1360.74, "y": 109.6 }
				],
				"scale": [
					{ "time": 0, "x": 1, "y": 1 }
				]
			},
			"images/w8": {
				"rotate": [
					{ "time": 0, "angle": -30.09 }
				],
				"translate": [
					{ "time": 0, "x": -936.34, "y": -220.12 }
				],
				"scale": [
					{ "time": 0, "x": 1, "y": 1 }
				]
			},
			"images/w9": {
				"rotate": [
					{ "time": 0, "angle": 14.1 }
				],
				"translate": [
					{ "time": 0, "x": -1272.87, "y": -8.22 }
				],
				"scale": [
					{ "time": 0, "x": 1.214, "y": 1.214 }
				]
			},
			"images/w10": {
				"rotate": [
					{ "time": 0, "angle": 0 }
				],
				"translate": [
					{ "time": 0, "x": -921.37, "y": -70.02 }
				],
				"scale": [
					{ "time": 0, "x": 0.922, "y": 0.922 }
				]
			},
			"images/w11": {
				"rotate": [
					{ "time": 0, "angle": 0 }
				],
				"translate": [
					{ "time": 0, "x": -927.1, "y": -67.04 }
				],
				"scale": [
					{ "time": 0, "x": 1.215, "y": 1.215 }
				]
			},
			"images/w12": {
				"rotate": [
					{ "time": 0, "angle": 9.29 }
				],
				"translate": [
					{ "time": 0, "x": -1329.14, "y": -227.91 }
				],
				"scale": [
					{ "time": 0, "x": 1, "y": 1 }
				]
			},
			"images/w13": {
				"rotate": [
					{ "time": 0, "angle": 90.83 }
				],
				"translate": [
					{ "time": 0, "x": -1228.35, "y": -118.04 }
				],
				"scale": [
					{ "time": 0, "x": 1.378, "y": 1.378 }
				]
			},
			"images/w14": {
				"rotate": [
					{ "time": 0, "angle": -1.8 }
				],
				"translate": [
					{ "time": 0, "x": -913.1, "y": -245.35 }
				],
				"scale": [
					{ "time": 0, "x": 0.961, "y": 0.961 }
				]
			},
			"root": {
				"rotate": [
					{ "time": 0, "angle": 0 }
				],
				"translate": [
					{ "time": 0, "x": 0, "y": 0 }
				],
				"scale": [
					{ "time": 0, "x": 1, "y": 1 }
				]
			},
			"images/w15": {
				"rotate": [
					{ "time": 0, "angle": -84.15 }
				],
				"translate": [
					{ "time": 0, "x": -686.02, "y": -136.44 }
				],
				"scale": [
					{ "time": 0, "x": 0.518, "y": 0.518 }
				]
			},
			"bone": {
				"rotate": [
					{ "time": 0, "angle": 0 }
				],
				"translate": [
					{ "time": 0, "x": 0, "y": 0 }
				],
				"scale": [
					{ "time": 0, "x": 1, "y": 1 }
				]
			},
			"images/w16": {
				"rotate": [
					{ "time": 0, "angle": -154.85 }
				],
				"translate": [
					{ "time": 0, "x": -774.86, "y": -335.49 }
				],
				"scale": [
					{ "time": 0, "x": 0.616, "y": 0.616 }
				]
			},
			"images/w17": {
				"rotate": [
					{ "time": 0, "angle": 166.02 }
				],
				"translate": [
					{ "time": 0, "x": -912.93, "y": -311.28 }
				],
				"scale": [
					{ "time": 0, "x": 0.871, "y": 0.871 }
				]
			},
			"images/w18": {
				"rotate": [
					{ "time": 0, "angle": 0 }
				],
				"translate": [
					{ "time": 0, "x": -974.96, "y": -313.81 }
				],
				"scale": [
					{ "time": 0, "x": 1, "y": 1 }
				]
			},
			"images/w21": {
				"rotate": [
					{ "time": 0, "angle": 0 }
				],
				"translate": [
					{ "time": 0, "x": -1091.29, "y": -227.42 }
				],
				"scale": [
					{ "time": 0, "x": 1.151, "y": 1.151 }
				]
			},
			"images/w22": {
				"rotate": [
					{ "time": 0, "angle": 0 }
				],
				"translate": [
					{ "time": 0, "x": -1184.73, "y": -396.67 }
				],
				"scale": [
					{ "time": 0, "x": 1.184, "y": 1.184 }
				]
			},
			"images/w19": {
				"rotate": [
					{ "time": 0, "angle": 6.81 }
				],
				"translate": [
					{ "time": 0, "x": -1191.78, "y": -239.76 }
				],
				"scale": [
					{ "time": 0, "x": 1, "y": 1 }
				]
			}
		},
		"drawOrder": [
			{ "time": 0 }
		]
	},
	"run": {
		"slots": {
			"images/a/stone_94": {
				"color": [
					{ "time": 0, "color": "ffffffff", "curve": "stepped" },
					{ "time": 1.0333, "color": "ffffffff" }
				],
				"attachment": [
					{ "time": 0, "name": "lv3" },
					{ "time": 0.0333, "name": null },
					{ "time": 1.0333, "name": "lv3" }
				]
			},
			"images/a/stone_97": {
				"color": [
					{ "time": 0, "color": "ffffffff", "curve": "stepped" },
					{ "time": 1.0333, "color": "ffffffff" }
				],
				"attachment": [
					{ "time": 0, "name": null },
					{ "time": 0.0333, "name": null },
					{ "time": 1.0333, "name": null }
				]
			},
			"images/bird_stone_03": {
				"color": [
					{ "time": 0, "color": "ffffffff", "curve": "stepped" },
					{
						"time": 0.1,
						"color": "ffffffff",
						"curve": [ 0.25, 0, 0.75, 1 ]
					},
					{ "time": 0.2, "color": "ffffff00", "curve": "stepped" },
					{ "time": 1.0333, "color": "ffffff00" }
				],
				"attachment": [
					{ "time": 0, "name": null },
					{ "time": 0.0333, "name": "images/bird_stone_03" },
					{ "time": 1.0333, "name": "images/bird_stone_03" }
				]
			},
			"images/bird_stone_4": {
				"color": [
					{ "time": 0, "color": "ffffffff", "curve": "stepped" },
					{
						"time": 0.1,
						"color": "ffffffff",
						"curve": [ 0.25, 0, 0.75, 1 ]
					},
					{ "time": 0.2, "color": "ffffff00", "curve": "stepped" },
					{ "time": 1.0333, "color": "ffffff00" }
				],
				"attachment": [
					{ "time": 0, "name": null },
					{ "time": 0.0333, "name": "images/bird_stone_03" },
					{ "time": 1.0333, "name": "images/bird_stone_03" }
				]
			},
			"images/bird_stone_5": {
				"color": [
					{ "time": 0, "color": "ffffffff", "curve": "stepped" },
					{
						"time": 0.1,
						"color": "ffffffff",
						"curve": [ 0.25, 0, 0.75, 1 ]
					},
					{ "time": 0.2, "color": "ffffff00", "curve": "stepped" },
					{ "time": 1.0333, "color": "ffffff00" }
				],
				"attachment": [
					{ "time": 0, "name": null },
					{ "time": 0.0333, "name": "images/bird_stone_03" },
					{ "time": 1.0333, "name": "images/bird_stone_03" }
				]
			},
			"images/w8": {
				"color": [
					{ "time": 0, "color": "ffffffff", "curve": "stepped" },
					{
						"time": 0.8,
						"color": "ffffffff",
						"curve": [ 0.3, 0.91, 0.75, 1 ]
					},
					{ "time": 0.9333, "color": "ffffff00", "curve": "stepped" },
					{ "time": 1.0333, "color": "ffffff00" }
				],
				"attachment": [
					{ "time": 0, "name": null },
					{ "time": 0.0333, "name": "images/s5" },
					{ "time": 1.0333, "name": "images/s5" }
				]
			},
			"images/w9": {
				"color": [
					{ "time": 0, "color": "ffffffff", "curve": "stepped" },
					{
						"time": 0.8666,
						"color": "ffffffff",
						"curve": [ 0.263, 0.91, 0.75, 1 ]
					},
					{ "time": 1, "color": "ffffff00", "curve": "stepped" },
					{ "time": 1.0333, "color": "ffffff00" }
				],
				"attachment": [
					{ "time": 0, "name": null },
					{ "time": 0.0333, "name": "images/s3" },
					{ "time": 1.0333, "name": "images/s3" }
				]
			},
			"images/w10": {
				"color": [
					{ "time": 0, "color": "ffffffff", "curve": "stepped" },
					{
						"time": 0.8,
						"color": "ffffffff",
						"curve": [ 0.25, 0, 0.75, 1 ]
					},
					{ "time": 0.9333, "color": "ffffff00", "curve": "stepped" },
					{ "time": 1.0333, "color": "ffffff00" }
				],
				"attachment": [
					{ "time": 0, "name": null },
					{ "time": 0.0333, "name": "images/bst1" },
					{ "time": 1.0333, "name": "images/bst1" }
				]
			},
			"images/w11": {
				"color": [
					{ "time": 0, "color": "ffffffff", "curve": "stepped" },
					{
						"time": 0.8,
						"color": "ffffffff",
						"curve": [ 0.357, 0.94, 0.75, 1 ]
					},
					{ "time": 0.9333, "color": "ffffff00", "curve": "stepped" },
					{ "time": 1.0333, "color": "ffffff00" }
				],
				"attachment": [
					{ "time": 0, "name": null },
					{ "time": 0.0333, "name": "images/s1" },
					{ "time": 1.0333, "name": "images/s1" }
				]
			},
			"images/w12": {
				"color": [
					{ "time": 0, "color": "ffffffff", "curve": "stepped" },
					{
						"time": 0.8,
						"color": "ffffffff",
						"curve": [ 0.339, 0.9, 0.75, 1 ]
					},
					{ "time": 0.9333, "color": "ffffff00", "curve": "stepped" },
					{ "time": 1.0333, "color": "ffffff00" }
				],
				"attachment": [
					{ "time": 0, "name": null },
					{ "time": 0.0333, "name": "images/s6" },
					{ "time": 1.0333, "name": "images/s6" }
				]
			},
			"images/w13": {
				"color": [
					{ "time": 0, "color": "ffffffff", "curve": "stepped" },
					{
						"time": 0.7333,
						"color": "ffffffff",
						"curve": [ 0.328, 1, 0.75, 1 ]
					},
					{ "time": 0.8666, "color": "ffffff00", "curve": "stepped" },
					{ "time": 1.0333, "color": "ffffff00" }
				],
				"attachment": [
					{ "time": 0, "name": null },
					{ "time": 0.0333, "name": "images/s1" },
					{ "time": 1.0333, "name": "images/s1" }
				]
			},
			"images/w14": {
				"color": [
					{ "time": 0, "color": "ffffffff", "curve": "stepped" },
					{
						"time": 0.9,
						"color": "ffffffff",
						"curve": [ 0.271, 0.89, 0.75, 1 ]
					},
					{ "time": 1.0333, "color": "ffffff00" }
				],
				"attachment": [
					{ "time": 0, "name": null },
					{ "time": 0.0333, "name": "images/bst1" },
					{ "time": 1.0333, "name": "images/bst1" }
				]
			},
			"images/w15": {
				"color": [
					{ "time": 0, "color": "ffffffff", "curve": "stepped" },
					{
						"time": 0.7666,
						"color": "ffffffff",
						"curve": [ 0.368, 0.94, 0.75, 1 ]
					},
					{ "time": 0.9, "color": "ffffff00", "curve": "stepped" },
					{ "time": 1.0333, "color": "ffffff00" }
				],
				"attachment": [
					{ "time": 0, "name": null },
					{ "time": 0.0333, "name": "images/bst2" },
					{ "time": 1.0333, "name": "images/bst2" }
				]
			},
			"images/w16": {
				"color": [
					{ "time": 0, "color": "ffffffff", "curve": "stepped" },
					{
						"time": 0.9,
						"color": "ffffffff",
						"curve": [ 0.267, 0.9, 0.75, 1 ]
					},
					{ "time": 1.0333, "color": "ffffff00" }
				],
				"attachment": [
					{ "time": 0, "name": null },
					{ "time": 0.0333, "name": "images/bst2" },
					{ "time": 1.0333, "name": "images/bst2" }
				]
			},
			"images/w17": {
				"color": [
					{ "time": 0, "color": "ffffffff", "curve": "stepped" },
					{
						"time": 0.8,
						"color": "ffffffff",
						"curve": [ 0.304, 0.85, 0.75, 1 ]
					},
					{ "time": 0.9333, "color": "ffffff00", "curve": "stepped" },
					{ "time": 1.0333, "color": "ffffff00" }
				],
				"attachment": [
					{ "time": 0, "name": null },
					{ "time": 0.0333, "name": "images/bst1" },
					{ "time": 1.0333, "name": "images/bst1" }
				]
			},
			"images/w18": {
				"color": [
					{ "time": 0, "color": "ffffffff", "curve": "stepped" },
					{
						"time": 0.7666,
						"color": "ffffffff",
						"curve": [ 0.346, 0.93, 0.75, 1 ]
					},
					{ "time": 0.9, "color": "ffffff00", "curve": "stepped" },
					{ "time": 1.0333, "color": "ffffff00" }
				],
				"attachment": [
					{ "time": 0, "name": null },
					{ "time": 0.0333, "name": "images/s1" },
					{ "time": 1.0333, "name": "images/s1" }
				]
			},
			"images/w19": {
				"color": [
					{ "time": 0, "color": "ffffffff", "curve": "stepped" },
					{
						"time": 0.7666,
						"color": "ffffffff",
						"curve": [ 0.309, 0.87, 0.75, 1 ]
					},
					{ "time": 0.9, "color": "ffffff00", "curve": "stepped" },
					{ "time": 1.0333, "color": "ffffff00" }
				],
				"attachment": [
					{ "time": 0, "name": null },
					{ "time": 0.0333, "name": "images/s6" },
					{ "time": 1.0333, "name": "images/s6" }
				]
			},
			"images/w21": {
				"color": [
					{ "time": 0, "color": "ffffffff", "curve": "stepped" },
					{
						"time": 0.8,
						"color": "ffffffff",
						"curve": [ 0.267, 0.59, 0.75, 1 ]
					},
					{ "time": 0.9333, "color": "ffffff00", "curve": "stepped" },
					{ "time": 1.0333, "color": "ffffff00" }
				],
				"attachment": [
					{ "time": 0, "name": null },
					{ "time": 0.0333, "name": "images/s5" },
					{ "time": 1.0333, "name": "images/s5" }
				]
			},
			"images/w22": {
				"color": [
					{ "time": 0, "color": "ffffffff", "curve": "stepped" },
					{
						"time": 0.8333,
						"color": "ffffffff",
						"curve": [ 0.35, 0.96, 0.75, 1 ]
					},
					{ "time": 0.9666, "color": "ffffff00", "curve": "stepped" },
					{ "time": 1.0333, "color": "ffffff00" }
				],
				"attachment": [
					{ "time": 0, "name": null },
					{ "time": 0.0333, "name": "images/s1" },
					{ "time": 1.0333, "name": "images/s1" }
				]
			},
			"images/wo4": {
				"color": [
					{ "time": 0, "color": "ffffffff", "curve": "stepped" },
					{ "time": 1.0333, "color": "ffffffff" }
				],
				"attachment": [
					{ "time": 0, "name": null },
					{ "time": 0.0333, "name": null },
					{ "time": 1.0333, "name": null }
				]
			}
		},
		"bones": {
			"images/bird_stone_03": {
				"rotate": [
					{ "time": 0, "angle": 121.56, "curve": "stepped" },
					{ "time": 0.0333, "angle": 121.56, "curve": "stepped" },
					{ "time": 1.0333, "angle": 121.56 }
				],
				"translate": [
					{
						"time": 0,
						"x": -1502.97,
						"y": 88.73,
						"curve": [ 0.25, 0, 0.75, 1 ]
					},
					{
						"time": 0.0333,
						"x": -1416.43,
						"y": 116.89,
						"curve": [ 0.25, 0, 0.75, 1 ]
					},
					{ "time": 0.2, "x": -1651.08, "y": -2.25, "curve": "stepped" },
					{ "time": 1.0333, "x": -1651.08, "y": -2.25 }
				],
				"scale": [
					{ "time": 0, "x": 1, "y": 1, "curve": "stepped" },
					{
						"time": 0.0333,
						"x": 1,
						"y": 1,
						"curve": [ 0.25, 0, 0.75, 1 ]
					},
					{ "time": 0.2, "x": 0.45, "y": 0.12, "curve": "stepped" },
					{ "time": 1.0333, "x": 0.45, "y": 0.12 }
				]
			},
			"images/bird_stone_4": {
				"rotate": [
					{ "time": 0, "angle": 0, "curve": "stepped" },
					{ "time": 0.0333, "angle": 0, "curve": "stepped" },
					{ "time": 1.0333, "angle": 0 }
				],
				"translate": [
					{
						"time": 0,
						"x": -1303.38,
						"y": 303.55,
						"curve": [ 0.25, 0, 0.75, 1 ]
					},
					{
						"time": 0.0333,
						"x": -1216.84,
						"y": 331.71,
						"curve": [ 0.25, 0, 0.75, 1 ]
					},
					{ "time": 0.2, "x": -1303.38, "y": 401.14, "curve": "stepped" },
					{ "time": 1.0333, "x": -1303.38, "y": 401.14 }
				],
				"scale": [
					{ "time": 0, "x": 1, "y": 1, "curve": "stepped" },
					{
						"time": 0.0333,
						"x": 1,
						"y": 1,
						"curve": [ 0.25, 0, 0.75, 1 ]
					},
					{ "time": 0.2, "x": 0.45, "y": 0.12, "curve": "stepped" },
					{ "time": 1.0333, "x": 0.45, "y": 0.12 }
				]
			},
			"images/bird_stone_5": {
				"rotate": [
					{ "time": 0, "angle": -110.5, "curve": "stepped" },
					{ "time": 0.0333, "angle": -110.5, "curve": "stepped" },
					{ "time": 1.0333, "angle": -110.5 }
				],
				"translate": [
					{
						"time": 0,
						"x": -1360.74,
						"y": 109.6,
						"curve": [ 0.25, 0, 0.75, 1 ]
					},
					{
						"time": 0.0333,
						"x": -1274.2,
						"y": 137.76,
						"curve": [ 0.25, 0, 0.75, 1 ]
					},
					{ "time": 0.2, "x": -1216.03, "y": 55.59, "curve": "stepped" },
					{ "time": 1.0333, "x": -1216.03, "y": 55.59 }
				],
				"scale": [
					{ "time": 0, "x": 1, "y": 1, "curve": "stepped" },
					{
						"time": 0.0333,
						"x": 1,
						"y": 1,
						"curve": [ 0.25, 0, 0.75, 1 ]
					},
					{ "time": 0.2, "x": 0.448, "y": 0.123, "curve": "stepped" },
					{ "time": 1.0333, "x": 0.448, "y": 0.123 }
				]
			},
			"images/w8": {
				"rotate": [
					{ "time": 0, "angle": -30.09, "curve": "stepped" },
					{ "time": 0.0333, "angle": -30.09 },
					{ "time": 0.1666, "angle": -91.95 },
					{ "time": 0.9333, "angle": -175.09, "curve": "stepped" },
					{ "time": 1.0333, "angle": -175.09 }
				],
				"translate": [
					{
						"time": 0,
						"x": -936.34,
						"y": -220.12,
						"curve": [ 0.25, 0, 0.75, 1 ]
					},
					{
						"time": 0.0333,
						"x": -849.8,
						"y": -191.96,
						"curve": [ 0.223, 0, 0.78, 1 ]
					},
					{
						"time": 0.1666,
						"x": -883.02,
						"y": -206.87,
						"curve": [ 0.494, 0.21, 0.816, 0.47 ]
					},
					{ "time": 0.9333, "x": -797.24, "y": -653.58, "curve": "stepped" },
					{ "time": 1.0333, "x": -797.24, "y": -653.58 }
				],
				"scale": [
					{ "time": 0, "x": 1, "y": 1, "curve": "stepped" },
					{ "time": 0.0333, "x": 1, "y": 1 },
					{ "time": 0.2, "x": 1.72, "y": 1.72 },
					{ "time": 0.9333, "x": 1, "y": 1, "curve": "stepped" },
					{ "time": 1.0333, "x": 1, "y": 1 }
				]
			},
			"images/w9": {
				"rotate": [
					{ "time": 0, "angle": 14.1, "curve": "stepped" },
					{ "time": 0.0333, "angle": 14.1 },
					{ "time": 0.2, "angle": 64.58 },
					{ "time": 1, "angle": 152.56, "curve": "stepped" },
					{ "time": 1.0333, "angle": 152.56 }
				],
				"translate": [
					{
						"time": 0,
						"x": -1272.87,
						"y": -8.22,
						"curve": [ 0.227, 0, 0.776, 1 ]
					},
					{
						"time": 0.0333,
						"x": -1186.33,
						"y": 19.93,
						"curve": [ 0.227, 0, 0.776, 1 ]
					},
					{
						"time": 0.2,
						"x": -1320.29,
						"y": 142.22,
						"curve": [ 0.496, 0.24, 0.824, 0.48 ]
					},
					{ "time": 1, "x": -1392.34, "y": -652.49, "curve": "stepped" },
					{ "time": 1.0333, "x": -1392.34, "y": -652.49 }
				],
				"scale": [
					{ "time": 0, "x": 1.214, "y": 1.214, "curve": "stepped" },
					{ "time": 0.0333, "x": 1.214, "y": 1.214 },
					{ "time": 0.2, "x": 1.629, "y": 1.629 },
					{ "time": 1, "x": 1.214, "y": 1.214, "curve": "stepped" },
					{ "time": 1.0333, "x": 1.214, "y": 1.214 }
				]
			},
			"images/w10": {
				"rotate": [
					{ "time": 0, "angle": 0, "curve": "stepped" },
					{ "time": 0.0333, "angle": 0 },
					{ "time": 0.2, "angle": 83.9 },
					{ "time": 0.9333, "angle": 176.79, "curve": "stepped" },
					{ "time": 1.0333, "angle": 176.79 }
				],
				"translate": [
					{
						"time": 0,
						"x": -921.37,
						"y": -70.02,
						"curve": [ 0.219, 0, 0.78, 1 ]
					},
					{
						"time": 0.0333,
						"x": -834.83,
						"y": -41.86,
						"curve": [ 0.219, 0, 0.78, 1 ]
					},
					{
						"time": 0.2,
						"x": -1009.08,
						"y": 75.77,
						"curve": [ 0.311, 0.11, 0.822, 0.41 ]
					},
					{ "time": 0.9333, "x": -1104.2, "y": -459.26, "curve": "stepped" },
					{ "time": 1.0333, "x": -1104.2, "y": -459.26 }
				],
				"scale": [
					{ "time": 0, "x": 0.922, "y": 0.922, "curve": "stepped" },
					{ "time": 0.0333, "x": 0.922, "y": 0.922 },
					{ "time": 0.2, "x": 1.203, "y": 1.203 },
					{ "time": 0.9333, "x": 0.922, "y": 0.922, "curve": "stepped" },
					{ "time": 1.0333, "x": 0.922, "y": 0.922 }
				]
			},
			"images/w11": {
				"rotate": [
					{ "time": 0, "angle": 0, "curve": "stepped" },
					{ "time": 0.0333, "angle": 0 },
					{ "time": 0.2, "angle": -98 },
					{ "time": 0.9333, "angle": -174.49, "curve": "stepped" },
					{ "time": 1.0333, "angle": -174.49 }
				],
				"translate": [
					{
						"time": 0,
						"x": -927.1,
						"y": -67.04,
						"curve": [ 0.223, 0, 0.785, 1 ]
					},
					{
						"time": 0.0333,
						"x": -840.56,
						"y": -38.88,
						"curve": [ 0.223, 0, 0.785, 1 ]
					},
					{
						"time": 0.2,
						"x": -874.75,
						"y": 65.7,
						"curve": [ 0.476, 0.16, 0.824, 0.45 ]
					},
					{ "time": 0.9333, "x": -791.73, "y": -422.11, "curve": "stepped" },
					{ "time": 1.0333, "x": -791.73, "y": -422.11 }
				],
				"scale": [
					{ "time": 0, "x": 1.215, "y": 1.215, "curve": "stepped" },
					{ "time": 0.0333, "x": 1.215, "y": 1.215 },
					{ "time": 0.2, "x": 1.479, "y": 1.479 },
					{ "time": 0.9333, "x": 1.215, "y": 1.215, "curve": "stepped" },
					{ "time": 1.0333, "x": 1.215, "y": 1.215 }
				]
			},
			"images/w12": {
				"rotate": [
					{ "time": 0, "angle": 9.29, "curve": "stepped" },
					{ "time": 0.0333, "angle": 9.29 },
					{ "time": 0.2, "angle": 139.3 },
					{ "time": 0.9333, "angle": -112.8, "curve": "stepped" },
					{ "time": 1.0333, "angle": -112.8 }
				],
				"translate": [
					{
						"time": 0,
						"x": -1329.14,
						"y": -227.91,
						"curve": [ 0.25, 0, 0.75, 1 ]
					},
					{
						"time": 0.0333,
						"x": -1242.6,
						"y": -199.75,
						"curve": [ 0.227, 0, 0.789, 1 ]
					},
					{
						"time": 0.2,
						"x": -1391.8,
						"y": -181.85,
						"curve": [ 0.452, 0.16, 0.84, 0.49 ]
					},
					{ "time": 0.9333, "x": -1489.32, "y": -777.5, "curve": "stepped" },
					{ "time": 1.0333, "x": -1489.32, "y": -777.5 }
				],
				"scale": [
					{ "time": 0, "x": 1, "y": 1, "curve": "stepped" },
					{ "time": 0.0333, "x": 1, "y": 1 },
					{ "time": 0.2, "x": 1.194, "y": 1.194 },
					{ "time": 0.9333, "x": 1, "y": 1, "curve": "stepped" },
					{ "time": 1.0333, "x": 1, "y": 1 }
				]
			},
			"images/w13": {
				"rotate": [
					{ "time": 0, "angle": 90.83, "curve": "stepped" },
					{ "time": 0.0333, "angle": 90.83 },
					{ "time": 0.2333, "angle": -155.77 },
					{ "time": 0.8666, "angle": -106.28, "curve": "stepped" },
					{ "time": 1.0333, "angle": -106.28 }
				],
				"translate": [
					{
						"time": 0,
						"x": -1228.35,
						"y": -118.04,
						"curve": [ 0.25, 0, 0.75, 1 ]
					},
					{
						"time": 0.0333,
						"x": -1141.81,
						"y": -89.88,
						"curve": [ 0.227, 0, 0.785, 1 ]
					},
					{
						"time": 0.2333,
						"x": -1326.77,
						"y": -75.67,
						"curve": [ 0.478, 0.14, 0.82, 0.44 ]
					},
					{ "time": 0.8666, "x": -1467.4, "y": -575.29, "curve": "stepped" },
					{ "time": 1.0333, "x": -1467.4, "y": -575.29 }
				],
				"scale": [
					{ "time": 0, "x": 1.378, "y": 1.378, "curve": "stepped" },
					{ "time": 0.0333, "x": 1.378, "y": 1.378 },
					{ "time": 0.2, "x": 1.617, "y": 1.617 },
					{ "time": 0.8666, "x": 1.378, "y": 1.378, "curve": "stepped" },
					{ "time": 1.0333, "x": 1.378, "y": 1.378 }
				]
			},
			"images/w14": {
				"rotate": [
					{ "time": 0, "angle": -1.8, "curve": "stepped" },
					{ "time": 0.0333, "angle": -1.8 },
					{ "time": 0.2, "angle": -89.55 },
					{ "time": 1.0333, "angle": -157.43 }
				],
				"translate": [
					{
						"time": 0,
						"x": -913.1,
						"y": -245.35,
						"curve": [ 0.25, 0, 0.75, 1 ]
					},
					{
						"time": 0.0333,
						"x": -826.56,
						"y": -217.19,
						"curve": [ 0.219, 0, 0.78, 1 ]
					},
					{
						"time": 0.2,
						"x": -863.46,
						"y": -279.7,
						"curve": [ 0.448, 0.16, 0.807, 0.43 ]
					},
					{ "time": 1.0333, "x": -799.9, "y": -1079.87 }
				],
				"scale": [
					{ "time": 0, "x": 0.961, "y": 0.961, "curve": "stepped" },
					{ "time": 0.0333, "x": 0.961, "y": 0.961 },
					{ "time": 0.2, "x": 1.38, "y": 1.38 },
					{ "time": 1.0333, "x": 0.961, "y": 0.961 }
				]
			},
			"root": {
				"rotate": [
					{ "time": 0, "angle": 0, "curve": "stepped" },
					{ "time": 1.0333, "angle": 0 }
				],
				"translate": [
					{ "time": 0, "x": 0, "y": 0, "curve": "stepped" },
					{ "time": 1.0333, "x": 0, "y": 0 }
				],
				"scale": [
					{ "time": 0, "x": 1, "y": 1, "curve": "stepped" },
					{ "time": 1.0333, "x": 1, "y": 1 }
				]
			},
			"images/w15": {
				"rotate": [
					{ "time": 0, "angle": -84.15, "curve": "stepped" },
					{ "time": 0.0333, "angle": -84.15 },
					{ "time": 0.2, "angle": -137 },
					{ "time": 0.9, "angle": 165.56, "curve": "stepped" },
					{ "time": 1.0333, "angle": 165.56 }
				],
				"translate": [
					{
						"time": 0,
						"x": -686.02,
						"y": -136.44,
						"curve": [ 0.25, 0, 0.75, 1 ]
					},
					{
						"time": 0.0333,
						"x": -599.48,
						"y": -108.28,
						"curve": [ 0.223, 0, 0.78, 1 ]
					},
					{
						"time": 0.2,
						"x": -619.1,
						"y": -104.04,
						"curve": [ 0.491, 0.19, 0.829, 0.49 ]
					},
					{ "time": 0.9, "x": -510.9, "y": -597.91, "curve": "stepped" },
					{ "time": 1.0333, "x": -510.9, "y": -597.91 }
				],
				"scale": [
					{ "time": 0, "x": 0.518, "y": 0.518, "curve": "stepped" },
					{ "time": 0.0333, "x": 0.518, "y": 0.518 },
					{ "time": 0.2, "x": 0.74, "y": 0.74 },
					{ "time": 0.9, "x": 0.518, "y": 0.518, "curve": "stepped" },
					{ "time": 1.0333, "x": 0.518, "y": 0.518 }
				]
			},
			"bone": {
				"rotate": [
					{ "time": 0, "angle": 0, "curve": "stepped" },
					{ "time": 1.0333, "angle": 0 }
				],
				"translate": [
					{ "time": 0, "x": 0, "y": 0, "curve": "stepped" },
					{ "time": 1.0333, "x": 0, "y": 0 }
				],
				"scale": [
					{ "time": 0, "x": 1, "y": 1, "curve": "stepped" },
					{ "time": 1.0333, "x": 1, "y": 1 }
				]
			},
			"images/w16": {
				"rotate": [
					{ "time": 0, "angle": -154.85, "curve": "stepped" },
					{ "time": 0.0333, "angle": -154.85 },
					{ "time": 0.2, "angle": -91.24 },
					{ "time": 1.0333, "angle": 24.25 }
				],
				"translate": [
					{
						"time": 0,
						"x": -774.86,
						"y": -335.49,
						"curve": [ 0.25, 0, 0.75, 1 ]
					},
					{
						"time": 0.0333,
						"x": -688.32,
						"y": -307.33,
						"curve": [ 0.223, 0, 0.789, 1 ]
					},
					{
						"time": 0.2,
						"x": -721.02,
						"y": -273.34,
						"curve": [ 0.43, 0.2, 0.824, 0.45 ]
					},
					{ "time": 1.0333, "x": -602.49, "y": -1062.44 }
				],
				"scale": [
					{ "time": 0, "x": 0.616, "y": 0.616, "curve": "stepped" },
					{ "time": 0.0333, "x": 0.616, "y": 0.616 },
					{ "time": 0.2, "x": 0.835, "y": 0.835 },
					{ "time": 1.0333, "x": 0.616, "y": 0.616 }
				]
			},
			"images/w17": {
				"rotate": [
					{ "time": 0, "angle": 166.02, "curve": "stepped" },
					{ "time": 0.0333, "angle": 166.02 },
					{ "time": 0.2, "angle": -128.15 },
					{ "time": 0.9333, "angle": -6.62, "curve": "stepped" },
					{ "time": 1.0333, "angle": -6.62 }
				],
				"translate": [
					{
						"time": 0,
						"x": -912.93,
						"y": -311.28,
						"curve": [ 0.25, 0, 0.75, 1 ]
					},
					{
						"time": 0.0333,
						"x": -826.39,
						"y": -283.12,
						"curve": [ 0.227, 0, 0.785, 1 ]
					},
					{
						"time": 0.2,
						"x": -951.35,
						"y": -258.17,
						"curve": [ 0.419, 0.16, 0.807, 0.49 ]
					},
					{ "time": 0.9333, "x": -985.25, "y": -772.47, "curve": "stepped" },
					{ "time": 1.0333, "x": -985.25, "y": -772.47 }
				],
				"scale": [
					{ "time": 0, "x": 0.871, "y": 0.871, "curve": "stepped" },
					{ "time": 0.0333, "x": 0.871, "y": 0.871 },
					{ "time": 0.2, "x": 1.217, "y": 1.217 },
					{ "time": 0.9333, "x": 0.871, "y": 0.871, "curve": "stepped" },
					{ "time": 1.0333, "x": 0.871, "y": 0.871 }
				]
			},
			"images/w18": {
				"rotate": [
					{ "time": 0, "angle": 0, "curve": "stepped" },
					{ "time": 0.0333, "angle": 0 },
					{ "time": 0.2, "angle": 59.06 },
					{ "time": 0.9, "angle": 109.1, "curve": "stepped" },
					{ "time": 1.0333, "angle": 109.1 }
				],
				"translate": [
					{
						"time": 0,
						"x": -974.96,
						"y": -313.81,
						"curve": [ 0.214, 0, 0.789, 1 ]
					},
					{
						"time": 0.0333,
						"x": -888.42,
						"y": -285.65,
						"curve": [ 0.214, 0, 0.789, 1 ]
					},
					{
						"time": 0.2,
						"x": -927.39,
						"y": -226.01,
						"curve": [ 0.376, 0.28, 0.71, 0.61 ]
					},
					{ "time": 0.9, "x": -906.43, "y": -632.85, "curve": "stepped" },
					{ "time": 1.0333, "x": -906.43, "y": -632.85 }
				],
				"scale": [
					{ "time": 0, "x": 1, "y": 1, "curve": "stepped" },
					{ "time": 0.0333, "x": 1, "y": 1 },
					{ "time": 0.2, "x": 1.287, "y": 1.287 },
					{ "time": 0.9, "x": 1, "y": 1, "curve": "stepped" },
					{ "time": 1.0333, "x": 1, "y": 1 }
				]
			},
			"images/w21": {
				"rotate": [
					{ "time": 0, "angle": 0, "curve": "stepped" },
					{ "time": 0.0333, "angle": 0 },
					{ "time": 0.2, "angle": 56.35 },
					{ "time": 0.9333, "angle": 96.57, "curve": "stepped" },
					{ "time": 1.0333, "angle": 96.57 }
				],
				"translate": [
					{
						"time": 0,
						"x": -1091.29,
						"y": -227.42,
						"curve": [ 0.25, 0, 0.75, 1 ]
					},
					{
						"time": 0.0333,
						"x": -1004.75,
						"y": -199.26,
						"curve": [ 0.227, 0, 0.78, 1 ]
					},
					{
						"time": 0.2,
						"x": -1136.49,
						"y": -151.71,
						"curve": [ 0.443, 0.17, 0.846, 0.48 ]
					},
					{ "time": 0.9333, "x": -1167, "y": -588.1, "curve": "stepped" },
					{ "time": 1.0333, "x": -1167, "y": -588.1 }
				],
				"scale": [
					{ "time": 0, "x": 1.151, "y": 1.151, "curve": "stepped" },
					{ "time": 0.0333, "x": 1.151, "y": 1.151 },
					{ "time": 0.2, "x": 1.782, "y": 1.782 },
					{ "time": 0.9333, "x": 1.151, "y": 1.151, "curve": "stepped" },
					{ "time": 1.0333, "x": 1.151, "y": 1.151 }
				]
			},
			"images/w22": {
				"rotate": [
					{ "time": 0, "angle": 0, "curve": "stepped" },
					{ "time": 0.0333, "angle": 0 },
					{ "time": 0.9666, "angle": 173.76, "curve": "stepped" },
					{ "time": 1.0333, "angle": 173.76 }
				],
				"translate": [
					{
						"time": 0,
						"x": -1184.73,
						"y": -396.67,
						"curve": [ 0.25, 0, 0.75, 1 ]
					},
					{
						"time": 0.0333,
						"x": -1098.19,
						"y": -368.51,
						"curve": [ 0.214, 0, 0.911, 0.2 ]
					},
					{ "time": 0.9666, "x": -1327.1, "y": -1125.43, "curve": "stepped" },
					{ "time": 1.0333, "x": -1327.1, "y": -1125.43 }
				],
				"scale": [
					{ "time": 0, "x": 1.184, "y": 1.184, "curve": "stepped" },
					{ "time": 0.0333, "x": 1.184, "y": 1.184 },
					{ "time": 0.2, "x": 1.45, "y": 1.45 },
					{ "time": 0.9666, "x": 1.184, "y": 1.184, "curve": "stepped" },
					{ "time": 1.0333, "x": 1.184, "y": 1.184 }
				]
			},
			"images/w19": {
				"rotate": [
					{ "time": 0, "angle": 6.81, "curve": "stepped" },
					{ "time": 0.0333, "angle": 6.81 },
					{ "time": 0.2, "angle": -47.42 },
					{ "time": 0.9, "angle": -137.74, "curve": "stepped" },
					{ "time": 1.0333, "angle": -137.74 }
				],
				"translate": [
					{
						"time": 0,
						"x": -1191.78,
						"y": -239.76,
						"curve": [ 0.25, 0, 0.75, 1 ]
					},
					{
						"time": 0.0333,
						"x": -1105.24,
						"y": -211.6,
						"curve": [ 0.214, 0, 0.785, 1 ]
					},
					{
						"time": 0.2,
						"x": -1164.86,
						"y": -149.77,
						"curve": [ 0.428, 0.16, 0.816, 0.51 ]
					},
					{ "time": 0.9, "x": -1105.3, "y": -653.7, "curve": "stepped" },
					{ "time": 1.0333, "x": -1105.3, "y": -653.7 }
				],
				"scale": [
					{ "time": 0, "x": 1, "y": 1, "curve": "stepped" },
					{ "time": 0.0333, "x": 1, "y": 1 },
					{ "time": 0.2, "x": 1.141, "y": 1.141 },
					{ "time": 0.9, "x": 1, "y": 1, "curve": "stepped" },
					{ "time": 1.0333, "x": 1, "y": 1 }
				]
			}
		},
		"drawOrder": [
			{ "time": 0 },
			{ "time": 1.0333 }
		]
	}
}
}