{
"skeleton": { "hash": "jrOG2gwyclKtajvdydIJxv1S4Ow", "spine": "3.4.02", "width": 0, "height": 0, "images": "./picture/" },
"bones": [
	{ "name": "root" },
	{ "name": "splash", "parent": "root", "x": -1.75, "y": 201.65 }
],
"slots": [
	{ "name": "splash/shade", "bone": "splash" },
	{ "name": "splash/natural", "bone": "splash" },
	{ "name": "splash/highlight", "bone": "splash" },
	{ "name": "defluxion/natural", "bone": "splash" },
	{ "name": "defluxion/highlight", "bone": "splash" }
],
"skins": {
	"default": {},
	"black": {
		"defluxion/highlight": {
			"defluxion/highlight/01": { "color": "747474ff", "x": -7.58, "y": -5.34, "scaleX": 2, "scaleY": 2, "width": 90, "height": 22 },
			"defluxion/highlight/02": { "color": "747474ff", "x": 5.74, "y": -10.57, "scaleX": 2, "scaleY": 2, "width": 132, "height": 29 },
			"defluxion/highlight/03": { "color": "747474ff", "x": 6.25, "y": -73.17, "scaleX": 2, "scaleY": 2, "width": 128, "height": 49 },
			"defluxion/highlight/04": { "color": "747474ff", "x": 3.21, "y": -113.46, "scaleX": 2, "scaleY": 2, "width": 108, "height": 62 },
			"defluxion/highlight/05": { "color": "747474ff", "x": 3.93, "y": -58.2, "scaleX": 2, "scaleY": 2, "width": 110, "height": 119 },
			"defluxion/highlight/06": { "color": "747474ff", "x": 6.91, "y": -79.88, "scaleX": 2, "scaleY": 2, "width": 108, "height": 112 },
			"defluxion/highlight/07": { "color": "747474ff", "x": 2.4, "y": -88.23, "scaleX": 2, "scaleY": 2, "width": 103, "height": 101 },
			"defluxion/highlight/08": { "color": "747474ff", "x": 6.72, "y": -99.41, "scaleX": 2, "scaleY": 2, "width": 101, "height": 107 },
			"defluxion/highlight/09": { "color": "747474ff", "x": 6.52, "y": -190.41, "scaleX": 2, "scaleY": 2, "width": 100, "height": 14 }
		},
		"defluxion/natural": {
			"defluxion/natural/01": { "color": "585858ff", "x": 1.53, "y": -3.24, "scaleX": 2, "scaleY": 2, "width": 122, "height": 35 },
			"defluxion/natural/02": { "color": "585858ff", "x": 1.71, "y": -6.6, "scaleX": 2, "scaleY": 2, "width": 141, "height": 44 },
			"defluxion/natural/03": { "color": "585858ff", "x": 0.96, "y": -45, "scaleX": 2, "scaleY": 2, "width": 135, "height": 84 },
			"defluxion/natural/04": { "color": "585858ff", "x": 2.81, "y": -70.83, "scaleX": 2, "scaleY": 2, "width": 115, "height": 112 },
			"defluxion/natural/05": { "color": "585858ff", "x": 1.88, "y": -62.05, "scaleX": 2, "scaleY": 2, "width": 124, "height": 129 },
			"defluxion/natural/06": { "color": "585858ff", "x": 2.28, "y": -82.34, "scaleX": 2, "scaleY": 2, "width": 120, "height": 121 },
			"defluxion/natural/07": { "color": "585858ff", "x": -1.38, "y": -94.73, "scaleX": 2, "scaleY": 2, "width": 114, "height": 115 },
			"defluxion/natural/08": { "color": "585858ff", "x": 1.89, "y": -100.09, "scaleX": 2, "scaleY": 2, "width": 112, "height": 114 },
			"defluxion/natural/09": { "color": "585858ff", "x": 2.21, "y": -180.18, "scaleX": 2, "scaleY": 2, "width": 109, "height": 34 }
		},
		"splash/highlight": {
			"splash/highlight/01": { "color": "747474ff", "x": -1.83, "y": 85.57, "scaleX": 2, "scaleY": 2, "width": 127, "height": 30 },
			"splash/highlight/02": { "color": "747474ff", "x": -14.85, "y": 148.5, "scaleX": 2, "scaleY": 2, "width": 271, "height": 92 },
			"splash/highlight/03": { "color": "747474ff", "x": -1.75, "y": 154.77, "scaleX": 2, "scaleY": 2, "width": 259, "height": 97 },
			"splash/highlight/04": { "color": "747474ff", "x": -4.73, "y": 146.68, "scaleX": 2, "scaleY": 2, "width": 277, "height": 109 },
			"splash/highlight/05": { "color": "747474ff", "x": -46.87, "y": 147.31, "scaleX": 2, "scaleY": 2, "width": 163, "height": 114 },
			"splash/highlight/06": { "color": "747474ff", "x": -46.91, "y": 144.52, "scaleX": 2, "scaleY": 2, "width": 179, "height": 101 }
		},
		"splash/natural": {
			"splash/natural/01": { "color": "585858ff", "x": -1.99, "y": 61.28, "scaleX": 2, "scaleY": 2, "width": 131, "height": 61 },
			"splash/natural/02": { "color": "585858ff", "x": -14.39, "y": 118.96, "scaleX": 2, "scaleY": 2, "width": 277, "height": 124 },
			"splash/natural/03": { "color": "585858ff", "x": -12.37, "y": 138.69, "scaleX": 2, "scaleY": 2, "width": 291, "height": 139 },
			"splash/natural/04": { "color": "585858ff", "x": 0.08, "y": 144.68, "scaleX": 2, "scaleY": 2, "width": 289, "height": 143 },
			"splash/natural/05": { "color": "585858ff", "x": 9.16, "y": 136.99, "scaleX": 2, "scaleY": 2, "width": 303, "height": 137 },
			"splash/natural/06": { "color": "585858ff", "x": 24.54, "y": 134.7, "scaleX": 2, "scaleY": 2, "width": 261, "height": 117 },
			"splash/natural/07": { "color": "585858ff", "x": -95.68, "y": 138.83, "scaleX": 2, "scaleY": 2, "width": 143, "height": 101 }
		},
		"splash/shade": {
			"splash/shade/01": { "color": "3d3d3dff", "x": -28.52, "y": 75.98, "scaleX": 2, "scaleY": 2, "width": 57, "height": 27 },
			"splash/shade/02": { "color": "3d3d3dff", "x": -0.28, "y": 123.26, "scaleX": 2, "scaleY": 2, "width": 131, "height": 78 },
			"splash/shade/03": { "color": "3d3d3dff", "x": -8.02, "y": 131.08, "scaleX": 2, "scaleY": 2, "width": 135, "height": 89 },
			"splash/shade/04": { "color": "3d3d3dff", "x": 2.1, "y": 124.88, "scaleX": 2, "scaleY": 2, "width": 132, "height": 91 },
			"splash/shade/05": { "color": "3d3d3dff", "x": -18.81, "y": 59.81, "scaleX": 2, "scaleY": 2, "width": 113, "height": 29 }
		}
	},
	"blue": {
		"defluxion/highlight": {
			"defluxion/highlight/01": { "color": "4bc9ffff", "x": -7.58, "y": -5.34, "scaleX": 2, "scaleY": 2, "width": 90, "height": 22 },
			"defluxion/highlight/02": { "color": "4bc9ffff", "x": 5.74, "y": -10.57, "scaleX": 2, "scaleY": 2, "width": 132, "height": 29 },
			"defluxion/highlight/03": { "color": "4bc9ffff", "x": 6.25, "y": -73.17, "scaleX": 2, "scaleY": 2, "width": 128, "height": 49 },
			"defluxion/highlight/04": { "color": "4bc9ffff", "x": 3.21, "y": -113.46, "scaleX": 2, "scaleY": 2, "width": 108, "height": 62 },
			"defluxion/highlight/05": { "color": "4bc9ffff", "x": 3.93, "y": -58.2, "scaleX": 2, "scaleY": 2, "width": 110, "height": 119 },
			"defluxion/highlight/06": { "color": "4bc9ffff", "x": 6.91, "y": -79.88, "scaleX": 2, "scaleY": 2, "width": 108, "height": 112 },
			"defluxion/highlight/07": { "color": "4bc9ffff", "x": 2.4, "y": -88.23, "scaleX": 2, "scaleY": 2, "width": 103, "height": 101 },
			"defluxion/highlight/08": { "color": "4bc9ffff", "x": 6.72, "y": -99.41, "scaleX": 2, "scaleY": 2, "width": 101, "height": 107 },
			"defluxion/highlight/09": { "color": "4bc9ffff", "x": 6.52, "y": -190.41, "scaleX": 2, "scaleY": 2, "width": 100, "height": 14 }
		},
		"defluxion/natural": {
			"defluxion/natural/01": { "color": "0098d6ff", "x": 1.53, "y": -3.24, "scaleX": 2, "scaleY": 2, "width": 122, "height": 35 },
			"defluxion/natural/02": { "color": "0098d6ff", "x": 1.71, "y": -6.6, "scaleX": 2, "scaleY": 2, "width": 141, "height": 44 },
			"defluxion/natural/03": { "color": "0098d6ff", "x": 0.96, "y": -45, "scaleX": 2, "scaleY": 2, "width": 135, "height": 84 },
			"defluxion/natural/04": { "color": "0098d6ff", "x": 2.81, "y": -70.83, "scaleX": 2, "scaleY": 2, "width": 115, "height": 112 },
			"defluxion/natural/05": { "color": "0098d6ff", "x": 1.88, "y": -62.05, "scaleX": 2, "scaleY": 2, "width": 124, "height": 129 },
			"defluxion/natural/06": { "color": "0098d6ff", "x": 2.28, "y": -82.34, "scaleX": 2, "scaleY": 2, "width": 120, "height": 121 },
			"defluxion/natural/07": { "color": "0098d6ff", "x": -1.38, "y": -94.73, "scaleX": 2, "scaleY": 2, "width": 114, "height": 115 },
			"defluxion/natural/08": { "color": "0098d6ff", "x": 1.89, "y": -100.09, "scaleX": 2, "scaleY": 2, "width": 112, "height": 114 },
			"defluxion/natural/09": { "color": "0098d6ff", "x": 2.21, "y": -180.18, "scaleX": 2, "scaleY": 2, "width": 109, "height": 34 }
		},
		"splash/highlight": {
			"splash/highlight/01": { "color": "4bc9ffff", "x": -1.83, "y": 85.57, "scaleX": 2, "scaleY": 2, "width": 127, "height": 30 },
			"splash/highlight/02": { "color": "4bc9ffff", "x": -14.85, "y": 148.5, "scaleX": 2, "scaleY": 2, "width": 271, "height": 92 },
			"splash/highlight/03": { "color": "4bc9ffff", "x": -1.75, "y": 154.77, "scaleX": 2, "scaleY": 2, "width": 259, "height": 97 },
			"splash/highlight/04": { "color": "4bc9ffff", "x": -4.73, "y": 146.68, "scaleX": 2, "scaleY": 2, "width": 277, "height": 109 },
			"splash/highlight/05": { "color": "4bc9ffff", "x": -46.87, "y": 147.31, "scaleX": 2, "scaleY": 2, "width": 163, "height": 114 },
			"splash/highlight/06": { "color": "4bc9ffff", "x": -46.91, "y": 144.52, "scaleX": 2, "scaleY": 2, "width": 179, "height": 101 }
		},
		"splash/natural": {
			"splash/natural/01": { "color": "0098d6ff", "x": -1.99, "y": 61.28, "scaleX": 2, "scaleY": 2, "width": 131, "height": 61 },
			"splash/natural/02": { "color": "0098d6ff", "x": -14.39, "y": 118.96, "scaleX": 2, "scaleY": 2, "width": 277, "height": 124 },
			"splash/natural/03": { "color": "0098d6ff", "x": -12.37, "y": 138.69, "scaleX": 2, "scaleY": 2, "width": 291, "height": 139 },
			"splash/natural/04": { "color": "0098d6ff", "x": 0.08, "y": 144.68, "scaleX": 2, "scaleY": 2, "width": 289, "height": 143 },
			"splash/natural/05": { "color": "0098d6ff", "x": 9.16, "y": 136.99, "scaleX": 2, "scaleY": 2, "width": 303, "height": 137 },
			"splash/natural/06": { "color": "0098d6ff", "x": 24.54, "y": 134.7, "scaleX": 2, "scaleY": 2, "width": 261, "height": 117 },
			"splash/natural/07": { "color": "0098d6ff", "x": -95.68, "y": 138.83, "scaleX": 2, "scaleY": 2, "width": 143, "height": 101 }
		},
		"splash/shade": {
			"splash/shade/01": { "color": "016a9eff", "x": -28.52, "y": 75.98, "scaleX": 2, "scaleY": 2, "width": 57, "height": 27 },
			"splash/shade/02": { "color": "016a9eff", "x": -0.28, "y": 123.26, "scaleX": 2, "scaleY": 2, "width": 131, "height": 78 },
			"splash/shade/03": { "color": "016a9eff", "x": -8.02, "y": 131.08, "scaleX": 2, "scaleY": 2, "width": 135, "height": 89 },
			"splash/shade/04": { "color": "016a9eff", "x": 2.1, "y": 124.88, "scaleX": 2, "scaleY": 2, "width": 132, "height": 91 },
			"splash/shade/05": { "color": "016a9eff", "x": -18.81, "y": 59.81, "scaleX": 2, "scaleY": 2, "width": 113, "height": 29 }
		}
	},
	"green": {
		"defluxion/highlight": {
			"defluxion/highlight/01": { "color": "0ff601ff", "x": -7.58, "y": -5.34, "scaleX": 2, "scaleY": 2, "width": 90, "height": 22 },
			"defluxion/highlight/02": { "color": "0ff601ff", "x": 5.74, "y": -10.57, "scaleX": 2, "scaleY": 2, "width": 132, "height": 29 },
			"defluxion/highlight/03": { "color": "0ff601ff", "x": 6.25, "y": -73.17, "scaleX": 2, "scaleY": 2, "width": 128, "height": 49 },
			"defluxion/highlight/04": { "color": "0ff601ff", "x": 3.21, "y": -113.46, "scaleX": 2, "scaleY": 2, "width": 108, "height": 62 },
			"defluxion/highlight/05": { "color": "0ff601ff", "x": 3.93, "y": -58.2, "scaleX": 2, "scaleY": 2, "width": 110, "height": 119 },
			"defluxion/highlight/06": { "color": "0ff601ff", "x": 6.91, "y": -79.88, "scaleX": 2, "scaleY": 2, "width": 108, "height": 112 },
			"defluxion/highlight/07": { "color": "0ff601ff", "x": 2.4, "y": -88.23, "scaleX": 2, "scaleY": 2, "width": 103, "height": 101 },
			"defluxion/highlight/08": { "color": "0ff601ff", "x": 6.72, "y": -99.41, "scaleX": 2, "scaleY": 2, "width": 101, "height": 107 },
			"defluxion/highlight/09": { "color": "0ff601ff", "x": 6.52, "y": -190.41, "scaleX": 2, "scaleY": 2, "width": 100, "height": 14 }
		},
		"defluxion/natural": {
			"defluxion/natural/01": { "color": "02b901ff", "x": 1.53, "y": -3.24, "scaleX": 2, "scaleY": 2, "width": 122, "height": 35 },
			"defluxion/natural/02": { "color": "02b901ff", "x": 1.71, "y": -6.6, "scaleX": 2, "scaleY": 2, "width": 141, "height": 44 },
			"defluxion/natural/03": { "color": "02b901ff", "x": 0.96, "y": -45, "scaleX": 2, "scaleY": 2, "width": 135, "height": 84 },
			"defluxion/natural/04": { "color": "02b901ff", "x": 2.81, "y": -70.83, "scaleX": 2, "scaleY": 2, "width": 115, "height": 112 },
			"defluxion/natural/05": { "color": "02b901ff", "x": 1.88, "y": -62.05, "scaleX": 2, "scaleY": 2, "width": 124, "height": 129 },
			"defluxion/natural/06": { "color": "02b901ff", "x": 2.28, "y": -82.34, "scaleX": 2, "scaleY": 2, "width": 120, "height": 121 },
			"defluxion/natural/07": { "color": "02b901ff", "x": -1.38, "y": -94.73, "scaleX": 2, "scaleY": 2, "width": 114, "height": 115 },
			"defluxion/natural/08": { "color": "02b901ff", "x": 1.89, "y": -100.09, "scaleX": 2, "scaleY": 2, "width": 112, "height": 114 },
			"defluxion/natural/09": { "color": "02b901ff", "x": 2.21, "y": -180.18, "scaleX": 2, "scaleY": 2, "width": 109, "height": 34 }
		},
		"splash/highlight": {
			"splash/highlight/01": { "color": "0ff601ff", "x": -1.83, "y": 85.57, "scaleX": 2, "scaleY": 2, "width": 127, "height": 30 },
			"splash/highlight/02": { "color": "0ff601ff", "x": -14.85, "y": 148.5, "scaleX": 2, "scaleY": 2, "width": 271, "height": 92 },
			"splash/highlight/03": { "color": "0ff601ff", "x": -1.75, "y": 154.77, "scaleX": 2, "scaleY": 2, "width": 259, "height": 97 },
			"splash/highlight/04": { "color": "0ff601ff", "x": -4.73, "y": 146.68, "scaleX": 2, "scaleY": 2, "width": 277, "height": 109 },
			"splash/highlight/05": { "color": "0ff601ff", "x": -46.87, "y": 147.31, "scaleX": 2, "scaleY": 2, "width": 163, "height": 114 },
			"splash/highlight/06": { "color": "0ff601ff", "x": -46.91, "y": 144.52, "scaleX": 2, "scaleY": 2, "width": 179, "height": 101 }
		},
		"splash/natural": {
			"splash/natural/01": { "color": "02b901ff", "x": -1.99, "y": 61.28, "scaleX": 2, "scaleY": 2, "width": 131, "height": 61 },
			"splash/natural/02": { "color": "02b901ff", "x": -14.39, "y": 118.96, "scaleX": 2, "scaleY": 2, "width": 277, "height": 124 },
			"splash/natural/03": { "color": "02b901ff", "x": -12.37, "y": 138.69, "scaleX": 2, "scaleY": 2, "width": 291, "height": 139 },
			"splash/natural/04": { "color": "02b901ff", "x": 0.08, "y": 144.68, "scaleX": 2, "scaleY": 2, "width": 289, "height": 143 },
			"splash/natural/05": { "color": "02b901ff", "x": 9.16, "y": 136.99, "scaleX": 2, "scaleY": 2, "width": 303, "height": 137 },
			"splash/natural/06": { "color": "02b901ff", "x": 24.54, "y": 134.7, "scaleX": 2, "scaleY": 2, "width": 261, "height": 117 },
			"splash/natural/07": { "color": "02b901ff", "x": -95.68, "y": 138.83, "scaleX": 2, "scaleY": 2, "width": 143, "height": 101 }
		},
		"splash/shade": {
			"splash/shade/01": { "color": "005902ff", "x": -28.52, "y": 75.98, "scaleX": 2, "scaleY": 2, "width": 57, "height": 27 },
			"splash/shade/02": { "color": "005902ff", "x": -0.28, "y": 123.26, "scaleX": 2, "scaleY": 2, "width": 131, "height": 78 },
			"splash/shade/03": { "color": "005902ff", "x": -8.02, "y": 131.08, "scaleX": 2, "scaleY": 2, "width": 135, "height": 89 },
			"splash/shade/04": { "color": "005902ff", "x": 2.1, "y": 124.88, "scaleX": 2, "scaleY": 2, "width": 132, "height": 91 },
			"splash/shade/05": { "color": "005902ff", "x": -18.81, "y": 59.81, "scaleX": 2, "scaleY": 2, "width": 113, "height": 29 }
		}
	},
	"red": {
		"defluxion/highlight": {
			"defluxion/highlight/01": { "color": "ff4a4aff", "x": -7.58, "y": -5.34, "scaleX": 2, "scaleY": 2, "width": 90, "height": 22 },
			"defluxion/highlight/02": { "color": "ff4a4aff", "x": 5.74, "y": -10.57, "scaleX": 2, "scaleY": 2, "width": 132, "height": 29 },
			"defluxion/highlight/03": { "color": "ff4a4aff", "x": 6.25, "y": -73.17, "scaleX": 2, "scaleY": 2, "width": 128, "height": 49 },
			"defluxion/highlight/04": { "color": "ff4a4aff", "x": 3.21, "y": -113.46, "scaleX": 2, "scaleY": 2, "width": 108, "height": 62 },
			"defluxion/highlight/05": { "color": "ff4a4aff", "x": 3.93, "y": -58.2, "scaleX": 2, "scaleY": 2, "width": 110, "height": 119 },
			"defluxion/highlight/06": { "color": "ff4a4aff", "x": 6.91, "y": -79.88, "scaleX": 2, "scaleY": 2, "width": 108, "height": 112 },
			"defluxion/highlight/07": { "color": "ff4a4aff", "x": 2.4, "y": -88.23, "scaleX": 2, "scaleY": 2, "width": 103, "height": 101 },
			"defluxion/highlight/08": { "color": "ff4a4aff", "x": 6.72, "y": -99.41, "scaleX": 2, "scaleY": 2, "width": 101, "height": 107 },
			"defluxion/highlight/09": { "color": "ff4a4aff", "x": 6.52, "y": -190.41, "scaleX": 2, "scaleY": 2, "width": 100, "height": 14 }
		},
		"defluxion/natural": {
			"defluxion/natural/01": { "color": "da0000ff", "x": 1.53, "y": -3.24, "scaleX": 2, "scaleY": 2, "width": 122, "height": 35 },
			"defluxion/natural/02": { "color": "da0000ff", "x": 1.71, "y": -6.6, "scaleX": 2, "scaleY": 2, "width": 141, "height": 44 },
			"defluxion/natural/03": { "color": "da0000ff", "x": 0.96, "y": -45, "scaleX": 2, "scaleY": 2, "width": 135, "height": 84 },
			"defluxion/natural/04": { "color": "da0000ff", "x": 2.81, "y": -70.83, "scaleX": 2, "scaleY": 2, "width": 115, "height": 112 },
			"defluxion/natural/05": { "color": "da0000ff", "x": 1.88, "y": -62.05, "scaleX": 2, "scaleY": 2, "width": 124, "height": 129 },
			"defluxion/natural/06": { "color": "da0000ff", "x": 2.28, "y": -82.34, "scaleX": 2, "scaleY": 2, "width": 120, "height": 121 },
			"defluxion/natural/07": { "color": "da0000ff", "x": -1.38, "y": -94.73, "scaleX": 2, "scaleY": 2, "width": 114, "height": 115 },
			"defluxion/natural/08": { "color": "da0000ff", "x": 1.89, "y": -100.09, "scaleX": 2, "scaleY": 2, "width": 112, "height": 114 },
			"defluxion/natural/09": { "color": "da0000ff", "x": 2.21, "y": -180.18, "scaleX": 2, "scaleY": 2, "width": 109, "height": 34 }
		},
		"splash/highlight": {
			"splash/highlight/01": { "color": "ff4a4aff", "x": -1.83, "y": 85.57, "scaleX": 2, "scaleY": 2, "width": 127, "height": 30 },
			"splash/highlight/02": { "color": "ff4a4aff", "x": -14.85, "y": 148.5, "scaleX": 2, "scaleY": 2, "width": 271, "height": 92 },
			"splash/highlight/03": { "color": "ff4a4aff", "x": -1.75, "y": 154.77, "scaleX": 2, "scaleY": 2, "width": 259, "height": 97 },
			"splash/highlight/04": { "color": "ff4a4aff", "x": -4.73, "y": 146.68, "scaleX": 2, "scaleY": 2, "width": 277, "height": 109 },
			"splash/highlight/05": { "color": "ff4a4aff", "x": -46.87, "y": 147.31, "scaleX": 2, "scaleY": 2, "width": 163, "height": 114 },
			"splash/highlight/06": { "color": "ff4a4aff", "x": -46.91, "y": 144.52, "scaleX": 2, "scaleY": 2, "width": 179, "height": 101 }
		},
		"splash/natural": {
			"splash/natural/01": { "color": "da0000ff", "x": -1.99, "y": 61.28, "scaleX": 2, "scaleY": 2, "width": 131, "height": 61 },
			"splash/natural/02": { "color": "da0000ff", "x": -14.39, "y": 118.96, "scaleX": 2, "scaleY": 2, "width": 277, "height": 124 },
			"splash/natural/03": { "color": "da0000ff", "x": -12.37, "y": 138.69, "scaleX": 2, "scaleY": 2, "width": 291, "height": 139 },
			"splash/natural/04": { "color": "da0000ff", "x": 0.08, "y": 144.68, "scaleX": 2, "scaleY": 2, "width": 289, "height": 143 },
			"splash/natural/05": { "color": "da0000ff", "x": 9.16, "y": 136.99, "scaleX": 2, "scaleY": 2, "width": 303, "height": 137 },
			"splash/natural/06": { "color": "da0000ff", "x": 24.54, "y": 134.7, "scaleX": 2, "scaleY": 2, "width": 261, "height": 117 },
			"splash/natural/07": { "color": "da0000ff", "x": -95.68, "y": 138.83, "scaleX": 2, "scaleY": 2, "width": 143, "height": 101 }
		},
		"splash/shade": {
			"splash/shade/01": { "color": "9c0000ff", "x": -28.52, "y": 75.98, "scaleX": 2, "scaleY": 2, "width": 57, "height": 27 },
			"splash/shade/02": { "color": "9c0000ff", "x": -0.28, "y": 123.26, "scaleX": 2, "scaleY": 2, "width": 131, "height": 78 },
			"splash/shade/03": { "color": "9c0000ff", "x": -8.02, "y": 131.08, "scaleX": 2, "scaleY": 2, "width": 135, "height": 89 },
			"splash/shade/04": { "color": "9c0000ff", "x": 2.1, "y": 124.88, "scaleX": 2, "scaleY": 2, "width": 132, "height": 91 },
			"splash/shade/05": { "color": "9c0000ff", "x": -18.81, "y": 59.81, "scaleX": 2, "scaleY": 2, "width": 113, "height": 29 }
		}
	},
	"white": {
		"defluxion/highlight": {
			"defluxion/highlight/01": { "x": -7.58, "y": -5.34, "scaleX": 2, "scaleY": 2, "width": 90, "height": 22 },
			"defluxion/highlight/02": { "x": 5.74, "y": -10.57, "scaleX": 2, "scaleY": 2, "width": 132, "height": 29 },
			"defluxion/highlight/03": { "x": 6.25, "y": -73.17, "scaleX": 2, "scaleY": 2, "width": 128, "height": 49 },
			"defluxion/highlight/04": { "x": 3.21, "y": -113.46, "scaleX": 2, "scaleY": 2, "width": 108, "height": 62 },
			"defluxion/highlight/05": { "x": 3.93, "y": -58.2, "scaleX": 2, "scaleY": 2, "width": 110, "height": 119 },
			"defluxion/highlight/06": { "x": 6.91, "y": -79.88, "scaleX": 2, "scaleY": 2, "width": 108, "height": 112 },
			"defluxion/highlight/07": { "x": 2.4, "y": -88.23, "scaleX": 2, "scaleY": 2, "width": 103, "height": 101 },
			"defluxion/highlight/08": { "x": 6.72, "y": -99.41, "scaleX": 2, "scaleY": 2, "width": 101, "height": 107 },
			"defluxion/highlight/09": { "x": 6.52, "y": -190.41, "scaleX": 2, "scaleY": 2, "width": 100, "height": 14 }
		},
		"defluxion/natural": {
			"defluxion/natural/01": { "color": "d7d7d7ff", "x": 1.53, "y": -3.24, "scaleX": 2, "scaleY": 2, "width": 122, "height": 35 },
			"defluxion/natural/02": { "color": "d7d7d7ff", "x": 1.71, "y": -6.6, "scaleX": 2, "scaleY": 2, "width": 141, "height": 44 },
			"defluxion/natural/03": { "color": "d7d7d7ff", "x": 0.96, "y": -45, "scaleX": 2, "scaleY": 2, "width": 135, "height": 84 },
			"defluxion/natural/04": { "color": "d7d7d7ff", "x": 2.81, "y": -70.83, "scaleX": 2, "scaleY": 2, "width": 115, "height": 112 },
			"defluxion/natural/05": { "color": "d7d7d7ff", "x": 1.88, "y": -62.05, "scaleX": 2, "scaleY": 2, "width": 124, "height": 129 },
			"defluxion/natural/06": { "color": "d7d7d7ff", "x": 2.28, "y": -82.34, "scaleX": 2, "scaleY": 2, "width": 120, "height": 121 },
			"defluxion/natural/07": { "color": "d7d7d7ff", "x": -1.38, "y": -94.73, "scaleX": 2, "scaleY": 2, "width": 114, "height": 115 },
			"defluxion/natural/08": { "color": "d7d7d7ff", "x": 1.89, "y": -100.09, "scaleX": 2, "scaleY": 2, "width": 112, "height": 114 },
			"defluxion/natural/09": { "color": "d7d7d7ff", "x": 2.21, "y": -180.18, "scaleX": 2, "scaleY": 2, "width": 109, "height": 34 }
		},
		"splash/highlight": {
			"splash/highlight/01": { "x": -1.83, "y": 85.57, "scaleX": 2, "scaleY": 2, "width": 127, "height": 30 },
			"splash/highlight/02": { "x": -14.85, "y": 148.5, "scaleX": 2, "scaleY": 2, "width": 271, "height": 92 },
			"splash/highlight/03": { "x": -1.75, "y": 154.77, "scaleX": 2, "scaleY": 2, "width": 259, "height": 97 },
			"splash/highlight/04": { "x": -4.73, "y": 146.68, "scaleX": 2, "scaleY": 2, "width": 277, "height": 109 },
			"splash/highlight/05": { "x": -46.87, "y": 147.31, "scaleX": 2, "scaleY": 2, "width": 163, "height": 114 },
			"splash/highlight/06": { "x": -46.91, "y": 144.52, "scaleX": 2, "scaleY": 2, "width": 179, "height": 101 }
		},
		"splash/natural": {
			"splash/natural/01": { "color": "d7d7d7ff", "x": -1.99, "y": 61.28, "scaleX": 2, "scaleY": 2, "width": 131, "height": 61 },
			"splash/natural/02": { "color": "d7d7d7ff", "x": -14.39, "y": 118.96, "scaleX": 2, "scaleY": 2, "width": 277, "height": 124 },
			"splash/natural/03": { "color": "d7d7d7ff", "x": -12.37, "y": 138.69, "scaleX": 2, "scaleY": 2, "width": 291, "height": 139 },
			"splash/natural/04": { "color": "d7d7d7ff", "x": 0.08, "y": 144.68, "scaleX": 2, "scaleY": 2, "width": 289, "height": 143 },
			"splash/natural/05": { "color": "d7d7d7ff", "x": 9.16, "y": 136.99, "scaleX": 2, "scaleY": 2, "width": 303, "height": 137 },
			"splash/natural/06": { "color": "d7d7d7ff", "x": 24.54, "y": 134.7, "scaleX": 2, "scaleY": 2, "width": 261, "height": 117 },
			"splash/natural/07": { "color": "d7d7d7ff", "x": -95.68, "y": 138.83, "scaleX": 2, "scaleY": 2, "width": 143, "height": 101 }
		},
		"splash/shade": {
			"splash/shade/01": { "color": "c7c7c7ff", "x": -28.52, "y": 75.98, "scaleX": 2, "scaleY": 2, "width": 57, "height": 27 },
			"splash/shade/02": { "color": "c7c7c7ff", "x": -0.28, "y": 123.26, "scaleX": 2, "scaleY": 2, "width": 131, "height": 78 },
			"splash/shade/03": { "color": "c7c7c7ff", "x": -8.02, "y": 131.08, "scaleX": 2, "scaleY": 2, "width": 135, "height": 89 },
			"splash/shade/04": { "color": "c7c7c7ff", "x": 2.1, "y": 124.88, "scaleX": 2, "scaleY": 2, "width": 132, "height": 91 },
			"splash/shade/05": { "color": "c7c7c7ff", "x": -18.81, "y": 59.81, "scaleX": 2, "scaleY": 2, "width": 113, "height": 29 }
		}
	},
	"yellow": {
		"defluxion/highlight": {
			"defluxion/highlight/01": { "color": "fed768ff", "x": -7.58, "y": -5.34, "scaleX": 2, "scaleY": 2, "width": 90, "height": 22 },
			"defluxion/highlight/02": { "color": "fed768ff", "x": 5.74, "y": -10.57, "scaleX": 2, "scaleY": 2, "width": 132, "height": 29 },
			"defluxion/highlight/03": { "color": "fed768ff", "x": 6.25, "y": -73.17, "scaleX": 2, "scaleY": 2, "width": 128, "height": 49 },
			"defluxion/highlight/04": { "color": "fed768ff", "x": 3.21, "y": -113.46, "scaleX": 2, "scaleY": 2, "width": 108, "height": 62 },
			"defluxion/highlight/05": { "color": "fed768ff", "x": 3.93, "y": -58.2, "scaleX": 2, "scaleY": 2, "width": 110, "height": 119 },
			"defluxion/highlight/06": { "color": "fed768ff", "x": 6.91, "y": -79.88, "scaleX": 2, "scaleY": 2, "width": 108, "height": 112 },
			"defluxion/highlight/07": { "color": "fed768ff", "x": 2.4, "y": -88.23, "scaleX": 2, "scaleY": 2, "width": 103, "height": 101 },
			"defluxion/highlight/08": { "color": "fed768ff", "x": 6.72, "y": -99.41, "scaleX": 2, "scaleY": 2, "width": 101, "height": 107 },
			"defluxion/highlight/09": { "color": "fed768ff", "x": 6.52, "y": -190.41, "scaleX": 2, "scaleY": 2, "width": 100, "height": 14 }
		},
		"defluxion/natural": {
			"defluxion/natural/01": { "color": "fec101ff", "x": 1.53, "y": -3.24, "scaleX": 2, "scaleY": 2, "width": 122, "height": 35 },
			"defluxion/natural/02": { "color": "fec101ff", "x": 1.71, "y": -6.6, "scaleX": 2, "scaleY": 2, "width": 141, "height": 44 },
			"defluxion/natural/03": { "color": "fec101ff", "x": 0.96, "y": -45, "scaleX": 2, "scaleY": 2, "width": 135, "height": 84 },
			"defluxion/natural/04": { "color": "fec101ff", "x": 2.81, "y": -70.83, "scaleX": 2, "scaleY": 2, "width": 115, "height": 112 },
			"defluxion/natural/05": { "color": "fec101ff", "x": 1.88, "y": -62.05, "scaleX": 2, "scaleY": 2, "width": 124, "height": 129 },
			"defluxion/natural/06": { "color": "fec101ff", "x": 2.28, "y": -82.34, "scaleX": 2, "scaleY": 2, "width": 120, "height": 121 },
			"defluxion/natural/07": { "color": "fec101ff", "x": -1.38, "y": -94.73, "scaleX": 2, "scaleY": 2, "width": 114, "height": 115 },
			"defluxion/natural/08": { "color": "fec101ff", "x": 1.89, "y": -100.09, "scaleX": 2, "scaleY": 2, "width": 112, "height": 114 },
			"defluxion/natural/09": { "color": "fec101ff", "x": 2.21, "y": -180.18, "scaleX": 2, "scaleY": 2, "width": 109, "height": 34 }
		},
		"splash/highlight": {
			"splash/highlight/01": { "color": "fed768ff", "x": -1.83, "y": 85.57, "scaleX": 2, "scaleY": 2, "width": 127, "height": 30 },
			"splash/highlight/02": { "color": "fed768ff", "x": -14.85, "y": 148.5, "scaleX": 2, "scaleY": 2, "width": 271, "height": 92 },
			"splash/highlight/03": { "color": "fed768ff", "x": -1.75, "y": 154.77, "scaleX": 2, "scaleY": 2, "width": 259, "height": 97 },
			"splash/highlight/04": { "color": "fed768ff", "x": -4.73, "y": 146.68, "scaleX": 2, "scaleY": 2, "width": 277, "height": 109 },
			"splash/highlight/05": { "color": "fed768ff", "x": -46.87, "y": 147.31, "scaleX": 2, "scaleY": 2, "width": 163, "height": 114 },
			"splash/highlight/06": { "color": "fed768ff", "x": -46.91, "y": 144.52, "scaleX": 2, "scaleY": 2, "width": 179, "height": 101 }
		},
		"splash/natural": {
			"splash/natural/01": { "color": "fec101ff", "x": -1.99, "y": 61.28, "scaleX": 2, "scaleY": 2, "width": 131, "height": 61 },
			"splash/natural/02": { "color": "fec101ff", "x": -14.39, "y": 118.96, "scaleX": 2, "scaleY": 2, "width": 277, "height": 124 },
			"splash/natural/03": { "color": "fec101ff", "x": -12.37, "y": 138.69, "scaleX": 2, "scaleY": 2, "width": 291, "height": 139 },
			"splash/natural/04": { "color": "fec101ff", "x": 0.08, "y": 144.68, "scaleX": 2, "scaleY": 2, "width": 289, "height": 143 },
			"splash/natural/05": { "color": "fec101ff", "x": 9.16, "y": 136.99, "scaleX": 2, "scaleY": 2, "width": 303, "height": 137 },
			"splash/natural/06": { "color": "fec101ff", "x": 24.54, "y": 134.7, "scaleX": 2, "scaleY": 2, "width": 261, "height": 117 },
			"splash/natural/07": { "color": "fec101ff", "x": -95.68, "y": 138.83, "scaleX": 2, "scaleY": 2, "width": 143, "height": 101 }
		},
		"splash/shade": {
			"splash/shade/01": { "color": "c99700ff", "x": -28.52, "y": 75.98, "scaleX": 2, "scaleY": 2, "width": 57, "height": 27 },
			"splash/shade/02": { "color": "c99700ff", "x": -0.28, "y": 123.26, "scaleX": 2, "scaleY": 2, "width": 131, "height": 78 },
			"splash/shade/03": { "color": "c99700ff", "x": -8.02, "y": 131.08, "scaleX": 2, "scaleY": 2, "width": 135, "height": 89 },
			"splash/shade/04": { "color": "c99700ff", "x": 2.1, "y": 124.88, "scaleX": 2, "scaleY": 2, "width": 132, "height": 91 },
			"splash/shade/05": { "color": "c99700ff", "x": -18.81, "y": 59.81, "scaleX": 2, "scaleY": 2, "width": 113, "height": 29 }
		}
	}
},
"events": {
	"changecolor": {}
},
"animations": {
	"run": {
		"slots": {
			"defluxion/highlight": {
				"attachment": [
					{ "time": 0, "name": null },
					{ "time": 0.2, "name": "defluxion/highlight/01" },
					{ "time": 0.3, "name": "defluxion/highlight/02" },
					{ "time": 0.4, "name": "defluxion/highlight/03" },
					{ "time": 0.5, "name": "defluxion/highlight/04" },
					{ "time": 0.6, "name": "defluxion/highlight/05" },
					{ "time": 0.7, "name": "defluxion/highlight/06" },
					{ "time": 0.8, "name": "defluxion/highlight/07" },
					{ "time": 0.9, "name": "defluxion/highlight/08" },
					{ "time": 1, "name": "defluxion/highlight/09" },
					{ "time": 1.1, "name": null }
				]
			},
			"defluxion/natural": {
				"attachment": [
					{ "time": 0, "name": null },
					{ "time": 0.2, "name": "defluxion/natural/01" },
					{ "time": 0.3, "name": "defluxion/natural/02" },
					{ "time": 0.4, "name": "defluxion/natural/03" },
					{ "time": 0.5, "name": "defluxion/natural/04" },
					{ "time": 0.6, "name": "defluxion/natural/05" },
					{ "time": 0.7, "name": "defluxion/natural/06" },
					{ "time": 0.8, "name": "defluxion/natural/07" },
					{ "time": 0.9, "name": "defluxion/natural/08" },
					{ "time": 1, "name": "defluxion/natural/09" },
					{ "time": 1.1, "name": null }
				]
			},
			"splash/highlight": {
				"attachment": [
					{ "time": 0, "name": "splash/highlight/01" },
					{ "time": 0.1, "name": "splash/highlight/02" },
					{ "time": 0.2, "name": "splash/highlight/03" },
					{ "time": 0.3, "name": "splash/highlight/04" },
					{ "time": 0.4, "name": "splash/highlight/05" },
					{ "time": 0.5, "name": "splash/highlight/06" },
					{ "time": 0.6, "name": null }
				]
			},
			"splash/natural": {
				"attachment": [
					{ "time": 0, "name": "splash/natural/01" },
					{ "time": 0.1, "name": "splash/natural/02" },
					{ "time": 0.2, "name": "splash/natural/03" },
					{ "time": 0.3, "name": "splash/natural/04" },
					{ "time": 0.4, "name": "splash/natural/05" },
					{ "time": 0.5, "name": "splash/natural/06" },
					{ "time": 0.6, "name": "splash/natural/07" },
					{ "time": 0.7, "name": null }
				]
			},
			"splash/shade": {
				"attachment": [
					{ "time": 0, "name": "splash/shade/01" },
					{ "time": 0.1, "name": "splash/shade/02" },
					{ "time": 0.2, "name": "splash/shade/03" },
					{ "time": 0.3, "name": "splash/shade/04" },
					{ "time": 0.4, "name": "splash/shade/05" },
					{ "time": 0.5, "name": null }
				]
			}
		},
		"bones": {
			"splash": {
				"rotate": [
					{ "time": 0, "angle": 0 }
				],
				"translate": [
					{ "time": 0, "x": 0, "y": 0 }
				],
				"scale": [
					{ "time": 0, "x": 1, "y": 1 }
				]
			}
		}
	}
}
}