{
"skeleton": { "hash": "+i2XlFDQ4KAIkc/PtlfT4EHfJhM", "spine": "3.4.02", "width": 0, "height": 0, "images": "../picture/" },
"bones": [
	{ "name": "root" }
],
"slots": [
	{ "name": "green", "bone": "root" }
],
"skins": {
	"default": {
		"green": {
			"green": { "x": -8.51, "width": 143, "height": 127 }
		}
	}
},
"events": {
	"fly": {}
},
"animations": {
	"animation": {
		"slots": {
			"green": {
				"color": [
					{ "time": 0, "color": "ffffffff" }
				],
				"attachment": [
					{ "time": 0, "name": "green" }
				]
			}
		},
		"bones": {
			"root": {
				"rotate": [
					{ "time": 0, "angle": 0 }
				],
				"translate": [
					{ "time": 0, "x": 0, "y": 0 }
				],
				"scale": [
					{ "time": 0, "x": 1, "y": 1 }
				],
				"shear": [
					{ "time": 0, "x": 0, "y": 0 }
				]
			}
		},
		"drawOrder": [
			{ "time": 0 }
		]
	}
}
}