{
"skeleton": { "hash": "7lAYKsEUAId5Icn3gjd9Z42WP5M", "spine": "3.4.02", "width": 0, "height": 0, "images": "../picture/" },
"bones": [
	{ "name": "root" }
],
"slots": [
	{ "name": "white", "bone": "root" }
],
"skins": {
	"default": {
		"white": {
			"white": { "x": 1.63, "y": 5.92, "width": 122, "height": 122 }
		}
	}
},
"animations": {
	"animation": {
		"slots": {
			"white": {
				"color": [
					{ "time": 0, "color": "ffffffff" }
				],
				"attachment": [
					{ "time": 0, "name": "white" }
				]
			}
		},
		"bones": {
			"root": {
				"rotate": [
					{ "time": 0, "angle": 0 }
				],
				"translate": [
					{ "time": 0, "x": 0, "y": 0 }
				],
				"scale": [
					{ "time": 0, "x": 1, "y": 1 }
				],
				"shear": [
					{ "time": 0, "x": 0, "y": 0 }
				]
			}
		},
		"drawOrder": [
			{ "time": 0 }
		]
	}
}
}