{
"skeleton": { "hash": "qpN7PwP0h/obgDDIn6LmGtNGGyI", "spine": "3.4.02", "width": 167.99, "height": 202.02, "images": "./lightcirrus/" },
"bones": [
	{ "name": "root" },
	{ "name": "root2", "parent": "root", "x": 0.58, "y": -3.93 },
	{ "name": "green", "parent": "root2", "length": 179.95, "rotation": 89.5, "x": 148.39, "y": 3.87 },
	{ "name": "green_2", "parent": "root2", "length": 157.75, "rotation": 108.54, "x": 86.41, "y": 6.53 },
	{ "name": "green_3", "parent": "root2", "length": 167.84, "rotation": 89.11, "x": 134.31, "y": 1.89 },
	{ "name": "particle", "parent": "green", "x": 125.67, "y": 99.9, "scaleX": 0.456, "scaleY": 0.456 },
	{ "name": "particle2", "parent": "green", "x": 125.67, "y": 99.9, "scaleX": 0.456, "scaleY": 0.456 },
	{ "name": "particle3", "parent": "green", "x": 125.67, "y": 99.9, "scaleX": 0.456, "scaleY": 0.456 },
	{ "name": "particle4", "parent": "green_2", "rotation": -19.03, "x": 161.49, "y": -89.15, "scaleX": 0.456, "scaleY": 0.456 },
	{ "name": "particle5", "parent": "green_2", "rotation": -19.03, "x": 159.17, "y": -76.04, "scaleX": 0.456, "scaleY": 0.456 },
	{ "name": "particle6", "parent": "green_2", "rotation": -19.03, "x": 172.05, "y": -104.58, "scaleX": 0.456, "scaleY": 0.456 },
	{ "name": "particle7", "parent": "green_3", "rotation": 0.38, "x": 371.4, "y": 55.46, "scaleX": 0.542, "scaleY": 0.542 },
	{ "name": "particle8", "parent": "green_3", "rotation": 0.38, "x": 369.84, "y": 82.1, "scaleX": 0.456, "scaleY": 0.456 },
	{ "name": "particle9", "parent": "green_3", "rotation": 0.38, "x": 376.29, "y": 2.29, "scaleX": 0.456, "scaleY": 0.456 },
	{ "name": "particle10", "parent": "green_3", "rotation": 0.38, "x": 353.22, "y": 31.5, "scaleX": 0.456, "scaleY": 0.456 }
],
"slots": [
	{ "name": "green", "bone": "green", "attachment": "green" },
	{ "name": "green_2", "bone": "green_2" },
	{ "name": "green_3", "bone": "green_3" },
	{ "name": "Light_gr", "bone": "particle", "color": "ffffffc2", "attachment": "Light_gr", "blend": "additive" },
	{ "name": "Light_gr7", "bone": "particle7", "color": "ffffffc2", "blend": "additive" },
	{ "name": "Light_gr4", "bone": "particle4", "color": "ffffffc2", "blend": "additive" },
	{ "name": "Light_gr10", "bone": "particle10", "color": "ffffffc2", "blend": "additive" },
	{ "name": "Light_gr3", "bone": "particle3", "color": "ffffffc2", "attachment": "Light_gr", "blend": "additive" },
	{ "name": "Light_gr9", "bone": "particle9", "color": "ffffffc2", "blend": "additive" },
	{ "name": "Light_gr6", "bone": "particle6", "color": "ffffffc2", "blend": "additive" },
	{ "name": "Light_gr2", "bone": "particle2", "color": "ffffffc2", "attachment": "Light_gr", "blend": "additive" },
	{ "name": "Light_gr8", "bone": "particle8", "color": "ffffffc2", "blend": "additive" },
	{ "name": "Light_gr5", "bone": "particle5", "color": "ffffffc2", "blend": "additive" },
	{ "name": "light_3", "bone": "green_2", "color": "ffffff85", "blend": "additive" },
	{ "name": "light_4", "bone": "green", "color": "ffffff72", "attachment": "light_3", "blend": "additive" },
	{ "name": "light_5", "bone": "green_3", "color": "ffffffa1", "blend": "additive" },
	{ "name": "particle", "bone": "particle", "attachment": "particle", "blend": "additive" },
	{ "name": "particle7", "bone": "particle7", "blend": "additive" },
	{ "name": "particle4", "bone": "particle4", "blend": "additive" },
	{ "name": "particle10", "bone": "particle10", "blend": "additive" },
	{ "name": "particle3", "bone": "particle3", "attachment": "particle", "blend": "additive" },
	{ "name": "particle9", "bone": "particle9", "blend": "additive" },
	{ "name": "particle6", "bone": "particle6", "blend": "additive" },
	{ "name": "particle2", "bone": "particle2", "attachment": "particle", "blend": "additive" },
	{ "name": "particle8", "bone": "particle8", "blend": "additive" },
	{ "name": "particle5", "bone": "particle5", "blend": "additive" }
],
"skins": {
	"default": {
		"Light_gr": {
			"Light_gr": { "color": "ffffffb1", "x": -2.17, "y": -1.48, "scaleX": 0.83, "scaleY": 0.83, "rotation": -89.5, "width": 52, "height": 51 }
		},
		"Light_gr10": {
			"Light_gr": { "color": "ffffffb1", "x": -2.17, "y": -1.48, "scaleX": 0.83, "scaleY": 0.83, "rotation": -89.5, "width": 52, "height": 51 }
		},
		"Light_gr2": {
			"Light_gr": { "color": "ffffffb1", "x": -2.17, "y": -1.48, "scaleX": 0.83, "scaleY": 0.83, "rotation": -89.5, "width": 52, "height": 51 }
		},
		"Light_gr3": {
			"Light_gr": { "color": "ffffffb1", "x": -2.17, "y": -1.48, "scaleX": 0.83, "scaleY": 0.83, "rotation": -89.5, "width": 52, "height": 51 }
		},
		"Light_gr4": {
			"Light_gr": { "color": "ffffffb1", "x": -2.17, "y": -1.48, "scaleX": 0.83, "scaleY": 0.83, "rotation": -89.5, "width": 52, "height": 51 }
		},
		"Light_gr5": {
			"Light_gr": { "color": "ffffffb1", "x": -2.17, "y": -1.48, "scaleX": 0.83, "scaleY": 0.83, "rotation": -89.5, "width": 52, "height": 51 }
		},
		"Light_gr6": {
			"Light_gr": { "color": "ffffffb1", "x": -2.17, "y": -1.48, "scaleX": 0.83, "scaleY": 0.83, "rotation": -89.5, "width": 52, "height": 51 }
		},
		"Light_gr7": {
			"Light_gr": { "color": "ffffffb1", "x": -2.17, "y": -1.48, "scaleX": 0.83, "scaleY": 0.83, "rotation": -89.5, "width": 52, "height": 51 }
		},
		"Light_gr8": {
			"Light_gr": { "color": "ffffffb1", "x": -2.17, "y": -1.48, "scaleX": 0.83, "scaleY": 0.83, "rotation": -89.5, "width": 52, "height": 51 }
		},
		"Light_gr9": {
			"Light_gr": { "color": "ffffffb1", "x": -2.17, "y": -1.48, "scaleX": 0.83, "scaleY": 0.83, "rotation": -89.5, "width": 52, "height": 51 }
		},
		"green": {
			"green": {
				"type": "mesh",
				"uvs": [ 1, 0.41594, 1, 1, 0.75492, 1, 0.75014, 0.5193, 0.49203, 0.81744, 0, 0.72999, 0, 0.16153, 0.36298, 0, 0.69756, 0, 0.56499, 0.25926, 0.28534, 0.25479, 0.614, 0.49402, 0.42151, 0.35679, 0.19758, 0.46135 ],
				"triangles": [ 10, 6, 7, 9, 7, 8, 10, 7, 9, 12, 10, 9, 9, 8, 0, 13, 6, 10, 13, 10, 12, 3, 11, 9, 12, 9, 11, 0, 3, 9, 5, 6, 13, 11, 13, 12, 4, 13, 11, 5, 13, 4, 4, 11, 3, 1, 2, 3, 1, 3, 0 ],
				"vertices": [ 118.14, -18.4, 0.16, -19.41, -0.18, 21.75, 96.9, 23.39, 36.3, 66.23, 53.26, 149.03, 168.08, 150.03, 201.24, 89.33, 201.72, 33.12, 149.16, 54.94, 149.66, 101.93, 101.81, 46.3, 129.25, 78.87, 107.81, 116.32 ],
				"hull": 9,
				"edges": [ 2, 4, 4, 6, 6, 18, 18, 20, 2, 0, 16, 0, 14, 16, 14, 12, 10, 12, 10, 8, 8, 6, 8, 22, 22, 24, 24, 26 ],
				"width": 168,
				"height": 202
			}
		},
		"green_2": {
			"green_2": {
				"type": "mesh",
				"uvs": [ 1, 0.52009, 0.68845, 0.49407, 0.67192, 0.23914, 0.47352, 0.20792, 0.39085, 0.64494, 0.74632, 1, 0.21725, 1, 0, 0.71779, 0, 0, 1, 0 ],
				"triangles": [ 3, 8, 9, 2, 3, 9, 0, 1, 2, 0, 2, 9, 3, 7, 8, 4, 7, 3, 6, 7, 4, 5, 6, 4 ],
				"vertices": [ 88.91, -134.3, 116.05, -84.66, 185.14, -108.14, 206.33, -78.04, 95.08, -19.15, -22.68, -42.28, 11.6, 46.55, 100.97, 53.97, 292.49, -19.94, 227.68, -187.86 ],
				"hull": 10,
				"edges": [ 16, 18, 14, 16, 12, 14, 10, 12, 10, 8, 8, 6, 6, 4, 4, 2, 0, 18, 2, 0 ],
				"width": 180,
				"height": 286
			}
		},
		"green_3": {
			"green_3": {
				"type": "mesh",
				"uvs": [ 0.99386, 0.49719, 0.44035, 0.51546, 0.87107, 0.57757, 1, 1, 0.50861, 1, 0.53894, 0.72006, 0, 0.77852, 0.01516, 0.24874, 0.5103, 0.25113, 0.72295, 0.37391, 0.66837, 0.2233, 0.47743, 0.18711, 0.11375, 0.00365, 1, 0 ],
				"triangles": [ 11, 12, 13, 10, 11, 13, 9, 10, 13, 0, 9, 13, 1, 7, 8, 1, 8, 9, 1, 9, 0, 5, 1, 2, 6, 7, 1, 6, 1, 5, 5, 2, 3, 4, 5, 3 ],
				"vertices": [ 188.6, -51.63, 180.01, 50.64, 157.39, -29.39, -4.42, -55.74, -5.82, 35.15, 101.73, 31.19, 77.76, 130.53, 281.21, 130.86, 281.7, 39.25, 235.17, -0.79, 292.84, 10.18, 306.19, 45.72, 375.6, 114.07, 379.52, -49.83 ],
				"hull": 14,
				"edges": [ 24, 26, 6, 8, 8, 10, 10, 12, 6, 4, 4, 2, 12, 14, 14, 16, 0, 26, 2, 0, 16, 18, 18, 20, 22, 24, 20, 22 ],
				"width": 185,
				"height": 384
			}
		},
		"light_3": {
			"light_3": {
				"type": "mesh",
				"uvs": [ 1, 1, 0, 1, 0, 0, 1, 0 ],
				"triangles": [ 1, 2, 3, 1, 3, 0 ],
				"vertices": [ 75.78, -145.1, 108.57, -60.14, 196.01, -93.89, 163.22, -178.85 ],
				"hull": 4,
				"edges": [ 0, 2, 2, 4, 4, 6, 0, 6 ],
				"width": 103,
				"height": 106
			}
		},
		"light_4": {
			"light_3": {
				"type": "mesh",
				"uvs": [ 1, 1, 0, 1, 0, 0, 1, 0 ],
				"triangles": [ 1, 2, 3, 1, 3, 0 ],
				"vertices": [ 61.05, 52.44, 60.52, 114.26, 124.15, 114.81, 124.68, 52.98 ],
				"hull": 4,
				"edges": [ 0, 2, 2, 4, 4, 6, 0, 6 ],
				"width": 103,
				"height": 106
			}
		},
		"light_5": {
			"light_3": {
				"type": "mesh",
				"uvs": [ 1, 1, 0, 1, 0, 0, 1, 0 ],
				"triangles": [ 1, 2, 3, 1, 3, 0 ],
				"vertices": [ 264.79, -40.41, 262.67, 98.49, 405.63, 100.69, 407.76, -38.22 ],
				"hull": 4,
				"edges": [ 0, 2, 2, 4, 4, 6, 0, 6 ],
				"width": 103,
				"height": 106
			}
		},
		"particle": {
			"particle": { "color": "fffffff6", "x": -0.52, "y": -0.4, "rotation": -89.5, "width": 12, "height": 12 }
		},
		"particle10": {
			"particle": { "color": "fffffff6", "x": -0.52, "y": -0.4, "rotation": -89.5, "width": 12, "height": 12 }
		},
		"particle2": {
			"particle": { "color": "fffffff6", "x": -0.52, "y": -0.4, "rotation": -89.5, "width": 12, "height": 12 }
		},
		"particle3": {
			"particle": { "color": "fffffff6", "x": -0.52, "y": -0.4, "rotation": -89.5, "width": 12, "height": 12 }
		},
		"particle4": {
			"particle": { "color": "fffffff6", "x": -0.52, "y": -0.4, "rotation": -89.5, "width": 12, "height": 12 }
		},
		"particle5": {
			"particle": { "color": "fffffff6", "x": -0.52, "y": -0.4, "rotation": -89.5, "width": 12, "height": 12 }
		},
		"particle6": {
			"particle": { "color": "fffffff6", "x": -0.52, "y": -0.4, "rotation": -89.5, "width": 12, "height": 12 }
		},
		"particle7": {
			"particle": { "color": "fffffff6", "x": -0.52, "y": -0.4, "rotation": -89.5, "width": 12, "height": 12 }
		},
		"particle8": {
			"particle": { "color": "fffffff6", "x": -0.52, "y": -0.4, "rotation": -89.5, "width": 12, "height": 12 }
		},
		"particle9": {
			"particle": { "color": "fffffff6", "x": -0.52, "y": -0.4, "rotation": -89.5, "width": 12, "height": 12 }
		}
	}
},
"animations": {
	"green1": {
		"slots": {
			"Light_gr": {
				"color": [
					{ "time": 0, "color": "ffffffc2" },
					{ "time": 1, "color": "ffffff50" },
					{ "time": 1.6666, "color": "ffffffc2" },
					{ "time": 2.5, "color": "ffffff50" },
					{ "time": 3.3333, "color": "ffffff85" }
				],
				"attachment": [
					{ "time": 0, "name": "Light_gr" },
					{ "time": 3.3333, "name": "Light_gr" }
				]
			},
			"Light_gr2": {
				"attachment": [
					{ "time": 0, "name": "Light_gr" },
					{ "time": 2.0333, "name": null },
					{ "time": 2.0666, "name": "Light_gr" },
					{ "time": 3.3333, "name": "Light_gr" }
				]
			},
			"Light_gr3": {
				"attachment": [
					{ "time": 0, "name": "Light_gr" },
					{ "time": 0.4, "name": null },
					{ "time": 0.4666, "name": "Light_gr" },
					{ "time": 3.3333, "name": "Light_gr" }
				]
			},
			"Light_gr4": {
				"attachment": [
					{ "time": 0, "name": null },
					{ "time": 3.3333, "name": null }
				]
			},
			"Light_gr5": {
				"attachment": [
					{ "time": 0, "name": null },
					{ "time": 3.3333, "name": null }
				]
			},
			"Light_gr6": {
				"attachment": [
					{ "time": 0, "name": null },
					{ "time": 3.3333, "name": null }
				]
			},
			"Light_gr7": {
				"attachment": [
					{ "time": 0, "name": null },
					{ "time": 3.3333, "name": null }
				]
			},
			"Light_gr8": {
				"attachment": [
					{ "time": 0, "name": null },
					{ "time": 3.3333, "name": null }
				]
			},
			"Light_gr9": {
				"attachment": [
					{ "time": 0, "name": null },
					{ "time": 3.3333, "name": null }
				]
			},
			"Light_gr10": {
				"attachment": [
					{ "time": 0, "name": null },
					{ "time": 3.3333, "name": null }
				]
			},
			"green": {
				"attachment": [
					{ "time": 0, "name": "green" },
					{ "time": 3.3333, "name": "green" }
				]
			},
			"green_2": {
				"attachment": [
					{ "time": 0, "name": null },
					{ "time": 3.3333, "name": null }
				]
			},
			"green_3": {
				"attachment": [
					{ "time": 0, "name": null },
					{ "time": 3.3333, "name": null }
				]
			},
			"light_3": {
				"color": [
					{ "time": 0, "color": "ffffff67" },
					{ "time": 1.1, "color": "ffffff7a" },
					{ "time": 2.2, "color": "ffffff3e" },
					{ "time": 3.3333, "color": "ffffff67" }
				],
				"attachment": [
					{ "time": 0, "name": null },
					{ "time": 3.3333, "name": null }
				]
			},
			"light_4": {
				"color": [
					{ "time": 0, "color": "ffffff5b" },
					{ "time": 0.8333, "color": "ffffff2b" },
					{ "time": 1.6666, "color": "ffffff72" },
					{ "time": 2.5333, "color": "ffffff3a" },
					{ "time": 3.3333, "color": "ffffff5b" }
				],
				"attachment": [
					{ "time": 0, "name": "light_3" },
					{ "time": 3.3333, "name": "light_3" }
				]
			},
			"light_5": {
				"attachment": [
					{ "time": 0, "name": null },
					{ "time": 3.3333, "name": null }
				]
			},
			"particle": {
				"attachment": [
					{ "time": 0, "name": "particle" },
					{ "time": 3.3333, "name": "particle" }
				]
			},
			"particle2": {
				"attachment": [
					{ "time": 0, "name": "particle" },
					{ "time": 2.0333, "name": null },
					{ "time": 2.0666, "name": "particle" },
					{ "time": 3.3333, "name": "particle" }
				]
			},
			"particle3": {
				"attachment": [
					{ "time": 0, "name": "particle" },
					{ "time": 0.4, "name": null },
					{ "time": 0.4666, "name": "particle" },
					{ "time": 3.3333, "name": "particle" }
				]
			},
			"particle4": {
				"attachment": [
					{ "time": 0, "name": null },
					{ "time": 3.3333, "name": null }
				]
			},
			"particle5": {
				"attachment": [
					{ "time": 0, "name": null },
					{ "time": 3.3333, "name": null }
				]
			},
			"particle6": {
				"attachment": [
					{ "time": 0, "name": null },
					{ "time": 3.3333, "name": null }
				]
			},
			"particle7": {
				"attachment": [
					{ "time": 0, "name": null },
					{ "time": 3.3333, "name": null }
				]
			},
			"particle8": {
				"attachment": [
					{ "time": 0, "name": null },
					{ "time": 3.3333, "name": null }
				]
			},
			"particle9": {
				"attachment": [
					{ "time": 0, "name": null },
					{ "time": 3.3333, "name": null }
				]
			},
			"particle10": {
				"attachment": [
					{ "time": 0, "name": null },
					{ "time": 3.3333, "name": null }
				]
			}
		},
		"bones": {
			"particle": {
				"translate": [
					{ "time": 0, "x": -31.34, "y": -16.99 },
					{ "time": 1.6666, "x": -6.52, "y": -7.89 },
					{ "time": 3.3333, "x": 18.44, "y": -16.57 }
				],
				"scale": [
					{ "time": 0, "x": 1, "y": 1 },
					{ "time": 1.1666, "x": 0.68, "y": 0.516 },
					{ "time": 1.6666, "x": 1.109, "y": 0.784 },
					{
						"time": 2.0666,
						"x": 1,
						"y": 1,
						"curve": [ 0.25, 0, 1, 0.6 ]
					},
					{ "time": 3.3333, "x": 1, "y": 0.382 }
				]
			},
			"particle2": {
				"translate": [
					{ "time": 0, "x": -8.45, "y": -22.79 },
					{ "time": 2.0333, "x": 10.54, "y": -28.44 },
					{ "time": 2.0666, "x": -31.25, "y": -26.82 },
					{ "time": 3.3333, "x": -8.45, "y": -22.79 }
				],
				"scale": [
					{ "time": 0, "x": 1, "y": 1 },
					{ "time": 1.1666, "x": 0.68, "y": 0.516 },
					{
						"time": 2.0333,
						"x": 1,
						"y": 0.755,
						"curve": [ 0.25, 0, 1, 0.6 ]
					},
					{ "time": 3.3333, "x": 1, "y": 1 }
				]
			},
			"particle3": {
				"translate": [
					{ "time": 0, "x": -6.65, "y": 3.56 },
					{ "time": 0.4, "x": -3.81, "y": 1.24 },
					{ "time": 0.4666, "x": -32.81, "y": -10.58 },
					{ "time": 2.0666, "x": -20.21, "y": -5.43 },
					{ "time": 3.3333, "x": -6.65, "y": 3.56 }
				],
				"scale": [
					{ "time": 0, "x": 1, "y": 1 },
					{ "time": 0.4, "x": 0.684, "y": 0.475 },
					{
						"time": 2.0666,
						"x": 0.755,
						"y": 0.62,
						"curve": [ 0.208, 0, 0.668, 0.45 ]
					},
					{
						"time": 2.8333,
						"x": 0.708,
						"y": 0.708,
						"curve": [ 0.573, 0.33, 1, 0.69 ]
					},
					{ "time": 3.3333, "x": 1, "y": 1 }
				]
			}
		},
		"drawOrder": [
			{ "time": 0 },
			{ "time": 3.3333 }
		]
	},
	"green2": {
		"slots": {
			"Light_gr": {
				"attachment": [
					{ "time": 0, "name": null },
					{ "time": 3.3333, "name": "Light_gr" }
				]
			},
			"Light_gr2": {
				"attachment": [
					{ "time": 0, "name": null },
					{ "time": 3.3333, "name": "Light_gr" }
				]
			},
			"Light_gr3": {
				"attachment": [
					{ "time": 0, "name": null },
					{ "time": 3.3333, "name": "Light_gr" }
				]
			},
			"Light_gr4": {
				"attachment": [
					{ "time": 0, "name": "Light_gr" },
					{ "time": 3.3333, "name": null }
				]
			},
			"Light_gr5": {
				"attachment": [
					{ "time": 0, "name": null },
					{ "time": 2.0333, "name": null },
					{ "time": 2.0666, "name": "Light_gr" },
					{ "time": 3.3333, "name": "Light_gr" }
				]
			},
			"Light_gr6": {
				"attachment": [
					{ "time": 0, "name": null },
					{ "time": 0.4, "name": null },
					{ "time": 0.4666, "name": "Light_gr" },
					{ "time": 3.3333, "name": "Light_gr" }
				]
			},
			"Light_gr7": {
				"attachment": [
					{ "time": 0, "name": null },
					{ "time": 3.3333, "name": null }
				]
			},
			"Light_gr8": {
				"attachment": [
					{ "time": 0, "name": null },
					{ "time": 3.3333, "name": null }
				]
			},
			"Light_gr9": {
				"attachment": [
					{ "time": 0, "name": null },
					{ "time": 3.3333, "name": null }
				]
			},
			"Light_gr10": {
				"attachment": [
					{ "time": 0, "name": null },
					{ "time": 3.3333, "name": null }
				]
			},
			"green": {
				"attachment": [
					{ "time": 0, "name": null },
					{ "time": 3.3333, "name": null }
				]
			},
			"green_2": {
				"attachment": [
					{ "time": 0, "name": "green_2" },
					{ "time": 3.3333, "name": "green_2" }
				]
			},
			"green_3": {
				"attachment": [
					{ "time": 0, "name": null },
					{ "time": 3.3333, "name": null }
				]
			},
			"light_3": {
				"color": [
					{ "time": 0, "color": "ffffff67" },
					{ "time": 1.1, "color": "ffffff7a" },
					{ "time": 2.2, "color": "ffffff3e" },
					{ "time": 3.3333, "color": "ffffff67" }
				],
				"attachment": [
					{ "time": 0, "name": "light_3" },
					{ "time": 3.3333, "name": "light_3" }
				]
			},
			"light_4": {
				"color": [
					{ "time": 0, "color": "ffffff5b" },
					{ "time": 0.8333, "color": "ffffff2b" },
					{ "time": 1.6666, "color": "ffffff72" },
					{ "time": 2.5333, "color": "ffffff3a" },
					{ "time": 3.3333, "color": "ffffff5b" }
				],
				"attachment": [
					{ "time": 0, "name": null },
					{ "time": 3.3333, "name": null }
				]
			},
			"light_5": {
				"attachment": [
					{ "time": 0, "name": null },
					{ "time": 3.3333, "name": null }
				]
			},
			"particle": {
				"attachment": [
					{ "time": 0, "name": null },
					{ "time": 3.3333, "name": "particle" }
				]
			},
			"particle2": {
				"attachment": [
					{ "time": 0, "name": null },
					{ "time": 3.3333, "name": "particle" }
				]
			},
			"particle3": {
				"attachment": [
					{ "time": 0, "name": null },
					{ "time": 3.3333, "name": "particle" }
				]
			},
			"particle4": {
				"attachment": [
					{ "time": 0, "name": "particle" },
					{ "time": 3.3333, "name": null }
				]
			},
			"particle5": {
				"attachment": [
					{ "time": 0, "name": null },
					{ "time": 2.0333, "name": null },
					{ "time": 2.0666, "name": "particle" },
					{ "time": 3.3333, "name": "particle" }
				]
			},
			"particle6": {
				"attachment": [
					{ "time": 0, "name": null },
					{ "time": 0.4, "name": null },
					{ "time": 0.4666, "name": "particle" },
					{ "time": 3.3333, "name": "particle" }
				]
			},
			"particle7": {
				"attachment": [
					{ "time": 0, "name": null },
					{ "time": 3.3333, "name": null }
				]
			},
			"particle8": {
				"attachment": [
					{ "time": 0, "name": null },
					{ "time": 3.3333, "name": null }
				]
			},
			"particle9": {
				"attachment": [
					{ "time": 0, "name": null },
					{ "time": 3.3333, "name": null }
				]
			},
			"particle10": {
				"attachment": [
					{ "time": 0, "name": null },
					{ "time": 3.3333, "name": null }
				]
			}
		},
		"bones": {
			"particle4": {
				"translate": [
					{ "time": 0, "x": -31.34, "y": -16.99 },
					{ "time": 1.6666, "x": -3.92, "y": -0.13 },
					{ "time": 3.3333, "x": 19.86, "y": -12.33 }
				],
				"scale": [
					{ "time": 0, "x": 1, "y": 1 },
					{ "time": 1.1666, "x": 0.68, "y": 0.516 },
					{ "time": 1.6666, "x": 1.109, "y": 0.784 },
					{
						"time": 2.0666,
						"x": 1,
						"y": 1,
						"curve": [ 0.25, 0, 1, 0.6 ]
					},
					{ "time": 3.3333, "x": 1, "y": 0.382 }
				]
			},
			"particle5": {
				"translate": [
					{ "time": 0, "x": -8.45, "y": -22.79 },
					{ "time": 2.0333, "x": 10.54, "y": -28.44 },
					{ "time": 2.0666, "x": -31.25, "y": -26.82 },
					{ "time": 3.3333, "x": -8.45, "y": -22.79 }
				],
				"scale": [
					{ "time": 0, "x": 1, "y": 1 },
					{ "time": 1.1666, "x": 0.68, "y": 0.516 },
					{
						"time": 2.0333,
						"x": 1,
						"y": 0.705,
						"curve": [ 0.25, 0, 1, 0.6 ]
					},
					{ "time": 3.3333, "x": 1, "y": 1 }
				]
			},
			"particle6": {
				"translate": [
					{ "time": 0, "x": -13.13, "y": -24.47 },
					{ "time": 0.4, "x": -12.92, "y": -25.91 },
					{ "time": 0.4666, "x": -32.81, "y": -10.58 },
					{ "time": 2.0666, "x": -28.42, "y": -12.43 },
					{ "time": 3.3333, "x": -13.13, "y": -24.47 }
				],
				"scale": [
					{ "time": 0, "x": 1, "y": 1 },
					{ "time": 0.4, "x": 0.684, "y": 0.475 },
					{
						"time": 2.0666,
						"x": 0.755,
						"y": 0.62,
						"curve": [ 0.208, 0, 0.668, 0.45 ]
					},
					{
						"time": 2.8333,
						"x": 0.708,
						"y": 0.708,
						"curve": [ 0.573, 0.33, 1, 0.69 ]
					},
					{ "time": 3.3333, "x": 1, "y": 1 }
				]
			}
		}
	},
	"green3": {
		"slots": {
			"Light_gr": {
				"color": [
					{ "time": 0, "color": "ffffffc2" },
					{ "time": 1, "color": "ffffff50" },
					{ "time": 1.6666, "color": "ffffffc2" },
					{ "time": 2.5, "color": "ffffff50" },
					{ "time": 3.3333, "color": "ffffff85" }
				],
				"attachment": [
					{ "time": 0, "name": null },
					{ "time": 3.3333, "name": null }
				]
			},
			"Light_gr2": {
				"attachment": [
					{ "time": 0, "name": null },
					{ "time": 3.3333, "name": null }
				]
			},
			"Light_gr3": {
				"attachment": [
					{ "time": 0, "name": null },
					{ "time": 3.3333, "name": null }
				]
			},
			"Light_gr4": {
				"attachment": [
					{ "time": 0, "name": null },
					{ "time": 3.3333, "name": null }
				]
			},
			"Light_gr5": {
				"attachment": [
					{ "time": 0, "name": null },
					{ "time": 3.3333, "name": null }
				]
			},
			"Light_gr6": {
				"attachment": [
					{ "time": 0, "name": null },
					{ "time": 3.3333, "name": null }
				]
			},
			"Light_gr7": {
				"attachment": [
					{ "time": 0, "name": "Light_gr" },
					{ "time": 3.3333, "name": null }
				]
			},
			"Light_gr8": {
				"attachment": [
					{ "time": 0, "name": "Light_gr" },
					{ "time": 2.0333, "name": null },
					{ "time": 2.0666, "name": "Light_gr" },
					{ "time": 3.3333, "name": "Light_gr" }
				]
			},
			"Light_gr9": {
				"attachment": [
					{ "time": 0, "name": null },
					{ "time": 0.4, "name": null },
					{ "time": 0.4666, "name": "Light_gr" },
					{ "time": 3.3333, "name": "Light_gr" }
				]
			},
			"Light_gr10": {
				"attachment": [
					{ "time": 0, "name": "Light_gr" },
					{ "time": 3.3333, "name": null }
				]
			},
			"green": {
				"attachment": [
					{ "time": 0, "name": null },
					{ "time": 3.3333, "name": null }
				]
			},
			"green_2": {
				"attachment": [
					{ "time": 0, "name": null },
					{ "time": 3.3333, "name": null }
				]
			},
			"green_3": {
				"attachment": [
					{ "time": 0, "name": "green_3" },
					{ "time": 3.3333, "name": "green_3" }
				]
			},
			"light_3": {
				"attachment": [
					{ "time": 0, "name": null },
					{ "time": 3.3333, "name": null }
				]
			},
			"light_4": {
				"attachment": [
					{ "time": 0, "name": null },
					{ "time": 3.3333, "name": null }
				]
			},
			"light_5": {
				"color": [
					{ "time": 0, "color": "ffffff8b" },
					{ "time": 0.9333, "color": "ffffff5a" },
					{ "time": 1.8666, "color": "ffffff79" },
					{ "time": 2.6, "color": "ffffff55" },
					{ "time": 3.3333, "color": "ffffff8b" }
				],
				"attachment": [
					{ "time": 0, "name": "light_3" },
					{ "time": 3.3333, "name": "light_3" }
				]
			},
			"particle": {
				"attachment": [
					{ "time": 0, "name": null },
					{ "time": 3.3333, "name": null }
				]
			},
			"particle2": {
				"attachment": [
					{ "time": 0, "name": null },
					{ "time": 3.3333, "name": null }
				]
			},
			"particle3": {
				"attachment": [
					{ "time": 0, "name": null },
					{ "time": 3.3333, "name": null }
				]
			},
			"particle4": {
				"attachment": [
					{ "time": 0, "name": null },
					{ "time": 3.3333, "name": null }
				]
			},
			"particle5": {
				"attachment": [
					{ "time": 0, "name": null },
					{ "time": 3.3333, "name": null }
				]
			},
			"particle6": {
				"attachment": [
					{ "time": 0, "name": null },
					{ "time": 3.3333, "name": null }
				]
			},
			"particle7": {
				"attachment": [
					{ "time": 0, "name": "particle" },
					{ "time": 3.3333, "name": null }
				]
			},
			"particle8": {
				"attachment": [
					{ "time": 0, "name": "particle" },
					{ "time": 2.0333, "name": null },
					{ "time": 2.0666, "name": "particle" },
					{ "time": 3.3333, "name": "particle" }
				]
			},
			"particle9": {
				"attachment": [
					{ "time": 0, "name": null },
					{ "time": 0.4, "name": null },
					{ "time": 0.4666, "name": "particle" },
					{ "time": 3.3333, "name": "particle" }
				]
			},
			"particle10": {
				"attachment": [
					{ "time": 0, "name": "particle" },
					{ "time": 3.3333, "name": null }
				]
			}
		},
		"bones": {
			"particle7": {
				"translate": [
					{ "time": 0, "x": -31.34, "y": -16.99 },
					{ "time": 1.6666, "x": -6.52, "y": -7.89 },
					{ "time": 3.3333, "x": 25.15, "y": -16.45 }
				],
				"scale": [
					{ "time": 0, "x": 1, "y": 1 },
					{ "time": 1.1666, "x": 0.68, "y": 0.516 },
					{ "time": 1.6666, "x": 1.109, "y": 0.784 },
					{
						"time": 2.0666,
						"x": 1,
						"y": 1,
						"curve": [ 0.25, 0, 1, 0.6 ]
					},
					{ "time": 3.3333, "x": 1, "y": 0.382 }
				]
			},
			"particle8": {
				"translate": [
					{ "time": 0, "x": -8.45, "y": -22.79 },
					{ "time": 2.0333, "x": 25.96, "y": -28.2 },
					{ "time": 2.0666, "x": -31.25, "y": -26.82 },
					{ "time": 3.3333, "x": -8.45, "y": -22.79 }
				],
				"scale": [
					{ "time": 0, "x": 1, "y": 1 },
					{ "time": 1.1666, "x": 0.68, "y": 0.516 },
					{
						"time": 2.0333,
						"x": 1,
						"y": 0.755,
						"curve": [ 0.25, 0, 1, 0.6 ]
					},
					{ "time": 3.3333, "x": 1, "y": 1 }
				]
			},
			"particle9": {
				"translate": [
					{ "time": 0, "x": -6.65, "y": 3.56 },
					{ "time": 0.4, "x": -3.81, "y": 1.24 },
					{ "time": 0.4666, "x": -32.81, "y": -10.58 },
					{ "time": 2.0666, "x": -20.21, "y": -5.43 },
					{ "time": 3.3333, "x": -6.65, "y": 3.56 }
				],
				"scale": [
					{ "time": 0, "x": 1, "y": 1 },
					{ "time": 0.4, "x": 0.684, "y": 0.475 },
					{
						"time": 2.0666,
						"x": 0.755,
						"y": 0.62,
						"curve": [ 0.208, 0, 0.668, 0.45 ]
					},
					{
						"time": 2.8333,
						"x": 0.708,
						"y": 0.708,
						"curve": [ 0.573, 0.33, 1, 0.69 ]
					},
					{ "time": 3.3333, "x": 1, "y": 1 }
				]
			},
			"particle10": {
				"translate": [
					{ "time": 0, "x": -31.34, "y": -16.99 },
					{ "time": 1.6666, "x": -3.92, "y": -0.13 },
					{ "time": 3.3333, "x": 19.86, "y": -12.33 }
				],
				"scale": [
					{ "time": 0, "x": 1, "y": 1 },
					{ "time": 1.1666, "x": 0.68, "y": 0.516 },
					{ "time": 1.6666, "x": 1.109, "y": 0.784 },
					{
						"time": 2.0666,
						"x": 1,
						"y": 1,
						"curve": [ 0.25, 0, 1, 0.6 ]
					},
					{ "time": 3.3333, "x": 1, "y": 0.382 }
				]
			}
		}
	}
}
}