{
"skeleton": { "hash": "xS/WDJXPRUy/Yxr2T6dzDHb2J88", "spine": "3.4.02", "width": 156, "height": 246.11, "images": "./magic/potimages/" },
"bones": [
	{ "name": "root" },
	{ "name": "bomb", "parent": "root", "length": 22.05, "rotation": 92.38, "x": 78.87, "y": 114.84, "color": "5e00ffff" },
	{ "name": "bomb/light", "parent": "root", "x": 77.3, "y": 127.86 },
	{ "name": "root2", "parent": "root", "x": -0.46, "y": -0.49 },
	{ "name": "bubble", "parent": "root2", "x": 91.3, "y": 123.67 },
	{ "name": "bubble2", "parent": "root2", "x": 91.3, "y": 123.67 },
	{
		"name": "fire1",
		"parent": "root2",
		"length": 14.16,
		"rotation": 92.54,
		"x": 112.5,
		"y": 25.67,
		"scaleX": 1.083,
		"scaleY": 1.083,
		"color": "ff5c00ff"
	},
	{
		"name": "fire2",
		"parent": "root2",
		"length": 12.87,
		"rotation": 89.01,
		"x": 67.8,
		"y": 25.45,
		"scaleX": 1.032,
		"scaleY": 1.032,
		"color": "ff5c00ff"
	},
	{
		"name": "fire3",
		"parent": "root2",
		"length": 14.16,
		"rotation": 79.09,
		"x": 29.25,
		"y": 31.27,
		"scaleY": -0.715,
		"color": "ff5c00ff"
	},
	{ "name": "potimages/scoop", "parent": "root2", "length": 62.2, "rotation": -82.87, "x": 67.51, "y": 181.32, "color": "9b7a06ff" },
	{
		"name": "potimages/smoke/1",
		"parent": "root2",
		"length": 96.92,
		"rotation": 87.92,
		"x": 88.77,
		"y": 137.51,
		"color": "ffffffff"
	}
],
"slots": [
	{ "name": "root2", "bone": "root2", "attachment": "pot" },
	{ "name": "potimages/firelight", "bone": "root2", "attachment": "firelight" },
	{ "name": "potimages/scoop", "bone": "potimages/scoop", "attachment": "scoop" },
	{ "name": "potimages/smoke/1", "bone": "potimages/smoke/1", "attachment": "smoke/1" },
	{ "name": "potimages/bubble/1", "bone": "bubble", "attachment": "bubble/1" },
	{ "name": "potimages/bubble/2", "bone": "bubble2", "attachment": "bubble/1" },
	{ "name": "fire1", "bone": "fire1", "attachment": "fire1/23" },
	{ "name": "fire3", "bone": "fire3", "attachment": "fire1/23" },
	{ "name": "fire2", "bone": "fire2", "attachment": "fire2/01" },
	{ "name": "bomb", "bone": "bomb", "attachment": "bomb/01" },
	{ "name": "bomb/light", "bone": "bomb/light", "blend": "additive" }
],
"skins": {
	"default": {
		"bomb": {
			"bomb/01": { "x": 20.6, "y": 0.05, "rotation": -92.38, "width": 53, "height": 43 },
			"bomb/02": { "x": 40.66, "y": -2.14, "rotation": -92.38, "width": 119, "height": 112 },
			"bomb/03": { "x": 40.66, "y": -2.14, "rotation": -92.38, "width": 119, "height": 112 },
			"bomb/04": { "x": 49.12, "y": -0.62, "rotation": -92.38, "width": 109, "height": 115 },
			"bomb/05": { "x": 54.91, "y": -1.72, "rotation": -92.38, "width": 102, "height": 119 },
			"bomb/06": { "x": 58.74, "y": -0.96, "rotation": -92.38, "width": 93, "height": 114 },
			"bomb/07": { "x": 58.92, "y": 3.02, "rotation": -92.38, "width": 83, "height": 114 },
			"bomb/08": { "x": 57.95, "y": 3.31, "rotation": -92.38, "width": 78, "height": 116 },
			"bomb/09": { "x": 58.51, "y": 4.33, "rotation": -92.38, "width": 77, "height": 115 },
			"bomb/10": { "x": 59.52, "y": 4.4, "rotation": -92.38, "width": 71, "height": 113 },
			"bomb/11": { "x": 60.58, "y": 2.78, "rotation": -92.38, "width": 67, "height": 111 },
			"bomb/12": { "x": 60.64, "y": 2.52, "rotation": -92.38, "width": 63, "height": 111 },
			"bomb/13": { "x": 79.11, "y": 2.31, "rotation": -92.38, "width": 56, "height": 52 },
			"bomb/14": { "x": 74.51, "y": 5.34, "rotation": -92.38, "width": 46, "height": 24 }
		},
		"bomb/light": {
			"bomb/light": { "x": 6.27, "y": -8.47, "scaleX": 3.68, "scaleY": 2.77, "width": 75, "height": 71 }
		},
		"fire1": {
			"fire1/01": { "x": 16.48, "y": 5.23, "rotation": -95.38, "width": 36, "height": 32 },
			"fire1/02": { "x": 16.56, "y": 5.84, "rotation": -95.38, "width": 35, "height": 32 },
			"fire1/03": { "x": 17.14, "y": 6.79, "rotation": -95.38, "width": 37, "height": 33 },
			"fire1/04": { "x": 16, "y": 5.89, "rotation": -95.38, "width": 39, "height": 31 },
			"fire1/05": { "x": 17, "y": 5.8, "rotation": -95.38, "width": 39, "height": 33 },
			"fire1/06": { "x": 14.36, "y": 3.9, "rotation": -95.38, "width": 37, "height": 28 },
			"fire1/07": { "x": 10.79, "y": 3.68, "rotation": -95.38, "width": 36, "height": 21 },
			"fire1/08": { "x": 8.77, "y": 3.36, "rotation": -95.38, "width": 35, "height": 17 },
			"fire1/09": { "x": 14.73, "y": 2.56, "rotation": -95.38, "width": 37, "height": 29 },
			"fire1/10": { "x": 17.14, "y": 1.66, "rotation": -95.38, "width": 34, "height": 34 },
			"fire1/11": { "x": 17.09, "y": 1.36, "rotation": -95.38, "width": 35, "height": 34 },
			"fire1/12": { "x": 18.06, "y": 1.04, "rotation": -95.38, "width": 36, "height": 36 },
			"fire1/13": { "x": 19.51, "y": -0.09, "rotation": -95.38, "width": 34, "height": 39 },
			"fire1/14": { "x": 21.33, "y": -1.77, "rotation": -95.38, "width": 31, "height": 43 },
			"fire1/15": { "x": 22.33, "y": -2.38, "rotation": -95.38, "width": 35, "height": 45 },
			"fire1/16": { "x": 22.89, "y": -1.8, "rotation": -95.38, "width": 37, "height": 46 },
			"fire1/17": { "x": 23.8, "y": -1.92, "rotation": -95.38, "width": 37, "height": 48 },
			"fire1/18": { "x": 23.83, "y": -1.98, "rotation": -95.38, "width": 36, "height": 48 },
			"fire1/19": { "x": 22.1, "y": -4.46, "rotation": -95.38, "width": 38, "height": 45 },
			"fire1/20": { "x": 11.5, "y": -4.94, "rotation": -95.38, "width": 41, "height": 24 },
			"fire1/21": { "x": 13.06, "y": -5.03, "rotation": -95.38, "width": 41, "height": 27 },
			"fire1/22": { "x": 14.13, "y": -3.63, "rotation": -95.38, "width": 40, "height": 29 },
			"fire1/23": { "x": 14.57, "y": 1.15, "rotation": -95.38, "width": 36, "height": 29 }
		},
		"fire2": {
			"fire2/01": { "x": 9.17, "y": 0.48, "rotation": -89.01, "width": 18, "height": 19 },
			"fire2/02": { "x": 10.68, "y": 0.09, "rotation": -89.01, "width": 17, "height": 22 },
			"fire2/03": { "x": 11.16, "y": -0.4, "rotation": -89.01, "width": 18, "height": 23 },
			"fire2/04": { "x": 11.72, "y": -0.08, "rotation": -89.01, "width": 20, "height": 24 },
			"fire2/05": { "x": 13.16, "y": -0.01, "rotation": -89.01, "width": 22, "height": 27 },
			"fire2/06": { "x": 15.18, "y": 0.86, "rotation": -89.01, "width": 26, "height": 31 },
			"fire2/07": { "x": 17.1, "y": 1.39, "rotation": -89.01, "width": 27, "height": 35 },
			"fire2/08": { "x": 18.11, "y": 1.9, "rotation": -89.01, "width": 26, "height": 37 },
			"fire2/09": { "x": 19.63, "y": 1.92, "rotation": -89.01, "width": 24, "height": 40 },
			"fire2/10": { "x": 20.12, "y": 2.43, "rotation": -89.01, "width": 23, "height": 41 },
			"fire2/11": { "x": 23.12, "y": 2, "rotation": -89.01, "width": 22, "height": 47 },
			"fire2/12": { "x": 24.57, "y": 3.28, "rotation": -89.01, "width": 27, "height": 50 },
			"fire2/13": { "x": 25.15, "y": 2.31, "rotation": -89.01, "width": 27, "height": 51 },
			"fire2/14": { "x": 25.64, "y": 1.69, "rotation": -89.01, "width": 27, "height": 52 },
			"fire2/15": { "x": 9.13, "y": 0.37, "rotation": -89.01, "width": 27, "height": 19 },
			"fire2/16": { "x": 8.15, "y": -0.14, "rotation": -89.01, "width": 26, "height": 17 },
			"fire2/17": { "x": 7.66, "y": -0.67, "rotation": -89.01, "width": 25, "height": 16 },
			"fire2/18": { "x": 8.65, "y": -0.92, "rotation": -89.01, "width": 23, "height": 18 },
			"fire2/19": { "x": 7.69, "y": 0.31, "rotation": -89.01, "width": 24, "height": 16 },
			"fire2/20": { "x": 8.69, "y": 0.18, "rotation": -89.01, "width": 25, "height": 18 },
			"fire2/21": { "x": 8.64, "y": -0.29, "rotation": -89.01, "width": 24, "height": 18 },
			"fire2/22": { "x": 8.16, "y": -0.24, "rotation": -89.01, "width": 22, "height": 17 },
			"fire2/23": { "x": 6.16, "y": -0.33, "rotation": -89.01, "width": 20, "height": 13 }
		},
		"fire3": {
			"fire1/01": { "x": 16.48, "y": 5.23, "rotation": -95.38, "width": 36, "height": 32 },
			"fire1/02": { "x": 16.56, "y": 5.84, "rotation": -95.38, "width": 35, "height": 32 },
			"fire1/03": { "x": 17.14, "y": 6.79, "rotation": -95.38, "width": 37, "height": 33 },
			"fire1/04": { "x": 16, "y": 5.89, "rotation": -95.38, "width": 39, "height": 31 },
			"fire1/05": { "x": 17, "y": 5.8, "rotation": -95.38, "width": 39, "height": 33 },
			"fire1/06": { "x": 14.36, "y": 3.9, "rotation": -95.38, "width": 37, "height": 28 },
			"fire1/07": { "x": 10.79, "y": 3.68, "rotation": -95.38, "width": 36, "height": 21 },
			"fire1/08": { "x": 8.77, "y": 3.36, "rotation": -95.38, "width": 35, "height": 17 },
			"fire1/09": { "x": 14.73, "y": 2.56, "rotation": -95.38, "width": 37, "height": 29 },
			"fire1/10": { "x": 17.14, "y": 1.66, "rotation": -95.38, "width": 34, "height": 34 },
			"fire1/11": { "x": 17.09, "y": 1.36, "rotation": -95.38, "width": 35, "height": 34 },
			"fire1/12": { "x": 18.06, "y": 1.04, "rotation": -95.38, "width": 36, "height": 36 },
			"fire1/13": { "x": 19.51, "y": -0.09, "rotation": -95.38, "width": 34, "height": 39 },
			"fire1/14": { "x": 21.33, "y": -1.77, "rotation": -95.38, "width": 31, "height": 43 },
			"fire1/15": { "x": 22.33, "y": -2.38, "rotation": -95.38, "width": 35, "height": 45 },
			"fire1/16": { "x": 22.89, "y": -1.8, "rotation": -95.38, "width": 37, "height": 46 },
			"fire1/17": { "x": 23.8, "y": -1.92, "rotation": -95.38, "width": 37, "height": 48 },
			"fire1/18": { "x": 23.83, "y": -1.98, "rotation": -95.38, "width": 36, "height": 48 },
			"fire1/19": { "x": 22.1, "y": -4.46, "rotation": -95.38, "width": 38, "height": 45 },
			"fire1/20": { "x": 11.5, "y": -4.94, "rotation": -95.38, "width": 41, "height": 24 },
			"fire1/21": { "x": 13.06, "y": -5.03, "rotation": -95.38, "width": 41, "height": 27 },
			"fire1/22": { "x": 14.13, "y": -3.63, "rotation": -95.38, "width": 40, "height": 29 },
			"fire1/23": { "x": 14.57, "y": 1.15, "rotation": -95.38, "width": 36, "height": 29 }
		},
		"potimages/bubble/1": {
			"bubble/1": { "x": -1.02, "y": 4.91, "width": 24, "height": 16 },
			"bubble/2": { "x": -0.25, "y": 5.87, "width": 21, "height": 18 },
			"bubble/3": { "x": -0.45, "y": 6.11, "width": 26, "height": 18 },
			"bubble/4": { "x": -0.56, "y": 4.71, "width": 23, "height": 16 },
			"bubble/5": { "x": -1.63, "y": 3.34, "width": 14, "height": 13 }
		},
		"potimages/bubble/2": {
			"bubble/1": { "x": -1.02, "y": 4.91, "width": 24, "height": 16 },
			"bubble/2": { "x": -0.25, "y": 5.87, "width": 21, "height": 18 },
			"bubble/3": { "x": -0.45, "y": 6.11, "width": 26, "height": 18 },
			"bubble/4": { "x": -0.56, "y": 4.71, "width": 23, "height": 16 },
			"bubble/5": { "x": -1.63, "y": 3.34, "width": 14, "height": 13 }
		},
		"potimages/firelight": {
			"firelight": { "x": 74.56, "y": 53.64, "width": 140, "height": 53 }
		},
		"potimages/scoop": {
			"scoop": { "x": 11.06, "y": -2.77, "rotation": 82.87, "width": 21, "height": 73 }
		},
		"potimages/smoke/1": {
			"smoke/1": { "x": 50.84, "y": -3.96, "rotation": -87.92, "width": 86, "height": 119 },
			"smoke/2": { "x": 51.68, "y": -2.23, "rotation": -87.92, "width": 92, "height": 119 },
			"smoke/3": { "x": 51.13, "y": -1.01, "rotation": -87.92, "width": 94, "height": 121 },
			"smoke/4": { "x": 50.74, "y": -0.56, "rotation": -87.92, "width": 96, "height": 125 },
			"smoke/5": { "x": 50.76, "y": 1.67, "rotation": -87.92, "width": 96, "height": 126 },
			"smoke/6": { "x": 48.34, "y": 6.6, "rotation": -87.92, "width": 110, "height": 130 },
			"smoke/7": { "x": 49.6, "y": 0.86, "rotation": -87.92, "width": 102, "height": 127 },
			"smoke/8": { "x": 52.16, "y": 2.84, "rotation": -87.92, "width": 104, "height": 128 },
			"smoke/9": { "x": 53, "y": 3.1, "rotation": -87.92, "width": 105, "height": 131 },
			"smoke/10": { "x": 58.28, "y": 4.48, "rotation": -87.92, "width": 103, "height": 135 },
			"smoke/11": { "x": 57.22, "y": 6.24, "rotation": -87.92, "width": 103, "height": 137 },
			"smoke/12": { "x": 58.39, "y": 7.08, "rotation": -87.92, "width": 105, "height": 141 },
			"smoke/13": { "x": 60.16, "y": 6.32, "rotation": -87.92, "width": 108, "height": 144 },
			"smoke/14": { "x": 60.75, "y": 5.51, "rotation": -87.92, "width": 113, "height": 145 },
			"smoke/15": { "x": 61.61, "y": 5.9, "rotation": -87.92, "width": 114, "height": 146 },
			"smoke/16": { "x": 61.61, "y": 5.79, "rotation": -87.92, "width": 115, "height": 146 },
			"smoke/17": { "x": 60.89, "y": 6.61, "rotation": -87.92, "width": 116, "height": 146 },
			"smoke/18": { "x": 60.7, "y": 6.92, "rotation": -87.92, "width": 116, "height": 145 },
			"smoke/19": { "x": 61.6, "y": 19.9, "rotation": -87.92, "width": 98, "height": 145 },
			"smoke/20": { "x": 54.82, "y": 21.2, "rotation": -87.92, "width": 94, "height": 134 },
			"smoke/21": { "x": 54.7, "y": 19.13, "rotation": -87.92, "width": 102, "height": 135 },
			"smoke/22": { "x": 56.78, "y": 16.97, "rotation": -87.92, "width": 105, "height": 134 },
			"smoke/23": { "x": 58.57, "y": 12.13, "rotation": -87.92, "width": 107, "height": 135 },
			"smoke/24": { "x": 61.68, "y": 11.43, "rotation": -87.92, "width": 104, "height": 140 },
			"smoke/25": { "x": 63.19, "y": 11.11, "rotation": -87.92, "width": 107, "height": 143 },
			"smoke/26": { "x": 63.64, "y": 11, "rotation": -87.92, "width": 107, "height": 140 },
			"smoke/27": { "x": 61.36, "y": 7.9, "rotation": -87.92, "width": 107, "height": 144 },
			"smoke/28": { "x": 61.79, "y": 8.44, "rotation": -87.92, "width": 105, "height": 144 },
			"smoke/29": { "x": 64.71, "y": 7.14, "rotation": -87.92, "width": 102, "height": 144 },
			"smoke/30": { "x": 61.73, "y": 3.87, "rotation": -87.92, "width": 92, "height": 138 },
			"smoke/31": { "x": 46.14, "y": -2.38, "rotation": -87.92, "width": 81, "height": 104 },
			"smoke/32": { "x": 43.54, "y": -5.84, "rotation": -87.92, "width": 83, "height": 98 },
			"smoke/33": { "x": 46.63, "y": -6.9, "rotation": -87.92, "width": 82, "height": 105 },
			"smoke/34": { "x": 50.78, "y": -8.4, "rotation": -87.92, "width": 82, "height": 112 },
			"smoke/35": { "x": 50.73, "y": -6.55, "rotation": -87.92, "width": 81, "height": 113 }
		},
		"root2": {
			"pot": { "x": 76.38, "y": 89.05, "width": 156, "height": 175 }
		}
	}
},
"animations": {
	"bomb": {
		"slots": {
			"bomb": {
				"color": [
					{ "time": 0, "color": "ffffffff" }
				],
				"attachment": [
					{ "time": 0, "name": "bomb/01" },
					{ "time": 0.1333, "name": "bomb/02" },
					{ "time": 0.2666, "name": "bomb/03" },
					{ "time": 0.4, "name": "bomb/04" },
					{ "time": 0.5333, "name": "bomb/05" },
					{ "time": 0.6666, "name": "bomb/06" },
					{ "time": 0.8, "name": "bomb/07" },
					{ "time": 0.9333, "name": "bomb/08" },
					{ "time": 1.0666, "name": "bomb/09" },
					{ "time": 1.2, "name": "bomb/10" },
					{ "time": 1.3333, "name": "bomb/11" },
					{ "time": 1.4666, "name": "bomb/12" },
					{ "time": 1.6333, "name": "bomb/13" },
					{ "time": 1.7666, "name": "bomb/14" },
					{ "time": 1.9, "name": null }
				]
			},
			"bomb/light": {
				"color": [
					{
						"time": 0,
						"color": "8635ff00",
						"curve": [ 0.25, 0, 0.75, 1 ]
					},
					{
						"time": 0.1333,
						"color": "8635ffff",
						"curve": [ 0.43, 0, 1, 1 ]
					},
					{ "time": 1.2, "color": "8635ff00" }
				],
				"attachment": [
					{ "time": 0, "name": "bomb/light" },
					{ "time": 1.2, "name": null }
				]
			},
			"fire1": {
				"color": [
					{ "time": 0, "color": "ffffffff" }
				],
				"attachment": [
					{ "time": 0, "name": "fire1/23" },
					{ "time": 0.1, "name": "fire1/02" },
					{ "time": 0.1666, "name": "fire1/03" },
					{ "time": 0.2666, "name": "fire1/04" },
					{ "time": 0.3666, "name": "fire1/05" },
					{ "time": 0.4333, "name": "fire1/06" },
					{ "time": 0.5333, "name": "fire1/07" },
					{ "time": 0.6333, "name": "fire1/08" },
					{ "time": 0.7333, "name": "fire1/09" },
					{ "time": 0.8, "name": "fire1/10" },
					{ "time": 0.9, "name": "fire1/11" },
					{ "time": 1, "name": "fire1/12" },
					{ "time": 1.0666, "name": "fire1/13" },
					{ "time": 1.1666, "name": "fire1/14" },
					{ "time": 1.2666, "name": "fire1/15" },
					{ "time": 1.3333, "name": "fire1/16" },
					{ "time": 1.4333, "name": "fire1/17" },
					{ "time": 1.5333, "name": "fire1/18" },
					{ "time": 1.6333, "name": "fire1/19" },
					{ "time": 1.7, "name": "fire1/20" },
					{ "time": 1.8, "name": "fire1/21" },
					{ "time": 1.9, "name": "fire1/22" },
					{ "time": 1.9666, "name": "fire1/23" },
					{ "time": 2.0666, "name": "fire1/01" },
					{ "time": 2.1666, "name": "fire1/02" },
					{ "time": 2.2333, "name": "fire1/03" },
					{ "time": 2.3333, "name": "fire1/04" },
					{ "time": 2.4333, "name": "fire1/05" },
					{ "time": 2.5, "name": "fire1/06" },
					{ "time": 2.6, "name": "fire1/07" },
					{ "time": 2.7, "name": "fire1/08" },
					{ "time": 2.8, "name": "fire1/09" },
					{ "time": 2.8666, "name": "fire1/10" },
					{ "time": 2.9666, "name": "fire1/11" },
					{ "time": 3.0666, "name": "fire1/12" },
					{ "time": 3.1333, "name": "fire1/13" },
					{ "time": 3.2333, "name": "fire1/14" },
					{ "time": 3.3333, "name": "fire1/15" },
					{ "time": 3.4, "name": "fire1/16" },
					{ "time": 3.5, "name": "fire1/17" },
					{ "time": 3.6, "name": "fire1/18" },
					{ "time": 3.7, "name": "fire1/19" },
					{ "time": 3.7666, "name": "fire1/20" },
					{ "time": 3.8666, "name": "fire1/21" },
					{ "time": 3.9666, "name": "fire1/22" },
					{ "time": 4.0333, "name": "fire1/23" },
					{ "time": 4.1333, "name": "fire1/01" }
				]
			},
			"fire2": {
				"color": [
					{ "time": 0, "color": "ffffffff" }
				],
				"attachment": [
					{ "time": 0, "name": "fire2/23" },
					{ "time": 0.1, "name": "fire2/02" },
					{ "time": 0.2, "name": "fire2/03" },
					{ "time": 0.3, "name": "fire2/04" },
					{ "time": 0.3666, "name": "fire2/05" },
					{ "time": 0.4333, "name": "fire2/06" },
					{ "time": 0.5, "name": "fire2/07" },
					{ "time": 0.5666, "name": "fire2/08" },
					{ "time": 0.6333, "name": "fire2/09" },
					{ "time": 0.7, "name": "fire2/10" },
					{ "time": 0.7666, "name": "fire2/11" },
					{ "time": 0.8333, "name": "fire2/12" },
					{ "time": 0.9, "name": "fire2/13" },
					{ "time": 0.9666, "name": "fire2/14" },
					{ "time": 1.0333, "name": "fire2/15" },
					{ "time": 1.1333, "name": "fire2/16" },
					{ "time": 1.2333, "name": "fire2/17" },
					{ "time": 1.3333, "name": "fire2/18" },
					{ "time": 1.4333, "name": "fire2/19" },
					{ "time": 1.5666, "name": "fire2/20" },
					{ "time": 1.7, "name": "fire2/21" },
					{ "time": 1.8333, "name": "fire2/22" },
					{ "time": 1.9666, "name": "fire2/23" },
					{ "time": 2.0666, "name": "fire2/01" },
					{ "time": 2.1666, "name": "fire2/02" },
					{ "time": 2.2666, "name": "fire2/03" },
					{ "time": 2.3666, "name": "fire2/04" },
					{ "time": 2.4333, "name": "fire2/05" },
					{ "time": 2.5, "name": "fire2/06" },
					{ "time": 2.5666, "name": "fire2/07" },
					{ "time": 2.6333, "name": "fire2/08" },
					{ "time": 2.7, "name": "fire2/09" },
					{ "time": 2.7666, "name": "fire2/10" },
					{ "time": 2.8333, "name": "fire2/11" },
					{ "time": 2.9, "name": "fire2/12" },
					{ "time": 2.9666, "name": "fire2/13" },
					{ "time": 3.0333, "name": "fire2/14" },
					{ "time": 3.1, "name": "fire2/15" },
					{ "time": 3.2, "name": "fire2/16" },
					{ "time": 3.3, "name": "fire2/17" },
					{ "time": 3.4, "name": "fire2/18" },
					{ "time": 3.5, "name": "fire2/19" },
					{ "time": 3.6333, "name": "fire2/20" },
					{ "time": 3.7666, "name": "fire2/21" },
					{ "time": 3.9, "name": "fire2/22" },
					{ "time": 4.0333, "name": "fire2/23" },
					{ "time": 4.1333, "name": "fire2/01" }
				]
			},
			"fire3": {
				"color": [
					{ "time": 0, "color": "ffffffff" }
				],
				"attachment": [
					{ "time": 0, "name": "fire1/09" },
					{ "time": 0.1, "name": "fire1/11" },
					{ "time": 0.1666, "name": "fire1/12" },
					{ "time": 0.2666, "name": "fire1/13" },
					{ "time": 0.3666, "name": "fire1/14" },
					{ "time": 0.4333, "name": "fire1/15" },
					{ "time": 0.5333, "name": "fire1/16" },
					{ "time": 0.6333, "name": "fire1/17" },
					{ "time": 0.7333, "name": "fire1/18" },
					{ "time": 0.8, "name": "fire1/19" },
					{ "time": 0.9, "name": "fire1/20" },
					{ "time": 1, "name": "fire1/21" },
					{ "time": 1.0666, "name": "fire1/22" },
					{ "time": 1.1666, "name": "fire1/23" },
					{ "time": 1.2666, "name": "fire1/01" },
					{ "time": 1.3333, "name": "fire1/02" },
					{ "time": 1.4333, "name": "fire1/03" },
					{ "time": 1.5333, "name": "fire1/04" },
					{ "time": 1.6333, "name": "fire1/05" },
					{ "time": 1.7, "name": "fire1/06" },
					{ "time": 1.8, "name": "fire1/07" },
					{ "time": 1.9, "name": "fire1/08" },
					{ "time": 1.9666, "name": "fire1/09" },
					{ "time": 2.0666, "name": "fire1/10" },
					{ "time": 2.1666, "name": "fire1/11" },
					{ "time": 2.2333, "name": "fire1/12" },
					{ "time": 2.3333, "name": "fire1/13" },
					{ "time": 2.4333, "name": "fire1/14" },
					{ "time": 2.5, "name": "fire1/15" },
					{ "time": 2.6, "name": "fire1/16" },
					{ "time": 2.7, "name": "fire1/17" },
					{ "time": 2.8, "name": "fire1/18" },
					{ "time": 2.8666, "name": "fire1/19" },
					{ "time": 2.9666, "name": "fire1/20" },
					{ "time": 3.0666, "name": "fire1/21" },
					{ "time": 3.1333, "name": "fire1/22" },
					{ "time": 3.2333, "name": "fire1/23" },
					{ "time": 3.3333, "name": "fire1/01" },
					{ "time": 3.4, "name": "fire1/02" },
					{ "time": 3.5, "name": "fire1/03" },
					{ "time": 3.6, "name": "fire1/04" },
					{ "time": 3.7, "name": "fire1/05" },
					{ "time": 3.7666, "name": "fire1/06" },
					{ "time": 3.8666, "name": "fire1/07" },
					{ "time": 3.9666, "name": "fire1/08" },
					{ "time": 4.0333, "name": "fire1/09" },
					{ "time": 4.1333, "name": "fire1/10" }
				]
			},
			"potimages/bubble/1": {
				"color": [
					{ "time": 0, "color": "ffffffff" }
				],
				"attachment": [
					{ "time": 0, "name": "bubble/1" },
					{ "time": 1.1, "name": "bubble/2" },
					{ "time": 1.1666, "name": "bubble/3" },
					{ "time": 1.2333, "name": "bubble/4" },
					{ "time": 1.3, "name": "bubble/5" },
					{ "time": 1.3666, "name": null },
					{ "time": 1.4333, "name": "bubble/1" },
					{ "time": 2.5333, "name": "bubble/2" },
					{ "time": 2.6333, "name": "bubble/3" },
					{ "time": 2.7, "name": "bubble/4" },
					{ "time": 2.7666, "name": "bubble/5" },
					{ "time": 2.8333, "name": null }
				]
			},
			"potimages/bubble/2": {
				"color": [
					{ "time": 0, "color": "ffffffff" }
				],
				"attachment": [
					{ "time": 0, "name": "bubble/1" },
					{ "time": 0.3333, "name": "bubble/1" },
					{ "time": 1.4, "name": "bubble/2" },
					{ "time": 1.4666, "name": "bubble/3" },
					{ "time": 1.5666, "name": "bubble/4" },
					{ "time": 1.6333, "name": "bubble/5" },
					{ "time": 1.7, "name": null },
					{ "time": 1.7333, "name": "bubble/1" },
					{ "time": 2.6, "name": "bubble/2" },
					{ "time": 2.6666, "name": "bubble/3" },
					{ "time": 2.7333, "name": "bubble/4" },
					{ "time": 2.8, "name": "bubble/5" },
					{ "time": 2.8666, "name": null },
					{ "time": 2.9333, "name": "bubble/1" },
					{ "time": 3.8, "name": "bubble/2" },
					{ "time": 3.8666, "name": "bubble/3" },
					{ "time": 3.9333, "name": "bubble/4" },
					{ "time": 4, "name": "bubble/5" },
					{ "time": 4.0666, "name": null }
				]
			},
			"potimages/firelight": {
				"color": [
					{ "time": 0, "color": "ffffffef" },
					{
						"time": 0.3,
						"color": "ffffffff",
						"curve": [ 0.25, 0, 0.75, 1 ]
					},
					{
						"time": 0.7333,
						"color": "ffffffc8",
						"curve": [ 0.25, 0, 0.75, 1 ]
					},
					{
						"time": 1.0666,
						"color": "ffffffff",
						"curve": [ 0.25, 0, 0.75, 1 ]
					},
					{
						"time": 1.7,
						"color": "ffffffdd",
						"curve": [ 0.25, 0, 0.75, 1 ]
					},
					{ "time": 2.3333, "color": "ffffffff", "curve": "stepped" },
					{
						"time": 2.7333,
						"color": "ffffffff",
						"curve": [ 0.25, 0, 0.75, 1 ]
					},
					{
						"time": 3.0333,
						"color": "ffffffc7",
						"curve": [ 0.25, 0, 0.75, 1 ]
					},
					{ "time": 3.9333, "color": "ffffffff" }
				],
				"attachment": [
					{ "time": 0, "name": "firelight" }
				]
			},
			"potimages/scoop": {
				"color": [
					{ "time": 0, "color": "ffffffff" }
				],
				"attachment": [
					{ "time": 0, "name": "scoop" }
				]
			},
			"potimages/smoke/1": {
				"color": [
					{ "time": 0, "color": "ffffffff" }
				],
				"attachment": [
					{ "time": 0, "name": "smoke/17" },
					{ "time": 0.1333, "name": "smoke/2" },
					{ "time": 0.2333, "name": "smoke/3" },
					{ "time": 0.3666, "name": "smoke/4" },
					{ "time": 0.4666, "name": "smoke/5" },
					{ "time": 0.6333, "name": "smoke/6" },
					{ "time": 0.7333, "name": "smoke/7" },
					{ "time": 0.8666, "name": "smoke/8" },
					{ "time": 0.9666, "name": "smoke/9" },
					{ "time": 1.1, "name": "smoke/10" },
					{ "time": 1.2, "name": "smoke/11" },
					{ "time": 1.3333, "name": "smoke/12" },
					{ "time": 1.4333, "name": "smoke/13" },
					{ "time": 1.6, "name": "smoke/14" },
					{ "time": 1.7, "name": "smoke/15" },
					{ "time": 1.8333, "name": "smoke/16" },
					{ "time": 1.9333, "name": "smoke/17" },
					{ "time": 2.0666, "name": "smoke/18" },
					{ "time": 2.2, "name": "smoke/19" },
					{ "time": 2.3, "name": "smoke/20" },
					{ "time": 2.4333, "name": "smoke/21" },
					{ "time": 2.5333, "name": "smoke/22" },
					{ "time": 2.7, "name": "smoke/23" },
					{ "time": 2.8, "name": "smoke/24" },
					{ "time": 2.9333, "name": "smoke/25" },
					{ "time": 3.0333, "name": "smoke/26" },
					{ "time": 3.1666, "name": "smoke/27" },
					{ "time": 3.2666, "name": "smoke/28" },
					{ "time": 3.4, "name": "smoke/29" },
					{ "time": 3.5, "name": "smoke/30" },
					{ "time": 3.6666, "name": "smoke/31" },
					{ "time": 3.7666, "name": "smoke/32" },
					{ "time": 3.9, "name": "smoke/33" },
					{ "time": 4, "name": "smoke/34" },
					{ "time": 4.1333, "name": "smoke/35" }
				]
			},
			"root2": {
				"color": [
					{ "time": 0, "color": "ffffffff" }
				],
				"attachment": [
					{ "time": 0, "name": "pot" }
				]
			}
		},
		"bones": {
			"root": {
				"rotate": [
					{ "time": 0, "angle": 0 }
				],
				"translate": [
					{ "time": 0, "x": 0, "y": 0 }
				],
				"scale": [
					{ "time": 0, "x": 1, "y": 1 }
				]
			},
			"root2": {
				"rotate": [
					{ "time": 0, "angle": 0 }
				],
				"translate": [
					{ "time": 0, "x": 0, "y": 0 }
				],
				"scale": [
					{ "time": 0, "x": 1, "y": 1 }
				]
			},
			"potimages/scoop": {
				"rotate": [
					{
						"time": 0,
						"angle": -8.51,
						"curve": [ 0.25, 0, 0.75, 1 ]
					},
					{ "time": 0.3333, "angle": 1.94, "curve": "stepped" },
					{
						"time": 3.7333,
						"angle": 1.94,
						"curve": [ 0.25, 0, 0.75, 1 ]
					},
					{ "time": 4.1333, "angle": 0 }
				],
				"translate": [
					{
						"time": 0,
						"x": 0,
						"y": 0,
						"curve": [ 0.25, 0, 0.75, 1 ]
					},
					{ "time": 0.3333, "x": -10.37, "y": -6.22, "curve": "stepped" },
					{
						"time": 0.8,
						"x": -10.37,
						"y": -6.22,
						"curve": [ 0.25, 0, 0.75, 1 ]
					},
					{
						"time": 0.9666,
						"x": -14.36,
						"y": -7.51,
						"curve": [ 0.25, 0, 0.75, 1 ]
					},
					{
						"time": 1.1333,
						"x": -10.37,
						"y": -6.22,
						"curve": [ 0.25, 0, 0.75, 1 ]
					},
					{
						"time": 1.2666,
						"x": -14.36,
						"y": -7.51,
						"curve": [ 0.25, 0, 0.75, 1 ]
					},
					{
						"time": 1.4333,
						"x": -10.37,
						"y": -6.22,
						"curve": [ 0.25, 0, 0.75, 1 ]
					},
					{
						"time": 1.6,
						"x": -14.36,
						"y": -7.51,
						"curve": [ 0.25, 0, 0.75, 1 ]
					},
					{
						"time": 1.7666,
						"x": -10.37,
						"y": -6.22,
						"curve": [ 0.25, 0, 0.75, 1 ]
					},
					{
						"time": 1.9,
						"x": -14.36,
						"y": -7.51,
						"curve": [ 0.25, 0, 0.75, 1 ]
					},
					{
						"time": 2.0666,
						"x": -10.37,
						"y": -6.22,
						"curve": [ 0.25, 0, 0.75, 1 ]
					},
					{
						"time": 2.2,
						"x": -14.36,
						"y": -7.51,
						"curve": [ 0.25, 0, 0.75, 1 ]
					},
					{
						"time": 2.3666,
						"x": -10.37,
						"y": -6.22,
						"curve": [ 0.25, 0, 0.75, 1 ]
					},
					{
						"time": 2.5,
						"x": -14.36,
						"y": -7.51,
						"curve": [ 0.25, 0, 0.75, 1 ]
					},
					{ "time": 2.6666, "x": -10.37, "y": -6.22, "curve": "stepped" },
					{
						"time": 3.7333,
						"x": -10.37,
						"y": -6.22,
						"curve": [ 0.25, 0, 0.75, 1 ]
					},
					{ "time": 4.1333, "x": 0, "y": 0 }
				],
				"scale": [
					{ "time": 0, "x": 1, "y": 1 }
				]
			},
			"bubble": {
				"rotate": [
					{ "time": 0, "angle": 0 }
				],
				"translate": [
					{ "time": 0, "x": -30.2, "y": -5.7, "curve": "stepped" },
					{ "time": 1.4333, "x": -8.1, "y": -11.29 }
				],
				"scale": [
					{
						"time": 0,
						"x": 0.721,
						"y": 0.652,
						"curve": [ 0.25, 0, 0.75, 1 ]
					},
					{ "time": 1.0333, "x": 1, "y": 1, "curve": "stepped" },
					{ "time": 1.4, "x": 1, "y": 1 },
					{
						"time": 1.4333,
						"x": 0.664,
						"y": 0.226,
						"curve": [ 0.25, 0, 0.75, 1 ]
					},
					{ "time": 2.4666, "x": 0.757, "y": 0.928 }
				]
			},
			"potimages/smoke/1": {
				"rotate": [
					{ "time": 0, "angle": 0 }
				],
				"translate": [
					{ "time": 0, "x": 0, "y": 0 }
				],
				"scale": [
					{ "time": 0, "x": 1, "y": 1 }
				]
			},
			"bubble2": {
				"rotate": [
					{ "time": 0, "angle": 4.54, "curve": "stepped" },
					{ "time": 0.3333, "angle": 4.54, "curve": "stepped" },
					{ "time": 1.7333, "angle": 4.54, "curve": "stepped" },
					{ "time": 2.9333, "angle": 4.54 }
				],
				"translate": [
					{ "time": 0, "x": -15.72, "y": 9.61 },
					{ "time": 0.3333, "x": -22.28, "y": 1.74, "curve": "stepped" },
					{ "time": 1.7, "x": -22.28, "y": 1.74 },
					{ "time": 1.7333, "x": -15.72, "y": 9.61, "curve": "stepped" },
					{ "time": 2.9, "x": -15.72, "y": 9.61 },
					{ "time": 2.9333, "x": 5.34, "y": -3.02 }
				],
				"scale": [
					{ "time": 0, "x": 0.651, "y": 0.332 },
					{
						"time": 0.3333,
						"x": 0.663,
						"y": 0.098,
						"curve": [ 0.25, 0, 0.75, 1 ]
					},
					{ "time": 1.2666, "x": 0.783, "y": 0.774 },
					{ "time": 1.3666, "x": 0.783, "y": 0.783, "curve": "stepped" },
					{ "time": 1.7, "x": 0.783, "y": 0.783 },
					{
						"time": 1.7333,
						"x": 0.623,
						"y": 0.092,
						"curve": [ 0.25, 0, 0.75, 1 ]
					},
					{ "time": 2.4333, "x": 0.691, "y": 0.683 },
					{ "time": 2.5333, "x": 0.709, "y": 0.709, "curve": "stepped" },
					{ "time": 2.9, "x": 0.709, "y": 0.709 },
					{
						"time": 2.9333,
						"x": 0.623,
						"y": 0.092,
						"curve": [ 0.25, 0, 0.75, 1 ]
					},
					{ "time": 3.6666, "x": 0.691, "y": 0.683 },
					{ "time": 3.7666, "x": 0.709, "y": 0.709 }
				]
			},
			"fire2": {
				"rotate": [
					{ "time": 0, "angle": 0 }
				],
				"translate": [
					{ "time": 0, "x": 0, "y": 0 }
				],
				"scale": [
					{
						"time": 0,
						"x": 1.393,
						"y": 1.393,
						"curve": [ 0.25, 0, 0.462, 1 ]
					},
					{
						"time": 0.1333,
						"x": 2.161,
						"y": 2.161,
						"curve": [ 0.709, 0.12, 0.857, 1 ]
					},
					{ "time": 2.9333, "x": 1, "y": 1 }
				]
			},
			"fire1": {
				"rotate": [
					{ "time": 0, "angle": 0 }
				],
				"translate": [
					{ "time": 0, "x": 0, "y": 0 }
				],
				"scale": [
					{
						"time": 0,
						"x": 1.194,
						"y": 1.194,
						"curve": [ 0.25, 0, 0.462, 1 ]
					},
					{
						"time": 0.1333,
						"x": 1.705,
						"y": 1.705,
						"curve": [ 0.709, 0.12, 0.857, 1 ]
					},
					{ "time": 2.9333, "x": 1, "y": 1 }
				]
			},
			"fire3": {
				"rotate": [
					{ "time": 0, "angle": 0 }
				],
				"translate": [
					{ "time": 0, "x": 0, "y": 0 }
				],
				"scale": [
					{
						"time": 0,
						"x": 1.221,
						"y": 1.401,
						"curve": [ 0.25, 0, 0.462, 1 ]
					},
					{
						"time": 0.1333,
						"x": 2.062,
						"y": 2.424,
						"curve": [ 0.709, 0.12, 0.857, 1 ]
					},
					{ "time": 2.9333, "x": 1, "y": 1 }
				]
			},
			"bomb": {
				"rotate": [
					{ "time": 0, "angle": 0 }
				],
				"translate": [
					{ "time": 0, "x": 0, "y": 0 }
				],
				"scale": [
					{
						"time": 0,
						"x": 1,
						"y": 1,
						"curve": [ 0.302, 0, 0.627, 1 ]
					},
					{ "time": 0.4, "x": 2.236, "y": 2.236 }
				]
			},
			"bomb/light": {
				"rotate": [
					{ "time": 0, "angle": 0 }
				],
				"translate": [
					{ "time": 0, "x": 0, "y": 0 }
				],
				"scale": [
					{
						"time": 0,
						"x": 1,
						"y": 1,
						"curve": [ 0.25, 0, 0.75, 1 ]
					},
					{ "time": 0.1333, "x": 1.34, "y": 1.34 }
				]
			}
		},
		"drawOrder": [
			{
				"time": 0,
				"offsets": [
					{ "slot": "potimages/bubble/2", "offset": -2 }
				]
			},
			{
				"time": 1.7333,
				"offsets": [
					{ "slot": "potimages/bubble/2", "offset": -2 }
				]
			},
			{ "time": 2.9333 }
		]
	},
	"stop_animation": {
		"slots": {
			"bomb": {
				"color": [
					{ "time": 0, "color": "ffffffff" }
				],
				"attachment": [
					{ "time": 0, "name": null }
				]
			},
			"bomb/light": {
				"color": [
					{ "time": 0, "color": "ffffffff" }
				],
				"attachment": [
					{ "time": 0, "name": null }
				]
			},
			"fire1": {
				"color": [
					{ "time": 0, "color": "ffffffff" }
				],
				"attachment": [
					{ "time": 0, "name": "fire1/01" },
					{ "time": 0.1, "name": "fire1/02" },
					{ "time": 0.1666, "name": "fire1/03" },
					{ "time": 0.2666, "name": "fire1/04" },
					{ "time": 0.3666, "name": "fire1/05" },
					{ "time": 0.4333, "name": "fire1/06" },
					{ "time": 0.5333, "name": "fire1/07" },
					{ "time": 0.6333, "name": "fire1/08" },
					{ "time": 0.7333, "name": "fire1/09" },
					{ "time": 0.8, "name": "fire1/10" },
					{ "time": 0.9, "name": "fire1/11" },
					{ "time": 1, "name": "fire1/12" },
					{ "time": 1.0666, "name": "fire1/13" },
					{ "time": 1.1666, "name": "fire1/14" },
					{ "time": 1.2666, "name": "fire1/15" },
					{ "time": 1.3333, "name": "fire1/16" },
					{ "time": 1.4333, "name": "fire1/17" },
					{ "time": 1.5333, "name": "fire1/18" },
					{ "time": 1.6333, "name": "fire1/19" },
					{ "time": 1.7, "name": "fire1/20" },
					{ "time": 1.8, "name": "fire1/21" },
					{ "time": 1.9, "name": "fire1/22" },
					{ "time": 1.9666, "name": "fire1/23" },
					{ "time": 2.0666, "name": "fire1/01" },
					{ "time": 2.1666, "name": "fire1/02" },
					{ "time": 2.2333, "name": "fire1/03" },
					{ "time": 2.3333, "name": "fire1/04" },
					{ "time": 2.4333, "name": "fire1/05" },
					{ "time": 2.5, "name": "fire1/06" },
					{ "time": 2.6, "name": "fire1/07" },
					{ "time": 2.7, "name": "fire1/08" },
					{ "time": 2.8, "name": "fire1/09" },
					{ "time": 2.8666, "name": "fire1/10" },
					{ "time": 2.9666, "name": "fire1/11" },
					{ "time": 3.0666, "name": "fire1/12" },
					{ "time": 3.1333, "name": "fire1/13" },
					{ "time": 3.2333, "name": "fire1/14" },
					{ "time": 3.3333, "name": "fire1/15" },
					{ "time": 3.4, "name": "fire1/16" },
					{ "time": 3.5, "name": "fire1/17" },
					{ "time": 3.6, "name": "fire1/18" },
					{ "time": 3.7, "name": "fire1/19" },
					{ "time": 3.7666, "name": "fire1/20" },
					{ "time": 3.8666, "name": "fire1/21" },
					{ "time": 3.9666, "name": "fire1/22" },
					{ "time": 4.0333, "name": "fire1/23" },
					{ "time": 4.1333, "name": "fire1/01" }
				]
			},
			"fire2": {
				"color": [
					{ "time": 0, "color": "ffffffff" }
				],
				"attachment": [
					{ "time": 0, "name": "fire2/01" },
					{ "time": 0.1, "name": "fire2/02" },
					{ "time": 0.2, "name": "fire2/03" },
					{ "time": 0.3, "name": "fire2/04" },
					{ "time": 0.3666, "name": "fire2/05" },
					{ "time": 0.4333, "name": "fire2/06" },
					{ "time": 0.5, "name": "fire2/07" },
					{ "time": 0.5666, "name": "fire2/08" },
					{ "time": 0.6333, "name": "fire2/09" },
					{ "time": 0.7, "name": "fire2/10" },
					{ "time": 0.7666, "name": "fire2/11" },
					{ "time": 0.8333, "name": "fire2/12" },
					{ "time": 0.9, "name": "fire2/13" },
					{ "time": 0.9666, "name": "fire2/14" },
					{ "time": 1.0333, "name": "fire2/15" },
					{ "time": 1.1333, "name": "fire2/16" },
					{ "time": 1.2333, "name": "fire2/17" },
					{ "time": 1.3333, "name": "fire2/18" },
					{ "time": 1.4333, "name": "fire2/19" },
					{ "time": 1.5666, "name": "fire2/20" },
					{ "time": 1.7, "name": "fire2/21" },
					{ "time": 1.8333, "name": "fire2/22" },
					{ "time": 1.9666, "name": "fire2/23" },
					{ "time": 2.0666, "name": "fire2/01" },
					{ "time": 2.1666, "name": "fire2/02" },
					{ "time": 2.2666, "name": "fire2/03" },
					{ "time": 2.3666, "name": "fire2/04" },
					{ "time": 2.4333, "name": "fire2/05" },
					{ "time": 2.5, "name": "fire2/06" },
					{ "time": 2.5666, "name": "fire2/07" },
					{ "time": 2.6333, "name": "fire2/08" },
					{ "time": 2.7, "name": "fire2/09" },
					{ "time": 2.7666, "name": "fire2/10" },
					{ "time": 2.8333, "name": "fire2/11" },
					{ "time": 2.9, "name": "fire2/12" },
					{ "time": 2.9666, "name": "fire2/13" },
					{ "time": 3.0333, "name": "fire2/14" },
					{ "time": 3.1, "name": "fire2/15" },
					{ "time": 3.2, "name": "fire2/16" },
					{ "time": 3.3, "name": "fire2/17" },
					{ "time": 3.4, "name": "fire2/18" },
					{ "time": 3.5, "name": "fire2/19" },
					{ "time": 3.6333, "name": "fire2/20" },
					{ "time": 3.7666, "name": "fire2/21" },
					{ "time": 3.9, "name": "fire2/22" },
					{ "time": 4.0333, "name": "fire2/23" },
					{ "time": 4.1333, "name": "fire2/01" }
				]
			},
			"fire3": {
				"color": [
					{ "time": 0, "color": "ffffffff" }
				],
				"attachment": [
					{ "time": 0, "name": "fire1/10" },
					{ "time": 0.1, "name": "fire1/11" },
					{ "time": 0.1666, "name": "fire1/12" },
					{ "time": 0.2666, "name": "fire1/13" },
					{ "time": 0.3666, "name": "fire1/14" },
					{ "time": 0.4333, "name": "fire1/15" },
					{ "time": 0.5333, "name": "fire1/16" },
					{ "time": 0.6333, "name": "fire1/17" },
					{ "time": 0.7333, "name": "fire1/18" },
					{ "time": 0.8, "name": "fire1/19" },
					{ "time": 0.9, "name": "fire1/20" },
					{ "time": 1, "name": "fire1/21" },
					{ "time": 1.0666, "name": "fire1/22" },
					{ "time": 1.1666, "name": "fire1/23" },
					{ "time": 1.2666, "name": "fire1/01" },
					{ "time": 1.3333, "name": "fire1/02" },
					{ "time": 1.4333, "name": "fire1/03" },
					{ "time": 1.5333, "name": "fire1/04" },
					{ "time": 1.6333, "name": "fire1/05" },
					{ "time": 1.7, "name": "fire1/06" },
					{ "time": 1.8, "name": "fire1/07" },
					{ "time": 1.9, "name": "fire1/08" },
					{ "time": 1.9666, "name": "fire1/09" },
					{ "time": 2.0666, "name": "fire1/10" },
					{ "time": 2.1666, "name": "fire1/11" },
					{ "time": 2.2333, "name": "fire1/12" },
					{ "time": 2.3333, "name": "fire1/13" },
					{ "time": 2.4333, "name": "fire1/14" },
					{ "time": 2.5, "name": "fire1/15" },
					{ "time": 2.6, "name": "fire1/16" },
					{ "time": 2.7, "name": "fire1/17" },
					{ "time": 2.8, "name": "fire1/18" },
					{ "time": 2.8666, "name": "fire1/19" },
					{ "time": 2.9666, "name": "fire1/20" },
					{ "time": 3.0666, "name": "fire1/21" },
					{ "time": 3.1333, "name": "fire1/22" },
					{ "time": 3.2333, "name": "fire1/23" },
					{ "time": 3.3333, "name": "fire1/01" },
					{ "time": 3.4, "name": "fire1/02" },
					{ "time": 3.5, "name": "fire1/03" },
					{ "time": 3.6, "name": "fire1/04" },
					{ "time": 3.7, "name": "fire1/05" },
					{ "time": 3.7666, "name": "fire1/06" },
					{ "time": 3.8666, "name": "fire1/07" },
					{ "time": 3.9666, "name": "fire1/08" },
					{ "time": 4.0333, "name": "fire1/09" },
					{ "time": 4.1333, "name": "fire1/10" }
				]
			},
			"potimages/bubble/1": {
				"color": [
					{ "time": 0, "color": "ffffffff" }
				],
				"attachment": [
					{ "time": 0, "name": "bubble/1" },
					{ "time": 1.1, "name": "bubble/2" },
					{ "time": 1.1666, "name": "bubble/3" },
					{ "time": 1.2333, "name": "bubble/4" },
					{ "time": 1.3, "name": "bubble/5" },
					{ "time": 1.3666, "name": null },
					{ "time": 1.4333, "name": "bubble/1" },
					{ "time": 2.5333, "name": "bubble/2" },
					{ "time": 2.6333, "name": "bubble/3" },
					{ "time": 2.7, "name": "bubble/4" },
					{ "time": 2.7666, "name": "bubble/5" },
					{ "time": 2.8333, "name": null }
				]
			},
			"potimages/bubble/2": {
				"color": [
					{ "time": 0, "color": "ffffffff" }
				],
				"attachment": [
					{ "time": 0, "name": null },
					{ "time": 0.3333, "name": "bubble/1" },
					{ "time": 1.4, "name": "bubble/2" },
					{ "time": 1.4666, "name": "bubble/3" },
					{ "time": 1.5666, "name": "bubble/4" },
					{ "time": 1.6333, "name": "bubble/5" },
					{ "time": 1.7, "name": null },
					{ "time": 1.7333, "name": "bubble/1" },
					{ "time": 2.6, "name": "bubble/2" },
					{ "time": 2.6666, "name": "bubble/3" },
					{ "time": 2.7333, "name": "bubble/4" },
					{ "time": 2.8, "name": "bubble/5" },
					{ "time": 2.8666, "name": null },
					{ "time": 2.9333, "name": "bubble/1" },
					{ "time": 3.8, "name": "bubble/2" },
					{ "time": 3.8666, "name": "bubble/3" },
					{ "time": 3.9333, "name": "bubble/4" },
					{ "time": 4, "name": "bubble/5" },
					{ "time": 4.0666, "name": null }
				]
			},
			"potimages/firelight": {
				"color": [
					{ "time": 0, "color": "ffffffff", "curve": "stepped" },
					{
						"time": 0.3,
						"color": "ffffffff",
						"curve": [ 0.25, 0, 0.75, 1 ]
					},
					{
						"time": 0.7333,
						"color": "ffffffc8",
						"curve": [ 0.25, 0, 0.75, 1 ]
					},
					{
						"time": 1.0666,
						"color": "ffffffff",
						"curve": [ 0.25, 0, 0.75, 1 ]
					},
					{
						"time": 1.7,
						"color": "ffffffdd",
						"curve": [ 0.25, 0, 0.75, 1 ]
					},
					{ "time": 2.3333, "color": "ffffffff", "curve": "stepped" },
					{
						"time": 2.7333,
						"color": "ffffffff",
						"curve": [ 0.25, 0, 0.75, 1 ]
					},
					{
						"time": 3.0333,
						"color": "ffffffc7",
						"curve": [ 0.25, 0, 0.75, 1 ]
					},
					{ "time": 3.9333, "color": "ffffffff" }
				],
				"attachment": [
					{ "time": 0, "name": "firelight" }
				]
			},
			"potimages/scoop": {
				"color": [
					{ "time": 0, "color": "ffffffff" }
				],
				"attachment": [
					{ "time": 0, "name": "scoop" }
				]
			},
			"potimages/smoke/1": {
				"color": [
					{ "time": 0, "color": "ffffffff" }
				],
				"attachment": [
					{ "time": 0, "name": "smoke/1" },
					{ "time": 0.1333, "name": "smoke/2" },
					{ "time": 0.2333, "name": "smoke/3" },
					{ "time": 0.3666, "name": "smoke/4" },
					{ "time": 0.4666, "name": "smoke/5" },
					{ "time": 0.6333, "name": "smoke/6" },
					{ "time": 0.7333, "name": "smoke/7" },
					{ "time": 0.8666, "name": "smoke/8" },
					{ "time": 0.9666, "name": "smoke/9" },
					{ "time": 1.1, "name": "smoke/10" },
					{ "time": 1.2, "name": "smoke/11" },
					{ "time": 1.3333, "name": "smoke/12" },
					{ "time": 1.4333, "name": "smoke/13" },
					{ "time": 1.6, "name": "smoke/14" },
					{ "time": 1.7, "name": "smoke/15" },
					{ "time": 1.8333, "name": "smoke/16" },
					{ "time": 1.9333, "name": "smoke/17" },
					{ "time": 2.0666, "name": "smoke/18" },
					{ "time": 2.2, "name": "smoke/19" },
					{ "time": 2.3, "name": "smoke/20" },
					{ "time": 2.4333, "name": "smoke/21" },
					{ "time": 2.5333, "name": "smoke/22" },
					{ "time": 2.7, "name": "smoke/23" },
					{ "time": 2.8, "name": "smoke/24" },
					{ "time": 2.9333, "name": "smoke/25" },
					{ "time": 3.0333, "name": "smoke/26" },
					{ "time": 3.1666, "name": "smoke/27" },
					{ "time": 3.2666, "name": "smoke/28" },
					{ "time": 3.4, "name": "smoke/29" },
					{ "time": 3.5, "name": "smoke/30" },
					{ "time": 3.6666, "name": "smoke/31" },
					{ "time": 3.7666, "name": "smoke/32" },
					{ "time": 3.9, "name": "smoke/33" },
					{ "time": 4, "name": "smoke/34" },
					{ "time": 4.1333, "name": "smoke/35" }
				]
			},
			"root2": {
				"color": [
					{ "time": 0, "color": "ffffffff" }
				],
				"attachment": [
					{ "time": 0, "name": "pot" }
				]
			}
		},
		"bones": {
			"root": {
				"rotate": [
					{ "time": 0, "angle": 0 }
				],
				"translate": [
					{ "time": 0, "x": 0, "y": 0 }
				],
				"scale": [
					{ "time": 0, "x": 1, "y": 1 }
				]
			},
			"root2": {
				"rotate": [
					{ "time": 0, "angle": 0 }
				],
				"translate": [
					{ "time": 0, "x": 0, "y": 0 }
				],
				"scale": [
					{ "time": 0, "x": 1, "y": 1 }
				]
			},
			"potimages/scoop": {
				"rotate": [
					{
						"time": 0,
						"angle": 0,
						"curve": [ 0.25, 0, 0.75, 1 ]
					},
					{
						"time": 2.7666,
						"angle": -10.66,
						"curve": [ 0.25, 0, 0.75, 1 ]
					},
					{ "time": 4.1333, "angle": 0 }
				],
				"translate": [
					{ "time": 0, "x": 0, "y": 0 },
					{ "time": 1.0333, "x": 18.29, "y": -2.05 },
					{ "time": 1.9, "x": 26.02, "y": -9.52 },
					{ "time": 2.7666, "x": 7.07, "y": -18.76 },
					{ "time": 3.4666, "x": -11.22, "y": -14.53 },
					{ "time": 4.1333, "x": 0, "y": 0 }
				],
				"scale": [
					{ "time": 0, "x": 1, "y": 1 }
				]
			},
			"bubble": {
				"rotate": [
					{ "time": 0, "angle": 0, "curve": "stepped" },
					{ "time": 1.4, "angle": 0 },
					{ "time": 1.4333, "angle": -6.77 }
				],
				"translate": [
					{ "time": 0, "x": -8.1, "y": -11.29, "curve": "stepped" },
					{
						"time": 1.4,
						"x": -8.1,
						"y": -11.29,
						"curve": [ 0.25, 0, 0.75, 1 ]
					},
					{ "time": 1.4333, "x": -30.2, "y": -5.7 }
				],
				"scale": [
					{
						"time": 0,
						"x": 0.783,
						"y": 0.242,
						"curve": [ 0.25, 0, 0.75, 1 ]
					},
					{ "time": 1.0333, "x": 1, "y": 1, "curve": "stepped" },
					{ "time": 1.4, "x": 1, "y": 1 },
					{
						"time": 1.4333,
						"x": 0.664,
						"y": 0.226,
						"curve": [ 0.25, 0, 0.75, 1 ]
					},
					{ "time": 2.4666, "x": 0.757, "y": 0.928 }
				]
			},
			"potimages/smoke/1": {
				"rotate": [
					{ "time": 0, "angle": 0 }
				],
				"translate": [
					{ "time": 0, "x": 0, "y": 0 }
				],
				"scale": [
					{ "time": 0, "x": 1, "y": 1 }
				]
			},
			"bubble2": {
				"rotate": [
					{ "time": 0, "angle": 4.54 }
				],
				"translate": [
					{ "time": 0, "x": -22.28, "y": 1.74, "curve": "stepped" },
					{ "time": 1.7, "x": -22.28, "y": 1.74 },
					{ "time": 1.7333, "x": -15.72, "y": 9.61, "curve": "stepped" },
					{ "time": 2.9, "x": -15.72, "y": 9.61 },
					{ "time": 2.9333, "x": 5.34, "y": -3.02 }
				],
				"scale": [
					{ "time": 0, "x": 0.663, "y": 0.098, "curve": "stepped" },
					{
						"time": 0.3333,
						"x": 0.663,
						"y": 0.098,
						"curve": [ 0.25, 0, 0.75, 1 ]
					},
					{ "time": 1.2666, "x": 0.783, "y": 0.774 },
					{ "time": 1.3666, "x": 0.783, "y": 0.783, "curve": "stepped" },
					{ "time": 1.7, "x": 0.783, "y": 0.783 },
					{
						"time": 1.7333,
						"x": 0.623,
						"y": 0.092,
						"curve": [ 0.25, 0, 0.75, 1 ]
					},
					{ "time": 2.4333, "x": 0.691, "y": 0.683 },
					{ "time": 2.5333, "x": 0.709, "y": 0.709, "curve": "stepped" },
					{ "time": 2.9, "x": 0.709, "y": 0.709 },
					{
						"time": 2.9333,
						"x": 0.623,
						"y": 0.092,
						"curve": [ 0.25, 0, 0.75, 1 ]
					},
					{ "time": 3.6666, "x": 0.691, "y": 0.683 },
					{ "time": 3.7666, "x": 0.709, "y": 0.709 }
				]
			},
			"fire2": {
				"rotate": [
					{ "time": 0, "angle": 0 }
				],
				"scale": [
					{ "time": 0, "x": 1, "y": 1 }
				]
			},
			"fire1": {
				"rotate": [
					{ "time": 0, "angle": 0 }
				]
			},
			"fire3": {
				"rotate": [
					{ "time": 0, "angle": 0 }
				]
			},
			"bomb": {
				"rotate": [
					{ "time": 0, "angle": 0 }
				],
				"translate": [
					{ "time": 0, "x": 0, "y": 0 }
				],
				"scale": [
					{ "time": 0, "x": 1, "y": 1 }
				]
			},
			"bomb/light": {
				"rotate": [
					{ "time": 0, "angle": 0 }
				],
				"translate": [
					{ "time": 0, "x": 0, "y": 0 }
				],
				"scale": [
					{ "time": 0, "x": 1, "y": 1 }
				]
			}
		},
		"drawOrder": [
			{ "time": 0 },
			{
				"time": 1.7333,
				"offsets": [
					{ "slot": "potimages/bubble/2", "offset": -2 }
				]
			},
			{ "time": 2.9333 }
		]
	}
}
}