{
"skeleton": { "hash": "DqQ+apgEsa1UxAJWvaq5QFeW8Ig", "spine": "3.4.02", "width": 0, "height": 0, "images": "./picture/" },
"bones": [
	{ "name": "root" },
	{ "name": "stop", "parent": "root", "x": 1.19, "y": 24.3 }
],
"slots": [
	{ "name": "stop/light", "bone": "stop", "attachment": "stop/light", "blend": "additive" },
	{ "name": "stop", "bone": "stop", "attachment": "stop/stop" }
],
"skins": {
	"default": {
		"stop": {
			"stop/stop": { "x": 0.59, "y": -14.42, "width": 194, "height": 114 }
		},
		"stop/light": {
			"stop/light": { "x": 3.12, "y": -16.01, "width": 260, "height": 178 }
		}
	}
},
"animations": {
	"run": {
		"slots": {
			"stop": {
				"color": [
					{
						"time": 0,
						"color": "ffffffff",
						"curve": [ 0.571, 0, 0.443, 1 ]
					},
					{
						"time": 2,
						"color": "d1d1d1ff",
						"curve": [ 0.571, 0, 0.443, 1 ]
					},
					{ "time": 4, "color": "ffffffff" }
				],
				"attachment": [
					{ "time": 0, "name": "stop/stop" }
				]
			},
			"stop/light": {
				"color": [
					{
						"time": 0,
						"color": "ff74f66a",
						"curve": [ 0.571, 0, 0.443, 1 ]
					},
					{
						"time": 2,
						"color": "ff74f63a",
						"curve": [ 0.571, 0, 0.443, 1 ]
					},
					{ "time": 4, "color": "ff74f66a" }
				],
				"attachment": [
					{ "time": 0, "name": "stop/light" }
				]
			}
		}
	},
	"run2": {
		"slots": {
			"stop": {
				"color": [
					{
						"time": 0,
						"color": "d9d9d9ff",
						"curve": [ 0.25, 0, 0.75, 1 ]
					},
					{
						"time": 0.1333,
						"color": "878787ff",
						"curve": [ 0.25, 0, 0.75, 1 ]
					},
					{
						"time": 0.4333,
						"color": "ffffffff",
						"curve": [ 0.25, 0, 0.75, 1 ]
					},
					{
						"time": 0.7,
						"color": "878787ff",
						"curve": [ 0.25, 0, 0.75, 1 ]
					},
					{
						"time": 0.9,
						"color": "ffffffff",
						"curve": [ 0.25, 0, 0.75, 1 ]
					},
					{
						"time": 1,
						"color": "878787ff",
						"curve": [ 0.25, 0, 0.75, 1 ]
					},
					{
						"time": 1.1,
						"color": "ffffffff",
						"curve": [ 0.25, 0, 0.75, 1 ]
					},
					{
						"time": 1.2,
						"color": "878787ff",
						"curve": [ 0.25, 0, 0.75, 1 ]
					},
					{ "time": 1.3, "color": "ffffffff", "curve": "stepped" },
					{ "time": 1.4, "color": "ffffffff" }
				],
				"attachment": [
					{ "time": 0, "name": "stop/stop" }
				]
			},
			"stop/light": {
				"color": [
					{
						"time": 0,
						"color": "ff74f63d",
						"curve": [ 0.571, 0, 0.443, 1 ]
					},
					{
						"time": 0.1333,
						"color": "ff74f600",
						"curve": [ 0.571, 0, 0.443, 1 ]
					},
					{
						"time": 0.4333,
						"color": "ff74f6a0",
						"curve": [ 0.571, 0, 0.443, 1 ]
					},
					{
						"time": 0.7,
						"color": "ff74f600",
						"curve": [ 0.571, 0, 0.443, 1 ]
					},
					{
						"time": 0.9,
						"color": "ff74f6a0",
						"curve": [ 0.571, 0, 0.443, 1 ]
					},
					{
						"time": 1,
						"color": "ff74f600",
						"curve": [ 0.571, 0, 0.443, 1 ]
					},
					{
						"time": 1.1,
						"color": "ff74f6a0",
						"curve": [ 0.571, 0, 0.443, 1 ]
					},
					{
						"time": 1.2,
						"color": "ff74f600",
						"curve": [ 0.571, 0, 0.443, 1 ]
					},
					{
						"time": 1.3,
						"color": "ff74f6a0",
						"curve": [ 0.571, 0, 0.443, 1 ]
					},
					{ "time": 1.4, "color": "ff74f685" }
				],
				"attachment": [
					{ "time": 0, "name": "stop/light" }
				]
			}
		}
	}
}
}