{
"skeleton": { "hash": "8pdp//5U3Rs/vLEpMIZ16rJr2/I", "spine": "3.4.02", "width": 0, "height": 0, "images": "./picture/" },
"bones": [
	{ "name": "root" },
	{ "name": "bread", "parent": "root", "x": 216.3, "y": 396.8 }
],
"slots": [
	{ "name": "bread2", "bone": "bread" },
	{ "name": "wood1", "bone": "bread" }
],
"skins": {
	"default": {
		"bread2": {
			"bread2": {
				"type": "mesh",
				"uvs": [ 1, 0.28596, 1, 1, 0, 1, 0, 0.27432, 0, 0, 1, 0 ],
				"triangles": [ 3, 4, 5, 3, 5, 0, 2, 3, 0, 2, 0, 1 ],
				"vertices": [ 199.48, -77.58999, 199.48, -400.34, -217.61, -400.34, -217.61, -72.33, -217.61, 51.65, 199.48, 51.65 ],
				"hull": 6,
				"edges": [ 2, 4, 8, 10, 4, 6, 6, 8, 2, 0, 0, 10, 6, 0 ],
				"width": 215,
				"height": 226
			}
		},
		"wood1": {
			"wood1": {
				"type": "mesh",
				"uvs": [ 1, 1, 0.27533, 1, 0, 1, 0, 0, 0.27533, 0, 1, 0 ],
				"triangles": [ 2, 3, 4, 1, 4, 5, 2, 4, 1, 1, 5, 0 ],
				"vertices": [ 245.63, -51.6, -157.28, -51.6, -310.36, -51.6, -310.36, 124.39, -157.28, 124.39, 245.63, 124.39 ],
				"hull": 6,
				"edges": [ 4, 6, 0, 10, 6, 8, 8, 10, 0, 2, 2, 4, 8, 2 ],
				"width": 278,
				"height": 88
			}
		}
	}
},
"animations": {
	"loop": {
		"slots": {
			"bread2": {
				"attachment": [
					{ "time": 0, "name": "bread2" }
				]
			},
			"wood1": {
				"attachment": [
					{ "time": 0, "name": "wood1" }
				]
			}
		},
		"bones": {
			"root": {
				"scale": [
					{ "time": 0, "x": 0.273, "y": 0.273 }
				]
			}
		},
		"deform": {
			"default": {
				"bread2": {
					"bread2": [
						{
							"time": 0,
							"vertices": [ 2.30437, 33.08529, -1.68275, 34.59693, 16.33203, 51.55763, 6.91578, 31.7017, 0.49256, -6.26172, 0.49256, -6.26172 ],
							"curve": [ 0.38, 0.59, 0.728, 1 ]
						},
						{
							"time": 0.6666,
							"vertices": [ -0.61748, 29.77135, -7.70854, 28.31015, 8.81484, 47.79795, 5.16287, 29.06393, 0.49876, -7.40987, 0.49876, -7.40987 ],
							"curve": [ 0.379, 0.52, 0.746, 1 ]
						},
						{
							"time": 1.2,
							"vertices": [ -2.79118, 31.24047, -12.19139, 27.56765, 3.22247, 48.93548, 3.85879, 31.0361, 0.50337, -8.26403, 0.50337, -8.26403 ],
							"curve": [ 0.252, 0, 0.621, 0.47 ]
						},
						{
							"time": 1.7333,
							"vertices": [ -0.53198, 29.8023, -7.5322, 28.4281, 9.03482, 47.84195, 5.21416, 29.0751, 0.49858, -7.37627, 0.49858, -7.37627 ],
							"curve": [ 0.37, 0.47, 0.752, 1 ]
						},
						{
							"time": 2.3666,
							"vertices": [ 2.30437, 33.08529, -1.68275, 34.59693, 16.33203, 51.55763, 6.91578, 31.7017, 0.49256, -6.26172, 0.49256, -6.26172 ],
							"curve": [ 0.25, 0, 0.623, 0.49 ]
						},
						{
							"time": 2.9333,
							"vertices": [ -0.14721, 28.81367, -6.73869, 27.83095, 10.02472, 46.91202, 5.445, 27.99743, 0.49776, -7.22508, 0.49776, -7.22508 ],
							"curve": [ 0.373, 0.49, 0.75, 1 ]
						},
						{
							"time": 3.5333,
							"vertices": [ -2.79118, 31.24047, -12.19139, 27.56765, 3.22247, 48.93548, 3.85879, 31.0361, 0.50337, -8.26403, 0.50337, -8.26403 ],
							"curve": [ 0.251, 0, 0.622, 0.48 ]
						},
						{
							"time": 4.0666,
							"vertices": [ -0.44144, 29.83532, -7.34549, 28.55323, 9.26774, 47.88878, 5.26848, 29.08717, 0.49839, -7.3407, 0.49839, -7.3407 ],
							"curve": [ 0.371, 0.48, 0.751, 1 ]
						},
						{
							"time": 4.6666,
							"vertices": [ 2.30437, 33.08529, -1.68275, 34.59693, 16.33203, 51.55763, 6.91578, 31.7017, 0.49256, -6.26172, 0.49256, -6.26172 ]
						}
					]
				},
				"wood1": {
					"wood1": [
						{
							"time": 0,
							"offset": 4,
							"vertices": [ 153.07193, 0, 153.07193 ]
						}
					]
				}
			}
		}
	},
	"run": {
		"slots": {
			"bread2": {
				"attachment": [
					{ "time": 0, "name": "bread2" }
				]
			},
			"wood1": {
				"attachment": [
					{ "time": 0, "name": "wood1" }
				]
			}
		},
		"bones": {
			"root": {
				"scale": [
					{ "time": 0, "x": 0.273, "y": 0.273 }
				]
			}
		},
		"deform": {
			"default": {
				"bread2": {
					"bread2": [
						{
							"time": 0,
							"vertices": [ 2.30437, 33.08529, -1.68275, 34.59693, 16.33203, 51.55763, 6.91578, 31.7017, 0.49256, -6.26172, 0.49256, -6.26172 ],
							"curve": [ 0.38, 0.59, 0.728, 1 ]
						},
						{
							"time": 0.2666,
							"vertices": [ 3.32414, 33.4545, 0.42033, 36.0037, 18.95565, 52.08239, 7.52758, 31.8349, 0.4904, -5.86099, 0.4904, -5.86099 ],
							"curve": [ 0, 0.95, 0.187, 1 ]
						},
						{
							"time": 0.5666,
							"vertices": [ 15.01752, 58.99383, 28.12305, 160.69638, 69.73135, 159.19695, 17.14147, 44.23303, 0.46616, -1.37141, 0.46616, -1.37141 ],
							"curve": [ 0.25, 0, 0.75, 1 ]
						},
						{
							"time": 0.8,
							"vertices": [ 7.17757, -12.41919, 16.86783, -24.08789, 39.9188, 31.87916, 17.63194, -15.83151, 6.57906, -2.88234, -2.5289, 3.18968 ],
							"curve": [ 0.381, 0.58, 0.73, 1 ]
						},
						{
							"time": 1,
							"vertices": [ -17.45378, 27.64741, -33.83197, 0.27664, -20.85131, 36.72844, 0.28384, 36.58564, 0.51967, -11.28198, 0.51967, -11.28198 ],
							"curve": [ 0.248, 0, 0.628, 0.51 ]
						},
						{
							"time": 1.3,
							"vertices": [ 5.62932, 5.1977, 9.72488, 28.87535, 32.37324, 18.85469, 10.83347, -13.53797, 0.50239, -8.0816, 0.50239, -8.0816 ],
							"curve": [ 0.25, 0, 0.75, 1 ]
						},
						{
							"time": 1.6,
							"vertices": [ 11.47098, 31.85518, 37.61589, 65.61351, 71.45108, 59.21188, 15.6469, 28.10377, 0.4876, -5.34288, 0.4876, -5.34288 ],
							"curve": [ 0.248, 0, 0.628, 0.51 ]
						},
						{
							"time": 1.9,
							"vertices": [ 9.42099, 7.7243, 27.88948, 14.99804, 47.60791, 33.97739, 16.29497, 10.6121, 0.50399, -6.88796, 0.50399, -6.88796 ],
							"curve": [ 0.358, 0.42, 0.711, 0.82 ]
						},
						{
							"time": 2.3,
							"vertices": [ -8.82392, 28.90178, -23.55243, 9.16207, -14.68833, 43.05194, 2.104, 30.13149, 0.51642, -8.05845, 0.51642, -8.05845 ]
						},
						{
							"time": 2.6666,
							"vertices": [ 10.6569, 14.57666, 41.21078, 33.40633, 52.59936, 31.79937, 17.34641, 8.03145, 0.50309, -6.23983, 0.50309, -6.23983 ]
						},
						{
							"time": 3.0333,
							"vertices": [ 15.26747, 37.19847, 46.66269, 68.98106, 72.06472, 51.85782, 19.94059, 28.94465, 0.491, -4.6464, 0.491, -4.6464 ]
						},
						{
							"time": 3.4,
							"vertices": [ 8.82393, 14.79555, 39.88007, 22.63265, 56.31681, 38.32868, 14.61086, 14.19422, 0.49655, -5.37734, 0.49655, -5.37734 ]
						},
						{
							"time": 3.8,
							"vertices": [ -2.00006, 29.44212, 10.35652, 24.19602, 22.69059, 42.07245, 4.3103, 26.82879, 0.50091, -7.34537, 0.50091, -7.34537 ]
						},
						{
							"time": 4.2666,
							"vertices": [ 0.11195, 23.00272, 5.55579, 23.45971, 25.48751, 31.69065, 8.63649, 11.50052, 0.49721, -7.12323, 0.49721, -7.12323 ]
						},
						{
							"time": 4.7666,
							"vertices": [ 13.90812, 33.4545, 33.50747, 55.45585, 48.80059, 48.84045, 18.11156, 25.35102, 0.4904, -5.86099, 0.4904, -5.86099 ]
						},
						{
							"time": 5.3,
							"vertices": [ 2.2048, 22.35542, 13.87534, 22.54897, 30.63877, 38.33926, 7.79702, 18.24841, 0.49776, -7.22508, 0.49776, -7.22508 ]
						},
						{
							"time": 5.9,
							"vertices": [ -2.79118, 31.24047, -12.19139, 27.56765, 3.22247, 48.93548, 3.85879, 31.0361, 0.50337, -8.26403, 0.50337, -8.26403 ]
						},
						{
							"time": 6.5,
							"vertices": [ -0.44144, 26.30725, -7.34549, 25.02516, 9.26774, 44.36071, 5.26848, 25.5591, 0.49839, -7.3407, 0.49839, -7.3407 ]
						},
						{
							"time": 7.0333,
							"vertices": [ 2.30437, 33.08529, -1.68275, 34.59693, 16.33203, 51.55763, 6.91578, 31.7017, 0.49256, -6.26172, 0.49256, -6.26172 ]
						}
					]
				},
				"wood1": {
					"wood1": [
						{
							"time": 0,
							"offset": 4,
							"vertices": [ 153.07193, 0, 153.07193 ]
						}
					]
				}
			}
		}
	}
}
}