{
"skeleton": { "hash": "EO9O1uaBbhN5FwnhOnv4Sz3IHuw", "spine": "3.4.02", "width": 217.43, "height": 246.77, "images": "./pictures /" },
"bones": [
	{ "name": "root" },
	{ "name": "bone", "parent": "root", "x": 25.99, "y": -289.7 },
	{ "name": "balloon", "parent": "bone", "x": -2.91, "y": 418.59 },
	{ "name": "body", "parent": "bone", "x": -31.39, "y": 114.29 },
	{ "name": "bodycover", "parent": "body", "x": 28.38, "y": -62.03 },
	{ "name": "line2", "parent": "balloon", "x": -5.82, "y": -156.51 },
	{ "name": "tube2", "parent": "body", "x": -70.83, "y": -41.65 }
],
"slots": [
	{ "name": "bodycover", "bone": "bodycover", "attachment": "bodycover" },
	{ "name": "bodycover2", "bone": "bodycover", "blend": "screen" },
	{ "name": "tube2", "bone": "tube2", "attachment": "tube2" },
	{ "name": "tube3", "bone": "tube2", "blend": "screen" },
	{ "name": "line8", "bone": "line2", "attachment": "line" },
	{ "name": "line9", "bone": "line2", "blend": "screen" },
	{ "name": "line5", "bone": "line2", "attachment": "line" },
	{ "name": "line6", "bone": "line2", "blend": "screen" }
],
"skins": {
	"default": {
		"bodycover": {
			"bodycover": { "x": 0.42, "y": 21.4, "scaleX": 0.67, "scaleY": 0.67, "width": 254, "height": 217 }
		},
		"bodycover2": {
			"bodycover": { "x": 0.42, "y": 21.4, "scaleX": 0.67, "scaleY": 0.67, "width": 254, "height": 217 }
		},
		"line5": {
			"line": {
				"type": "mesh",
				"uvs": [ 1, 1, 0, 1, 0, 0, 1, 0 ],
				"triangles": [ 1, 2, 3, 1, 3, 0 ],
				"vertices": [ -2.53, -182.92, -9.2, -182.26, 0.29, -63.99, 6.95, -64.66 ],
				"hull": 4,
				"edges": [ 0, 2, 2, 4, 4, 6, 0, 6 ],
				"width": 10,
				"height": 272
			}
		},
		"line6": {
			"line": {
				"type": "mesh",
				"uvs": [ 1, 1, 0, 1, 0, 0, 1, 0 ],
				"triangles": [ 1, 2, 3, 1, 3, 0 ],
				"vertices": [ -2.53, -182.92, -9.2, -182.26, 0.29, -63.99, 6.95, -64.66 ],
				"hull": 4,
				"edges": [ 0, 2, 2, 4, 4, 6, 0, 6 ],
				"width": 10,
				"height": 272
			}
		},
		"line8": {
			"line": {
				"type": "mesh",
				"uvs": [ 1, 1, 0, 1, 0, 0, 1, 0 ],
				"triangles": [ 1, 2, 3, 1, 3, 0 ],
				"vertices": [ -66.41, -141.01, -72.89, -139.34, -42.92, -14.33, -36.43999, -16 ],
				"hull": 4,
				"edges": [ 0, 2, 2, 4, 4, 6, 0, 6 ],
				"width": 10,
				"height": 272
			}
		},
		"line9": {
			"line": {
				"type": "mesh",
				"uvs": [ 1, 1, 0, 1, 0, 0, 1, 0 ],
				"triangles": [ 1, 2, 3, 1, 3, 0 ],
				"vertices": [ -66.41, -141.01, -72.89, -139.34, -42.92, -14.33, -36.43999, -16 ],
				"hull": 4,
				"edges": [ 0, 2, 2, 4, 4, 6, 0, 6 ],
				"width": 10,
				"height": 272
			}
		},
		"tube2": {
			"tube2": {
				"type": "mesh",
				"uvs": [ 0.99999, 0.28113, 0.71, 0.52814, 0.83228, 0.73715, 0.72956, 1, 0, 1, 1.0E-5, 0.67255, 0.16216, 0.50534, 0.24932, 0.19359, 0.56955, 0, 1, 0 ],
				"triangles": [ 0, 8, 9, 1, 8, 0, 7, 8, 1, 6, 7, 1, 3, 1, 2, 6, 1, 3, 4, 5, 6, 3, 4, 6 ],
				"vertices": [ 34.96, 12.98, 15.34, -8.53, 23.61, -26.73, 16.66, -49.63, -32.7, -49.63, -32.7, -21.11, -21.72, -6.54, -15.82, 20.6, 5.83, 37.46, 34.96, 37.46 ],
				"hull": 10,
				"edges": [ 16, 18, 8, 10, 10, 12, 12, 2, 2, 4, 6, 8, 4, 6, 0, 18, 0, 2, 12, 14, 14, 16 ],
				"width": 101,
				"height": 130
			}
		},
		"tube3": {
			"tube2": {
				"type": "mesh",
				"uvs": [ 0.99999, 0.28113, 0.71, 0.52814, 0.83228, 0.73715, 0.72956, 1, 0, 1, 1.0E-5, 0.67255, 0.16216, 0.50534, 0.24932, 0.19359, 0.56955, 0, 1, 0 ],
				"triangles": [ 0, 8, 9, 1, 8, 0, 7, 8, 1, 6, 7, 1, 3, 1, 2, 6, 1, 3, 4, 5, 6, 3, 4, 6 ],
				"vertices": [ 34.96, 12.98, 15.34, -8.53, 23.61, -26.73, 16.66, -49.63, -32.7, -49.63, -32.7, -21.11, -21.72, -6.54, -15.82, 20.6, 5.83, 37.46, 34.96, 37.46 ],
				"hull": 10,
				"edges": [ 16, 18, 8, 10, 10, 12, 12, 2, 2, 4, 6, 8, 4, 6, 0, 18, 0, 2, 12, 14, 14, 16 ],
				"width": 101,
				"height": 130
			}
		}
	}
},
"animations": {
	"run1": {
		"slots": {
			"bodycover": {
				"color": [
					{ "time": 0, "color": "ffffffff", "curve": "stepped" },
					{ "time": 6.6666, "color": "ffffffff" }
				],
				"attachment": [
					{ "time": 0, "name": "bodycover" },
					{ "time": 6.6666, "name": "bodycover" }
				]
			},
			"bodycover2": {
				"color": [
					{ "time": 0, "color": "ffffffff", "curve": "stepped" },
					{ "time": 6.6666, "color": "ffffffff" }
				],
				"attachment": [
					{ "time": 0, "name": "bodycover" },
					{ "time": 6.6666, "name": "bodycover" }
				]
			},
			"line5": {
				"color": [
					{ "time": 0, "color": "ffffffff", "curve": "stepped" },
					{ "time": 6.6666, "color": "ffffffff" }
				],
				"attachment": [
					{ "time": 0, "name": "line" },
					{ "time": 6.6666, "name": "line" }
				]
			},
			"line6": {
				"color": [
					{ "time": 0, "color": "ffffffff", "curve": "stepped" },
					{ "time": 6.6666, "color": "ffffffff" }
				],
				"attachment": [
					{ "time": 0, "name": "line" },
					{ "time": 6.6666, "name": "line" }
				]
			},
			"line8": {
				"color": [
					{ "time": 0, "color": "ffffffff", "curve": "stepped" },
					{ "time": 6.6666, "color": "ffffffff" }
				],
				"attachment": [
					{ "time": 0, "name": "line" },
					{ "time": 6.6666, "name": "line" }
				]
			},
			"line9": {
				"color": [
					{ "time": 0, "color": "ffffffff", "curve": "stepped" },
					{ "time": 6.6666, "color": "ffffffff" }
				],
				"attachment": [
					{ "time": 0, "name": "line" },
					{ "time": 6.6666, "name": "line" }
				]
			},
			"tube2": {
				"color": [
					{ "time": 0, "color": "ffffffff", "curve": "stepped" },
					{ "time": 6.6666, "color": "ffffffff" }
				],
				"attachment": [
					{ "time": 0, "name": "tube2" },
					{ "time": 6.6666, "name": "tube2" }
				]
			},
			"tube3": {
				"color": [
					{ "time": 0, "color": "ffffffff", "curve": "stepped" },
					{ "time": 6.6666, "color": "ffffffff" }
				],
				"attachment": [
					{ "time": 0, "name": "tube2" },
					{ "time": 6.6666, "name": "tube2" }
				]
			}
		},
		"bones": {
			"balloon": {
				"rotate": [
					{ "time": 0, "angle": 0, "curve": "stepped" },
					{ "time": 6.6666, "angle": 0 }
				],
				"translate": [
					{ "time": 0, "x": 0, "y": 0, "curve": "stepped" },
					{ "time": 6.6666, "x": 0, "y": 0 }
				],
				"scale": [
					{ "time": 0, "x": 1, "y": 1, "curve": "stepped" },
					{ "time": 6.6666, "x": 1, "y": 1 }
				]
			},
			"root": {
				"rotate": [
					{ "time": 0, "angle": 0, "curve": "stepped" },
					{ "time": 6.6666, "angle": 0 }
				],
				"translate": [
					{ "time": 0, "x": 0, "y": 0, "curve": "stepped" },
					{ "time": 6.6666, "x": 0, "y": 0 }
				],
				"scale": [
					{ "time": 0, "x": 1, "y": 1, "curve": "stepped" },
					{ "time": 6.6666, "x": 1, "y": 1 }
				]
			},
			"line2": {
				"rotate": [
					{ "time": 0, "angle": 0, "curve": "stepped" },
					{ "time": 6.6666, "angle": 0 }
				],
				"translate": [
					{ "time": 0, "x": 0, "y": 0, "curve": "stepped" },
					{ "time": 6.6666, "x": 0, "y": 0 }
				],
				"scale": [
					{ "time": 0, "x": 1, "y": 1, "curve": "stepped" },
					{ "time": 6.6666, "x": 1, "y": 1 }
				]
			},
			"body": {
				"rotate": [
					{ "time": 0, "angle": 0, "curve": "stepped" },
					{ "time": 6.6666, "angle": 0 }
				],
				"translate": [
					{
						"time": 0,
						"x": 0,
						"y": 0,
						"curve": [ 0.25, 0, 0.75, 1 ]
					},
					{
						"time": 3.3333,
						"x": 0,
						"y": -3.09,
						"curve": [ 0.248, 0, 0.628, 0.51 ]
					},
					{
						"time": 5.8666,
						"x": 0,
						"y": -0.87,
						"curve": [ 0.34, 0.35, 0.677, 0.7 ]
					},
					{ "time": 6.6666, "x": 0, "y": 0 }
				],
				"scale": [
					{ "time": 0, "x": 1, "y": 1, "curve": "stepped" },
					{ "time": 6.6666, "x": 1, "y": 1 }
				]
			},
			"bone": {
				"rotate": [
					{ "time": 0, "angle": 0, "curve": "stepped" },
					{ "time": 6.6666, "angle": 0 }
				],
				"translate": [
					{
						"time": 0,
						"x": 0,
						"y": 0,
						"curve": [ 0.25, 0, 0.75, 1 ]
					},
					{
						"time": 3.3666,
						"x": 0,
						"y": 15.33,
						"curve": [ 0.249, 0, 0.647, 0.67 ]
					},
					{
						"time": 5.8666,
						"x": 0,
						"y": 2.33,
						"curve": [ 0.354, 0.6, 0.694, 1 ]
					},
					{ "time": 6.6666, "x": 0, "y": 0 }
				],
				"scale": [
					{ "time": 0, "x": 1, "y": 1, "curve": "stepped" },
					{ "time": 6.6666, "x": 1, "y": 1 }
				]
			},
			"tube2": {
				"rotate": [
					{ "time": 0, "angle": 0, "curve": "stepped" },
					{ "time": 6.6666, "angle": 0 }
				],
				"translate": [
					{ "time": 0, "x": 0, "y": 0 },
					{ "time": 0.1333, "x": 0, "y": -0.48 },
					{ "time": 0.2666, "x": 0, "y": 0 },
					{ "time": 0.4, "x": 0, "y": -0.48 },
					{ "time": 0.5333, "x": 0, "y": 0 },
					{ "time": 0.6666, "x": 0, "y": -0.48 },
					{ "time": 0.8, "x": 0, "y": 0 },
					{ "time": 0.9333, "x": 0, "y": -0.48 },
					{ "time": 1.0666, "x": 0, "y": 0 },
					{ "time": 1.2, "x": 0, "y": -0.48 },
					{ "time": 1.3333, "x": 0, "y": 0 },
					{ "time": 1.4666, "x": 0, "y": -0.48 },
					{ "time": 1.6, "x": 0, "y": 0 },
					{ "time": 1.7333, "x": 0, "y": -0.48 },
					{ "time": 1.8666, "x": 0, "y": 0 },
					{ "time": 2, "x": 0, "y": -0.48 },
					{ "time": 2.1333, "x": 0, "y": 0 },
					{ "time": 2.2666, "x": 0, "y": -0.48 },
					{ "time": 2.4, "x": 0, "y": 0 },
					{ "time": 2.5333, "x": 0, "y": -0.48 },
					{ "time": 2.6666, "x": 0, "y": 0 },
					{ "time": 2.8, "x": 0, "y": -0.48 },
					{ "time": 2.9333, "x": 0, "y": 0 },
					{ "time": 3.0666, "x": 0, "y": -0.48 },
					{ "time": 3.2, "x": 0, "y": 0 },
					{ "time": 3.3333, "x": 0, "y": -0.48 },
					{ "time": 3.4666, "x": 0, "y": 0 },
					{ "time": 3.6, "x": 0, "y": -0.48 },
					{ "time": 3.7333, "x": 0, "y": 0 },
					{ "time": 3.8666, "x": 0, "y": -0.48 },
					{ "time": 4, "x": 0, "y": 0 },
					{ "time": 4.1333, "x": 0, "y": -0.48 },
					{ "time": 4.2666, "x": 0, "y": 0 },
					{ "time": 4.4, "x": 0, "y": -0.48 },
					{ "time": 4.5333, "x": 0, "y": 0 },
					{ "time": 4.6666, "x": 0, "y": -0.48 },
					{ "time": 4.8, "x": 0, "y": 0 },
					{ "time": 4.9333, "x": 0, "y": -0.48 },
					{ "time": 5.0666, "x": 0, "y": 0 },
					{ "time": 5.2, "x": 0, "y": -0.48 },
					{ "time": 5.3333, "x": 0, "y": 0 },
					{ "time": 5.4666, "x": 0, "y": -0.48 },
					{ "time": 5.6, "x": 0, "y": 0 },
					{ "time": 5.7333, "x": 0, "y": -0.48 },
					{ "time": 5.8666, "x": 0, "y": 0 },
					{ "time": 6, "x": 0, "y": -0.48 },
					{ "time": 6.1333, "x": 0, "y": 0 },
					{ "time": 6.2666, "x": 0, "y": -0.48 },
					{ "time": 6.4, "x": 0, "y": 0 },
					{ "time": 6.5333, "x": 0, "y": -0.48 },
					{ "time": 6.6666, "x": 0, "y": 0 }
				],
				"scale": [
					{ "time": 0, "x": 1, "y": 1 },
					{ "time": 0.1333, "x": 0.958, "y": 1.009 },
					{ "time": 0.2666, "x": 1, "y": 1 },
					{ "time": 0.4, "x": 0.958, "y": 1.009 },
					{ "time": 0.5333, "x": 1, "y": 1 },
					{ "time": 0.6666, "x": 0.958, "y": 1.009 },
					{ "time": 0.8, "x": 1, "y": 1 },
					{ "time": 0.9333, "x": 0.958, "y": 1.009 },
					{ "time": 1.0666, "x": 1, "y": 1 },
					{ "time": 1.2, "x": 0.958, "y": 1.009 },
					{ "time": 1.3333, "x": 1, "y": 1 },
					{ "time": 1.4666, "x": 0.958, "y": 1.009 },
					{ "time": 1.6, "x": 1, "y": 1 },
					{ "time": 1.7333, "x": 0.958, "y": 1.009 },
					{ "time": 1.8666, "x": 1, "y": 1 },
					{ "time": 2, "x": 0.958, "y": 1.009 },
					{ "time": 2.1333, "x": 1, "y": 1 },
					{ "time": 2.2666, "x": 0.958, "y": 1.009 },
					{ "time": 2.4, "x": 1, "y": 1 },
					{ "time": 2.5333, "x": 0.958, "y": 1.009 },
					{ "time": 2.6666, "x": 1, "y": 1 },
					{ "time": 2.8, "x": 0.958, "y": 1.009 },
					{ "time": 2.9333, "x": 1, "y": 1 },
					{ "time": 3.0666, "x": 0.958, "y": 1.009 },
					{ "time": 3.2, "x": 1, "y": 1 },
					{ "time": 3.3333, "x": 0.958, "y": 1.009 },
					{ "time": 3.4666, "x": 1, "y": 1 },
					{ "time": 3.6, "x": 0.958, "y": 1.009 },
					{ "time": 3.7333, "x": 1, "y": 1 },
					{ "time": 3.8666, "x": 0.958, "y": 1.009 },
					{ "time": 4, "x": 1, "y": 1 },
					{ "time": 4.1333, "x": 0.958, "y": 1.009 },
					{ "time": 4.2666, "x": 1, "y": 1 },
					{ "time": 4.4, "x": 0.958, "y": 1.009 },
					{ "time": 4.5333, "x": 1, "y": 1 },
					{ "time": 4.6666, "x": 0.958, "y": 1.009 },
					{ "time": 4.8, "x": 1, "y": 1 },
					{ "time": 4.9333, "x": 0.958, "y": 1.009 },
					{ "time": 5.0666, "x": 1, "y": 1 },
					{ "time": 5.2, "x": 0.958, "y": 1.009 },
					{ "time": 5.3333, "x": 1, "y": 1 },
					{ "time": 5.4666, "x": 0.958, "y": 1.009 },
					{ "time": 5.6, "x": 1, "y": 1 },
					{ "time": 5.7333, "x": 0.958, "y": 1.009 },
					{ "time": 5.8666, "x": 1, "y": 1 },
					{ "time": 6, "x": 0.958, "y": 1.009 },
					{ "time": 6.1333, "x": 1, "y": 1 },
					{ "time": 6.2666, "x": 0.958, "y": 1.009 },
					{ "time": 6.4, "x": 1, "y": 1 },
					{ "time": 6.5333, "x": 0.958, "y": 1.009 },
					{ "time": 6.6666, "x": 1, "y": 1 }
				]
			},
			"bodycover": {
				"rotate": [
					{ "time": 0, "angle": 0, "curve": "stepped" },
					{ "time": 6.6666, "angle": 0 }
				],
				"translate": [
					{ "time": 0, "x": 0, "y": 0, "curve": "stepped" },
					{ "time": 6.6666, "x": 0, "y": 0 }
				],
				"scale": [
					{ "time": 0, "x": 1, "y": 1, "curve": "stepped" },
					{ "time": 6.6666, "x": 1, "y": 1 }
				]
			}
		},
		"deform": {
			"default": {
				"line5": {
					"line": [
						{
							"time": 0,
							"curve": [ 0.25, 0, 0.75, 1 ]
						},
						{
							"time": 3.3333,
							"vertices": [ -0.26502, -2.65747, -0.26501, -2.65754, -0.36189, 2.03036, -0.36187, 2.03051 ],
							"curve": [ 0.25, 0, 0.75, 1 ]
						},
						{ "time": 6.6666 }
					]
				},
				"line6": {
					"line": [
						{
							"time": 0,
							"curve": [ 0.25, 0, 0.75, 1 ]
						},
						{
							"time": 3.3333,
							"vertices": [ -0.242, -2.66198, -0.242, -2.66198, -0.29499, 2.00599, -0.29499, 2.00599 ],
							"curve": [ 0.25, 0, 0.75, 1 ]
						},
						{ "time": 6.6666 }
					]
				},
				"line8": {
					"line": [
						{
							"time": 0,
							"curve": [ 0.25, 0, 0.75, 1 ]
						},
						{
							"time": 3.3333,
							"vertices": [ -1.02009, -3.94281, -1.02009, -3.9429, -0.24987, 0.64077, -0.24987, 0.64088 ],
							"curve": [ 0.25, 0, 0.75, 1 ]
						},
						{ "time": 6.6666 }
					]
				},
				"line9": {
					"line": [
						{
							"time": 0,
							"curve": [ 0.25, 0, 0.75, 1 ]
						},
						{
							"time": 3.3333,
							"vertices": [ -0.80699, -4.035, -0.80699, -4.035, -0.23, 0.80499, -0.23, 0.80499 ],
							"curve": [ 0.25, 0, 0.75, 1 ]
						},
						{ "time": 6.6666 }
					]
				},
				"tube2": {
					"tube2": [
						{
							"time": 0,
							"vertices": [ 0.51495, 0, 0, 0, 2.60779, 0.60774, 2.60779, 0.60774, -0.19525, -0.36229, -0.19525, -0.36229, 0, 0, 0, 0, 0, 0, 0.77243 ]
						},
						{
							"time": 0.1333,
							"vertices": [ 0.44187, -0.03957, 0.72017, -0.26722, 1.27246, -0.62879, 1.88814, -0.36063, 4.06018, -2.75979, 3.37583, -3.15448, 0.82637, -1.01136, -4.4887, 1.22319, -2.82028, 6.21077, 0.80002, 0.01445 ]
						},
						{
							"time": 0.2666,
							"vertices": [ 0.3688, -0.07914, 1.44034, -0.53445, 2.46446, 3.56206, 3.69582, 4.09837, 3.35232, 5.19402, 1.98363, 4.40464, 1.65274, -2.02272, 2.26093, -2.33836, 5.05596, 10.13385, 0.8276, 1.63689 ]
						},
						{
							"time": 0.4,
							"vertices": [ 0.29572, -0.11872, 2.16052, -0.80168, 1.47773, 0.43852, 3.32478, 1.24299, 5.90759, 2.51566, 3.85455, 1.33159, 2.47911, -3.03409, 2.05425, -5.88478, 2.02582, -3.66226, 0.85519, 0.04335 ]
						},
						{
							"time": 0.5333,
							"vertices": [ 0.22264, -0.15829, 2.88069, -1.0689, 4.57437, 5.59301, 7.0371, 6.66563, 6.97029, 4.51683, 4.23291, 2.93806, 3.30548, -4.04545, 0.50188, -3.06872, 0.46397, -0.63621, 0.88277, 0.0578 ]
						},
						{
							"time": 0.6666,
							"vertices": [ 0.14956, -0.19787, 3.60087, -1.33613, 4.39823, 2.30845, 7.47664, 3.64924, 11.21381, -1.93443, 7.79209, -3.90789, 4.13185, -5.05682, 0.62736, -3.8359, 0.57996, -0.79526, 0.91036, 0.07226 ]
						},
						{
							"time": 0.8,
							"vertices": [ 0.07648, -0.23744, 4.32104, -1.60336, 9.4521, 4.09894, 13.14619, 5.70787, 11.4428, 0.07265, 7.33673, -2.29548, 4.95823, -6.06818, 0.75283, -4.60308, 0.69595, -0.95431, 0.93794, 0.08671 ]
						},
						{
							"time": 0.9333,
							"vertices": [ 0.0308, -0.26217, 4.77115, -1.77037, 8.36103, 1.14569, 12.43992, 2.92223, 14.6044, -3.96653, 10.07061, -6.58135, 5.47471, -6.70029, 0.83125, -5.08257, 0.76845, -1.05372, 0.95519, 0.09574 ]
						},
						{
							"time": 1.0666,
							"vertices": [ -0.01486, -0.28691, 5.22126, -1.93739, 9.76643, 5.46703, 14.23012, 7.41116, 12.42505, -0.72444, 7.46355, -3.58594, 5.99119, -7.33239, 0.90967, -5.56206, 0.84095, -1.15313, 0.97243, 0.10477 ]
						},
						{
							"time": 1.2,
							"vertices": [ -0.01548, -0.26567, 5.06481, -2.14183, 9.19481, 3.26333, 13.17143, 5.12278, 13.05071, -3.88424, 8.66013, -6.54256, 5.81398, -6.85878, 1.00886, -5.73469, 0.77369, -1.08199, 0.89786, 0.09702 ]
						},
						{
							"time": 1.3333,
							"vertices": [ -0.0161, -0.24443, 4.90837, -2.34627, 9.66721, 4.33582, 13.15675, 6.11057, 11.7099, -1.84765, 7.89023, -4.30278, 5.63678, -6.38518, 1.10805, -5.90731, 0.70643, -1.01085, 0.82329, 0.08926 ]
						},
						{
							"time": 1.4666,
							"vertices": [ -0.01672, -0.22318, 4.75192, -2.55071, 7.87153, 0.68646, 10.874, 2.37652, 12.21447, -2.80964, 8.96571, -5.06159, 5.45957, -5.91157, 1.20724, -6.07993, 0.63917, -0.93972, 0.74871, 0.0815 ]
						},
						{
							"time": 1.6,
							"vertices": [ -0.01733, -0.20194, 4.59548, -2.75515, 8.71859, 1.94292, 11.23399, 3.54829, 8.61536, 0.89563, 5.93752, -1.15313, 5.28236, -5.43796, 1.30643, -6.25256, 0.57192, -0.86858, 0.67414, 0.07374 ]
						},
						{
							"time": 1.7333,
							"vertices": [ -0.01795, -0.1807, 4.43903, -2.95959, 7.56846, -0.22183, 9.59678, 1.29883, 8.60216, -1.20758, 6.49523, -3.05316, 5.10516, -4.96436, -7.17997, -6.18545, -2.77812, -1.756, 0.59957, 0.06599 ]
						},
						{
							"time": 1.8666,
							"vertices": [ -0.01857, -0.15946, 4.28259, -3.16403, 7.90188, 1.71825, 9.44313, 3.15423, 5.96983, 0.86325, 4.43382, -0.77913, 4.92795, -4.49075, -3.57716, -2.2418, -0.7726, 6.04967, 0.525, 0.05823 ]
						},
						{
							"time": 2,
							"vertices": [ -0.01919, -0.13822, 4.12614, -3.36847, 6.18665, -1.49516, 7.24083, -0.14387, 5.90462, -1.08931, 4.93952, -2.52851, 4.75074, -4.01715, -3.69894, 3.05594, -2.91266, 11.08849, 0.1979, 2.4471 ]
						},
						{
							"time": 2.1333,
							"vertices": [ -0.01981, -0.11698, 3.9697, -3.57291, 6.15777, 0.19931, 6.72486, 1.4659, 2.21223, 2.66606, 1.81805, 1.43004, 4.57353, -3.54354, 3.63917, -11.29905, 3.20689, -4.21401, 0.37586, 0.04272 ]
						},
						{
							"time": 2.2666,
							"vertices": [ -0.02042, -0.09574, 3.81326, -3.77735, 4.67205, -2.07662, 4.75208, -0.89472, 3.44155, -0.28327, 3.61828, -1.3161, 4.39633, -3.06993, 1.80237, -7.11568, 0.23563, -0.51289, 0.30129, 0.03496 ]
						},
						{
							"time": 2.4,
							"vertices": [ -0.02089, -0.07981, 3.69592, -3.93068, 4.88922, -0.48933, 4.60394, 0.62904, 3.31953, 3.235, 3.92445, 2.35455, 4.26342, -2.71473, 1.87677, -7.24515, 0.18519, -0.45954, 0.24536, 0.02914 ]
						},
						{
							"time": 2.5333,
							"offset": 1,
							"vertices": [ -0.07763, 4.17228, -3.71596, 4.5099, -1.62345, 4.59905, -0.57126, 4.9784, 0.69851, 5.13941, -0.24782, 4.80459, -3.11619, 1.888, -7.09685, 0.18013, -0.53328, 0.25974, 0.02835 ]
						},
						{
							"time": 2.6666,
							"offset": 1,
							"vertices": [ -0.07545, 4.64864, -3.50124, 5.30539, -0.575, 5.76897, 0.41098, 5.89765, 0.71631, 5.61475, -0.2959, 5.34575, -3.51765, 1.89924, -6.94855, 0.17508, -0.60701, 0.27411, 0.02755 ]
						},
						{
							"time": 2.8,
							"vertices": [ 0.02294, -0.07328, 5.12499, -3.28652, 5.0115, -1.31567, 5.84952, -0.39589, 7.55764, -2.43358, 6.83084, -3.51169, 5.88691, -3.91912, 1.91048, -6.80025, 0.17003, -0.68075, 0.28849, 0.02676 ]
						},
						{
							"time": 2.9333,
							"vertices": [ 0.03756, -0.0711, 5.60135, -3.0718, 7.30033, 1.16171, 8.51278, 2.01529, 7.42874, 1.22938, 6.25803, 0.08537, 6.42808, -4.32058, 1.92172, -6.65195, 0.16498, -0.75448, 0.30286, 0.02596 ]
						},
						{
							"time": 3.0666,
							"vertices": [ 0.05217, -0.06892, 6.07771, -2.85707, 6.96502, -1.07587, 8.5519, -0.28849, 9.56084, -1.78007, 7.94622, -2.98997, 6.96924, -4.72204, 1.93295, -6.50365, 0.15993, -0.82822, 0.31724, 0.02517 ]
						},
						{
							"time": 3.2,
							"vertices": [ 0.06679, -0.06675, 6.55407, -2.64235, 10.97554, 1.81113, 10.84888, 1.83629, 10.1877, -1.44104, 8.12917, -2.71683, 7.51041, -5.12351, 1.94419, -6.35535, 0.15488, -0.90195, 0.33161, 0.02437 ]
						},
						{
							"time": 3.3333,
							"vertices": [ 0.0814, -0.06457, 7.03042, -2.42763, 11.08684, 1.25847, 11.60403, 1.30724, 11.96349, -3.65934, 9.46106, -5.00102, 8.05157, -5.52497, 1.95543, -6.20705, 0.14983, -0.97569, 0.34598, 0.02358 ]
						},
						{
							"time": 3.4666,
							"vertices": [ 0.09602, -0.06239, 7.50678, -2.21291, 11.96308, 3.23725, 13.12411, 3.30963, 11.93037, -3.59876, 8.98403, -5.00633, 8.59274, -5.92643, -5.26932, -8.87276, -7.8952, 3.37255, 0.36036, 0.02278 ]
						},
						{
							"time": 3.6,
							"vertices": [ 0.53009, -0.45835, 7.98314, -1.99819, 12.43078, 1.7948, 14.23566, 1.89079, 14.25756, -5.04454, 10.86732, -6.51801, 9.1339, -6.32789, -0.53892, -3.91975, -2.37709, 11.61727, 0.37473, 2.41081 ]
						},
						{
							"time": 3.7333,
							"vertices": [ 0.12524, -0.05804, 8.4595, -1.78347, 14.29048, 4.45722, 16.73921, 4.57682, 14.31364, -4.26389, 10.47948, -5.80325, 9.67507, -6.72936, 5.20513, -8.17414, 2.54668, -5.21688, 0.38911, 0.02119 ]
						},
						{
							"time": 3.8666,
							"vertices": [ 0.13986, -0.05586, 8.93585, -1.56875, 14.02385, 1.27678, 17.11643, 1.42, 16.85914, -6.28039, 12.58108, -7.88564, 10.21623, -7.13082, 2.00038, -5.61386, 0.12963, -1.27063, 0.40348, 0.0204 ]
						},
						{
							"time": 4,
							"vertices": [ 0.15447, -0.05369, 9.41221, -1.35403, 14.60039, 3.59624, 18.33683, 3.76307, 17.02232, -4.45095, 12.30034, -6.12209, 10.7574, -7.53228, 2.01162, -5.46556, 0.12458, -1.34436, 0.41786, 0.0196 ]
						},
						{
							"time": 4.1333,
							"vertices": [ 0.16909, -0.05151, 9.88857, -1.1393, 14.63009, 1.45792, 19.01037, 1.64836, 20.09915, -7.13901, 14.93327, -8.87603, 11.29856, -7.93374, 2.02286, -5.31726, 0.11953, -1.4181, 0.43223, 0.01881 ]
						},
						{
							"time": 4.2666,
							"vertices": [ 0.19679, -0.04738, 9.81055, -0.90166, 15.56327, 5.31809, 20.3164, 5.54967, 19.08922, -5.59009, 13.73435, -7.37832, 11.29442, -7.99942, 2.04416, -5.0361, 0.10995, -1.55789, 0.45948, 0.0173 ]
						},
						{
							"time": 4.4,
							"vertices": [ 0.26377, -0.03741, 8.06942, -0.59524, 10.44095, 2.09483, 14.75389, 2.42013, 17.12686, -6.32698, 12.34771, -8.12237, 9.65439, -7.05772, 2.09567, -4.3564, 0.0868, -1.89584, 0.52537, 0.01366 ]
						},
						{
							"time": 4.5333,
							"vertices": [ 0.33076, -0.02743, 6.32829, -0.28882, 11.43424, 5.49662, 15.30699, 5.91564, 13.31254, -1.48948, 9.10912, -3.29203, 8.01436, -6.11603, 2.14717, -3.6767, 0.06365, -2.23379, 0.59125, 0.01001 ]
						},
						{
							"time": 4.6666,
							"vertices": [ 0.39774, -0.01745, 4.58717, 0.01759, 7.29013, 3.2489, 10.72269, 3.76164, 13.21201, -4.62921, 9.58431, -6.43892, 6.37433, -5.17434, 2.19868, -2.99699, 0.04051, -2.57174, 0.65713 ]
						},
						{
							"time": 4.8,
							"vertices": [ 0.46472, -0.00748, 2.84603, 0.32401, 7.73909, 6.29958, 10.73146, 6.90604, 9.56238, -0.65213, 6.51041, -2.46899, 4.73429, -4.23265, 2.25018, -2.31728, 0.01736, -2.90969, 0.72302 ]
						},
						{
							"time": 4.9333,
							"vertices": [ 0.51495, 0, 1.54019, 0.55383, 5.03083, 3.10661, 7.69306, 3.78337, 8.04315, -2.54131, 5.42297, -4.36354, 3.50427, -3.52638, 2.28881, -1.80751, 0, -3.16316, 0.77243 ]
						},
						{
							"time": 5.0666,
							"vertices": [ 0.48143, -4.0E-5, 1.48372, -0.85399, 7.62017, 4.08444, 7.90787, 4.56864, 2.34106, 4.40827, 0.99613, 3.27679, 1.14514, -1.73921, -11.15262, -4.11335, -6.04999, 4.356, 0.72218 ]
						},
						{
							"time": 5.2,
							"vertices": [ 0.46726, -4.0E-5, 2.11146, -1.21527, 3.32471, 0.51596, 3.73412, 1.20501, 6.97706, -1.87536, 5.06313, -3.48555, 1.62963, -2.47502, -2.71528, 5.73922, 2.5251, 9.82669, 3.22607, 1.19839 ]
						},
						{
							"time": 5.3333,
							"vertices": [ 0.44836, -3.0E-5, 2.94846, -1.69698, 5.5966, 4.04567, 6.1683, 5.00786, 6.6006, 3.02104, 3.92798, 0.77257, 2.27561, -3.45612, 0.92386, 1.475, 7.98598, 8.22798, 0.67258 ]
						},
						{
							"time": 5.4666,
							"vertices": [ 0.42947, -2.0E-5, 3.78546, -2.17869, 4.39563, 1.9135, 5.12963, 3.14883, 10.45779, -1.0445, 7.02649, -3.93125, 2.92159, -4.43721, 2.07978, -8.63434, 1.51509, -2.87609, 0.64423 ]
						},
						{
							"time": 5.6,
							"vertices": [ 0.41058, -1.0E-5, 4.62245, -2.66039, 7.27997, 4.05224, 8.17626, 5.56071, 10.91234, 0.34214, 6.72237, -3.18287, 3.56757, -5.41831, 0.68958, -5.27541, 0, 0, 0.61589 ]
						},
						{
							"time": 5.7333,
							"vertices": [ 0.39169, -1.0E-5, 5.45945, -3.1421, 8.1354, 2.8023, 9.19397, 4.5839, 13.30164, -1.84135, 8.35299, -6.00464, 4.21355, -6.3994, 0.81445, -6.23063, 0, 0, 0.58754 ]
						},
						{
							"time": 5.8666,
							"vertices": [ 0.3728, 0, 6.29644, -3.62381, 11.21317, 5.11347, 12.43404, 7.16821, 12.98663, -0.13662, 7.2793, -4.93819, 4.85953, -7.3805, 0.93931, -7.18586, 0, 0, 0.5592 ]
						},
						{
							"time": 6,
							"vertices": [ 0.35863, 0, 6.92419, -3.98509, 13.00698, 2.21635, 14.34957, 4.47595, 13.26488, -2.45954, 6.98854, -7.73981, 5.34401, -8.11632, 1.03296, -7.90227, 0, 0, 0.53794 ],
							"curve": [ 0.27, 0, 0.616, 0.32 ]
						},
						{
							"time": 6.1333,
							"vertices": [ 0.36869, 0, 6.47833, -3.72848, 12.04335, 4.46476, 13.29948, 6.57886, 11.81015, -0.5605, 5.93796, -5.50076, 4.9999, -7.59369, 0.96645, -7.39342, 0, 0, 0.55304 ],
							"curve": [ 0.315, 0.23, 0.655, 0.56 ]
						},
						{
							"time": 6.2666,
							"vertices": [ 0.38595, 0, 5.71391, -3.28853, 10.00964, 1.97122, 11.11755, 3.83586, 11.92742, -1.41076, 6.74813, -5.76809, 4.40993, -6.69766, 0.85241, -6.52103, 0, 0, 0.57893 ],
							"curve": [ 0.336, 0.27, 0.676, 0.6 ]
						},
						{
							"time": 6.4,
							"vertices": [ 0.41198, 0, 4.56088, -2.62493, 9.398, 4.34208, 10.28234, 5.83045, 9.18715, 1.1528, 5.053, -2.32525, 3.52004, -5.34612, 0.6804, -5.20513, 0, 0, 0.61797 ],
							"curve": [ 0.358, 0.28, 0.698, 0.61 ]
						},
						{
							"time": 6.5333,
							"vertices": [ 0.45058, 0, 2.85142, -1.64108, 5.31907, 2.94241, 5.87195, 3.87293, 7.20439, -0.28862, 4.61976, -2.46306, 2.20069, -3.34234, 0.42538, -3.2542, 0, 0, 0.67587 ],
							"curve": [ 0.394, 0.29, 0.737, 0.62 ]
						},
						{
							"time": 6.6666,
							"vertices": [ 0.51495, 0, 0, 0, 2.60779, 0.60774, 2.60779, 0.60774, -0.19525, -0.36229, -0.19525, -0.36229, 0, 0, 0, 0, 0, 0, 0.77243 ]
						}
					]
				},
				"tube3": {
					"tube2": [
						{
							"time": 0,
							"vertices": [ 0.51495, 0, 0, 0, 2.60779, 0.60774, 2.60779, 0.60774, -0.19525, -0.36229, -0.19525, -0.36229, 0, 0, 0, 0, 0, 0, 0.77243 ]
						},
						{
							"time": 0.1333,
							"vertices": [ 0.44187, -0.03957, 0.72017, -0.26722, 1.27246, -0.62879, 1.88814, -0.36063, 4.06018, -2.75979, 3.37583, -3.15448, 0.82637, -1.01136, -4.4887, 1.22319, -2.82028, 6.21077, 0.80002, 0.01445 ]
						},
						{
							"time": 0.2666,
							"vertices": [ 0.3688, -0.07914, 1.44034, -0.53445, 2.46446, 3.56206, 3.69582, 4.09837, 3.35232, 5.19402, 1.98363, 4.40464, 1.65274, -2.02272, 2.26093, -2.33836, 5.05596, 10.13385, 0.8276, 1.63689 ]
						},
						{
							"time": 0.4,
							"vertices": [ 0.29572, -0.11872, 2.16052, -0.80168, 1.47773, 0.43852, 3.32478, 1.24299, 5.90759, 2.51566, 3.85455, 1.33159, 2.47911, -3.03409, 2.05425, -5.88478, 2.02582, -3.66226, 0.85519, 0.04335 ]
						},
						{
							"time": 0.5333,
							"vertices": [ 0.22264, -0.15829, 2.88069, -1.0689, 4.57437, 5.59301, 7.0371, 6.66563, 6.97029, 4.51683, 4.23291, 2.93806, 3.30548, -4.04545, 0.50188, -3.06872, 0.46397, -0.63621, 0.88277, 0.0578 ]
						},
						{
							"time": 0.6666,
							"vertices": [ 0.14956, -0.19787, 3.60087, -1.33613, 4.39823, 2.30845, 7.47664, 3.64924, 11.21381, -1.93443, 7.79209, -3.90789, 4.13185, -5.05682, 0.62736, -3.8359, 0.57996, -0.79526, 0.91036, 0.07226 ]
						},
						{
							"time": 0.8,
							"vertices": [ 0.07648, -0.23744, 4.32104, -1.60336, 9.4521, 4.09894, 13.14619, 5.70787, 11.4428, 0.07265, 7.33673, -2.29548, 4.95823, -6.06818, 0.75283, -4.60308, 0.69595, -0.95431, 0.93794, 0.08671 ]
						},
						{
							"time": 0.9333,
							"vertices": [ 0.0308, -0.26217, 4.77115, -1.77037, 8.36103, 1.14569, 12.43992, 2.92223, 14.6044, -3.96653, 10.07061, -6.58135, 5.47471, -6.70029, 0.83125, -5.08257, 0.76845, -1.05372, 0.95519, 0.09574 ]
						},
						{
							"time": 1.0666,
							"vertices": [ -0.01486, -0.28691, 5.22126, -1.93739, 9.76643, 5.46703, 14.23012, 7.41116, 12.42505, -0.72444, 7.46355, -3.58594, 5.99119, -7.33239, 0.90967, -5.56206, 0.84095, -1.15313, 0.97243, 0.10477 ]
						},
						{
							"time": 1.2,
							"vertices": [ -0.01548, -0.26567, 5.06481, -2.14183, 9.19481, 3.26333, 13.17143, 5.12278, 13.05071, -3.88424, 8.66013, -6.54256, 5.81398, -6.85878, 1.00886, -5.73469, 0.77369, -1.08199, 0.89786, 0.09702 ]
						},
						{
							"time": 1.3333,
							"vertices": [ -0.0161, -0.24443, 4.90837, -2.34627, 9.66721, 4.33582, 13.15675, 6.11057, 11.7099, -1.84765, 7.89023, -4.30278, 5.63678, -6.38518, 1.10805, -5.90731, 0.70643, -1.01085, 0.82329, 0.08926 ]
						},
						{
							"time": 1.4666,
							"vertices": [ -0.01672, -0.22318, 4.75192, -2.55071, 7.87153, 0.68646, 10.874, 2.37652, 12.21447, -2.80964, 8.96571, -5.06159, 5.45957, -5.91157, 1.20724, -6.07993, 0.63917, -0.93972, 0.74871, 0.0815 ]
						},
						{
							"time": 1.6,
							"vertices": [ -0.01733, -0.20194, 4.59548, -2.75515, 8.71859, 1.94292, 11.23399, 3.54829, 8.61536, 0.89563, 5.93752, -1.15313, 5.28236, -5.43796, 1.30643, -6.25256, 0.57192, -0.86858, 0.67414, 0.07374 ]
						},
						{
							"time": 1.7333,
							"vertices": [ -0.01795, -0.1807, 4.43903, -2.95959, 7.56846, -0.22183, 9.59678, 1.29883, 8.60216, -1.20758, 6.49523, -3.05316, 5.10516, -4.96436, -7.17997, -6.18545, -2.77812, -1.756, 0.59957, 0.06599 ]
						},
						{
							"time": 1.8666,
							"vertices": [ -0.01857, -0.15946, 4.28259, -3.16403, 7.90188, 1.71825, 9.44313, 3.15423, 5.96983, 0.86325, 4.43382, -0.77913, 4.92795, -4.49075, -3.57716, -2.2418, -0.7726, 6.04967, 0.525, 0.05823 ]
						},
						{
							"time": 2,
							"vertices": [ -0.01919, -0.13822, 4.12614, -3.36847, 6.18665, -1.49516, 7.24083, -0.14387, 5.90462, -1.08931, 4.93952, -2.52851, 4.75074, -4.01715, -3.69894, 3.05594, -2.91266, 11.08849, 0.1979, 2.4471 ]
						},
						{
							"time": 2.1333,
							"vertices": [ -0.01981, -0.11698, 3.9697, -3.57291, 6.15777, 0.19931, 6.72486, 1.4659, 2.21223, 2.66606, 1.81805, 1.43004, 4.57353, -3.54354, 3.63917, -11.29905, 3.20689, -4.21401, 0.37586, 0.04272 ]
						},
						{
							"time": 2.2666,
							"vertices": [ -0.02042, -0.09574, 3.81326, -3.77735, 4.67205, -2.07662, 4.75208, -0.89472, 3.44155, -0.28327, 3.61828, -1.3161, 4.39633, -3.06993, 1.80237, -7.11568, 0.23563, -0.51289, 0.30129, 0.03496 ]
						},
						{
							"time": 2.4,
							"vertices": [ -0.02089, -0.07981, 3.69592, -3.93068, 4.88922, -0.48933, 4.60394, 0.62904, 3.31953, 3.235, 3.92445, 2.35455, 4.26342, -2.71473, 1.87677, -7.24515, 0.18519, -0.45954, 0.24536, 0.02914 ]
						},
						{
							"time": 2.5333,
							"offset": 1,
							"vertices": [ -0.07763, 4.17228, -3.71596, 4.5099, -1.62345, 4.59905, -0.57126, 4.9784, 0.69851, 5.13941, -0.24782, 4.80459, -3.11619, 1.888, -7.09685, 0.18013, -0.53328, 0.25974, 0.02835 ]
						},
						{
							"time": 2.6666,
							"offset": 1,
							"vertices": [ -0.07545, 4.64864, -3.50124, 5.30539, -0.575, 5.76897, 0.41098, 5.89765, 0.71631, 5.61475, -0.2959, 5.34575, -3.51765, 1.89924, -6.94855, 0.17508, -0.60701, 0.27411, 0.02755 ]
						},
						{
							"time": 2.8,
							"vertices": [ 0.02294, -0.07328, 5.12499, -3.28652, 5.0115, -1.31567, 5.84952, -0.39589, 7.55764, -2.43358, 6.83084, -3.51169, 5.88691, -3.91912, 1.91048, -6.80025, 0.17003, -0.68075, 0.28849, 0.02676 ]
						},
						{
							"time": 2.9333,
							"vertices": [ 0.03756, -0.0711, 5.60135, -3.0718, 7.30033, 1.16171, 8.51278, 2.01529, 7.42874, 1.22938, 6.25803, 0.08537, 6.42808, -4.32058, 1.92172, -6.65195, 0.16498, -0.75448, 0.30286, 0.02596 ]
						},
						{
							"time": 3.0666,
							"vertices": [ 0.05217, -0.06892, 6.07771, -2.85707, 6.96502, -1.07587, 8.5519, -0.28849, 9.56084, -1.78007, 7.94622, -2.98997, 6.96924, -4.72204, 1.93295, -6.50365, 0.15993, -0.82822, 0.31724, 0.02517 ]
						},
						{
							"time": 3.2,
							"vertices": [ 0.06679, -0.06675, 6.55407, -2.64235, 10.97554, 1.81113, 10.84888, 1.83629, 10.1877, -1.44104, 8.12917, -2.71683, 7.51041, -5.12351, 1.94419, -6.35535, 0.15488, -0.90195, 0.33161, 0.02437 ]
						},
						{
							"time": 3.3333,
							"vertices": [ 0.0814, -0.06457, 7.03042, -2.42763, 11.08684, 1.25847, 11.60403, 1.30724, 11.96349, -3.65934, 9.46106, -5.00102, 8.05157, -5.52497, 1.95543, -6.20705, 0.14983, -0.97569, 0.34598, 0.02358 ]
						},
						{
							"time": 3.4666,
							"vertices": [ 0.09602, -0.06239, 7.50678, -2.21291, 11.96308, 3.23725, 13.12411, 3.30963, 11.93037, -3.59876, 8.98403, -5.00633, 8.59274, -5.92643, -5.26932, -8.87276, -7.8952, 3.37255, 0.36036, 0.02278 ]
						},
						{
							"time": 3.6,
							"vertices": [ 0.53009, -0.45835, 7.98314, -1.99819, 12.43078, 1.7948, 14.23566, 1.89079, 14.25756, -5.04454, 10.86732, -6.51801, 9.1339, -6.32789, -0.53892, -3.91975, -2.37709, 11.61727, 0.37473, 2.41081 ]
						},
						{
							"time": 3.7333,
							"vertices": [ 0.12524, -0.05804, 8.4595, -1.78347, 14.29048, 4.45722, 16.73921, 4.57682, 14.31364, -4.26389, 10.47948, -5.80325, 9.67507, -6.72936, 5.20513, -8.17414, 2.54668, -5.21688, 0.38911, 0.02119 ]
						},
						{
							"time": 3.8666,
							"vertices": [ 0.13986, -0.05586, 8.93585, -1.56875, 14.02385, 1.27678, 17.11643, 1.42, 16.85914, -6.28039, 12.58108, -7.88564, 10.21623, -7.13082, 2.00038, -5.61386, 0.12963, -1.27063, 0.40348, 0.0204 ]
						},
						{
							"time": 4,
							"vertices": [ 0.15447, -0.05369, 9.41221, -1.35403, 14.60039, 3.59624, 18.33683, 3.76307, 17.02232, -4.45095, 12.30034, -6.12209, 10.7574, -7.53228, 2.01162, -5.46556, 0.12458, -1.34436, 0.41786, 0.0196 ]
						},
						{
							"time": 4.1333,
							"vertices": [ 0.16909, -0.05151, 9.88857, -1.1393, 14.63009, 1.45792, 19.01037, 1.64836, 20.09915, -7.13901, 14.93327, -8.87603, 11.29856, -7.93374, 2.02286, -5.31726, 0.11953, -1.4181, 0.43223, 0.01881 ]
						},
						{
							"time": 4.2666,
							"vertices": [ 0.19679, -0.04738, 9.81055, -0.90166, 15.56327, 5.31809, 20.3164, 5.54967, 19.08922, -5.59009, 13.73435, -7.37832, 11.29442, -7.99942, 2.04416, -5.0361, 0.10995, -1.55789, 0.45948, 0.0173 ]
						},
						{
							"time": 4.4,
							"vertices": [ 0.26377, -0.03741, 8.06942, -0.59524, 10.44095, 2.09483, 14.75389, 2.42013, 17.12686, -6.32698, 12.34771, -8.12237, 9.65439, -7.05772, 2.09567, -4.3564, 0.0868, -1.89584, 0.52537, 0.01366 ]
						},
						{
							"time": 4.5333,
							"vertices": [ 0.33076, -0.02743, 6.32829, -0.28882, 11.43424, 5.49662, 15.30699, 5.91564, 13.31254, -1.48948, 9.10912, -3.29203, 8.01436, -6.11603, 2.14717, -3.6767, 0.06365, -2.23379, 0.59125, 0.01001 ]
						},
						{
							"time": 4.6666,
							"vertices": [ 0.39774, -0.01745, 4.58717, 0.01759, 7.29013, 3.2489, 10.72269, 3.76164, 13.21201, -4.62921, 9.58431, -6.43892, 6.37433, -5.17434, 2.19868, -2.99699, 0.04051, -2.57174, 0.65713 ]
						},
						{
							"time": 4.8,
							"vertices": [ 0.46472, -0.00748, 2.84603, 0.32401, 7.73909, 6.29958, 10.73146, 6.90604, 9.56238, -0.65213, 6.51041, -2.46899, 4.73429, -4.23265, 2.25018, -2.31728, 0.01736, -2.90969, 0.72302 ]
						},
						{
							"time": 4.9333,
							"vertices": [ 0.51495, 0, 1.54019, 0.55383, 5.03083, 3.10661, 7.69306, 3.78337, 8.04315, -2.54131, 5.42297, -4.36354, 3.50427, -3.52638, 2.28881, -1.80751, 0, -3.16316, 0.77243 ]
						},
						{
							"time": 5.0666,
							"vertices": [ 0.48143, -4.0E-5, 1.48372, -0.85399, 7.62017, 4.08444, 7.90787, 4.56864, 2.34106, 4.40827, 0.99613, 3.27679, 1.14514, -1.73921, -11.15262, -4.11335, -6.04999, 4.356, 0.72218 ]
						},
						{
							"time": 5.2,
							"vertices": [ 0.46726, -4.0E-5, 2.11146, -1.21527, 3.32471, 0.51596, 3.73412, 1.20501, 6.97706, -1.87536, 5.06313, -3.48555, 1.62963, -2.47502, -2.71528, 5.73922, 2.5251, 9.82669, 3.22607, 1.19839 ]
						},
						{
							"time": 5.3333,
							"vertices": [ 0.44836, -3.0E-5, 2.94846, -1.69698, 5.5966, 4.04567, 6.1683, 5.00786, 6.6006, 3.02104, 3.92798, 0.77257, 2.27561, -3.45612, 0.92386, 1.475, 7.98598, 8.22798, 0.67258 ]
						},
						{
							"time": 5.4666,
							"vertices": [ 0.42947, -2.0E-5, 3.78546, -2.17869, 4.39563, 1.9135, 5.12963, 3.14883, 10.45779, -1.0445, 7.02649, -3.93125, 2.92159, -4.43721, 2.07978, -8.63434, 1.51509, -2.87609, 0.64423 ]
						},
						{
							"time": 5.6,
							"vertices": [ 0.41058, -1.0E-5, 4.62245, -2.66039, 7.27997, 4.05224, 8.17626, 5.56071, 10.91234, 0.34214, 6.72237, -3.18287, 3.56757, -5.41831, 0.68958, -5.27541, 0, 0, 0.61589 ]
						},
						{
							"time": 5.7333,
							"vertices": [ 0.39169, -1.0E-5, 5.45945, -3.1421, 8.1354, 2.8023, 9.19397, 4.5839, 13.30164, -1.84135, 8.35299, -6.00464, 4.21355, -6.3994, 0.81445, -6.23063, 0, 0, 0.58754 ]
						},
						{
							"time": 5.8666,
							"vertices": [ 0.3728, 0, 6.29644, -3.62381, 11.21317, 5.11347, 12.43404, 7.16821, 12.98663, -0.13662, 7.2793, -4.93819, 4.85953, -7.3805, 0.93931, -7.18586, 0, 0, 0.5592 ]
						},
						{
							"time": 6,
							"vertices": [ 0.35863, 0, 6.92419, -3.98509, 13.00698, 2.21635, 14.34957, 4.47595, 13.26488, -2.45954, 6.98854, -7.73981, 5.34401, -8.11632, 1.03296, -7.90227, 0, 0, 0.53794 ],
							"curve": [ 0.27, 0, 0.616, 0.32 ]
						},
						{
							"time": 6.1333,
							"vertices": [ 0.36869, 0, 6.47833, -3.72848, 12.04335, 4.46476, 13.29948, 6.57886, 11.81015, -0.5605, 5.93796, -5.50076, 4.9999, -7.59369, 0.96645, -7.39342, 0, 0, 0.55304 ],
							"curve": [ 0.315, 0.23, 0.655, 0.56 ]
						},
						{
							"time": 6.2666,
							"vertices": [ 0.38595, 0, 5.71391, -3.28853, 10.00964, 1.97122, 11.11755, 3.83586, 11.92742, -1.41076, 6.74813, -5.76809, 4.40993, -6.69766, 0.85241, -6.52103, 0, 0, 0.57893 ],
							"curve": [ 0.336, 0.27, 0.676, 0.6 ]
						},
						{
							"time": 6.4,
							"vertices": [ 0.41198, 0, 4.56088, -2.62493, 9.398, 4.34208, 10.28234, 5.83045, 9.18715, 1.1528, 5.053, -2.32525, 3.52004, -5.34612, 0.6804, -5.20513, 0, 0, 0.61797 ],
							"curve": [ 0.358, 0.28, 0.698, 0.61 ]
						},
						{
							"time": 6.5333,
							"vertices": [ 0.45058, 0, 2.85142, -1.64108, 5.31907, 2.94241, 5.87195, 3.87293, 7.20439, -0.28862, 4.61976, -2.46306, 2.20069, -3.34234, 0.42538, -3.2542, 0, 0, 0.67587 ],
							"curve": [ 0.394, 0.29, 0.737, 0.62 ]
						},
						{
							"time": 6.6666,
							"vertices": [ 0.51495, 0, 0, 0, 2.60779, 0.60774, 2.60779, 0.60774, -0.19525, -0.36229, -0.19525, -0.36229, 0, 0, 0, 0, 0, 0, 0.77243 ]
						}
					]
				}
			}
		},
		"drawOrder": [
			{ "time": 0 },
			{ "time": 0.6666 },
			{ "time": 1.2 },
			{ "time": 2.2666 },
			{ "time": 2.8 },
			{ "time": 3.8666 },
			{ "time": 4.4 },
			{ "time": 5.4666 },
			{ "time": 6.6666 }
		]
	},
	"run2": {
		"slots": {
			"bodycover": {
				"color": [
					{ "time": 0, "color": "ffffffff", "curve": "stepped" },
					{ "time": 6.6666, "color": "ffffffff" }
				],
				"attachment": [
					{ "time": 0, "name": "bodycover" },
					{ "time": 6.6666, "name": "bodycover" }
				]
			},
			"bodycover2": {
				"color": [
					{ "time": 0, "color": "ffffffff", "curve": "stepped" },
					{ "time": 6.6666, "color": "ffffffff" }
				],
				"attachment": [
					{ "time": 0, "name": null }
				]
			},
			"line5": {
				"color": [
					{ "time": 0, "color": "ffffffff", "curve": "stepped" },
					{ "time": 6.6666, "color": "ffffffff" }
				],
				"attachment": [
					{ "time": 0, "name": "line" },
					{ "time": 6.6666, "name": "line" }
				]
			},
			"line6": {
				"color": [
					{ "time": 0, "color": "ffffffff", "curve": "stepped" },
					{ "time": 6.6666, "color": "ffffffff" }
				],
				"attachment": [
					{ "time": 0, "name": null }
				]
			},
			"line8": {
				"color": [
					{ "time": 0, "color": "ffffffff", "curve": "stepped" },
					{ "time": 6.6666, "color": "ffffffff" }
				],
				"attachment": [
					{ "time": 0, "name": "line" },
					{ "time": 6.6666, "name": "line" }
				]
			},
			"line9": {
				"color": [
					{ "time": 0, "color": "ffffffff", "curve": "stepped" },
					{ "time": 6.6666, "color": "ffffffff" }
				],
				"attachment": [
					{ "time": 0, "name": null }
				]
			},
			"tube2": {
				"color": [
					{ "time": 0, "color": "ffffffff", "curve": "stepped" },
					{ "time": 6.6666, "color": "ffffffff" }
				],
				"attachment": [
					{ "time": 0, "name": "tube2" },
					{ "time": 6.6666, "name": "tube2" }
				]
			},
			"tube3": {
				"color": [
					{ "time": 0, "color": "ffffffff", "curve": "stepped" },
					{ "time": 6.6666, "color": "ffffffff" }
				],
				"attachment": [
					{ "time": 0, "name": null }
				]
			}
		},
		"bones": {
			"balloon": {
				"rotate": [
					{ "time": 0, "angle": 0, "curve": "stepped" },
					{ "time": 6.6666, "angle": 0 }
				],
				"translate": [
					{ "time": 0, "x": 0, "y": 0, "curve": "stepped" },
					{ "time": 6.6666, "x": 0, "y": 0 }
				],
				"scale": [
					{ "time": 0, "x": 1, "y": 1, "curve": "stepped" },
					{ "time": 6.6666, "x": 1, "y": 1 }
				]
			},
			"root": {
				"rotate": [
					{ "time": 0, "angle": 0, "curve": "stepped" },
					{ "time": 6.6666, "angle": 0 }
				],
				"translate": [
					{ "time": 0, "x": 0, "y": 0, "curve": "stepped" },
					{ "time": 6.6666, "x": 0, "y": 0 }
				],
				"scale": [
					{ "time": 0, "x": 1, "y": 1, "curve": "stepped" },
					{ "time": 6.6666, "x": 1, "y": 1 }
				]
			},
			"line2": {
				"rotate": [
					{ "time": 0, "angle": 0, "curve": "stepped" },
					{ "time": 6.6666, "angle": 0 }
				],
				"translate": [
					{ "time": 0, "x": 0, "y": 0, "curve": "stepped" },
					{ "time": 6.6666, "x": 0, "y": 0 }
				],
				"scale": [
					{ "time": 0, "x": 1, "y": 1, "curve": "stepped" },
					{ "time": 6.6666, "x": 1, "y": 1 }
				]
			},
			"body": {
				"rotate": [
					{ "time": 0, "angle": 0, "curve": "stepped" },
					{ "time": 6.6666, "angle": 0 }
				],
				"translate": [
					{
						"time": 0,
						"x": 0,
						"y": -0.33,
						"curve": [ 0.25, 0, 0.75, 1 ]
					},
					{
						"time": 3.3333,
						"x": 0,
						"y": -3.09,
						"curve": [ 0.248, 0, 0.628, 0.51 ]
					},
					{
						"time": 5.8666,
						"x": 0,
						"y": -0.87,
						"curve": [ 0.34, 0.35, 0.677, 0.7 ]
					},
					{ "time": 6.6666, "x": 0, "y": 0 }
				],
				"scale": [
					{ "time": 0, "x": 1, "y": 1, "curve": "stepped" },
					{ "time": 6.6666, "x": 1, "y": 1 }
				]
			},
			"bone": {
				"rotate": [
					{ "time": 0, "angle": 0, "curve": "stepped" },
					{ "time": 6.6666, "angle": 0 }
				],
				"translate": [
					{
						"time": 0,
						"x": 0,
						"y": 0,
						"curve": [ 0.25, 0, 0.75, 1 ]
					},
					{
						"time": 3.3666,
						"x": 0,
						"y": 15.33,
						"curve": [ 0.249, 0, 0.647, 0.67 ]
					},
					{
						"time": 5.8666,
						"x": 0,
						"y": 2.33,
						"curve": [ 0.354, 0.6, 0.694, 1 ]
					},
					{ "time": 6.6666, "x": 0, "y": 0 }
				],
				"scale": [
					{ "time": 0, "x": 1, "y": 1, "curve": "stepped" },
					{ "time": 6.6666, "x": 1, "y": 1 }
				]
			},
			"tube2": {
				"rotate": [
					{ "time": 0, "angle": 0, "curve": "stepped" },
					{ "time": 6.6666, "angle": 0 }
				],
				"translate": [
					{ "time": 0, "x": 0, "y": -0.24 },
					{ "time": 0.1333, "x": 0, "y": -0.48 },
					{ "time": 0.2666, "x": 0, "y": 0 },
					{ "time": 0.4, "x": 0, "y": -0.48 },
					{ "time": 0.5333, "x": 0, "y": 0 },
					{ "time": 0.6666, "x": 0, "y": -0.48 },
					{ "time": 0.8, "x": 0, "y": 0 },
					{ "time": 0.9333, "x": 0, "y": -0.48 },
					{ "time": 1.0666, "x": 0, "y": 0 },
					{ "time": 1.2, "x": 0, "y": -0.48 },
					{ "time": 1.3333, "x": 0, "y": 0 },
					{ "time": 1.4666, "x": 0, "y": -0.48 },
					{ "time": 1.6, "x": 0, "y": 0 },
					{ "time": 1.7333, "x": 0, "y": -0.48 },
					{ "time": 1.8666, "x": 0, "y": 0 },
					{ "time": 2, "x": 0, "y": -0.48 },
					{ "time": 2.1333, "x": 0, "y": 0 },
					{ "time": 2.2666, "x": 0, "y": -0.48 },
					{ "time": 2.4, "x": 0, "y": 0 },
					{ "time": 2.5333, "x": 0, "y": -0.48 },
					{ "time": 2.6666, "x": 0, "y": 0 },
					{ "time": 2.8, "x": 0, "y": -0.48 },
					{ "time": 2.9333, "x": 0, "y": 0 },
					{ "time": 3.0666, "x": 0, "y": -0.48 },
					{ "time": 3.2, "x": 0, "y": 0 },
					{ "time": 3.3333, "x": 0, "y": -0.48 },
					{ "time": 3.4666, "x": 0, "y": 0 },
					{ "time": 3.6, "x": 0, "y": -0.48 },
					{ "time": 3.7333, "x": 0, "y": 0 },
					{ "time": 3.8666, "x": 0, "y": -0.48 },
					{ "time": 4, "x": 0, "y": 0 },
					{ "time": 4.1333, "x": 0, "y": -0.48 },
					{ "time": 4.2666, "x": 0, "y": 0 },
					{ "time": 4.4, "x": 0, "y": -0.48 },
					{ "time": 4.5333, "x": 0, "y": 0 },
					{ "time": 4.6666, "x": 0, "y": -0.48 },
					{ "time": 4.8, "x": 0, "y": 0 },
					{ "time": 4.9333, "x": 0, "y": -0.48 },
					{ "time": 5.0666, "x": 0, "y": 0 },
					{ "time": 5.2, "x": 0, "y": -0.48 },
					{ "time": 5.3333, "x": 0, "y": 0 },
					{ "time": 5.4666, "x": 0, "y": -0.48 },
					{ "time": 5.6, "x": 0, "y": 0 },
					{ "time": 5.7333, "x": 0, "y": -0.48 },
					{ "time": 5.8666, "x": 0, "y": 0 },
					{ "time": 6, "x": 0, "y": -0.48 },
					{ "time": 6.1333, "x": 0, "y": 0 },
					{ "time": 6.2666, "x": 0, "y": -0.48 },
					{ "time": 6.4, "x": 0, "y": 0 },
					{ "time": 6.5333, "x": 0, "y": -0.48 },
					{ "time": 6.6666, "x": 0, "y": 0 }
				],
				"scale": [
					{ "time": 0, "x": 0.979, "y": 1.004 },
					{ "time": 0.1333, "x": 0.958, "y": 1.009 },
					{ "time": 0.2666, "x": 1, "y": 1 },
					{ "time": 0.4, "x": 0.958, "y": 1.009 },
					{ "time": 0.5333, "x": 1, "y": 1 },
					{ "time": 0.6666, "x": 0.958, "y": 1.009 },
					{ "time": 0.8, "x": 1, "y": 1 },
					{ "time": 0.9333, "x": 0.958, "y": 1.009 },
					{ "time": 1.0666, "x": 1, "y": 1 },
					{ "time": 1.2, "x": 0.958, "y": 1.009 },
					{ "time": 1.3333, "x": 1, "y": 1 },
					{ "time": 1.4666, "x": 0.958, "y": 1.009 },
					{ "time": 1.6, "x": 1, "y": 1 },
					{ "time": 1.7333, "x": 0.958, "y": 1.009 },
					{ "time": 1.8666, "x": 1, "y": 1 },
					{ "time": 2, "x": 0.958, "y": 1.009 },
					{ "time": 2.1333, "x": 1, "y": 1 },
					{ "time": 2.2666, "x": 0.958, "y": 1.009 },
					{ "time": 2.4, "x": 1, "y": 1 },
					{ "time": 2.5333, "x": 0.958, "y": 1.009 },
					{ "time": 2.6666, "x": 1, "y": 1 },
					{ "time": 2.8, "x": 0.958, "y": 1.009 },
					{ "time": 2.9333, "x": 1, "y": 1 },
					{ "time": 3.0666, "x": 0.958, "y": 1.009 },
					{ "time": 3.2, "x": 1, "y": 1 },
					{ "time": 3.3333, "x": 0.958, "y": 1.009 },
					{ "time": 3.4666, "x": 1, "y": 1 },
					{ "time": 3.6, "x": 0.958, "y": 1.009 },
					{ "time": 3.7333, "x": 1, "y": 1 },
					{ "time": 3.8666, "x": 0.958, "y": 1.009 },
					{ "time": 4, "x": 1, "y": 1 },
					{ "time": 4.1333, "x": 0.958, "y": 1.009 },
					{ "time": 4.2666, "x": 1, "y": 1 },
					{ "time": 4.4, "x": 0.958, "y": 1.009 },
					{ "time": 4.5333, "x": 1, "y": 1 },
					{ "time": 4.6666, "x": 0.958, "y": 1.009 },
					{ "time": 4.8, "x": 1, "y": 1 },
					{ "time": 4.9333, "x": 0.958, "y": 1.009 },
					{ "time": 5.0666, "x": 1, "y": 1 },
					{ "time": 5.2, "x": 0.958, "y": 1.009 },
					{ "time": 5.3333, "x": 1, "y": 1 },
					{ "time": 5.4666, "x": 0.958, "y": 1.009 },
					{ "time": 5.6, "x": 1, "y": 1 },
					{ "time": 5.7333, "x": 0.958, "y": 1.009 },
					{ "time": 5.8666, "x": 1, "y": 1 },
					{ "time": 6, "x": 0.958, "y": 1.009 },
					{ "time": 6.1333, "x": 1, "y": 1 },
					{ "time": 6.2666, "x": 0.958, "y": 1.009 },
					{ "time": 6.4, "x": 1, "y": 1 },
					{ "time": 6.5333, "x": 0.958, "y": 1.009 },
					{ "time": 6.6666, "x": 1, "y": 1 }
				]
			},
			"bodycover": {
				"rotate": [
					{ "time": 0, "angle": 0, "curve": "stepped" },
					{ "time": 6.6666, "angle": 0 }
				],
				"translate": [
					{ "time": 0, "x": 0, "y": 0, "curve": "stepped" },
					{ "time": 6.6666, "x": 0, "y": 0 }
				],
				"scale": [
					{ "time": 0, "x": 1, "y": 1, "curve": "stepped" },
					{ "time": 6.6666, "x": 1, "y": 1 }
				]
			}
		},
		"deform": {
			"default": {
				"line5": {
					"line": [
						{
							"time": 0,
							"vertices": [ -0.02871, -0.28793, -0.02871, -0.28794, -0.03921, 0.21998, -0.0392, 0.22 ],
							"curve": [ 0.25, 0, 0.75, 1 ]
						},
						{
							"time": 3.3333,
							"vertices": [ -0.26502, -2.65747, -0.26501, -2.65754, -0.36189, 2.03036, -0.36187, 2.03051 ],
							"curve": [ 0.25, 0, 0.75, 1 ]
						},
						{ "time": 6.6666 }
					]
				},
				"line6": {
					"line": [
						{
							"time": 0,
							"curve": [ 0.25, 0, 0.75, 1 ]
						},
						{
							"time": 3.3333,
							"vertices": [ -0.242, -2.66198, -0.242, -2.66198, -0.29499, 2.00599, -0.29499, 2.00599 ],
							"curve": [ 0.25, 0, 0.75, 1 ]
						},
						{ "time": 6.6666 }
					]
				},
				"line8": {
					"line": [
						{
							"time": 0,
							"vertices": [ -0.11052, -0.4272, -0.11052, -0.42721, -0.02707, 0.06942, -0.02707, 0.06943 ],
							"curve": [ 0.25, 0, 0.75, 1 ]
						},
						{
							"time": 3.3333,
							"vertices": [ -1.02009, -3.94281, -1.02009, -3.9429, -0.24987, 0.64077, -0.24987, 0.64088 ],
							"curve": [ 0.25, 0, 0.75, 1 ]
						},
						{ "time": 6.6666 }
					]
				},
				"line9": {
					"line": [
						{
							"time": 0,
							"curve": [ 0.25, 0, 0.75, 1 ]
						},
						{
							"time": 3.3333,
							"vertices": [ -0.80699, -4.035, -0.80699, -4.035, -0.23, 0.80499, -0.23, 0.80499 ],
							"curve": [ 0.25, 0, 0.75, 1 ]
						},
						{ "time": 6.6666 }
					]
				},
				"tube2": {
					"tube2": [
						{
							"time": 0,
							"vertices": [ 0.1861, -0.17808, 3.24078, -1.20252, 4.4863, 3.95073, 7.25687, 5.15744, 9.09205, 1.29119, 6.0125, -0.48491, 3.71867, -4.55114, 0.56462, -3.45231, 0.52196, -0.71573, 0.89657, 0.06503 ]
						},
						{
							"time": 0.1333,
							"vertices": [ 0.44187, -0.03957, 0.72017, -0.26722, 1.27246, -0.62879, 1.88814, -0.36063, 4.06018, -2.75979, 3.37583, -3.15448, 0.82637, -1.01136, -4.4887, 1.22319, -2.82028, 6.21077, 0.80002, 0.01445 ]
						},
						{
							"time": 0.2666,
							"vertices": [ 0.3688, -0.07914, 1.44034, -0.53445, 2.46446, 3.56206, 3.69582, 4.09837, 3.35232, 5.19402, 1.98363, 4.40464, 1.65274, -2.02272, 2.26093, -2.33836, 5.05596, 10.13385, 0.8276, 1.63689 ]
						},
						{
							"time": 0.4,
							"vertices": [ 0.29572, -0.11872, 2.16052, -0.80168, 1.47773, 0.43852, 3.32478, 1.24299, 5.90759, 2.51566, 3.85455, 1.33159, 2.47911, -3.03409, 2.05425, -5.88478, 2.02582, -3.66226, 0.85519, 0.04335 ]
						},
						{
							"time": 0.5333,
							"vertices": [ 0.22264, -0.15829, 2.88069, -1.0689, 4.57437, 5.59301, 7.0371, 6.66563, 6.97029, 4.51683, 4.23291, 2.93806, 3.30548, -4.04545, 0.50188, -3.06872, 0.46397, -0.63621, 0.88277, 0.0578 ]
						},
						{
							"time": 0.6666,
							"vertices": [ 0.14956, -0.19787, 3.60087, -1.33613, 4.39823, 2.30845, 7.47664, 3.64924, 11.21381, -1.93443, 7.79209, -3.90789, 4.13185, -5.05682, 0.62736, -3.8359, 0.57996, -0.79526, 0.91036, 0.07226 ]
						},
						{
							"time": 0.8,
							"vertices": [ 0.07648, -0.23744, 4.32104, -1.60336, 9.4521, 4.09894, 13.14619, 5.70787, 11.4428, 0.07265, 7.33673, -2.29548, 4.95823, -6.06818, 0.75283, -4.60308, 0.69595, -0.95431, 0.93794, 0.08671 ]
						},
						{
							"time": 0.9333,
							"vertices": [ 0.0308, -0.26217, 4.77115, -1.77037, 8.36103, 1.14569, 12.43992, 2.92223, 14.6044, -3.96653, 10.07061, -6.58135, 5.47471, -6.70029, 0.83125, -5.08257, 0.76845, -1.05372, 0.95519, 0.09574 ]
						},
						{
							"time": 1.0666,
							"vertices": [ -0.01486, -0.28691, 5.22126, -1.93739, 9.76643, 5.46703, 14.23012, 7.41116, 12.42505, -0.72444, 7.46355, -3.58594, 5.99119, -7.33239, 0.90967, -5.56206, 0.84095, -1.15313, 0.97243, 0.10477 ]
						},
						{
							"time": 1.2,
							"vertices": [ -0.01548, -0.26567, 5.06481, -2.14183, 9.19481, 3.26333, 13.17143, 5.12278, 13.05071, -3.88424, 8.66013, -6.54256, 5.81398, -6.85878, 1.00886, -5.73469, 0.77369, -1.08199, 0.89786, 0.09702 ]
						},
						{
							"time": 1.3333,
							"vertices": [ -0.0161, -0.24443, 4.90837, -2.34627, 9.66721, 4.33582, 13.15675, 6.11057, 11.7099, -1.84765, 7.89023, -4.30278, 5.63678, -6.38518, 1.10805, -5.90731, 0.70643, -1.01085, 0.82329, 0.08926 ]
						},
						{
							"time": 1.4666,
							"vertices": [ -0.01672, -0.22318, 4.75192, -2.55071, 7.87153, 0.68646, 10.874, 2.37652, 12.21447, -2.80964, 8.96571, -5.06159, 5.45957, -5.91157, 1.20724, -6.07993, 0.63917, -0.93972, 0.74871, 0.0815 ]
						},
						{
							"time": 1.6,
							"vertices": [ -0.01733, -0.20194, 4.59548, -2.75515, 8.71859, 1.94292, 11.23399, 3.54829, 8.61536, 0.89563, 5.93752, -1.15313, 5.28236, -5.43796, 1.30643, -6.25256, 0.57192, -0.86858, 0.67414, 0.07374 ]
						},
						{
							"time": 1.7333,
							"vertices": [ -0.01795, -0.1807, 4.43903, -2.95959, 7.56846, -0.22183, 9.59678, 1.29883, 8.60216, -1.20758, 6.49523, -3.05316, 5.10516, -4.96436, -7.17997, -6.18545, -2.77812, -1.756, 0.59957, 0.06599 ]
						},
						{
							"time": 1.8666,
							"vertices": [ -0.01857, -0.15946, 4.28259, -3.16403, 7.90188, 1.71825, 9.44313, 3.15423, 5.96983, 0.86325, 4.43382, -0.77913, 4.92795, -4.49075, -3.57716, -2.2418, -0.7726, 6.04967, 0.525, 0.05823 ]
						},
						{
							"time": 2,
							"vertices": [ -0.01919, -0.13822, 4.12614, -3.36847, 6.18665, -1.49516, 7.24083, -0.14387, 5.90462, -1.08931, 4.93952, -2.52851, 4.75074, -4.01715, -3.69894, 3.05594, -2.91266, 11.08849, 0.1979, 2.4471 ]
						},
						{
							"time": 2.1333,
							"vertices": [ -0.01981, -0.11698, 3.9697, -3.57291, 6.15777, 0.19931, 6.72486, 1.4659, 2.21223, 2.66606, 1.81805, 1.43004, 4.57353, -3.54354, 3.63917, -11.29905, 3.20689, -4.21401, 0.37586, 0.04272 ]
						},
						{
							"time": 2.2666,
							"vertices": [ -0.02042, -0.09574, 3.81326, -3.77735, 4.67205, -2.07662, 4.75208, -0.89472, 3.44155, -0.28327, 3.61828, -1.3161, 4.39633, -3.06993, 1.80237, -7.11568, 0.23563, -0.51289, 0.30129, 0.03496 ]
						},
						{
							"time": 2.4,
							"vertices": [ -0.02089, -0.07981, 3.69592, -3.93068, 4.88922, -0.48933, 4.60394, 0.62904, 3.31953, 3.235, 3.92445, 2.35455, 4.26342, -2.71473, 1.87677, -7.24515, 0.18519, -0.45954, 0.24536, 0.02914 ]
						},
						{
							"time": 2.5333,
							"offset": 1,
							"vertices": [ -0.07763, 4.17228, -3.71596, 4.5099, -1.62345, 4.59905, -0.57126, 4.9784, 0.69851, 5.13941, -0.24782, 4.80459, -3.11619, 1.888, -7.09685, 0.18013, -0.53328, 0.25974, 0.02835 ]
						},
						{
							"time": 2.6666,
							"offset": 1,
							"vertices": [ -0.07545, 4.64864, -3.50124, 5.30539, -0.575, 5.76897, 0.41098, 5.89765, 0.71631, 5.61475, -0.2959, 5.34575, -3.51765, 1.89924, -6.94855, 0.17508, -0.60701, 0.27411, 0.02755 ]
						},
						{
							"time": 2.8,
							"vertices": [ 0.02294, -0.07328, 5.12499, -3.28652, 5.0115, -1.31567, 5.84952, -0.39589, 7.55764, -2.43358, 6.83084, -3.51169, 5.88691, -3.91912, 1.91048, -6.80025, 0.17003, -0.68075, 0.28849, 0.02676 ]
						},
						{
							"time": 2.9333,
							"vertices": [ 0.03756, -0.0711, 5.60135, -3.0718, 7.30033, 1.16171, 8.51278, 2.01529, 7.42874, 1.22938, 6.25803, 0.08537, 6.42808, -4.32058, 1.92172, -6.65195, 0.16498, -0.75448, 0.30286, 0.02596 ]
						},
						{
							"time": 3.0666,
							"vertices": [ 0.05217, -0.06892, 6.07771, -2.85707, 6.96502, -1.07587, 8.5519, -0.28849, 9.56084, -1.78007, 7.94622, -2.98997, 6.96924, -4.72204, 1.93295, -6.50365, 0.15993, -0.82822, 0.31724, 0.02517 ]
						},
						{
							"time": 3.2,
							"vertices": [ 0.06679, -0.06675, 6.55407, -2.64235, 10.97554, 1.81113, 10.84888, 1.83629, 10.1877, -1.44104, 8.12917, -2.71683, 7.51041, -5.12351, 1.94419, -6.35535, 0.15488, -0.90195, 0.33161, 0.02437 ]
						},
						{
							"time": 3.3333,
							"vertices": [ 0.0814, -0.06457, 7.03042, -2.42763, 11.08684, 1.25847, 11.60403, 1.30724, 11.96349, -3.65934, 9.46106, -5.00102, 8.05157, -5.52497, 1.95543, -6.20705, 0.14983, -0.97569, 0.34598, 0.02358 ]
						},
						{
							"time": 3.4666,
							"vertices": [ 0.09602, -0.06239, 7.50678, -2.21291, 11.96308, 3.23725, 13.12411, 3.30963, 11.93037, -3.59876, 8.98403, -5.00633, 8.59274, -5.92643, -5.26932, -8.87276, -7.8952, 3.37255, 0.36036, 0.02278 ]
						},
						{
							"time": 3.6,
							"vertices": [ 0.53009, -0.45835, 7.98314, -1.99819, 12.43078, 1.7948, 14.23566, 1.89079, 14.25756, -5.04454, 10.86732, -6.51801, 9.1339, -6.32789, -0.53892, -3.91975, -2.37709, 11.61727, 0.37473, 2.41081 ]
						},
						{
							"time": 3.7333,
							"vertices": [ 0.12524, -0.05804, 8.4595, -1.78347, 14.29048, 4.45722, 16.73921, 4.57682, 14.31364, -4.26389, 10.47948, -5.80325, 9.67507, -6.72936, 5.20513, -8.17414, 2.54668, -5.21688, 0.38911, 0.02119 ]
						},
						{
							"time": 3.8666,
							"vertices": [ 0.13986, -0.05586, 8.93585, -1.56875, 14.02385, 1.27678, 17.11643, 1.42, 16.85914, -6.28039, 12.58108, -7.88564, 10.21623, -7.13082, 2.00038, -5.61386, 0.12963, -1.27063, 0.40348, 0.0204 ]
						},
						{
							"time": 4,
							"vertices": [ 0.15447, -0.05369, 9.41221, -1.35403, 14.60039, 3.59624, 18.33683, 3.76307, 17.02232, -4.45095, 12.30034, -6.12209, 10.7574, -7.53228, 2.01162, -5.46556, 0.12458, -1.34436, 0.41786, 0.0196 ]
						},
						{
							"time": 4.1333,
							"vertices": [ 0.16909, -0.05151, 9.88857, -1.1393, 14.63009, 1.45792, 19.01037, 1.64836, 20.09915, -7.13901, 14.93327, -8.87603, 11.29856, -7.93374, 2.02286, -5.31726, 0.11953, -1.4181, 0.43223, 0.01881 ]
						},
						{
							"time": 4.2666,
							"vertices": [ 0.19679, -0.04738, 9.81055, -0.90166, 15.56327, 5.31809, 20.3164, 5.54967, 19.08922, -5.59009, 13.73435, -7.37832, 11.29442, -7.99942, 2.04416, -5.0361, 0.10995, -1.55789, 0.45948, 0.0173 ]
						},
						{
							"time": 4.4,
							"vertices": [ 0.26377, -0.03741, 8.06942, -0.59524, 10.44095, 2.09483, 14.75389, 2.42013, 17.12686, -6.32698, 12.34771, -8.12237, 9.65439, -7.05772, 2.09567, -4.3564, 0.0868, -1.89584, 0.52537, 0.01366 ]
						},
						{
							"time": 4.5333,
							"vertices": [ 0.33076, -0.02743, 6.32829, -0.28882, 11.43424, 5.49662, 15.30699, 5.91564, 13.31254, -1.48948, 9.10912, -3.29203, 8.01436, -6.11603, 2.14717, -3.6767, 0.06365, -2.23379, 0.59125, 0.01001 ]
						},
						{
							"time": 4.6666,
							"vertices": [ 0.39774, -0.01745, 4.58717, 0.01759, 7.29013, 3.2489, 10.72269, 3.76164, 13.21201, -4.62921, 9.58431, -6.43892, 6.37433, -5.17434, 2.19868, -2.99699, 0.04051, -2.57174, 0.65713 ]
						},
						{
							"time": 4.8,
							"vertices": [ 0.46472, -0.00748, 2.84603, 0.32401, 7.73909, 6.29958, 10.73146, 6.90604, 9.56238, -0.65213, 6.51041, -2.46899, 4.73429, -4.23265, 2.25018, -2.31728, 0.01736, -2.90969, 0.72302 ]
						},
						{
							"time": 4.9333,
							"vertices": [ 0.51495, 0, 1.54019, 0.55383, 5.03083, 3.10661, 7.69306, 3.78337, 8.04315, -2.54131, 5.42297, -4.36354, 3.50427, -3.52638, 2.28881, -1.80751, 0, -3.16316, 0.77243 ]
						},
						{
							"time": 5.0666,
							"vertices": [ 0.48143, -4.0E-5, 1.48372, -0.85399, 7.62017, 4.08444, 7.90787, 4.56864, 2.34106, 4.40827, 0.99613, 3.27679, 1.14514, -1.73921, -11.15262, -4.11335, -6.04999, 4.356, 0.72218 ]
						},
						{
							"time": 5.2,
							"vertices": [ 0.46726, -4.0E-5, 2.11146, -1.21527, 3.32471, 0.51596, 3.73412, 1.20501, 6.97706, -1.87536, 5.06313, -3.48555, 1.62963, -2.47502, -2.71528, 5.73922, 2.5251, 9.82669, 3.22607, 1.19839 ]
						},
						{
							"time": 5.3333,
							"vertices": [ 0.44836, -3.0E-5, 2.94846, -1.69698, 5.5966, 4.04567, 6.1683, 5.00786, 6.6006, 3.02104, 3.92798, 0.77257, 2.27561, -3.45612, 0.92386, 1.475, 7.98598, 8.22798, 0.67258 ]
						},
						{
							"time": 5.4666,
							"vertices": [ 0.42947, -2.0E-5, 3.78546, -2.17869, 4.39563, 1.9135, 5.12963, 3.14883, 10.45779, -1.0445, 7.02649, -3.93125, 2.92159, -4.43721, 2.07978, -8.63434, 1.51509, -2.87609, 0.64423 ]
						},
						{
							"time": 5.6,
							"vertices": [ 0.41058, -1.0E-5, 4.62245, -2.66039, 7.27997, 4.05224, 8.17626, 5.56071, 10.91234, 0.34214, 6.72237, -3.18287, 3.56757, -5.41831, 0.68958, -5.27541, 0, 0, 0.61589 ]
						},
						{
							"time": 5.7333,
							"vertices": [ 0.39169, -1.0E-5, 5.45945, -3.1421, 8.1354, 2.8023, 9.19397, 4.5839, 13.30164, -1.84135, 8.35299, -6.00464, 4.21355, -6.3994, 0.81445, -6.23063, 0, 0, 0.58754 ]
						},
						{
							"time": 5.8666,
							"vertices": [ 0.3728, 0, 6.29644, -3.62381, 11.21317, 5.11347, 12.43404, 7.16821, 12.98663, -0.13662, 7.2793, -4.93819, 4.85953, -7.3805, 0.93931, -7.18586, 0, 0, 0.5592 ]
						},
						{
							"time": 6,
							"vertices": [ 0.35863, 0, 6.92419, -3.98509, 13.00698, 2.21635, 14.34957, 4.47595, 13.26488, -2.45954, 6.98854, -7.73981, 5.34401, -8.11632, 1.03296, -7.90227, 0, 0, 0.53794 ],
							"curve": [ 0.27, 0, 0.616, 0.32 ]
						},
						{
							"time": 6.1333,
							"vertices": [ 0.36869, 0, 6.47833, -3.72848, 12.04335, 4.46476, 13.29948, 6.57886, 11.81015, -0.5605, 5.93796, -5.50076, 4.9999, -7.59369, 0.96645, -7.39342, 0, 0, 0.55304 ],
							"curve": [ 0.315, 0.23, 0.655, 0.56 ]
						},
						{
							"time": 6.2666,
							"vertices": [ 0.38595, 0, 5.71391, -3.28853, 10.00964, 1.97122, 11.11755, 3.83586, 11.92742, -1.41076, 6.74813, -5.76809, 4.40993, -6.69766, 0.85241, -6.52103, 0, 0, 0.57893 ],
							"curve": [ 0.336, 0.27, 0.676, 0.6 ]
						},
						{
							"time": 6.4,
							"vertices": [ 0.41198, 0, 4.56088, -2.62493, 9.398, 4.34208, 10.28234, 5.83045, 9.18715, 1.1528, 5.053, -2.32525, 3.52004, -5.34612, 0.6804, -5.20513, 0, 0, 0.61797 ],
							"curve": [ 0.358, 0.28, 0.698, 0.61 ]
						},
						{
							"time": 6.5333,
							"vertices": [ 0.45058, 0, 2.85142, -1.64108, 5.31907, 2.94241, 5.87195, 3.87293, 7.20439, -0.28862, 4.61976, -2.46306, 2.20069, -3.34234, 0.42538, -3.2542, 0, 0, 0.67587 ],
							"curve": [ 0.394, 0.29, 0.737, 0.62 ]
						},
						{
							"time": 6.6666,
							"vertices": [ 0.51495, 0, 0, 0, 2.60779, 0.60774, 2.60779, 0.60774, -0.19525, -0.36229, -0.19525, -0.36229, 0, 0, 0, 0, 0, 0, 0.77243 ]
						}
					]
				},
				"tube3": {
					"tube2": [
						{ "time": 0 }
					]
				}
			}
		},
		"drawOrder": [
			{ "time": 0 },
			{ "time": 0.6666 },
			{ "time": 1.2 },
			{ "time": 2.2666 },
			{ "time": 2.8 },
			{ "time": 3.8666 },
			{ "time": 4.4 },
			{ "time": 5.4666 },
			{ "time": 6.6666 }
		]
	}
}
}