{
"skeleton": { "hash": "DSZRJqaEP4GOg9ajle7N/ZaWGkU", "spine": "3.4.02", "width": 1008.45, "height": 207.98, "images": "./red/" },
"bones": [
	{ "name": "root" },
	{ "name": "root2", "parent": "root", "x": 0.95, "y": 2.47 },
	{ "name": "blasy", "parent": "root2", "x": -1.69, "y": -88.57 },
	{ "name": "a2", "parent": "blasy", "x": -98.66, "y": 49.66 },
	{ "name": "a3", "parent": "blasy", "x": -51.43, "y": 62.09 },
	{ "name": "a4", "parent": "blasy", "x": -0.47, "y": 69.54 },
	{ "name": "b2", "parent": "blasy", "x": -209.63, "y": 69.19 },
	{ "name": "light2", "parent": "blasy", "x": 3.42, "y": -44.28 },
	{ "name": "bone", "parent": "light2", "x": -207.09, "y": 169.01 },
	{ "name": "bone2", "parent": "light2", "x": -185.53, "y": 123.73, "scaleX": 0.692, "scaleY": 0.692 },
	{ "name": "bone3", "parent": "light2", "x": -130.55, "y": 125.89, "scaleX": 0.707, "scaleY": 0.707 },
	{ "name": "bone4", "parent": "light2", "x": -70.19, "y": 82.77, "scaleX": 1.12, "scaleY": 1.12 },
	{ "name": "bone5", "parent": "light2", "x": -22.75, "y": 111.87, "scaleX": 0.613, "scaleY": 0.613 },
	{ "name": "bone6", "parent": "light2", "x": 59.16, "y": 143.13, "scaleX": 1.118, "scaleY": 1.118 },
	{ "name": "bone7", "parent": "light2", "x": 109.83, "y": 163.62, "scaleX": 0.738, "scaleY": 0.738 },
	{ "name": "bone8", "parent": "light2", "x": 183.13, "y": 137.74, "scaleX": 0.617, "scaleY": 0.617 },
	{ "name": "bone9", "parent": "light2", "x": 221.94, "y": 137.74, "scaleX": 1.131, "scaleY": 1.131 },
	{ "name": "bone10", "parent": "light2", "x": 280.41, "y": 158.54, "scaleX": 1.034, "scaleY": 1.034 },
	{ "name": "bone11", "parent": "blasy", "x": -227.07, "y": 48.04 },
	{ "name": "bone12", "parent": "root2", "x": -32.42, "y": -13.3, "scaleX": 1.447, "scaleY": 1.447 },
	{ "name": "ribbon", "parent": "root2", "x": -720.06, "y": -26.89 },
	{ "name": "eggscelent/b_pd", "parent": "ribbon", "x": 79.51, "y": -3.21 },
	{ "name": "eggscelent/o_pd", "parent": "ribbon", "x": 153.95, "y": -35.86 },
	{ "name": "stars", "parent": "root2", "x": -752.37, "y": 106.19 },
	{ "name": "eggscelent/star", "parent": "stars", "x": 140.28, "y": -34.7 },
	{ "name": "eggscelent/star2", "parent": "stars", "x": 80.97, "y": -30.03 },
	{ "name": "eggscelent/star3", "parent": "stars", "x": 194.75, "y": -53.22 },
	{ "name": "eggscelent/star4", "parent": "stars", "x": 252.69, "y": -75.72 },
	{ "name": "eggscelent/star5", "parent": "stars", "x": 80.97, "y": -30.03 },
	{ "name": "eggscelent/star6", "parent": "stars", "x": 194.75, "y": -53.22 },
	{ "name": "eggscelent/star7", "parent": "stars", "x": 140.28, "y": -34.7 },
	{ "name": "eggscelent/star8", "parent": "stars", "x": 252.69, "y": -75.72 },
	{ "name": "eggscelent/star9", "parent": "stars", "x": 140.28, "y": -34.7 },
	{ "name": "hilight", "parent": "root2", "x": -462.12, "y": -69.84 },
	{ "name": "l2", "parent": "blasy", "x": -162.9, "y": 32.79 },
	{ "name": "point2", "parent": "blasy", "x": 277.84, "y": 92.61 },
	{ "name": "s2", "parent": "blasy", "x": 146.04, "y": 78.19 },
	{ "name": "s3", "parent": "blasy", "x": 47.56, "y": 67 },
	{ "name": "s4", "parent": "blasy", "x": 86.09, "y": 76.94 },
	{ "name": "s5", "parent": "blasy", "x": 112.48, "y": 79.18 },
	{ "name": "t2", "parent": "blasy", "x": 200.66, "y": 85.51 },
	{ "name": "y2", "parent": "blasy", "x": 237.76, "y": 91.93 }
],
"slots": [
	{ "name": "eggscelent/b_pd", "bone": "eggscelent/b_pd" },
	{ "name": "eggscelent/o_pd", "bone": "eggscelent/o_pd" },
	{ "name": "eggscelent/star", "bone": "eggscelent/star", "color": "ffffffdc", "blend": "additive" },
	{
		"name": "eggscelent/star9",
		"bone": "eggscelent/star9",
		"color": "ffffffc8",
		"attachment": "eggscelent/star",
		"blend": "additive"
	},
	{
		"name": "eggscelent/star7",
		"bone": "eggscelent/star7",
		"color": "ffffffdc",
		"attachment": "eggscelent/star",
		"blend": "additive"
	},
	{ "name": "eggscelent/star2", "bone": "eggscelent/star2", "color": "ffffffd8", "blend": "additive" },
	{
		"name": "eggscelent/star5",
		"bone": "eggscelent/star5",
		"color": "ffffffd8",
		"attachment": "eggscelent/star",
		"blend": "additive"
	},
	{ "name": "eggscelent/star3", "bone": "eggscelent/star3", "color": "ffffffe7", "blend": "additive" },
	{
		"name": "eggscelent/star6",
		"bone": "eggscelent/star6",
		"color": "ffffffe7",
		"attachment": "eggscelent/star",
		"blend": "additive"
	},
	{ "name": "eggscelent/star4", "bone": "eggscelent/star4", "color": "ffffffe1", "blend": "additive" },
	{
		"name": "eggscelent/star8",
		"bone": "eggscelent/star8",
		"color": "ffffffc5",
		"attachment": "eggscelent/star",
		"blend": "additive"
	},
	{ "name": "eggscelent/point", "bone": "point2", "attachment": "eggscelent/point" },
	{ "name": "eggscelent/point4", "bone": "point2", "attachment": "eggscelent/point", "blend": "additive" },
	{ "name": "eggscelent/light12", "bone": "bone12", "color": "fffb745d", "attachment": "eggscelent/light2", "blend": "additive" },
	{ "name": "eggscelent/l", "bone": "l2", "attachment": "eggscelent/g" },
	{ "name": "eggscelent/b", "bone": "b2", "attachment": "eggscelent/E" },
	{ "name": "eggscelent/l4", "bone": "l2", "attachment": "eggscelent/g", "blend": "additive" },
	{ "name": "eggscelent/a2", "bone": "a3", "attachment": "eggscelent/s" },
	{ "name": "eggscelent/a", "bone": "a2", "attachment": "eggscelent/g" },
	{ "name": "eggscelent/a3", "bone": "a4", "attachment": "eggscelent/c" },
	{ "name": "eggscelent/a4", "bone": "a2", "attachment": "eggscelent/g", "blend": "additive" },
	{ "name": "eggscelent/a5", "bone": "a3", "attachment": "eggscelent/s", "blend": "additive" },
	{ "name": "eggscelent/a6", "bone": "a4", "attachment": "eggscelent/c", "blend": "additive" },
	{ "name": "eggscelent/s", "bone": "s2", "attachment": "eggscelent/ee" },
	{ "name": "eggscelent/s2", "bone": "s3", "attachment": "eggscelent/ee" },
	{ "name": "eggscelent/s7", "bone": "s5", "attachment": "eggscelent/l" },
	{ "name": "eggscelent/s4", "bone": "s2", "attachment": "eggscelent/ee", "blend": "additive" },
	{ "name": "eggscelent/s3", "bone": "s4", "attachment": "eggscelent/l" },
	{ "name": "eggscelent/s5", "bone": "s3", "attachment": "eggscelent/ee", "blend": "additive" },
	{ "name": "eggscelent/b4", "bone": "b2", "attachment": "eggscelent/E", "blend": "additive" },
	{ "name": "eggscelent/s8", "bone": "s5", "attachment": "eggscelent/l", "blend": "additive" },
	{ "name": "eggscelent/y", "bone": "y2", "attachment": "eggscelent/t" },
	{ "name": "eggscelent/t", "bone": "t2", "attachment": "eggscelent/n" },
	{ "name": "eggscelent/t4", "bone": "t2", "attachment": "eggscelent/n", "blend": "additive" },
	{ "name": "eggscelent/s6", "bone": "s4", "attachment": "eggscelent/l", "blend": "additive" },
	{ "name": "eggscelent/hilight", "bone": "hilight", "color": "ffffffbc", "blend": "additive" },
	{ "name": "eggscelent/y4", "bone": "y2", "attachment": "eggscelent/t", "blend": "additive" },
	{ "name": "eggscelent/light1", "bone": "bone", "color": "ffffffda", "attachment": "eggscelent/light1", "blend": "additive" },
	{ "name": "eggscelent/light2", "bone": "bone2", "color": "ffffffda", "attachment": "eggscelent/light1", "blend": "additive" },
	{ "name": "eggscelent/light3", "bone": "bone3", "color": "ffffffda", "attachment": "eggscelent/light1", "blend": "additive" },
	{ "name": "eggscelent/light4", "bone": "bone4", "color": "ffffffda", "attachment": "eggscelent/light1", "blend": "additive" },
	{ "name": "eggscelent/light5", "bone": "bone5", "color": "ffffffda", "attachment": "eggscelent/light1", "blend": "additive" },
	{ "name": "eggscelent/light6", "bone": "bone6", "color": "ffffffda", "attachment": "eggscelent/light1", "blend": "additive" },
	{ "name": "eggscelent/light7", "bone": "bone7", "color": "ffffffda", "attachment": "eggscelent/light1", "blend": "additive" },
	{ "name": "eggscelent/light8", "bone": "bone8", "color": "ffffffda", "attachment": "eggscelent/light1", "blend": "additive" },
	{ "name": "eggscelent/light9", "bone": "bone9", "color": "ffffffda", "attachment": "eggscelent/light1", "blend": "additive" },
	{ "name": "eggscelent/light10", "bone": "bone10", "color": "ffffffda", "attachment": "eggscelent/light1", "blend": "additive" },
	{ "name": "eggscelent/light11", "bone": "bone11", "color": "fffb745d", "attachment": "eggscelent/light2", "blend": "additive" }
],
"skins": {
	"default": {
		"eggscelent/a": {
			"eggscelent/g": { "x": 4.9, "y": -2.05, "width": 81, "height": 115 }
		},
		"eggscelent/a2": {
			"eggscelent/s": { "x": 4.9, "y": -2.05, "width": 72, "height": 87 }
		},
		"eggscelent/a3": {
			"eggscelent/c": { "x": 4.9, "y": -2.05, "width": 68, "height": 77 }
		},
		"eggscelent/a4": {
			"eggscelent/g": { "x": 4.9, "y": -2.05, "width": 81, "height": 115 }
		},
		"eggscelent/a5": {
			"eggscelent/s": { "x": 4.9, "y": -2.05, "width": 72, "height": 87 }
		},
		"eggscelent/a6": {
			"eggscelent/c": { "x": 4.9, "y": -2.05, "width": 68, "height": 77 }
		},
		"eggscelent/b": {
			"eggscelent/E": { "x": 2.12, "y": -5.11, "width": 129, "height": 155 }
		},
		"eggscelent/b4": {
			"eggscelent/E": { "x": 2.12, "y": -5.11, "width": 129, "height": 155 }
		},
		"eggscelent/b_pd": {
			"eggscelent/b_pd": { "x": 2.28, "y": -1.23, "width": 35, "height": 46 }
		},
		"eggscelent/hilight": {
			"eggscelent/hilight": { "x": 0.25, "y": -5.25, "scaleX": 0.426, "scaleY": 0.426, "width": 238, "height": 219 }
		},
		"eggscelent/l": {
			"eggscelent/g": { "x": 10.82, "y": 3.45, "width": 81, "height": 115 }
		},
		"eggscelent/l4": {
			"eggscelent/g": { "x": 10.82, "y": 3.45, "width": 81, "height": 115 }
		},
		"eggscelent/light1": {
			"eggscelent/light1": { "x": 1.07, "y": 0.63, "scaleX": 0.273, "scaleY": 0.273, "rotation": -38.77, "width": 172, "height": 162 }
		},
		"eggscelent/light10": {
			"eggscelent/light1": { "x": 1.07, "y": 0.63, "scaleX": 0.273, "scaleY": 0.273, "rotation": -38.77, "width": 172, "height": 162 }
		},
		"eggscelent/light11": {
			"eggscelent/light2": { "x": 4.28, "y": 3.8, "scaleX": 0.983, "scaleY": 0.983, "width": 100, "height": 100 }
		},
		"eggscelent/light12": {
			"eggscelent/light2": { "x": 4.28, "y": 3.8, "scaleX": 0.983, "scaleY": 0.983, "width": 100, "height": 100 }
		},
		"eggscelent/light2": {
			"eggscelent/light1": { "x": 1.07, "y": 0.63, "scaleX": 0.273, "scaleY": 0.273, "rotation": -38.77, "width": 172, "height": 162 }
		},
		"eggscelent/light3": {
			"eggscelent/light1": { "x": 1.07, "y": 0.63, "scaleX": 0.273, "scaleY": 0.273, "rotation": -38.77, "width": 172, "height": 162 }
		},
		"eggscelent/light4": {
			"eggscelent/light1": { "x": 1.07, "y": 0.63, "scaleX": 0.273, "scaleY": 0.273, "rotation": -38.77, "width": 172, "height": 162 }
		},
		"eggscelent/light5": {
			"eggscelent/light1": { "x": 1.07, "y": 0.63, "scaleX": 0.273, "scaleY": 0.273, "rotation": -38.77, "width": 172, "height": 162 }
		},
		"eggscelent/light6": {
			"eggscelent/light1": { "x": 1.07, "y": 0.63, "scaleX": 0.273, "scaleY": 0.273, "rotation": -38.77, "width": 172, "height": 162 }
		},
		"eggscelent/light7": {
			"eggscelent/light1": { "x": 1.07, "y": 0.63, "scaleX": 0.273, "scaleY": 0.273, "rotation": -38.77, "width": 172, "height": 162 }
		},
		"eggscelent/light8": {
			"eggscelent/light1": { "x": 1.07, "y": 0.63, "scaleX": 0.273, "scaleY": 0.273, "rotation": -38.77, "width": 172, "height": 162 }
		},
		"eggscelent/light9": {
			"eggscelent/light1": { "x": 1.07, "y": 0.63, "scaleX": 0.273, "scaleY": 0.273, "rotation": -38.77, "width": 172, "height": 162 }
		},
		"eggscelent/o_pd": {
			"eggscelent/o_pd": { "x": 5.84, "y": 0.78, "width": 64, "height": 53 }
		},
		"eggscelent/point": {
			"eggscelent/point": { "x": 4.63, "y": -1.69, "width": 53, "height": 63 }
		},
		"eggscelent/point4": {
			"eggscelent/point": { "x": 4.63, "y": -1.69, "width": 53, "height": 63 }
		},
		"eggscelent/s": {
			"eggscelent/ee": { "x": 1.11, "y": 3.29, "width": 63, "height": 75 }
		},
		"eggscelent/s2": {
			"eggscelent/ee": { "x": 1.11, "y": 3.29, "width": 63, "height": 75 }
		},
		"eggscelent/s3": {
			"eggscelent/l": { "x": 1.11, "y": 4.4, "width": 41, "height": 103 }
		},
		"eggscelent/s4": {
			"eggscelent/ee": { "x": 1.11, "y": 3.29, "width": 63, "height": 75 }
		},
		"eggscelent/s5": {
			"eggscelent/ee": { "x": 1.11, "y": 3.29, "width": 63, "height": 75 }
		},
		"eggscelent/s6": {
			"eggscelent/l": { "x": 1.11, "y": 3.29, "width": 41, "height": 103 }
		},
		"eggscelent/s7": {
			"eggscelent/l": { "x": 1.11, "y": 4.4, "width": 41, "height": 103 }
		},
		"eggscelent/s8": {
			"eggscelent/l": { "x": 1.11, "y": 3.29, "width": 41, "height": 103 }
		},
		"eggscelent/star": {
			"eggscelent/star": { "x": -4.34, "y": -0.76, "width": 43, "height": 40 }
		},
		"eggscelent/star2": {
			"eggscelent/star": { "x": 1.03, "y": 2.01, "width": 43, "height": 40 }
		},
		"eggscelent/star3": {
			"eggscelent/star": { "x": -0.82, "y": 2.31, "width": 43, "height": 40 }
		},
		"eggscelent/star4": {
			"eggscelent/star": { "x": 0.79, "y": 1.19, "width": 43, "height": 40 }
		},
		"eggscelent/star5": {
			"eggscelent/star": { "x": 1.03, "y": 2.01, "width": 43, "height": 40 }
		},
		"eggscelent/star6": {
			"eggscelent/star": { "x": -0.82, "y": 2.31, "width": 43, "height": 40 }
		},
		"eggscelent/star7": {
			"eggscelent/star": { "x": -4.34, "y": -0.76, "width": 43, "height": 40 }
		},
		"eggscelent/star8": {
			"eggscelent/star": { "x": 0.79, "y": 1.19, "width": 43, "height": 40 }
		},
		"eggscelent/star9": {
			"eggscelent/star": { "x": -4.34, "y": -0.76, "width": 43, "height": 40 }
		},
		"eggscelent/t": {
			"eggscelent/n": { "x": 2, "y": -2.2, "width": 72, "height": 72 }
		},
		"eggscelent/t4": {
			"eggscelent/n": { "x": 2, "y": -2.2, "width": 72, "height": 72 }
		},
		"eggscelent/y": {
			"eggscelent/t": { "x": 2.29, "y": -0.34, "width": 66, "height": 72 }
		},
		"eggscelent/y4": {
			"eggscelent/t": { "x": 2.29, "y": -0.34, "width": 66, "height": 72 }
		}
	}
},
"animations": {
	"run": {
		"slots": {
			"eggscelent/a": {
				"color": [
					{ "time": 0, "color": "ffffffff", "curve": "stepped" },
					{ "time": 0.5666, "color": "ffffffff", "curve": "stepped" },
					{ "time": 3.6, "color": "ffffffff" }
				],
				"attachment": [
					{ "time": 0, "name": null },
					{ "time": 0.5666, "name": "eggscelent/g" },
					{ "time": 3.6, "name": null }
				]
			},
			"eggscelent/a2": {
				"attachment": [
					{ "time": 0, "name": null },
					{ "time": 0.5666, "name": "eggscelent/s" },
					{ "time": 3.6, "name": null }
				]
			},
			"eggscelent/a3": {
				"attachment": [
					{ "time": 0, "name": null },
					{ "time": 0.5666, "name": "eggscelent/c" },
					{ "time": 3.6, "name": null }
				]
			},
			"eggscelent/a4": {
				"color": [
					{ "time": 0, "color": "ffffff00", "curve": "stepped" },
					{
						"time": 0.5666,
						"color": "ffffff00",
						"curve": [ 0, 0.44, 0.75, 1 ]
					},
					{
						"time": 0.8333,
						"color": "ffffffff",
						"curve": [ 0.25, 0, 0.75, 1 ]
					},
					{
						"time": 1.1333,
						"color": "ffffff00",
						"curve": [ 0.25, 0, 0.75, 1 ]
					},
					{
						"time": 1.7333,
						"color": "ffffffd1",
						"curve": [ 0.25, 0, 0.75, 1 ]
					},
					{ "time": 2.1, "color": "ffffff00", "curve": "stepped" },
					{ "time": 3.6, "color": "ffffff00" }
				],
				"attachment": [
					{ "time": 0, "name": null },
					{ "time": 0.5666, "name": "eggscelent/g" },
					{ "time": 3.6, "name": null }
				]
			},
			"eggscelent/a5": {
				"color": [
					{
						"time": 0.2333,
						"color": "ffffff00",
						"curve": [ 0.25, 0, 0.75, 1 ]
					},
					{
						"time": 0.7333,
						"color": "ffffffff",
						"curve": [ 0.25, 0, 0.75, 1 ]
					},
					{ "time": 1.1333, "color": "ffffff26", "curve": "stepped" },
					{
						"time": 1.4666,
						"color": "ffffff26",
						"curve": [ 0.25, 0, 0.75, 1 ]
					},
					{
						"time": 1.8333,
						"color": "ffffffe9",
						"curve": [ 0.25, 0, 0.75, 1 ]
					},
					{ "time": 2.1666, "color": "ffffff00" }
				],
				"attachment": [
					{ "time": 0, "name": null },
					{ "time": 0.5666, "name": "eggscelent/s" },
					{ "time": 3.6, "name": null }
				]
			},
			"eggscelent/a6": {
				"color": [
					{ "time": 0.5666, "color": "ffffffff" },
					{ "time": 1.0666, "color": "ffffff4e", "curve": "stepped" },
					{
						"time": 1.5,
						"color": "ffffff4e",
						"curve": [ 0.25, 0, 0.75, 1 ]
					},
					{
						"time": 1.8333,
						"color": "fffffff3",
						"curve": [ 0.25, 0, 0.75, 1 ]
					},
					{ "time": 2.1666, "color": "ffffff00" }
				],
				"attachment": [
					{ "time": 0, "name": null },
					{ "time": 0.5666, "name": "eggscelent/c" },
					{ "time": 3.6, "name": null }
				]
			},
			"eggscelent/b": {
				"color": [
					{ "time": 0, "color": "ffffffff", "curve": "stepped" },
					{ "time": 0.5666, "color": "ffffffff", "curve": "stepped" },
					{ "time": 3.6, "color": "ffffffff" }
				],
				"attachment": [
					{ "time": 0, "name": null },
					{ "time": 0.5666, "name": "eggscelent/E" },
					{ "time": 0.8666, "name": "eggscelent/E" },
					{ "time": 3.6, "name": null }
				]
			},
			"eggscelent/b4": {
				"color": [
					{ "time": 0, "color": "ffffff00", "curve": "stepped" },
					{
						"time": 0.5666,
						"color": "ffffff00",
						"curve": [ 0, 0.44, 0.75, 1 ]
					},
					{
						"time": 0.7333,
						"color": "ffffffff",
						"curve": [ 0.25, 0, 0.75, 1 ]
					},
					{
						"time": 1.1666,
						"color": "ffffff00",
						"curve": [ 0, 0.95, 0.75, 1 ]
					},
					{
						"time": 1.3666,
						"color": "ffffffff",
						"curve": [ 0.25, 0, 0.75, 1 ]
					},
					{ "time": 1.6333, "color": "ffffff00", "curve": "stepped" },
					{ "time": 3.6, "color": "ffffff00" }
				],
				"attachment": [
					{ "time": 0, "name": null },
					{ "time": 0.5666, "name": "eggscelent/E" },
					{ "time": 1.5666, "name": "eggscelent/E" },
					{ "time": 3.6, "name": null }
				]
			},
			"eggscelent/b_pd": {
				"color": [
					{ "time": 0, "color": "ffffffff", "curve": "stepped" },
					{ "time": 0.3333, "color": "ffffffff", "curve": "stepped" },
					{ "time": 3.6, "color": "ffffffff" }
				],
				"attachment": [
					{ "time": 0, "name": null },
					{ "time": 3.6, "name": null }
				]
			},
			"eggscelent/hilight": {
				"color": [
					{ "time": 0, "color": "ffffffbc", "curve": "stepped" },
					{ "time": 0.3333, "color": "ffffffbc", "curve": "stepped" },
					{ "time": 3.6, "color": "ffffffbc" }
				],
				"attachment": [
					{ "time": 0, "name": null },
					{ "time": 3.6, "name": null }
				]
			},
			"eggscelent/l": {
				"color": [
					{ "time": 0, "color": "ffffffff", "curve": "stepped" },
					{ "time": 0.5666, "color": "ffffffff", "curve": "stepped" },
					{ "time": 3.6, "color": "ffffffff" }
				],
				"attachment": [
					{ "time": 0, "name": null },
					{ "time": 0.5666, "name": "eggscelent/g" },
					{ "time": 3.6, "name": null }
				]
			},
			"eggscelent/l4": {
				"color": [
					{ "time": 0, "color": "ffffff00", "curve": "stepped" },
					{
						"time": 0.5666,
						"color": "ffffff00",
						"curve": [ 0, 0.44, 0.75, 1 ]
					},
					{
						"time": 0.7666,
						"color": "ffffffff",
						"curve": [ 0.25, 0, 0.75, 1 ]
					},
					{
						"time": 1.1,
						"color": "ffffff00",
						"curve": [ 0.25, 0, 0.75, 1 ]
					},
					{
						"time": 1.4666,
						"color": "ffffffed",
						"curve": [ 0.25, 0, 0.75, 1 ]
					},
					{ "time": 1.7666, "color": "ffffff00", "curve": "stepped" },
					{ "time": 3.6, "color": "ffffff00" }
				],
				"attachment": [
					{ "time": 0, "name": null },
					{ "time": 0.5666, "name": "eggscelent/g" },
					{ "time": 3.6, "name": null }
				]
			},
			"eggscelent/light1": {
				"attachment": [
					{ "time": 0, "name": null },
					{ "time": 1.0666, "name": "eggscelent/light1" },
					{ "time": 1.9333, "name": null }
				]
			},
			"eggscelent/light2": {
				"attachment": [
					{ "time": 0, "name": null },
					{ "time": 1.3, "name": "eggscelent/light1" },
					{ "time": 1.6333, "name": null }
				]
			},
			"eggscelent/light3": {
				"attachment": [
					{ "time": 0, "name": null },
					{ "time": 1.4333, "name": "eggscelent/light1" },
					{ "time": 1.9666, "name": null }
				]
			},
			"eggscelent/light4": {
				"attachment": [
					{ "time": 0, "name": null },
					{ "time": 1.5, "name": "eggscelent/light1" },
					{ "time": 2.2333, "name": null }
				]
			},
			"eggscelent/light5": {
				"attachment": [
					{ "time": 0, "name": null },
					{ "time": 1.7333, "name": "eggscelent/light1" },
					{ "time": 2.2666, "name": null }
				]
			},
			"eggscelent/light6": {
				"attachment": [
					{ "time": 0, "name": null },
					{ "time": 1.8, "name": "eggscelent/light1" },
					{ "time": 2.2666, "name": null }
				]
			},
			"eggscelent/light7": {
				"attachment": [
					{ "time": 0, "name": null },
					{ "time": 1.8333, "name": "eggscelent/light1" },
					{ "time": 2.5666, "name": null }
				]
			},
			"eggscelent/light8": {
				"attachment": [
					{ "time": 0, "name": null },
					{ "time": 2.0666, "name": "eggscelent/light1" },
					{ "time": 2.6, "name": null }
				]
			},
			"eggscelent/light9": {
				"attachment": [
					{ "time": 0, "name": null },
					{ "time": 2.1, "name": "eggscelent/light1" },
					{ "time": 2.6666, "name": null }
				]
			},
			"eggscelent/light10": {
				"attachment": [
					{ "time": 0, "name": null },
					{ "time": 2.3, "name": "eggscelent/light1" },
					{ "time": 3, "name": null }
				]
			},
			"eggscelent/light12": {
				"color": [
					{ "time": 0.6, "color": "ff756a5d", "curve": "stepped" },
					{ "time": 1.1666, "color": "ff756a5d" },
					{ "time": 1.5, "color": "ffc8065e" },
					{ "time": 1.8333, "color": "ff6e0f85" },
					{ "time": 2.1333, "color": "ff933d67" },
					{ "time": 3.0666, "color": "fffb7400" }
				],
				"attachment": [
					{ "time": 0, "name": null },
					{ "time": 0.6, "name": "eggscelent/light2" },
					{ "time": 3.0666, "name": null }
				]
			},
			"eggscelent/o_pd": {
				"color": [
					{ "time": 0, "color": "ffffffff", "curve": "stepped" },
					{ "time": 0.3333, "color": "ffffffff", "curve": "stepped" },
					{ "time": 3.6, "color": "ffffffff" }
				],
				"attachment": [
					{ "time": 0, "name": null },
					{ "time": 3.6, "name": null }
				]
			},
			"eggscelent/point": {
				"color": [
					{ "time": 0, "color": "ffffffff", "curve": "stepped" },
					{ "time": 0.5666, "color": "ffffffff", "curve": "stepped" },
					{ "time": 3.6, "color": "ffffffff" }
				],
				"attachment": [
					{ "time": 0, "name": null },
					{ "time": 0.5666, "name": "eggscelent/point" },
					{ "time": 3.6, "name": null }
				]
			},
			"eggscelent/point4": {
				"color": [
					{ "time": 0, "color": "ffffff00", "curve": "stepped" },
					{
						"time": 0.5666,
						"color": "ffffff00",
						"curve": [ 0, 0.44, 0.75, 1 ]
					},
					{ "time": 0.9, "color": "ffffffff", "curve": "stepped" },
					{
						"time": 2.4333,
						"color": "ffffffff",
						"curve": [ 0.25, 0, 0.75, 1 ]
					},
					{
						"time": 2.6666,
						"color": "fffffff6",
						"curve": [ 0.25, 0, 0.75, 1 ]
					},
					{ "time": 2.9666, "color": "ffffff00", "curve": "stepped" },
					{ "time": 3.6, "color": "ffffff00" }
				],
				"attachment": [
					{ "time": 0, "name": null },
					{ "time": 0.5666, "name": "eggscelent/point" },
					{ "time": 3.6, "name": null }
				]
			},
			"eggscelent/s": {
				"color": [
					{ "time": 0, "color": "ffffffff", "curve": "stepped" },
					{ "time": 0.5666, "color": "ffffffff", "curve": "stepped" },
					{ "time": 3.6, "color": "ffffffff" }
				],
				"attachment": [
					{ "time": 0, "name": null },
					{ "time": 0.5666, "name": "eggscelent/ee" },
					{ "time": 3.6, "name": null }
				]
			},
			"eggscelent/s2": {
				"attachment": [
					{ "time": 0, "name": null },
					{ "time": 0.5666, "name": "eggscelent/ee" },
					{ "time": 3.6, "name": null }
				]
			},
			"eggscelent/s3": {
				"attachment": [
					{ "time": 0, "name": null },
					{ "time": 0.5666, "name": "eggscelent/l" },
					{ "time": 3.6, "name": null }
				]
			},
			"eggscelent/s4": {
				"color": [
					{ "time": 0, "color": "ffffff00", "curve": "stepped" },
					{
						"time": 0.5666,
						"color": "ffffff00",
						"curve": [ 0, 0.44, 0.75, 1 ]
					},
					{
						"time": 0.9,
						"color": "ffffffff",
						"curve": [ 0.25, 0, 0.75, 1 ]
					},
					{ "time": 1.1666, "color": "ffffff00", "curve": "stepped" },
					{
						"time": 1.9666,
						"color": "ffffff00",
						"curve": [ 0.25, 0, 0.75, 1 ]
					},
					{
						"time": 2.2666,
						"color": "fffffff0",
						"curve": [ 0.25, 0, 0.75, 1 ]
					},
					{ "time": 2.5, "color": "ffffff00", "curve": "stepped" },
					{ "time": 3.6, "color": "ffffff00" }
				],
				"attachment": [
					{ "time": 0, "name": null },
					{ "time": 0.5666, "name": "eggscelent/ee" },
					{ "time": 3.6, "name": null }
				]
			},
			"eggscelent/s5": {
				"color": [
					{ "time": 0.5666, "color": "ffffffff", "curve": "stepped" },
					{ "time": 0.8, "color": "ffffffff" },
					{ "time": 1.0666, "color": "ffffff30", "curve": "stepped" },
					{
						"time": 1.6333,
						"color": "ffffff30",
						"curve": [ 0.25, 0, 0.75, 1 ]
					},
					{
						"time": 1.8666,
						"color": "fffffff9",
						"curve": [ 0.25, 0, 0.75, 1 ]
					},
					{ "time": 2.1333, "color": "ffffff00" }
				],
				"attachment": [
					{ "time": 0, "name": null },
					{ "time": 0.5666, "name": "eggscelent/ee" },
					{ "time": 3.6, "name": null }
				]
			},
			"eggscelent/s6": {
				"color": [
					{ "time": 0.5666, "color": "ffffffff", "curve": "stepped" },
					{ "time": 0.9333, "color": "ffffffff" },
					{ "time": 1.1, "color": "ffffff1f", "curve": "stepped" },
					{
						"time": 1.8333,
						"color": "ffffff1f",
						"curve": [ 0.25, 0, 0.75, 1 ]
					},
					{
						"time": 2.0666,
						"color": "ffffffe8",
						"curve": [ 0.25, 0, 0.75, 1 ]
					},
					{ "time": 2.3, "color": "ffffff00" }
				],
				"attachment": [
					{ "time": 0, "name": null },
					{ "time": 0.5666, "name": "eggscelent/l" },
					{ "time": 3.6, "name": null }
				]
			},
			"eggscelent/s7": {
				"attachment": [
					{ "time": 0, "name": null },
					{ "time": 0.5666, "name": "eggscelent/l" },
					{ "time": 3.6, "name": null }
				]
			},
			"eggscelent/s8": {
				"color": [
					{ "time": 0.5666, "color": "ffffffff" },
					{ "time": 1.1, "color": "ffffff33", "curve": "stepped" },
					{ "time": 2, "color": "ffffff33" },
					{ "time": 2.2, "color": "ffffffec" },
					{ "time": 2.4333, "color": "ffffff00" }
				],
				"attachment": [
					{ "time": 0, "name": null },
					{ "time": 0.5666, "name": "eggscelent/l" },
					{ "time": 3.6, "name": null }
				]
			},
			"eggscelent/star": {
				"color": [
					{ "time": 0, "color": "ffffffdc" },
					{ "time": 0.5666, "color": "ffffffff", "curve": "stepped" },
					{ "time": 0.7333, "color": "ffffffff", "curve": "stepped" },
					{ "time": 1.1333, "color": "ffffffff" },
					{ "time": 1.5333, "color": "ffffff00", "curve": "stepped" },
					{ "time": 3.5666, "color": "ffffff00", "curve": "stepped" },
					{ "time": 3.6, "color": "ffffff00" }
				],
				"attachment": [
					{ "time": 0, "name": null },
					{ "time": 0.5666, "name": null },
					{ "time": 0.7333, "name": "eggscelent/star" },
					{ "time": 1.5333, "name": null },
					{ "time": 3.5666, "name": null },
					{ "time": 3.6, "name": null }
				]
			},
			"eggscelent/star2": {
				"color": [
					{ "time": 0, "color": "ffffffd8" },
					{ "time": 0.5666, "color": "ffffffff", "curve": "stepped" },
					{
						"time": 0.7333,
						"color": "ffffffff",
						"curve": [ 0.712, 0, 1, 0.45 ]
					},
					{ "time": 1.3, "color": "ffffff00", "curve": "stepped" },
					{ "time": 3.5666, "color": "ffffff00", "curve": "stepped" },
					{ "time": 3.6, "color": "ffffff00" }
				],
				"attachment": [
					{ "time": 0, "name": null },
					{ "time": 0.5666, "name": null },
					{ "time": 0.7333, "name": "eggscelent/star" },
					{ "time": 1.3, "name": null },
					{ "time": 3.5666, "name": null },
					{ "time": 3.6, "name": null }
				]
			},
			"eggscelent/star3": {
				"color": [
					{ "time": 0, "color": "ffffffe7" },
					{ "time": 0.5666, "color": "ffffffff", "curve": "stepped" },
					{
						"time": 0.7333,
						"color": "ffffffff",
						"curve": [ 0.712, 0, 1, 0.45 ]
					},
					{ "time": 1.2666, "color": "ffffff00", "curve": "stepped" },
					{ "time": 3.5666, "color": "ffffff00", "curve": "stepped" },
					{ "time": 3.6, "color": "ffffff00" }
				],
				"attachment": [
					{ "time": 0, "name": null },
					{ "time": 0.5666, "name": null },
					{ "time": 0.7333, "name": "eggscelent/star" },
					{ "time": 1.2666, "name": null },
					{ "time": 3.5666, "name": null },
					{ "time": 3.6, "name": null }
				]
			},
			"eggscelent/star4": {
				"color": [
					{ "time": 0, "color": "ffffffe1" },
					{ "time": 0.5666, "color": "ffffffe9", "curve": "stepped" },
					{
						"time": 0.7333,
						"color": "ffffffe9",
						"curve": [ 0.712, 0, 1, 0.45 ]
					},
					{ "time": 1.3, "color": "ffffff00", "curve": "stepped" },
					{ "time": 3.6, "color": "ffffff00" }
				],
				"attachment": [
					{ "time": 0, "name": null },
					{ "time": 0.5666, "name": null },
					{ "time": 0.7333, "name": "eggscelent/star" },
					{ "time": 1.3, "name": null },
					{ "time": 3.6, "name": null }
				]
			},
			"eggscelent/star5": {
				"color": [
					{ "time": 0, "color": "ffffffd8" },
					{
						"time": 0.7333,
						"color": "ffffffea",
						"curve": [ 0.673, 0, 1, 0.46 ]
					},
					{ "time": 1.3666, "color": "ffffff00", "curve": "stepped" },
					{ "time": 3.5666, "color": "ffffff00", "curve": "stepped" },
					{ "time": 3.6, "color": "ffffff00" }
				],
				"attachment": [
					{ "time": 0, "name": null },
					{ "time": 0.7333, "name": "eggscelent/star" },
					{ "time": 3.5666, "name": "eggscelent/star" },
					{ "time": 3.6, "name": "eggscelent/star" }
				]
			},
			"eggscelent/star6": {
				"color": [
					{ "time": 0, "color": "ffffffe7" },
					{
						"time": 0.7333,
						"color": "ffffffea",
						"curve": [ 0.673, 0, 1, 0.46 ]
					},
					{ "time": 1.5, "color": "ffffff00", "curve": "stepped" },
					{ "time": 3.5666, "color": "ffffff00", "curve": "stepped" },
					{ "time": 3.6, "color": "ffffff00" }
				],
				"attachment": [
					{ "time": 0, "name": null },
					{ "time": 0.7333, "name": "eggscelent/star" },
					{ "time": 3.5666, "name": "eggscelent/star" },
					{ "time": 3.6, "name": "eggscelent/star" }
				]
			},
			"eggscelent/star7": {
				"color": [
					{ "time": 0, "color": "ffffffdc" },
					{
						"time": 0.7333,
						"color": "ffffffea",
						"curve": [ 0.673, 0, 1, 0.46 ]
					},
					{ "time": 1.5, "color": "ffffff00", "curve": "stepped" },
					{ "time": 3.5666, "color": "ffffff00", "curve": "stepped" },
					{ "time": 3.6, "color": "ffffff00" }
				],
				"attachment": [
					{ "time": 0, "name": null },
					{ "time": 0.7333, "name": "eggscelent/star" },
					{ "time": 3.5666, "name": "eggscelent/star" },
					{ "time": 3.6, "name": "eggscelent/star" }
				]
			},
			"eggscelent/star8": {
				"color": [
					{ "time": 0, "color": "ffffffc5" },
					{
						"time": 0.7333,
						"color": "ffffffea",
						"curve": [ 0.673, 0, 1, 0.46 ]
					},
					{ "time": 1.6333, "color": "ffffff00", "curve": "stepped" },
					{ "time": 3.5666, "color": "ffffff00", "curve": "stepped" },
					{ "time": 3.6, "color": "ffffff00" }
				],
				"attachment": [
					{ "time": 0, "name": null },
					{ "time": 0.7333, "name": "eggscelent/star" },
					{ "time": 3.5666, "name": "eggscelent/star" },
					{ "time": 3.6, "name": "eggscelent/star" }
				]
			},
			"eggscelent/star9": {
				"color": [
					{ "time": 0, "color": "ffffffc8" },
					{
						"time": 0.7333,
						"color": "ffffffea",
						"curve": [ 0.673, 0, 1, 0.46 ]
					},
					{ "time": 1.4333, "color": "ffffff00", "curve": "stepped" },
					{ "time": 3.5666, "color": "ffffff00", "curve": "stepped" },
					{ "time": 3.6, "color": "ffffff00" }
				],
				"attachment": [
					{ "time": 0, "name": null },
					{ "time": 0.7333, "name": "eggscelent/star" },
					{ "time": 3.5666, "name": "eggscelent/star" },
					{ "time": 3.6, "name": "eggscelent/star" }
				]
			},
			"eggscelent/t": {
				"color": [
					{ "time": 0, "color": "ffffffff", "curve": "stepped" },
					{ "time": 0.5666, "color": "ffffffff", "curve": "stepped" },
					{ "time": 3.6, "color": "ffffffff" }
				],
				"attachment": [
					{ "time": 0, "name": null },
					{ "time": 0.5666, "name": "eggscelent/n" },
					{ "time": 3.6, "name": null }
				]
			},
			"eggscelent/t4": {
				"color": [
					{ "time": 0, "color": "ffffff00", "curve": "stepped" },
					{
						"time": 0.5666,
						"color": "ffffff00",
						"curve": [ 0, 0.44, 0.75, 1 ]
					},
					{
						"time": 0.9,
						"color": "ffffffff",
						"curve": [ 0.25, 0, 0.75, 1 ]
					},
					{ "time": 1.1666, "color": "ffffff00", "curve": "stepped" },
					{
						"time": 2.2,
						"color": "ffffff00",
						"curve": [ 0.25, 0, 0.75, 1 ]
					},
					{
						"time": 2.4666,
						"color": "fffffff1",
						"curve": [ 0.25, 0, 0.75, 1 ]
					},
					{ "time": 2.6666, "color": "ffffff00", "curve": "stepped" },
					{ "time": 3.6, "color": "ffffff00" }
				],
				"attachment": [
					{ "time": 0, "name": null },
					{ "time": 0.5666, "name": "eggscelent/n" },
					{ "time": 3.6, "name": null }
				]
			},
			"eggscelent/y": {
				"color": [
					{ "time": 0, "color": "ffffffff", "curve": "stepped" },
					{ "time": 0.5666, "color": "ffffffff", "curve": "stepped" },
					{ "time": 3.6, "color": "ffffffff" }
				],
				"attachment": [
					{ "time": 0, "name": null },
					{ "time": 0.5666, "name": "eggscelent/t" },
					{ "time": 3.6, "name": null }
				]
			},
			"eggscelent/y4": {
				"color": [
					{ "time": 0, "color": "ffffff00", "curve": "stepped" },
					{
						"time": 0.5666,
						"color": "ffffff00",
						"curve": [ 0, 0.44, 0.75, 1 ]
					},
					{
						"time": 0.9666,
						"color": "ffffffff",
						"curve": [ 0.25, 0, 0.75, 1 ]
					},
					{ "time": 1.2, "color": "ffffff00", "curve": "stepped" },
					{
						"time": 2.2666,
						"color": "ffffff00",
						"curve": [ 0.25, 0, 0.75, 1 ]
					},
					{
						"time": 2.5,
						"color": "ffffffef",
						"curve": [ 0.25, 0, 0.75, 1 ]
					},
					{ "time": 2.7666, "color": "ffffff00", "curve": "stepped" },
					{ "time": 3.6, "color": "ffffff00" }
				],
				"attachment": [
					{ "time": 0, "name": null },
					{ "time": 0.5666, "name": "eggscelent/t" },
					{ "time": 3.6, "name": null }
				]
			}
		},
		"bones": {
			"blasy": {
				"rotate": [
					{ "time": 0, "angle": 0, "curve": "stepped" },
					{ "time": 0.5666, "angle": 0, "curve": "stepped" },
					{ "time": 3.6, "angle": 0 }
				],
				"translate": [
					{ "time": 0, "x": 45.28, "y": 78.91, "curve": "stepped" },
					{
						"time": 0.5666,
						"x": 45.28,
						"y": 78.91,
						"curve": [ 0, 0.95, 0.855, 1 ]
					},
					{
						"time": 3.3333,
						"x": 45.28,
						"y": 82.76,
						"curve": [ 0.25, 0, 0.876, 0.8 ]
					},
					{
						"time": 3.4,
						"x": 53.52,
						"y": 81.38,
						"curve": [ 0.231, 0, 1, 0.6 ]
					},
					{ "time": 3.6, "x": 45.28, "y": 185.18 }
				],
				"scale": [
					{ "time": 0, "x": 0.193, "y": 0.193, "curve": "stepped" },
					{
						"time": 0.5666,
						"x": 0.193,
						"y": 0.193,
						"curve": [ 0, 0.95, 0.855, 1 ]
					},
					{
						"time": 0.8,
						"x": 1.203,
						"y": 1.203,
						"curve": [ 0.25, 0, 0.75, 1 ]
					},
					{ "time": 0.9666, "x": 1, "y": 1, "curve": "stepped" },
					{
						"time": 3.3333,
						"x": 1,
						"y": 1,
						"curve": [ 0.334, 0, 0.675, 0.37 ]
					},
					{
						"time": 3.4,
						"x": 0.752,
						"y": 0.752,
						"curve": [ 0.543, 0.19, 1, 0.64 ]
					},
					{ "time": 3.6, "x": 0.193, "y": 0.193 }
				]
			},
			"a2": {
				"rotate": [
					{ "time": 0, "angle": 0, "curve": "stepped" },
					{ "time": 0.5666, "angle": 0, "curve": "stepped" },
					{ "time": 3.6, "angle": 0 }
				],
				"translate": [
					{ "time": 0, "x": 0, "y": 0, "curve": "stepped" },
					{
						"time": 0.5666,
						"x": 0,
						"y": 0,
						"curve": [ 0, 0.44, 0.75, 1 ]
					},
					{
						"time": 0.8333,
						"x": -8.89,
						"y": 0,
						"curve": [ 0.25, 0, 0.75, 1 ]
					},
					{ "time": 1.1, "x": 0, "y": 0, "curve": "stepped" },
					{ "time": 1.4333, "x": 0, "y": 0 },
					{ "time": 1.7333, "x": -0.32, "y": 0.04 },
					{ "time": 2.1, "x": 0, "y": 0, "curve": "stepped" },
					{ "time": 3.6, "x": 0, "y": 0 }
				],
				"scale": [
					{ "time": 0, "x": 1, "y": 1, "curve": "stepped" },
					{ "time": 0.5666, "x": 1, "y": 1, "curve": "stepped" },
					{ "time": 1.1333, "x": 1, "y": 1 },
					{ "time": 1.4333, "x": 0.78, "y": 0.78 },
					{ "time": 1.7333, "x": 1.235, "y": 1.235 },
					{ "time": 2.1, "x": 0.937, "y": 0.937 },
					{ "time": 2.3333, "x": 1, "y": 1, "curve": "stepped" },
					{ "time": 3.6, "x": 1, "y": 1 }
				]
			},
			"l2": {
				"rotate": [
					{ "time": 0, "angle": 0, "curve": "stepped" },
					{ "time": 0.5666, "angle": 0, "curve": "stepped" },
					{ "time": 3.6, "angle": 0 }
				],
				"translate": [
					{ "time": 0, "x": 0, "y": 0, "curve": "stepped" },
					{
						"time": 0.5666,
						"x": 0,
						"y": 0,
						"curve": [ 0, 0.44, 0.75, 1 ]
					},
					{
						"time": 0.7666,
						"x": -27.66,
						"y": 0,
						"curve": [ 0.25, 0, 0.75, 1 ]
					},
					{ "time": 1.0666, "x": 0, "y": 0, "curve": "stepped" },
					{ "time": 1.1, "x": 0, "y": 0 },
					{ "time": 1.2333, "x": 4.62, "y": -1.16 },
					{
						"time": 1.4666,
						"x": -0.45,
						"y": 2.32,
						"curve": [ 0.25, 0, 0.75, 1 ]
					},
					{ "time": 1.7666, "x": 0, "y": 0, "curve": "stepped" },
					{ "time": 3.6, "x": 0, "y": 0 }
				],
				"scale": [
					{ "time": 0, "x": 1, "y": 1, "curve": "stepped" },
					{ "time": 0.5666, "x": 1, "y": 1, "curve": "stepped" },
					{ "time": 1.1, "x": 1, "y": 1 },
					{ "time": 1.2333, "x": 0.831, "y": 0.831 },
					{
						"time": 1.4666,
						"x": 1.303,
						"y": 1.303,
						"curve": [ 0.25, 0, 0.75, 1 ]
					},
					{ "time": 1.7666, "x": 0.913, "y": 0.913 },
					{ "time": 1.9666, "x": 1, "y": 1, "curve": "stepped" },
					{ "time": 3.6, "x": 1, "y": 1 }
				]
			},
			"b2": {
				"rotate": [
					{ "time": 0, "angle": 0, "curve": "stepped" },
					{ "time": 0.5666, "angle": 0, "curve": "stepped" },
					{ "time": 3.6, "angle": 0 }
				],
				"translate": [
					{ "time": 0, "x": 0, "y": 0, "curve": "stepped" },
					{
						"time": 0.5666,
						"x": 0,
						"y": 0,
						"curve": [ 0, 0.44, 0.75, 1 ]
					},
					{
						"time": 0.7333,
						"x": -44.46,
						"y": 0,
						"curve": [ 0.247, 0, 0.629, 0.52 ]
					},
					{
						"time": 0.9666,
						"x": -19.97,
						"y": 0,
						"curve": [ 0, 0.86, 0.747, 1 ]
					},
					{
						"time": 1.1666,
						"x": 4.75,
						"y": -5.93,
						"curve": [ 0, 0.95, 0.75, 1 ]
					},
					{
						"time": 1.3666,
						"x": -28.63,
						"y": -6.92,
						"curve": [ 0.25, 0, 0.75, 1 ]
					},
					{ "time": 1.6333, "x": 2.77, "y": 2.21 },
					{ "time": 1.8666, "x": 0, "y": 0, "curve": "stepped" },
					{ "time": 3.6, "x": 0, "y": 0 }
				],
				"scale": [
					{ "time": 0, "x": 1, "y": 1, "curve": "stepped" },
					{ "time": 0.5666, "x": 1, "y": 1 },
					{
						"time": 0.9666,
						"x": 0.954,
						"y": 0.954,
						"curve": [ 0, 0.86, 0.537, 1 ]
					},
					{
						"time": 1.1666,
						"x": 0.829,
						"y": 0.829,
						"curve": [ 0, 0.95, 0.75, 1 ]
					},
					{
						"time": 1.3666,
						"x": 1.399,
						"y": 1.399,
						"curve": [ 0.25, 0, 0.75, 1 ]
					},
					{ "time": 1.6333, "x": 0.95, "y": 0.95 },
					{ "time": 1.8666, "x": 1, "y": 1, "curve": "stepped" },
					{ "time": 3.6, "x": 1, "y": 1 }
				]
			},
			"point2": {
				"rotate": [
					{ "time": 0, "angle": 0, "curve": "stepped" },
					{ "time": 0.5666, "angle": 0, "curve": "stepped" },
					{ "time": 3.6, "angle": 0 }
				],
				"translate": [
					{ "time": 0, "x": 0, "y": 0, "curve": "stepped" },
					{
						"time": 0.5666,
						"x": 0,
						"y": 0,
						"curve": [ 0, 0.44, 0.75, 1 ]
					},
					{
						"time": 0.9,
						"x": 29.64,
						"y": 0,
						"curve": [ 0.25, 0, 0.75, 1 ]
					},
					{ "time": 1.1, "x": 0, "y": 0, "curve": "stepped" },
					{ "time": 2.1666, "x": 0, "y": 0 },
					{
						"time": 2.4333,
						"x": -6.15,
						"y": -2.46,
						"curve": [ 0.25, 0, 0.75, 1 ]
					},
					{
						"time": 2.6666,
						"x": 5.85,
						"y": 8,
						"curve": [ 0.25, 0, 0.75, 1 ]
					},
					{ "time": 2.9666, "x": 0, "y": 0, "curve": "stepped" },
					{ "time": 3.6, "x": 0, "y": 0 }
				],
				"scale": [
					{ "time": 0, "x": 1, "y": 1, "curve": "stepped" },
					{ "time": 0.5666, "x": 1, "y": 1, "curve": "stepped" },
					{ "time": 2.1666, "x": 1, "y": 1 },
					{
						"time": 2.4333,
						"x": 0.864,
						"y": 0.864,
						"curve": [ 0.25, 0, 0.75, 1 ]
					},
					{
						"time": 2.6666,
						"x": 1.385,
						"y": 1.385,
						"curve": [ 0.25, 0, 0.75, 1 ]
					},
					{ "time": 2.9666, "x": 0.884, "y": 0.884 },
					{ "time": 3.2, "x": 1, "y": 1, "curve": "stepped" },
					{ "time": 3.6, "x": 1, "y": 1 }
				]
			},
			"s2": {
				"rotate": [
					{ "time": 0, "angle": 0, "curve": "stepped" },
					{ "time": 0.5666, "angle": 0, "curve": "stepped" },
					{ "time": 3.6, "angle": 0 }
				],
				"translate": [
					{ "time": 0, "x": 0, "y": 0, "curve": "stepped" },
					{ "time": 0.5666, "x": 0, "y": 0, "curve": "stepped" },
					{
						"time": 1.9666,
						"x": 0,
						"y": 0,
						"curve": [ 0.25, 0, 0.75, 1 ]
					},
					{
						"time": 2.2666,
						"x": 1.81,
						"y": 1.73,
						"curve": [ 0.25, 0, 0.75, 1 ]
					},
					{ "time": 2.5, "x": 0, "y": 0, "curve": "stepped" },
					{ "time": 3.6, "x": 0, "y": 0 }
				],
				"scale": [
					{ "time": 0, "x": 1, "y": 1, "curve": "stepped" },
					{ "time": 0.5666, "x": 1, "y": 1, "curve": "stepped" },
					{ "time": 1.7666, "x": 1, "y": 1 },
					{
						"time": 1.9666,
						"x": 0.9,
						"y": 0.9,
						"curve": [ 0.25, 0, 0.75, 1 ]
					},
					{
						"time": 2.2666,
						"x": 1.424,
						"y": 1.424,
						"curve": [ 0.25, 0, 0.75, 1 ]
					},
					{ "time": 2.5, "x": 0.932, "y": 0.932 },
					{ "time": 2.7333, "x": 1, "y": 1, "curve": "stepped" },
					{ "time": 3.6, "x": 1, "y": 1 }
				]
			},
			"t2": {
				"rotate": [
					{ "time": 0, "angle": 0, "curve": "stepped" },
					{ "time": 0.5666, "angle": 0, "curve": "stepped" },
					{ "time": 3.6, "angle": 0 }
				],
				"translate": [
					{ "time": 0, "x": 0, "y": 0, "curve": "stepped" },
					{
						"time": 0.5666,
						"x": 0,
						"y": 0,
						"curve": [ 0, 0.44, 0.75, 1 ]
					},
					{
						"time": 0.9,
						"x": 6.91,
						"y": 0,
						"curve": [ 0.25, 0, 0.75, 1 ]
					},
					{ "time": 1.1333, "x": 0, "y": 0, "curve": "stepped" },
					{ "time": 2, "x": 0, "y": 0 },
					{
						"time": 2.2,
						"x": -3.34,
						"y": -1.67,
						"curve": [ 0.25, 0, 0.75, 1 ]
					},
					{
						"time": 2.4666,
						"x": 7.98,
						"y": 10.15,
						"curve": [ 0.25, 0, 0.75, 1 ]
					},
					{ "time": 2.6666, "x": 0, "y": 0, "curve": "stepped" },
					{ "time": 3.6, "x": 0, "y": 0 }
				],
				"scale": [
					{ "time": 0, "x": 1, "y": 1, "curve": "stepped" },
					{ "time": 0.5666, "x": 1, "y": 1, "curve": "stepped" },
					{ "time": 2, "x": 1, "y": 1 },
					{
						"time": 2.2,
						"x": 0.86,
						"y": 0.86,
						"curve": [ 0.25, 0, 0.75, 1 ]
					},
					{
						"time": 2.4666,
						"x": 1.505,
						"y": 1.505,
						"curve": [ 0.25, 0, 0.75, 1 ]
					},
					{ "time": 2.6666, "x": 0.936, "y": 0.936 },
					{ "time": 2.8666, "x": 1, "y": 1, "curve": "stepped" },
					{ "time": 3.6, "x": 1, "y": 1 }
				]
			},
			"y2": {
				"rotate": [
					{ "time": 0, "angle": 0, "curve": "stepped" },
					{ "time": 0.5666, "angle": 0, "curve": "stepped" },
					{ "time": 3.6, "angle": 0 }
				],
				"translate": [
					{ "time": 0, "x": 0, "y": 0, "curve": "stepped" },
					{
						"time": 0.5666,
						"x": 0,
						"y": 0,
						"curve": [ 0, 0.44, 0.75, 1 ]
					},
					{
						"time": 0.9666,
						"x": 9.88,
						"y": 0,
						"curve": [ 0.25, 0, 0.75, 1 ]
					},
					{ "time": 1.1666, "x": 0, "y": 0, "curve": "stepped" },
					{ "time": 2.1, "x": 0, "y": 0 },
					{
						"time": 2.2666,
						"x": -1.74,
						"y": -3.49,
						"curve": [ 0.25, 0, 0.75, 1 ]
					},
					{
						"time": 2.5,
						"x": 1.73,
						"y": 8.13,
						"curve": [ 0.25, 0, 0.75, 1 ]
					},
					{ "time": 2.7666, "x": 0, "y": 0, "curve": "stepped" },
					{ "time": 3.6, "x": 0, "y": 0 }
				],
				"scale": [
					{ "time": 0, "x": 1, "y": 1, "curve": "stepped" },
					{ "time": 0.5666, "x": 1, "y": 1, "curve": "stepped" },
					{ "time": 2.1, "x": 1, "y": 1 },
					{
						"time": 2.2666,
						"x": 0.912,
						"y": 0.912,
						"curve": [ 0.25, 0, 0.75, 1 ]
					},
					{
						"time": 2.5,
						"x": 1.455,
						"y": 1.455,
						"curve": [ 0.25, 0, 0.75, 1 ]
					},
					{ "time": 2.7666, "x": 0.912, "y": 0.912 },
					{ "time": 3, "x": 1, "y": 1, "curve": "stepped" },
					{ "time": 3.6, "x": 1, "y": 1 }
				]
			},
			"hilight": {
				"rotate": [
					{ "time": 0, "angle": 0, "curve": "stepped" },
					{ "time": 0.3333, "angle": 0, "curve": "stepped" },
					{ "time": 3.5333, "angle": 0, "curve": "stepped" },
					{ "time": 3.6, "angle": 0 }
				],
				"translate": [
					{ "time": 0, "x": 0, "y": -3.84, "curve": "stepped" },
					{ "time": 0.3333, "x": 0, "y": -3.84, "curve": "stepped" },
					{ "time": 3.5333, "x": 0, "y": -3.84, "curve": "stepped" },
					{ "time": 3.6, "x": 0, "y": -3.84 }
				],
				"scale": [
					{ "time": 0, "x": 1, "y": 1, "curve": "stepped" },
					{ "time": 0.3333, "x": 1, "y": 1, "curve": "stepped" },
					{ "time": 3.5333, "x": 1, "y": 1, "curve": "stepped" },
					{ "time": 3.6, "x": 1, "y": 1 }
				]
			},
			"eggscelent/b_pd": {
				"rotate": [
					{ "time": 0, "angle": 0, "curve": "stepped" },
					{ "time": 0.3333, "angle": 0, "curve": "stepped" },
					{ "time": 3.5333, "angle": 0, "curve": "stepped" },
					{ "time": 3.6, "angle": 0 }
				],
				"translate": [
					{ "time": 0, "x": 0, "y": 0, "curve": "stepped" },
					{ "time": 0.3333, "x": 0, "y": 0, "curve": "stepped" },
					{ "time": 3.5333, "x": 0, "y": 0, "curve": "stepped" },
					{ "time": 3.6, "x": 0, "y": 0 }
				],
				"scale": [
					{ "time": 0, "x": 1, "y": 1, "curve": "stepped" },
					{ "time": 0.3333, "x": 1, "y": 1, "curve": "stepped" },
					{ "time": 3.5333, "x": 1, "y": 1, "curve": "stepped" },
					{ "time": 3.6, "x": 1, "y": 1 }
				]
			},
			"eggscelent/o_pd": {
				"rotate": [
					{ "time": 0, "angle": 0, "curve": "stepped" },
					{ "time": 0.3333, "angle": 0, "curve": "stepped" },
					{ "time": 3.5333, "angle": 0, "curve": "stepped" },
					{ "time": 3.6, "angle": 0 }
				],
				"translate": [
					{ "time": 0, "x": 0, "y": 0, "curve": "stepped" },
					{ "time": 0.3333, "x": 0, "y": 0, "curve": "stepped" },
					{ "time": 3.5333, "x": 0, "y": 0, "curve": "stepped" },
					{ "time": 3.6, "x": 0, "y": 0 }
				],
				"scale": [
					{ "time": 0, "x": 1, "y": 1, "curve": "stepped" },
					{ "time": 0.3333, "x": 1, "y": 1, "curve": "stepped" },
					{ "time": 3.5333, "x": 1, "y": 1, "curve": "stepped" },
					{ "time": 3.6, "x": 1, "y": 1 }
				]
			},
			"eggscelent/star": {
				"rotate": [
					{ "time": 0, "angle": 0, "curve": "stepped" },
					{ "time": 0.5666, "angle": 0, "curve": "stepped" },
					{
						"time": 0.7333,
						"angle": 0,
						"curve": [ 0.07, 0.49, 0.696, 0.98 ]
					},
					{ "time": 1.1333, "angle": -129.17 },
					{ "time": 1.5333, "angle": -177.65 },
					{ "time": 3.5666, "angle": -129.17, "curve": "stepped" },
					{ "time": 3.6, "angle": -129.17 }
				],
				"translate": [
					{ "time": 0, "x": -32.84, "y": -1.93, "curve": "stepped" },
					{ "time": 0.5666, "x": -32.84, "y": -1.93, "curve": "stepped" },
					{
						"time": 0.7333,
						"x": -32.84,
						"y": -1.93,
						"curve": [ 0.011, 0.59, 0.623, 0.91 ]
					},
					{
						"time": 1.4,
						"x": -320.96,
						"y": 205.99,
						"curve": [ 0.394, 0.67, 0.739, 1 ]
					},
					{ "time": 1.5333, "x": -327.62, "y": 212.26 },
					{ "time": 3.6, "x": -3906.41, "y": 5189.5 }
				],
				"scale": [
					{ "time": 0, "x": 1, "y": 1, "curve": "stepped" },
					{ "time": 0.5666, "x": 1, "y": 1, "curve": "stepped" },
					{
						"time": 0.7333,
						"x": 1,
						"y": 1,
						"curve": [ 0, 0.6, 0.153, 1 ]
					},
					{ "time": 1.1333, "x": 1.849, "y": 1.849 },
					{ "time": 3.6, "x": 1.719, "y": 1.719 }
				]
			},
			"eggscelent/star3": {
				"rotate": [
					{ "time": 0, "angle": 0, "curve": "stepped" },
					{ "time": 0.5666, "angle": 0, "curve": "stepped" },
					{
						"time": 0.7333,
						"angle": 0,
						"curve": [ 0.07, 0.49, 0.696, 0.98 ]
					},
					{ "time": 1.2666, "angle": -129.17, "curve": "stepped" },
					{ "time": 3.6, "angle": -129.17 }
				],
				"translate": [
					{ "time": 0, "x": -110.12, "y": 0, "curve": "stepped" },
					{ "time": 0.5666, "x": -110.12, "y": 0 },
					{
						"time": 0.7333,
						"x": -90.94,
						"y": 24.65,
						"curve": [ 0.004, 0.78, 0.583, 1 ]
					},
					{ "time": 1.2666, "x": 154.24, "y": -19.77 },
					{ "time": 3.6, "x": 89.91, "y": -1.39 }
				],
				"scale": [
					{ "time": 0, "x": 1, "y": 1, "curve": "stepped" },
					{ "time": 0.5666, "x": 1, "y": 1 },
					{ "time": 0.7333, "x": 0.753, "y": 0.753, "curve": "stepped" },
					{ "time": 3.6, "x": 0.753, "y": 0.753 }
				]
			},
			"eggscelent/star4": {
				"rotate": [
					{ "time": 0, "angle": 0, "curve": "stepped" },
					{ "time": 0.5666, "angle": 0, "curve": "stepped" },
					{
						"time": 0.7333,
						"angle": 0,
						"curve": [ 0.07, 0.49, 0.696, 0.98 ]
					},
					{ "time": 1.2666, "angle": -129.17, "curve": "stepped" },
					{ "time": 3.6, "angle": -129.17 }
				],
				"translate": [
					{ "time": 0, "x": -154.56, "y": 17.38, "curve": "stepped" },
					{ "time": 0.5666, "x": -154.56, "y": 17.38, "curve": "stepped" },
					{
						"time": 0.7333,
						"x": -154.56,
						"y": 17.38,
						"curve": [ 0.004, 0.78, 0.583, 1 ]
					},
					{ "time": 1.2666, "x": -237.9, "y": -209.15 },
					{ "time": 3.6, "x": -3950.46, "y": 4950.91 }
				],
				"scale": [
					{ "time": 0, "x": 1.188, "y": 1.188, "curve": "stepped" },
					{ "time": 3.6, "x": 1.188, "y": 1.188 }
				]
			},
			"stars": {
				"rotate": [
					{ "time": 0, "angle": 0, "curve": "stepped" },
					{ "time": 0.5666, "angle": 0, "curve": "stepped" },
					{ "time": 3.6, "angle": 0 }
				],
				"translate": [
					{ "time": 0, "x": 697.45, "y": -61.88, "curve": "stepped" },
					{ "time": 0.5666, "x": 697.45, "y": -61.88 },
					{ "time": 0.7333, "x": 697.45, "y": 72.99, "curve": "stepped" },
					{ "time": 3.6, "x": 697.45, "y": 72.99 }
				],
				"scale": [
					{ "time": 0, "x": 1, "y": 1, "curve": "stepped" },
					{ "time": 0.5666, "x": 1, "y": 1, "curve": "stepped" },
					{ "time": 3.6, "x": 1, "y": 1 }
				]
			},
			"eggscelent/star2": {
				"rotate": [
					{ "time": 0, "angle": 0, "curve": "stepped" },
					{ "time": 0.5666, "angle": 0, "curve": "stepped" },
					{
						"time": 0.7333,
						"angle": 0,
						"curve": [ 0.07, 0.49, 0.696, 0.98 ]
					},
					{ "time": 1.2666, "angle": -129.17, "curve": "stepped" },
					{ "time": 3.6, "angle": -129.17 }
				],
				"translate": [
					{ "time": 0, "x": 0, "y": 0, "curve": "stepped" },
					{ "time": 0.5666, "x": 0, "y": 0 },
					{
						"time": 0.7333,
						"x": -27.4,
						"y": -10.96,
						"curve": [ 0.004, 0.78, 0.583, 1 ]
					},
					{ "time": 1.2666, "x": 154.3, "y": 44.37, "curve": "stepped" },
					{ "time": 3.6, "x": 154.3, "y": 44.37 }
				],
				"scale": [
					{ "time": 0, "x": 1, "y": 1, "curve": "stepped" },
					{ "time": 0.5666, "x": 1, "y": 1, "curve": "stepped" },
					{ "time": 3.6, "x": 1, "y": 1 }
				]
			},
			"ribbon": {
				"rotate": [
					{ "time": 0, "angle": 0, "curve": "stepped" },
					{ "time": 0.3333, "angle": 0, "curve": "stepped" },
					{ "time": 3.5333, "angle": 0, "curve": "stepped" },
					{ "time": 3.6, "angle": 0 }
				],
				"translate": [
					{ "time": 0, "x": 0, "y": -3.84, "curve": "stepped" },
					{ "time": 0.3333, "x": 0, "y": -3.84, "curve": "stepped" },
					{ "time": 3.5333, "x": 0, "y": -3.84, "curve": "stepped" },
					{ "time": 3.6, "x": 0, "y": -3.84 }
				],
				"scale": [
					{ "time": 0, "x": 1, "y": 1, "curve": "stepped" },
					{ "time": 0.3333, "x": 1, "y": 1, "curve": "stepped" },
					{ "time": 3.5333, "x": 1, "y": 1, "curve": "stepped" },
					{ "time": 3.6, "x": 1, "y": 1 }
				]
			},
			"eggscelent/star8": {
				"rotate": [
					{ "time": 0, "angle": 0, "curve": "stepped" },
					{ "time": 0.7333, "angle": 0 },
					{ "time": 1.6333, "angle": -165.74, "curve": "stepped" },
					{ "time": 3.6, "angle": -165.74 }
				],
				"translate": [
					{ "time": 0, "x": -82.56, "y": 70.76, "curve": "stepped" },
					{
						"time": 0.7333,
						"x": -82.56,
						"y": 70.76,
						"curve": [ 0.004, 0.78, 0.583, 1 ]
					},
					{ "time": 1.6333, "x": 75.05, "y": 236.62 },
					{ "time": 3.6, "x": 36.45, "y": 205.38 }
				],
				"scale": [
					{ "time": 0, "x": 1, "y": 1, "curve": "stepped" },
					{ "time": 0.7333, "x": 1, "y": 1, "curve": "stepped" },
					{ "time": 3.6, "x": 1, "y": 1 }
				]
			},
			"eggscelent/star9": {
				"rotate": [
					{ "time": 0, "angle": 0, "curve": "stepped" },
					{ "time": 0.7333, "angle": 0 },
					{ "time": 1.4333, "angle": -165.74, "curve": "stepped" },
					{ "time": 3.6, "angle": -165.74 }
				],
				"translate": [
					{ "time": 0, "x": 0, "y": 0, "curve": "stepped" },
					{
						"time": 0.7333,
						"x": 0,
						"y": 0,
						"curve": [ 0.004, 0.78, 0.583, 1 ]
					},
					{ "time": 1.4333, "x": -25.75, "y": -174.58, "curve": "stepped" },
					{ "time": 3.6, "x": -25.75, "y": -174.58 }
				],
				"scale": [
					{ "time": 0, "x": 1, "y": 1, "curve": "stepped" },
					{ "time": 0.7333, "x": 1, "y": 1, "curve": "stepped" },
					{ "time": 3.6, "x": 1, "y": 1 }
				]
			},
			"eggscelent/star7": {
				"rotate": [
					{ "time": 0, "angle": 0, "curve": "stepped" },
					{ "time": 0.7333, "angle": 0 },
					{ "time": 1.5, "angle": -165.74, "curve": "stepped" },
					{ "time": 3.6, "angle": -165.74 }
				],
				"translate": [
					{ "time": 0, "x": 0, "y": 0 },
					{
						"time": 0.7333,
						"x": 0,
						"y": 95.89,
						"curve": [ 0.004, 0.78, 0.583, 1 ]
					},
					{ "time": 1.5, "x": -34.25, "y": 270.54 },
					{ "time": 3.6, "x": -19.54, "y": 178.63 }
				],
				"scale": [
					{ "time": 0, "x": 1, "y": 1 },
					{ "time": 0.7333, "x": 1.242, "y": 1.242, "curve": "stepped" },
					{ "time": 3.6, "x": 1.242, "y": 1.242 }
				]
			},
			"eggscelent/star6": {
				"rotate": [
					{ "time": 0, "angle": 0, "curve": "stepped" },
					{ "time": 0.7333, "angle": 0 },
					{ "time": 1.5, "angle": -165.74, "curve": "stepped" },
					{ "time": 3.6, "angle": -165.74 }
				],
				"translate": [
					{ "time": 0, "x": 0, "y": 0, "curve": "stepped" },
					{
						"time": 0.7333,
						"x": 0,
						"y": 0,
						"curve": [ 0.004, 0.78, 0.583, 1 ]
					},
					{ "time": 1.5, "x": 183.32, "y": -132.65 },
					{ "time": 3.6, "x": 137.37, "y": -108.75 }
				],
				"scale": [
					{ "time": 0, "x": 1.199, "y": 1.199, "curve": "stepped" },
					{ "time": 3.6, "x": 1.199, "y": 1.199 }
				]
			},
			"eggscelent/star5": {
				"rotate": [
					{ "time": 0, "angle": 0, "curve": "stepped" },
					{ "time": 0.7333, "angle": 0 },
					{ "time": 1.3666, "angle": -165.74, "curve": "stepped" },
					{ "time": 3.6, "angle": -165.74 }
				],
				"translate": [
					{ "time": 0, "x": 0, "y": 0 },
					{
						"time": 0.7333,
						"x": 68.5,
						"y": 0,
						"curve": [ 0.004, 0.78, 0.583, 1 ]
					},
					{ "time": 1.3666, "x": -79.46, "y": -41.41, "curve": "stepped" },
					{ "time": 3.6, "x": -79.46, "y": -41.41 }
				],
				"scale": [
					{ "time": 0, "x": 1, "y": 1, "curve": "stepped" },
					{ "time": 0.7333, "x": 1, "y": 1, "curve": "stepped" },
					{ "time": 3.6, "x": 1, "y": 1 }
				]
			},
			"root2": {
				"translate": [
					{ "time": 0, "x": -57.03, "y": 0 }
				]
			},
			"s4": {
				"translate": [
					{ "time": 1.6333, "x": 0, "y": 0, "curve": "stepped" },
					{ "time": 1.8333, "x": 0, "y": 0, "curve": "stepped" },
					{ "time": 2.0666, "x": 0, "y": 0, "curve": "stepped" },
					{ "time": 2.3, "x": 0, "y": 0 }
				],
				"scale": [
					{ "time": 1.6333, "x": 1, "y": 1 },
					{
						"time": 1.8333,
						"x": 0.857,
						"y": 0.857,
						"curve": [ 0.25, 0, 0.75, 1 ]
					},
					{
						"time": 2.0666,
						"x": 1.63,
						"y": 1.63,
						"curve": [ 0.25, 0, 0.75, 1 ]
					},
					{ "time": 2.3, "x": 0.902, "y": 0.902 },
					{ "time": 2.5666, "x": 1, "y": 1 }
				]
			},
			"s3": {
				"translate": [
					{
						"time": 1.6333,
						"x": 0,
						"y": 0,
						"curve": [ 0.25, 0, 0.75, 1 ]
					},
					{
						"time": 1.8666,
						"x": -2.24,
						"y": 3.59,
						"curve": [ 0.25, 0, 0.75, 1 ]
					},
					{ "time": 2.1333, "x": 0, "y": 0 }
				],
				"scale": [
					{ "time": 1.4666, "x": 1, "y": 1 },
					{
						"time": 1.6333,
						"x": 0.864,
						"y": 0.864,
						"curve": [ 0.25, 0, 0.75, 1 ]
					},
					{
						"time": 1.8666,
						"x": 1.452,
						"y": 1.452,
						"curve": [ 0.25, 0, 0.75, 1 ]
					},
					{ "time": 2.1333, "x": 0.913, "y": 0.913 },
					{ "time": 2.3333, "x": 1, "y": 1 }
				]
			},
			"a3": {
				"translate": [
					{
						"time": 1.4666,
						"x": 0,
						"y": 0,
						"curve": [ 0.25, 0, 0.75, 1 ]
					},
					{
						"time": 1.8333,
						"x": 0,
						"y": 7.12,
						"curve": [ 0.25, 0, 0.75, 1 ]
					},
					{ "time": 2.1666, "x": 0, "y": 0 }
				],
				"scale": [
					{ "time": 1.2333, "x": 1, "y": 1 },
					{
						"time": 1.4666,
						"x": 0.883,
						"y": 0.883,
						"curve": [ 0.25, 0, 0.75, 1 ]
					},
					{
						"time": 1.8333,
						"x": 1.379,
						"y": 1.379,
						"curve": [ 0.25, 0, 0.75, 1 ]
					},
					{ "time": 2.1666, "x": 0.913, "y": 0.913 },
					{ "time": 2.4666, "x": 1, "y": 1 }
				]
			},
			"a4": {
				"translate": [
					{ "time": 1.5, "x": 0, "y": 0, "curve": "stepped" },
					{ "time": 1.8333, "x": 0, "y": 0, "curve": "stepped" },
					{ "time": 2.1666, "x": 0, "y": 0 }
				],
				"scale": [
					{ "time": 1.3666, "x": 1, "y": 1 },
					{
						"time": 1.5,
						"x": 0.832,
						"y": 0.832,
						"curve": [ 0.25, 0, 0.75, 1 ]
					},
					{
						"time": 1.8333,
						"x": 1.519,
						"y": 1.519,
						"curve": [ 0.25, 0, 0.75, 1 ]
					},
					{ "time": 2.1666, "x": 0.898, "y": 0.898 },
					{ "time": 2.5, "x": 1, "y": 1 }
				]
			},
			"s5": {
				"translate": [
					{ "time": 2, "x": 0, "y": 0, "curve": "stepped" },
					{ "time": 2.2, "x": 0, "y": 0, "curve": "stepped" },
					{ "time": 2.4333, "x": 0, "y": 0 }
				],
				"scale": [
					{ "time": 1.8, "x": 1, "y": 1 },
					{ "time": 2, "x": 0.803, "y": 0.803 },
					{ "time": 2.2, "x": 1.486, "y": 1.486 },
					{ "time": 2.4333, "x": 0.92, "y": 0.92 },
					{ "time": 2.6333, "x": 1, "y": 1 }
				]
			},
			"bone": {
				"rotate": [
					{ "time": 1.0666, "angle": 53.8 },
					{ "time": 1.5, "angle": -22.84 },
					{ "time": 1.9333, "angle": -131.71 }
				],
				"scale": [
					{
						"time": 1.0666,
						"x": 0.442,
						"y": 0.442,
						"curve": [ 0, 1, 0.643, 1 ]
					},
					{
						"time": 1.5,
						"x": 2.37,
						"y": 1.521,
						"curve": [ 0.572, 0, 0.304, 1 ]
					},
					{ "time": 1.9333, "x": 0.522, "y": 0.522 }
				]
			},
			"bone2": {
				"rotate": [
					{ "time": 1.3, "angle": 53.8 },
					{ "time": 1.4333, "angle": -22.84 },
					{ "time": 1.6333, "angle": -131.71 }
				],
				"scale": [
					{
						"time": 1.3,
						"x": 0.442,
						"y": 0.442,
						"curve": [ 0, 1, 0.643, 1 ]
					},
					{
						"time": 1.4333,
						"x": 0.946,
						"y": 2.085,
						"curve": [ 0.572, 0, 0.304, 1 ]
					},
					{ "time": 1.6333, "x": 0.522, "y": 0.522 }
				]
			},
			"bone3": {
				"rotate": [
					{ "time": 1.4333, "angle": 53.8 },
					{ "time": 1.6, "angle": -22.84 },
					{ "time": 1.9666, "angle": -131.71 }
				],
				"scale": [
					{
						"time": 1.4333,
						"x": 0.442,
						"y": 0.442,
						"curve": [ 0, 1, 0.643, 1 ]
					},
					{
						"time": 1.6,
						"x": 1.547,
						"y": 1.547,
						"curve": [ 0.572, 0, 0.304, 1 ]
					},
					{ "time": 1.9666, "x": 0.522, "y": 0.522 }
				]
			},
			"bone4": {
				"rotate": [
					{ "time": 1.5, "angle": 53.8 },
					{ "time": 1.8666, "angle": -22.84 },
					{ "time": 2.2333, "angle": -131.71 }
				],
				"scale": [
					{
						"time": 1.5,
						"x": 0.442,
						"y": 0.442,
						"curve": [ 0, 1, 0.643, 1 ]
					},
					{
						"time": 1.8666,
						"x": 1.547,
						"y": 1.547,
						"curve": [ 0.572, 0, 0.304, 1 ]
					},
					{ "time": 2.2333, "x": 0.522, "y": 0.522 }
				]
			},
			"bone6": {
				"rotate": [
					{ "time": 1.8, "angle": 53.8 },
					{ "time": 1.9666, "angle": -22.84 },
					{ "time": 2.2666, "angle": -131.71 }
				],
				"scale": [
					{
						"time": 1.8,
						"x": 0.442,
						"y": 0.442,
						"curve": [ 0, 1, 0.643, 1 ]
					},
					{
						"time": 1.9666,
						"x": 1.547,
						"y": 1.547,
						"curve": [ 0.572, 0, 0.304, 1 ]
					},
					{ "time": 2.2666, "x": 0.522, "y": 0.522 }
				]
			},
			"bone7": {
				"rotate": [
					{ "time": 1.8333, "angle": 53.8 },
					{ "time": 2.2, "angle": -22.84 },
					{ "time": 2.5666, "angle": -131.71 }
				],
				"scale": [
					{
						"time": 1.8333,
						"x": 0.442,
						"y": 0.442,
						"curve": [ 0, 1, 0.643, 1 ]
					},
					{
						"time": 2.2,
						"x": 1.547,
						"y": 1.547,
						"curve": [ 0.572, 0, 0.304, 1 ]
					},
					{ "time": 2.5666, "x": 0.522, "y": 0.522 }
				]
			},
			"bone8": {
				"rotate": [
					{ "time": 2.0666, "angle": 53.8 },
					{ "time": 2.2333, "angle": -22.84 },
					{ "time": 2.6, "angle": -131.71 }
				],
				"scale": [
					{
						"time": 2.0666,
						"x": 0.442,
						"y": 0.442,
						"curve": [ 0, 1, 0.643, 1 ]
					},
					{
						"time": 2.2333,
						"x": 1.547,
						"y": 1.547,
						"curve": [ 0.572, 0, 0.304, 1 ]
					},
					{ "time": 2.6, "x": 0.522, "y": 0.522 }
				]
			},
			"bone9": {
				"rotate": [
					{ "time": 2.1, "angle": 53.8 },
					{ "time": 2.3, "angle": -22.84 },
					{ "time": 2.6666, "angle": -131.71 }
				],
				"scale": [
					{
						"time": 2.1,
						"x": 0.442,
						"y": 0.442,
						"curve": [ 0, 1, 0.643, 1 ]
					},
					{
						"time": 2.3,
						"x": 1.121,
						"y": 1.675,
						"curve": [ 0.572, 0, 0.304, 1 ]
					},
					{ "time": 2.6666, "x": 0.522, "y": 0.522 }
				]
			},
			"bone10": {
				"rotate": [
					{ "time": 2.3, "angle": 53.8 },
					{ "time": 2.6666, "angle": -22.84 },
					{ "time": 3, "angle": -131.71 }
				],
				"scale": [
					{
						"time": 2.3,
						"x": 0.442,
						"y": 0.442,
						"curve": [ 0.085, 0.66, 0.615, 0.97 ]
					},
					{
						"time": 2.6666,
						"x": 1.153,
						"y": 2.243,
						"curve": [ 0.572, 0, 0.304, 1 ]
					},
					{ "time": 3, "x": 0.294, "y": 0.522 }
				]
			},
			"bone5": {
				"rotate": [
					{ "time": 1.7333, "angle": 53.8 },
					{ "time": 1.9, "angle": -22.84 },
					{ "time": 2.2666, "angle": -131.71 }
				],
				"scale": [
					{
						"time": 1.7333,
						"x": 0.442,
						"y": 0.442,
						"curve": [ 0, 1, 0.643, 1 ]
					},
					{
						"time": 1.9,
						"x": 1.547,
						"y": 1.547,
						"curve": [ 0.572, 0, 0.304, 1 ]
					},
					{ "time": 2.2666, "x": 0.522, "y": 0.522 }
				]
			},
			"bone11": {
				"translate": [
					{ "time": 1.1666, "x": 18.38, "y": 12.72 },
					{ "time": 1.2666, "x": 0, "y": 0 },
					{
						"time": 1.6333,
						"x": 141.39,
						"y": 8.48,
						"curve": [ 0.25, 0, 1, 0.64 ]
					},
					{ "time": 2.3, "x": 361.16, "y": 37.06 },
					{ "time": 2.6333, "x": 506.21, "y": 45.24 }
				],
				"scale": [
					{ "time": 1.1666, "x": 0.466, "y": 0.466 },
					{ "time": 1.2666, "x": 1.436, "y": 1.436 },
					{ "time": 1.6333, "x": 2.151, "y": 1.677 },
					{ "time": 1.9666, "x": 2.315, "y": 1.358 },
					{ "time": 2.3, "x": 2.121, "y": 1.448 },
					{ "time": 2.6333, "x": 0.747, "y": 0.747 },
					{ "time": 3.0666, "x": 0.299, "y": 0.299 }
				]
			},
			"bone12": {
				"rotate": [
					{ "time": 0.6, "angle": 0 },
					{ "time": 1.5, "angle": 12.42 },
					{ "time": 1.8333, "angle": 0 }
				],
				"translate": [
					{
						"time": 0.6,
						"x": 29.45,
						"y": 100.08,
						"curve": [ 0.213, 0.69, 0.779, 1 ]
					},
					{
						"time": 1.5,
						"x": 74.93,
						"y": 139.08,
						"curve": [ 0.246, 0, 0.598, 0.32 ]
					},
					{
						"time": 1.8333,
						"x": 88.37,
						"y": 150.26,
						"curve": [ 0.31, 0.22, 0.655, 0.55 ]
					},
					{
						"time": 2.1333,
						"x": 148.69,
						"y": 146.64,
						"curve": [ 0.501, 0.18, 1, 0.5 ]
					},
					{ "time": 3.0666, "x": 160.79, "y": 94.56 }
				],
				"scale": [
					{ "time": 0.6, "x": 1, "y": 0.162 },
					{ "time": 1.5, "x": 1.158, "y": 1.403 },
					{ "time": 2.1333, "x": 1.084, "y": 1.171 },
					{ "time": 3.0666, "x": 0.934, "y": 0.662 }
				]
			}
		},
		"drawOrder": [
			{ "time": 0 },
			{ "time": 0.5666 },
			{
				"time": 0.8,
				"offsets": [
					{ "slot": "eggscelent/star", "offset": 30 },
					{ "slot": "eggscelent/star2", "offset": 29 },
					{ "slot": "eggscelent/star3", "offset": 28 },
					{ "slot": "eggscelent/star4", "offset": 27 }
				]
			},
			{
				"time": 3.6,
				"offsets": [
					{ "slot": "eggscelent/star", "offset": 30 },
					{ "slot": "eggscelent/star2", "offset": 29 },
					{ "slot": "eggscelent/star3", "offset": 28 },
					{ "slot": "eggscelent/star4", "offset": 27 }
				]
			}
		]
	}
}
}