{
"skeleton": { "hash": "KTkLplcTRrYd3H7a0g9Xc3uJxo8", "spine": "3.4.02", "width": 286.37, "height": 122.42, "images": "./picture/" },
"bones": [
	{ "name": "root", "scaleX": 0.935, "scaleY": 0.935 },
	{ "name": "bone", "parent": "root" },
	{ "name": "b1", "parent": "bone", "x": -152.66, "y": -4.04 },
	{ "name": "b2", "parent": "bone", "x": -110.3, "y": -5.04 },
	{ "name": "b3", "parent": "bone", "x": -48.01, "y": -5.54 },
	{ "name": "b4", "parent": "bone", "x": 5.8, "y": -4.54 },
	{ "name": "b5", "parent": "bone", "x": 60.62, "y": -5.54 },
	{ "name": "b6", "parent": "bone", "x": 116.93, "y": -3.54 },
	{ "name": "b7", "parent": "bone", "x": 152.81, "y": 7.41 },
	{ "name": "bone2", "parent": "root" },
	{ "name": "bone3", "parent": "root" },
	{ "name": "guangyun", "parent": "bone", "x": -165, "y": -3.21, "scaleX": 1.708, "scaleY": 1.708 },
	{ "name": "guangyun2", "parent": "bone2", "x": -110.83, "y": 14.15, "scaleX": 1.708, "scaleY": 1.708 },
	{ "name": "guangyun3", "parent": "bone3", "x": -110.83, "y": 14.15, "scaleX": 1.708, "scaleY": 1.708 },
	{ "name": "w", "parent": "bone2" },
	{ "name": "w1", "parent": "w", "x": -94.81, "y": -9.4 },
	{ "name": "w2", "parent": "w", "x": -19.64, "y": -9.4 },
	{ "name": "w3", "parent": "w", "x": 56.08, "y": -10.31 },
	{ "name": "w4", "parent": "w", "x": 118.07, "y": 21.04 }
],
"slots": [
	{ "name": "b1", "bone": "b1" },
	{ "name": "b8", "bone": "b1", "blend": "additive" },
	{ "name": "b2", "bone": "b2" },
	{ "name": "b9", "bone": "b2", "blend": "additive" },
	{ "name": "b3", "bone": "b3" },
	{ "name": "b14", "bone": "b3", "blend": "additive" },
	{ "name": "b4", "bone": "b4" },
	{ "name": "b10", "bone": "b4", "blend": "additive" },
	{ "name": "b5", "bone": "b5" },
	{ "name": "b11", "bone": "b5", "blend": "additive" },
	{ "name": "b6", "bone": "b6" },
	{ "name": "b12", "bone": "b6", "blend": "additive" },
	{ "name": "b7", "bone": "b7" },
	{ "name": "b13", "bone": "b7", "blend": "additive" },
	{ "name": "guangyun", "bone": "guangyun" },
	{ "name": "w1", "bone": "w1", "attachment": "w1" },
	{ "name": "w5", "bone": "w1", "blend": "additive" },
	{ "name": "w2", "bone": "w2", "attachment": "w2" },
	{ "name": "w6", "bone": "w2", "blend": "additive" },
	{ "name": "w3", "bone": "w3", "attachment": "w1" },
	{ "name": "w7", "bone": "w3", "blend": "additive" },
	{ "name": "w4", "bone": "w4", "attachment": "w4" },
	{ "name": "w8", "bone": "w4", "blend": "additive" },
	{ "name": "guangyun2", "bone": "guangyun2", "attachment": "guangyun" },
	{ "name": "guangyun3", "bone": "guangyun3" }
],
"skins": {
	"default": {
		"b1": {
			"b1": { "x": 1.93, "y": -1.52, "width": 94, "height": 123 }
		},
		"b10": {
			"b4": { "x": 3.14, "y": -2.3, "width": 66, "height": 97 }
		},
		"b11": {
			"b5": { "x": 1.05, "y": -1.41, "width": 76, "height": 96 }
		},
		"b12": {
			"b6": { "x": -1.3, "y": 0.31, "width": 86, "height": 118 }
		},
		"b13": {
			"b7": { "x": 3.09, "y": -4.73, "width": 75, "height": 95 }
		},
		"b14": {
			"b3": { "x": 1.5, "y": -0.19, "width": 77, "height": 106 }
		},
		"b2": {
			"b2": { "x": 12.86, "y": -2.57, "width": 55, "height": 119 }
		},
		"b3": {
			"b3": { "x": 1.5, "y": -0.19, "width": 77, "height": 106 }
		},
		"b4": {
			"b4": { "x": 3.14, "y": -2.3, "width": 66, "height": 97 }
		},
		"b5": {
			"b5": { "x": 1.05, "y": -1.41, "width": 76, "height": 96 }
		},
		"b6": {
			"b6": { "x": -1.3, "y": 0.31, "width": 86, "height": 118 }
		},
		"b7": {
			"b7": { "x": 3.09, "y": -4.73, "width": 75, "height": 95 }
		},
		"b8": {
			"b1": { "x": 1.93, "y": -1.52, "width": 94, "height": 123 }
		},
		"b9": {
			"b2": { "x": 12.86, "y": -2.57, "width": 55, "height": 119 }
		},
		"guangyun": {
			"guangyun": { "x": 0.04, "y": -1.93, "scaleX": 0.201, "scaleY": 0.201, "width": 238, "height": 219 }
		},
		"guangyun2": {
			"guangyun": { "x": 0.04, "y": -1.93, "scaleX": 0.201, "scaleY": 0.201, "width": 238, "height": 219 }
		},
		"guangyun3": {
			"guangyun": { "x": 0.04, "y": -1.93, "scaleX": 0.201, "scaleY": 0.201, "width": 238, "height": 219 }
		},
		"w1": {
			"w1": { "x": 2.35, "y": 0.2, "width": 104, "height": 113 }
		},
		"w2": {
			"w2": { "x": 1.64, "y": 0.97, "width": 74, "height": 119 }
		},
		"w3": {
			"w1": { "x": 2.75, "y": 1.1, "width": 104, "height": 113 }
		},
		"w4": {
			"w4": { "x": 4.36, "y": -5.54, "width": 64, "height": 95 }
		},
		"w5": {
			"w1": { "x": 2.35, "y": 0.2, "width": 104, "height": 113 }
		},
		"w6": {
			"w2": { "x": 1.64, "y": 0.97, "width": 74, "height": 119 }
		},
		"w7": {
			"w1": { "x": 2.75, "y": 1.1, "width": 104, "height": 113 }
		},
		"w8": {
			"w4": { "x": 4.36, "y": -5.54, "width": 64, "height": 95 }
		}
	}
},
"animations": {
	"blasty": {
		"slots": {
			"b1": {
				"color": [
					{
						"time": 0,
						"color": "ffffff00",
						"curve": [ 0.252, 0, 0.605, 0.37 ]
					},
					{ "time": 0.1666, "color": "ffffffff", "curve": "stepped" },
					{ "time": 2.3333, "color": "ffffffff" },
					{ "time": 2.8, "color": "ffffff00" }
				],
				"attachment": [
					{ "time": 0, "name": "b1" },
					{ "time": 2.8, "name": "b1" }
				]
			},
			"b2": {
				"color": [
					{
						"time": 0,
						"color": "ffffff00",
						"curve": [ 0.252, 0, 0.605, 0.37 ]
					},
					{ "time": 0.1666, "color": "ffffffff", "curve": "stepped" },
					{ "time": 2.3333, "color": "ffffffff" },
					{ "time": 2.8, "color": "ffffff00" }
				],
				"attachment": [
					{ "time": 0, "name": "b2" },
					{ "time": 2.8, "name": "b2" }
				]
			},
			"b3": {
				"color": [
					{
						"time": 0,
						"color": "ffffff00",
						"curve": [ 0.224, 0, 0.627, 0.43 ]
					},
					{ "time": 0.1666, "color": "ffffffff", "curve": "stepped" },
					{ "time": 2.3333, "color": "ffffffff" },
					{ "time": 2.8, "color": "ffffff00" }
				],
				"attachment": [
					{ "time": 0, "name": "b3" },
					{ "time": 2.8, "name": "b3" }
				]
			},
			"b4": {
				"color": [
					{
						"time": 0,
						"color": "ffffff00",
						"curve": [ 0.224, 0, 0.627, 0.43 ]
					},
					{ "time": 0.1666, "color": "ffffffff", "curve": "stepped" },
					{ "time": 2.3333, "color": "ffffffff" },
					{ "time": 2.8, "color": "ffffff00" }
				],
				"attachment": [
					{ "time": 0, "name": "b4" },
					{ "time": 2.8, "name": "b4" }
				]
			},
			"b5": {
				"color": [
					{
						"time": 0,
						"color": "ffffff00",
						"curve": [ 0.224, 0, 0.627, 0.43 ]
					},
					{ "time": 0.1666, "color": "ffffffff", "curve": "stepped" },
					{ "time": 2.3333, "color": "ffffffff" },
					{ "time": 2.8, "color": "ffffff00" }
				],
				"attachment": [
					{ "time": 0, "name": "b5" },
					{ "time": 2.8, "name": "b5" }
				]
			},
			"b6": {
				"color": [
					{
						"time": 0,
						"color": "ffffff00",
						"curve": [ 0.224, 0, 0.627, 0.43 ]
					},
					{ "time": 0.1666, "color": "ffffffff", "curve": "stepped" },
					{ "time": 2.3333, "color": "ffffffff" },
					{ "time": 2.8, "color": "ffffff00" }
				],
				"attachment": [
					{ "time": 0, "name": "b6" },
					{ "time": 2.8, "name": "b6" }
				]
			},
			"b7": {
				"color": [
					{
						"time": 0,
						"color": "ffffff00",
						"curve": [ 0.224, 0, 0.627, 0.43 ]
					},
					{ "time": 0.1666, "color": "ffffffff", "curve": "stepped" },
					{ "time": 2.3333, "color": "ffffffff" },
					{ "time": 2.8, "color": "ffffff00" }
				],
				"attachment": [
					{ "time": 0, "name": "b7" },
					{ "time": 2.8, "name": "b7" }
				]
			},
			"b8": {
				"color": [
					{
						"time": 0,
						"color": "ffffffff",
						"curve": [ 0.25, 0, 0.75, 1 ]
					},
					{ "time": 0.3333, "color": "ffffff00", "curve": "stepped" },
					{
						"time": 0.4333,
						"color": "ffffff00",
						"curve": [ 0.25, 0, 0.75, 1 ]
					},
					{
						"time": 0.6,
						"color": "ffffffff",
						"curve": [ 0.25, 0, 0.75, 1 ]
					},
					{
						"time": 1.1666,
						"color": "ffffff00",
						"curve": [ 0.25, 0, 0.75, 1 ]
					},
					{
						"time": 2,
						"color": "ffffff4b",
						"curve": [ 0.25, 0, 0.75, 1 ]
					},
					{ "time": 2.3333, "color": "ffffff00", "curve": "stepped" },
					{ "time": 2.8, "color": "ffffff00" }
				],
				"attachment": [
					{ "time": 0, "name": null },
					{ "time": 0.3333, "name": "b1" },
					{ "time": 1.1, "name": "b1" },
					{ "time": 2.8, "name": "b1" }
				]
			},
			"b9": {
				"color": [
					{ "time": 0, "color": "ffffffff" },
					{ "time": 0.3333, "color": "ffffff00", "curve": "stepped" },
					{ "time": 0.4333, "color": "ffffff00" },
					{ "time": 0.7, "color": "ffffffff" },
					{ "time": 0.8666, "color": "ffffff31" },
					{ "time": 1, "color": "ffffffff" },
					{ "time": 1.3666, "color": "ffffff00" },
					{ "time": 2, "color": "ffffffff" },
					{ "time": 2.3333, "color": "ffffff00", "curve": "stepped" },
					{ "time": 2.8, "color": "ffffff00" }
				],
				"attachment": [
					{ "time": 0, "name": null },
					{ "time": 0.3333, "name": "b2" },
					{ "time": 2.8, "name": "b2" }
				]
			},
			"b10": {
				"color": [
					{ "time": 0, "color": "ffffffff" },
					{ "time": 0.3333, "color": "ffffff00", "curve": "stepped" },
					{ "time": 0.4333, "color": "ffffff00" },
					{ "time": 0.7, "color": "ffffffff" },
					{ "time": 1.1666, "color": "ffffff03" },
					{ "time": 1.2666, "color": "fffffffb" },
					{ "time": 1.5666, "color": "ffffff78" },
					{ "time": 2.3333, "color": "ffffff00", "curve": "stepped" },
					{ "time": 2.8, "color": "ffffff00" }
				],
				"attachment": [
					{ "time": 0, "name": null },
					{ "time": 0.3333, "name": "b4" },
					{ "time": 2.8, "name": "b4" }
				]
			},
			"b11": {
				"color": [
					{ "time": 0, "color": "ffffffff" },
					{ "time": 0.3333, "color": "ffffff00", "curve": "stepped" },
					{ "time": 0.4333, "color": "ffffff00" },
					{ "time": 0.7, "color": "ffffffff" },
					{ "time": 1.2666, "color": "ffffff00" },
					{ "time": 1.3666, "color": "ffffffff" },
					{ "time": 1.7, "color": "ffffff00" },
					{ "time": 2, "color": "ffffff89" },
					{ "time": 2.3333, "color": "ffffff00", "curve": "stepped" },
					{ "time": 2.8, "color": "ffffff00" }
				],
				"attachment": [
					{ "time": 0, "name": null },
					{ "time": 0.3333, "name": "b5" },
					{ "time": 2.8, "name": "b5" }
				]
			},
			"b12": {
				"color": [
					{ "time": 0, "color": "ffffffff" },
					{ "time": 0.3333, "color": "ffffff00", "curve": "stepped" },
					{ "time": 0.4333, "color": "ffffff00" },
					{ "time": 0.7, "color": "ffffffff" },
					{ "time": 1.3333, "color": "ffffff00" },
					{ "time": 1.5, "color": "ffffffff" },
					{ "time": 1.7, "color": "ffffff6c" },
					{ "time": 2.3333, "color": "ffffff00", "curve": "stepped" },
					{ "time": 2.8, "color": "ffffff00" }
				],
				"attachment": [
					{ "time": 0, "name": null },
					{ "time": 0.3333, "name": "b6" },
					{ "time": 2.8, "name": "b6" }
				]
			},
			"b13": {
				"color": [
					{ "time": 0, "color": "ffffffff" },
					{ "time": 0.3333, "color": "ffffff00", "curve": "stepped" },
					{ "time": 0.4333, "color": "ffffff00" },
					{ "time": 0.7, "color": "ffffffff" },
					{ "time": 1.3666, "color": "ffffff00" },
					{ "time": 1.5333, "color": "ffffffff" },
					{ "time": 1.7666, "color": "ffffff76" },
					{ "time": 2.3333, "color": "ffffff00", "curve": "stepped" },
					{ "time": 2.8, "color": "ffffff00" }
				],
				"attachment": [
					{ "time": 0, "name": null },
					{ "time": 0.3333, "name": "b7" },
					{ "time": 1.5333, "name": "b7" },
					{ "time": 2.8, "name": "b7" }
				]
			},
			"b14": {
				"color": [
					{ "time": 0, "color": "ffffffff" },
					{ "time": 0.3333, "color": "ffffff00", "curve": "stepped" },
					{ "time": 0.4333, "color": "ffffff00" },
					{ "time": 0.6, "color": "ffffffff" },
					{ "time": 0.7666, "color": "ffffff38" },
					{ "time": 1.1333, "color": "ffffffd3" },
					{ "time": 1.2666, "color": "ffffff00" },
					{ "time": 2, "color": "ffffffb0" },
					{ "time": 2.3333, "color": "ffffff00", "curve": "stepped" },
					{ "time": 2.8, "color": "ffffff00" }
				],
				"attachment": [
					{ "time": 0, "name": null },
					{ "time": 0.3333, "name": "b3" },
					{ "time": 2.8, "name": "b3" }
				]
			},
			"guangyun": {
				"color": [
					{ "time": 0, "color": "ffffffff", "curve": "stepped" },
					{ "time": 2.8, "color": "ffffffff" }
				],
				"attachment": [
					{ "time": 0, "name": null },
					{ "time": 2.8, "name": null }
				]
			},
			"guangyun2": {
				"color": [
					{ "time": 0, "color": "ffffff00", "curve": "stepped" },
					{ "time": 0.6666, "color": "ffffff00" },
					{ "time": 0.7666, "color": "ffffffff", "curve": "stepped" },
					{ "time": 1.2666, "color": "ffffffff" },
					{ "time": 1.3666, "color": "ffffff00", "curve": "stepped" },
					{ "time": 2.8, "color": "ffffff00" }
				],
				"attachment": [
					{ "time": 0, "name": null },
					{ "time": 2.8, "name": null }
				]
			},
			"guangyun3": {
				"color": [
					{ "time": 0, "color": "ffffffff", "curve": "stepped" },
					{ "time": 2.8, "color": "ffffffff" }
				],
				"attachment": [
					{ "time": 0, "name": null },
					{ "time": 0.8333, "name": "guangyun" },
					{ "time": 1.0333, "name": null },
					{ "time": 1.1333, "name": "guangyun" },
					{ "time": 1.5666, "name": null },
					{ "time": 2.8, "name": null }
				]
			},
			"w1": {
				"color": [
					{ "time": 0, "color": "ffffffff", "curve": "stepped" },
					{ "time": 2.8, "color": "ffffffff" }
				],
				"attachment": [
					{ "time": 0, "name": null },
					{ "time": 2.8, "name": null }
				]
			},
			"w2": {
				"color": [
					{ "time": 0, "color": "ffffffff", "curve": "stepped" },
					{ "time": 2.8, "color": "ffffffff" }
				],
				"attachment": [
					{ "time": 0, "name": null },
					{ "time": 2.8, "name": null }
				]
			},
			"w3": {
				"color": [
					{ "time": 0, "color": "ffffffff", "curve": "stepped" },
					{ "time": 2.8, "color": "ffffffff" }
				],
				"attachment": [
					{ "time": 0, "name": null },
					{ "time": 2.8, "name": null }
				]
			},
			"w4": {
				"color": [
					{ "time": 0, "color": "ffffffff", "curve": "stepped" },
					{ "time": 2.8, "color": "ffffffff" }
				],
				"attachment": [
					{ "time": 0, "name": null },
					{ "time": 2.8, "name": null }
				]
			},
			"w5": {
				"color": [
					{ "time": 0, "color": "ffffffff", "curve": "stepped" },
					{ "time": 2.8, "color": "ffffffff" }
				],
				"attachment": [
					{ "time": 0, "name": null },
					{ "time": 2.8, "name": null }
				]
			},
			"w6": {
				"color": [
					{ "time": 0, "color": "ffffffff", "curve": "stepped" },
					{ "time": 2.8, "color": "ffffffff" }
				],
				"attachment": [
					{ "time": 0, "name": null },
					{ "time": 2.8, "name": null }
				]
			},
			"w7": {
				"color": [
					{ "time": 0, "color": "ffffffff", "curve": "stepped" },
					{ "time": 2.8, "color": "ffffffff" }
				],
				"attachment": [
					{ "time": 0, "name": null },
					{ "time": 2.8, "name": null }
				]
			},
			"w8": {
				"color": [
					{ "time": 0, "color": "ffffffff", "curve": "stepped" },
					{ "time": 2.8, "color": "ffffffff" }
				],
				"attachment": [
					{ "time": 0, "name": null },
					{ "time": 2.8, "name": null }
				]
			}
		},
		"bones": {
			"root": {
				"rotate": [
					{ "time": 0, "angle": 0, "curve": "stepped" },
					{ "time": 2.8, "angle": 0 }
				],
				"translate": [
					{ "time": 0, "x": 0, "y": 0, "curve": "stepped" },
					{ "time": 2.8, "x": 0, "y": 0 }
				],
				"scale": [
					{ "time": 0, "x": 0.978, "y": 0.978, "curve": "stepped" },
					{ "time": 2.8, "x": 0.978, "y": 0.978 }
				]
			},
			"b1": {
				"rotate": [
					{ "time": 0, "angle": 0, "curve": "stepped" },
					{ "time": 2.8, "angle": 0 }
				],
				"translate": [
					{
						"time": 0,
						"x": -532.86,
						"y": 0,
						"curve": [ 0.62, 0, 1, 0.69 ]
					},
					{ "time": 0.3333, "x": -56.65, "y": 0 },
					{ "time": 0.4333, "x": -65.68, "y": 0 },
					{ "time": 0.5333, "x": -9.03, "y": 0 },
					{ "time": 0.6333, "x": -27.09, "y": 0 },
					{ "time": 0.7, "x": 0, "y": 0, "curve": "stepped" },
					{
						"time": 1.7,
						"x": 0,
						"y": 0,
						"curve": [ 0.25, 0, 0.582, 0.8 ]
					},
					{ "time": 2.5, "x": -749.61, "y": 0, "curve": "stepped" },
					{ "time": 2.8, "x": -749.61, "y": 0 }
				],
				"scale": [
					{ "time": 0, "x": 1, "y": 1, "curve": "stepped" },
					{ "time": 2.8, "x": 1, "y": 1 }
				]
			},
			"b2": {
				"rotate": [
					{ "time": 0, "angle": 0, "curve": "stepped" },
					{ "time": 2.8, "angle": 0 }
				],
				"translate": [
					{
						"time": 0,
						"x": -415.45,
						"y": 0,
						"curve": [ 0.616, 0, 1, 0.69 ]
					},
					{ "time": 0.3333, "x": -29.56, "y": 0 },
					{ "time": 0.4333, "x": -38.59, "y": 0 },
					{ "time": 0.5333, "x": -9.03, "y": 0 },
					{ "time": 0.6333, "x": -18.06, "y": 0 },
					{ "time": 0.7, "x": 0, "y": 0, "curve": "stepped" },
					{
						"time": 1.8,
						"x": 0,
						"y": 0,
						"curve": [ 0.25, 0, 0.62, 0.79 ]
					},
					{ "time": 2.6, "x": -632.2, "y": 0, "curve": "stepped" },
					{ "time": 2.8, "x": -632.2, "y": 0 }
				],
				"scale": [
					{ "time": 0, "x": 1, "y": 1, "curve": "stepped" },
					{ "time": 2.8, "x": 1, "y": 1 }
				]
			},
			"b3": {
				"rotate": [
					{ "time": 0, "angle": 0, "curve": "stepped" },
					{ "time": 2.8, "angle": 0 }
				],
				"translate": [
					{
						"time": 0,
						"x": -325.13,
						"y": 0,
						"curve": [ 0.544, 0, 1, 0.69 ]
					},
					{ "time": 0.3333, "x": -4.47, "y": -0.66 },
					{ "time": 0.4333, "x": -13.5, "y": -0.66 },
					{ "time": 0.5333, "x": -2.67, "y": 0 },
					{ "time": 0.6333, "x": -9.03, "y": 0 },
					{ "time": 0.7, "x": 0, "y": 0, "curve": "stepped" },
					{
						"time": 1.9,
						"x": 0,
						"y": 0,
						"curve": [ 0.465, 0.2, 0.77, 0.79 ]
					},
					{ "time": 2.7, "x": -541.89, "y": 0, "curve": "stepped" },
					{ "time": 2.8, "x": -541.89, "y": 0 }
				],
				"scale": [
					{ "time": 0, "x": 1, "y": 1, "curve": "stepped" },
					{ "time": 2.8, "x": 1, "y": 1 }
				]
			},
			"b4": {
				"rotate": [
					{ "time": 0, "angle": 0, "curve": "stepped" },
					{ "time": 2.8, "angle": 0 }
				],
				"translate": [
					{
						"time": 0,
						"x": 207.72,
						"y": 0,
						"curve": [ 0.311, 0, 1, 0.8 ]
					},
					{ "time": 0.3333, "x": 7.47, "y": 0 },
					{ "time": 0.4333, "x": 16.5, "y": 0 },
					{ "time": 0.5333, "x": 2.67, "y": 0 },
					{ "time": 0.6333, "x": 7.02, "y": 0 },
					{ "time": 0.7, "x": 0, "y": 0, "curve": "stepped" },
					{
						"time": 2,
						"x": 0,
						"y": 0,
						"curve": [ 0.078, 0, 0.62, 0.8 ]
					},
					{ "time": 2.8, "x": 424.48, "y": 0 }
				],
				"scale": [
					{ "time": 0, "x": 1, "y": 1, "curve": "stepped" },
					{ "time": 2.8, "x": 1, "y": 1 }
				]
			},
			"b5": {
				"rotate": [
					{ "time": 0, "angle": 0, "curve": "stepped" },
					{ "time": 2.8, "angle": 0 }
				],
				"translate": [
					{
						"time": 0,
						"x": 316.1,
						"y": 0,
						"curve": [ 0.541, 0, 1, 0.69 ]
					},
					{ "time": 0.3333, "x": 29.88, "y": 0 },
					{ "time": 0.4333, "x": 38.91, "y": 0 },
					{ "time": 0.5333, "x": 9.03, "y": 0 },
					{ "time": 0.6333, "x": 16.72, "y": 0 },
					{ "time": 0.7, "x": 0, "y": 0, "curve": "stepped" },
					{
						"time": 1.9,
						"x": 0,
						"y": 0,
						"curve": [ 0.308, 0.2, 0.384, 0.8 ]
					},
					{ "time": 2.7, "x": 532.86, "y": 0, "curve": "stepped" },
					{ "time": 2.8, "x": 532.86, "y": 0 }
				],
				"scale": [
					{ "time": 0, "x": 1, "y": 1, "curve": "stepped" },
					{ "time": 2.8, "x": 1, "y": 1 }
				]
			},
			"b6": {
				"rotate": [
					{ "time": 0, "angle": 0, "curve": "stepped" },
					{ "time": 2.8, "angle": 0 }
				],
				"translate": [
					{
						"time": 0,
						"x": 424.48,
						"y": 0,
						"curve": [ 0.541, 0, 1, 0.69 ]
					},
					{ "time": 0.3333, "x": 47.94, "y": 0 },
					{ "time": 0.4333, "x": 56.97, "y": 0 },
					{ "time": 0.5333, "x": 9.03, "y": 0 },
					{ "time": 0.6333, "x": 27.09, "y": 0 },
					{ "time": 0.7, "x": 0, "y": 0, "curve": "stepped" },
					{
						"time": 1.8,
						"x": 0,
						"y": 0,
						"curve": [ 0.232, 0.1, 0.466, 0.8 ]
					},
					{ "time": 2.6, "x": 641.23, "y": 0, "curve": "stepped" },
					{ "time": 2.8, "x": 641.23, "y": 0 }
				],
				"scale": [
					{ "time": 0, "x": 1, "y": 1, "curve": "stepped" },
					{ "time": 2.8, "x": 1, "y": 1 }
				]
			},
			"b7": {
				"rotate": [
					{ "time": 0, "angle": 0, "curve": "stepped" },
					{ "time": 2.8, "angle": 0 }
				],
				"translate": [
					{
						"time": 0,
						"x": 541.89,
						"y": 0,
						"curve": [ 0.541, 0, 1, 0.69 ]
					},
					{ "time": 0.3333, "x": 66, "y": 0 },
					{ "time": 0.4333, "x": 75.04, "y": 0 },
					{ "time": 0.5333, "x": 9.03, "y": 0 },
					{ "time": 0.6333, "x": 36.12, "y": 0 },
					{ "time": 0.7, "x": 0, "y": 0, "curve": "stepped" },
					{
						"time": 1.7333,
						"x": 0,
						"y": 0,
						"curve": [ 0.15, 0, 0.538, 0.8 ]
					},
					{ "time": 2.5333, "x": 758.64, "y": 0, "curve": "stepped" },
					{ "time": 2.8, "x": 758.64, "y": 0 }
				],
				"scale": [
					{ "time": 0, "x": 1, "y": 1, "curve": "stepped" },
					{ "time": 2.8, "x": 1, "y": 1 }
				]
			},
			"bone": {
				"rotate": [
					{ "time": 0, "angle": 0, "curve": "stepped" },
					{ "time": 2.8, "angle": 0 }
				],
				"translate": [
					{ "time": 0, "x": 0, "y": 0, "curve": "stepped" },
					{ "time": 2.8, "x": 0, "y": 0 }
				],
				"scale": [
					{ "time": 0, "x": 1.209, "y": 1.209, "curve": "stepped" },
					{ "time": 2.8, "x": 1.209, "y": 1.209 }
				]
			},
			"guangyun": {
				"rotate": [
					{ "time": 0, "angle": 0, "curve": "stepped" },
					{ "time": 2.8, "angle": 0 }
				],
				"translate": [
					{ "time": 0, "x": -1.51, "y": 26.87, "curve": "stepped" },
					{ "time": 2.8, "x": -1.51, "y": 26.87 }
				],
				"scale": [
					{ "time": 0, "x": 1, "y": 1, "curve": "stepped" },
					{ "time": 2.8, "x": 1, "y": 1 }
				]
			},
			"guangyun3": {
				"rotate": [
					{ "time": 0, "angle": 0, "curve": "stepped" },
					{ "time": 2.8, "angle": 0 }
				],
				"translate": [
					{
						"time": 0,
						"x": 0,
						"y": 0,
						"curve": [ 0.26, 0, 0.608, 0.37 ]
					},
					{
						"time": 0.8,
						"x": -88.98,
						"y": 21.64,
						"curve": [ 0.315, 0.26, 0.653, 0.6 ]
					},
					{
						"time": 1,
						"x": -6.81,
						"y": -28.98,
						"curve": [ 0.329, 0.29, 0.669, 0.63 ]
					},
					{
						"time": 1.2666,
						"x": 134.77,
						"y": 1.54,
						"curve": [ 0.338, 0.32, 0.672, 0.65 ]
					},
					{
						"time": 1.3666,
						"x": 185.15,
						"y": 7.06,
						"curve": [ 0.341, 0.32, 0.676, 0.66 ]
					},
					{
						"time": 1.5,
						"x": 252.81,
						"y": 23.58,
						"curve": [ 0.339, 0.33, 0.672, 0.66 ]
					},
					{
						"time": 1.5333,
						"x": 295.86,
						"y": -5.22,
						"curve": [ 0.575, 0.36, 1, 0.74 ]
					},
					{ "time": 2.8, "x": 0, "y": 0 }
				],
				"scale": [
					{ "time": 0, "x": 1, "y": 1, "curve": "stepped" },
					{ "time": 2.8, "x": 1, "y": 1 }
				]
			},
			"guangyun2": {
				"rotate": [
					{ "time": 0, "angle": 0, "curve": "stepped" },
					{ "time": 2.8, "angle": 0 }
				],
				"translate": [
					{ "time": 0, "x": -93.03, "y": 18.48, "curve": "stepped" },
					{ "time": 0.7666, "x": -93.03, "y": 18.48 },
					{ "time": 0.8333, "x": -53.7, "y": -36.69 },
					{ "time": 0.9, "x": -17.93, "y": -11.41 },
					{ "time": 0.9666, "x": 33.89, "y": -30.91 },
					{ "time": 1.0333, "x": 83.04, "y": -13.21 },
					{ "time": 1.1, "x": 133.98, "y": -35.39 },
					{ "time": 1.1666, "x": 166.18, "y": 6.41 },
					{ "time": 1.2333, "x": 243.9, "y": -12.22 },
					{ "time": 1.3, "x": 268.06, "y": -30.16 },
					{ "time": 1.3666, "x": 302.93, "y": 6.29, "curve": "stepped" },
					{ "time": 2.8, "x": 302.93, "y": 6.29 }
				],
				"scale": [
					{ "time": 0, "x": 1, "y": 1, "curve": "stepped" },
					{ "time": 2.8, "x": 1, "y": 1 }
				]
			},
			"w": {
				"rotate": [
					{ "time": 0, "angle": 0, "curve": "stepped" },
					{ "time": 2.8, "angle": 0 }
				],
				"translate": [
					{ "time": 0, "x": 0, "y": 0, "curve": "stepped" },
					{ "time": 2.8, "x": 0, "y": 0 }
				],
				"scale": [
					{ "time": 0, "x": 1, "y": 1, "curve": "stepped" },
					{ "time": 2.8, "x": 1, "y": 1 }
				]
			},
			"w4": {
				"rotate": [
					{ "time": 0, "angle": 0, "curve": "stepped" },
					{ "time": 2.8, "angle": 0 }
				],
				"translate": [
					{ "time": 0, "x": 0, "y": 0, "curve": "stepped" },
					{ "time": 2.8, "x": 0, "y": 0 }
				],
				"scale": [
					{ "time": 0, "x": 1, "y": 1, "curve": "stepped" },
					{ "time": 2.8, "x": 1, "y": 1 }
				]
			},
			"w3": {
				"rotate": [
					{ "time": 0, "angle": 0, "curve": "stepped" },
					{ "time": 2.8, "angle": 0 }
				],
				"translate": [
					{ "time": 0, "x": 0, "y": 0, "curve": "stepped" },
					{ "time": 2.8, "x": 0, "y": 0 }
				],
				"scale": [
					{ "time": 0, "x": 1, "y": 1, "curve": "stepped" },
					{ "time": 2.8, "x": 1, "y": 1 }
				]
			},
			"w2": {
				"rotate": [
					{ "time": 0, "angle": 0, "curve": "stepped" },
					{ "time": 2.8, "angle": 0 }
				],
				"translate": [
					{ "time": 0, "x": 0, "y": 0, "curve": "stepped" },
					{ "time": 2.8, "x": 0, "y": 0 }
				],
				"scale": [
					{ "time": 0, "x": 1, "y": 1, "curve": "stepped" },
					{ "time": 2.8, "x": 1, "y": 1 }
				]
			},
			"w1": {
				"rotate": [
					{ "time": 0, "angle": 0, "curve": "stepped" },
					{ "time": 2.8, "angle": 0 }
				],
				"translate": [
					{ "time": 0, "x": 0, "y": 0, "curve": "stepped" },
					{ "time": 2.8, "x": 0, "y": 0 }
				],
				"scale": [
					{ "time": 0, "x": 1, "y": 1, "curve": "stepped" },
					{ "time": 2.8, "x": 1, "y": 1 }
				]
			},
			"bone3": {
				"rotate": [
					{ "time": 0, "angle": 0, "curve": "stepped" },
					{ "time": 2.8, "angle": 0 }
				],
				"translate": [
					{ "time": 0, "x": 0, "y": 0, "curve": "stepped" },
					{ "time": 2.8, "x": 0, "y": 0 }
				],
				"scale": [
					{ "time": 0, "x": 1, "y": 1, "curve": "stepped" },
					{ "time": 2.8, "x": 1, "y": 1 }
				]
			},
			"bone2": {
				"rotate": [
					{ "time": 0, "angle": 0, "curve": "stepped" },
					{ "time": 2.8, "angle": 0 }
				],
				"translate": [
					{ "time": 0, "x": 0, "y": 0, "curve": "stepped" },
					{ "time": 2.8, "x": 0, "y": 0 }
				],
				"scale": [
					{ "time": 0, "x": 1, "y": 1, "curve": "stepped" },
					{ "time": 2.8, "x": 1, "y": 1 }
				]
			}
		},
		"drawOrder": [
			{ "time": 0 },
			{ "time": 2.8 }
		]
	},
	"wow": {
		"slots": {
			"b1": {
				"color": [
					{ "time": 0, "color": "ffffffff", "curve": "stepped" },
					{ "time": 2.8, "color": "ffffffff" }
				],
				"attachment": [
					{ "time": 0, "name": null },
					{ "time": 2.8, "name": null }
				]
			},
			"b2": {
				"color": [
					{ "time": 0, "color": "ffffffff", "curve": "stepped" },
					{ "time": 2.8, "color": "ffffffff" }
				],
				"attachment": [
					{ "time": 0, "name": null },
					{ "time": 2.8, "name": null }
				]
			},
			"b3": {
				"color": [
					{ "time": 0, "color": "ffffffff", "curve": "stepped" },
					{ "time": 2.8, "color": "ffffffff" }
				],
				"attachment": [
					{ "time": 0, "name": null },
					{ "time": 2.8, "name": null }
				]
			},
			"b4": {
				"color": [
					{ "time": 0, "color": "ffffffff", "curve": "stepped" },
					{ "time": 2.8, "color": "ffffffff" }
				],
				"attachment": [
					{ "time": 0, "name": null },
					{ "time": 2.8, "name": null }
				]
			},
			"b5": {
				"color": [
					{ "time": 0, "color": "ffffffff", "curve": "stepped" },
					{ "time": 2.8, "color": "ffffffff" }
				],
				"attachment": [
					{ "time": 0, "name": null },
					{ "time": 2.8, "name": null }
				]
			},
			"b6": {
				"color": [
					{ "time": 0, "color": "ffffffff", "curve": "stepped" },
					{ "time": 2.8, "color": "ffffffff" }
				],
				"attachment": [
					{ "time": 0, "name": null },
					{ "time": 2.8, "name": null }
				]
			},
			"b7": {
				"color": [
					{ "time": 0, "color": "ffffffff", "curve": "stepped" },
					{ "time": 2.8, "color": "ffffffff" }
				],
				"attachment": [
					{ "time": 0, "name": null },
					{ "time": 2.8, "name": null }
				]
			},
			"b8": {
				"color": [
					{ "time": 0, "color": "ffffffff", "curve": "stepped" },
					{ "time": 2.8, "color": "ffffffff" }
				],
				"attachment": [
					{ "time": 0, "name": null },
					{ "time": 2.8, "name": null }
				]
			},
			"b9": {
				"color": [
					{ "time": 0, "color": "ffffffff", "curve": "stepped" },
					{ "time": 2.8, "color": "ffffffff" }
				],
				"attachment": [
					{ "time": 0, "name": null },
					{ "time": 2.8, "name": null }
				]
			},
			"b10": {
				"color": [
					{ "time": 0, "color": "ffffffff", "curve": "stepped" },
					{ "time": 2.8, "color": "ffffffff" }
				],
				"attachment": [
					{ "time": 0, "name": null },
					{ "time": 2.8, "name": null }
				]
			},
			"b11": {
				"color": [
					{ "time": 0, "color": "ffffffff", "curve": "stepped" },
					{ "time": 2.8, "color": "ffffffff" }
				],
				"attachment": [
					{ "time": 0, "name": null },
					{ "time": 2.8, "name": null }
				]
			},
			"b12": {
				"color": [
					{ "time": 0, "color": "ffffffff", "curve": "stepped" },
					{ "time": 2.8, "color": "ffffffff" }
				],
				"attachment": [
					{ "time": 0, "name": null },
					{ "time": 2.8, "name": null }
				]
			},
			"b13": {
				"color": [
					{ "time": 0, "color": "ffffffff", "curve": "stepped" },
					{ "time": 2.8, "color": "ffffffff" }
				],
				"attachment": [
					{ "time": 0, "name": null },
					{ "time": 2.8, "name": null }
				]
			},
			"b14": {
				"color": [
					{ "time": 0, "color": "ffffffff", "curve": "stepped" },
					{ "time": 2.8, "color": "ffffffff" }
				],
				"attachment": [
					{ "time": 0, "name": null },
					{ "time": 2.8, "name": null }
				]
			},
			"guangyun": {
				"color": [
					{ "time": 0, "color": "ffffffff", "curve": "stepped" },
					{ "time": 2.8, "color": "ffffffff" }
				],
				"attachment": [
					{ "time": 0, "name": null },
					{ "time": 2.8, "name": null }
				]
			},
			"guangyun2": {
				"color": [
					{ "time": 0, "color": "ffffffff", "curve": "stepped" },
					{ "time": 2.8, "color": "ffffffff" }
				],
				"attachment": [
					{ "time": 0, "name": null },
					{ "time": 2.8, "name": null }
				]
			},
			"guangyun3": {
				"color": [
					{ "time": 0, "color": "ffffffff" },
					{ "time": 0.6666, "color": "ffffff00" },
					{ "time": 0.7666, "color": "ffffffff", "curve": "stepped" },
					{ "time": 1.1, "color": "ffffffff" },
					{ "time": 1.2, "color": "ffffff00", "curve": "stepped" },
					{ "time": 2.8, "color": "ffffff00" }
				],
				"attachment": [
					{ "time": 0, "name": null },
					{ "time": 0.7666, "name": "guangyun" },
					{ "time": 2.8, "name": "guangyun" }
				]
			},
			"w1": {
				"color": [
					{ "time": 0, "color": "ffffff00" },
					{ "time": 0.1666, "color": "ffffffff", "curve": "stepped" },
					{ "time": 2.3333, "color": "ffffffff" },
					{ "time": 2.8, "color": "ffffff00" }
				],
				"attachment": [
					{ "time": 0, "name": "w1" },
					{ "time": 2.8, "name": "w1" }
				]
			},
			"w2": {
				"color": [
					{ "time": 0, "color": "ffffff00" },
					{ "time": 0.1666, "color": "ffffffff", "curve": "stepped" },
					{ "time": 2.3333, "color": "ffffffff" },
					{ "time": 2.8, "color": "ffffff00" }
				],
				"attachment": [
					{ "time": 0, "name": "w2" },
					{ "time": 2.8, "name": "w2" }
				]
			},
			"w3": {
				"color": [
					{ "time": 0, "color": "ffffff00" },
					{ "time": 0.1666, "color": "ffffffff", "curve": "stepped" },
					{ "time": 2.3333, "color": "ffffffff" },
					{ "time": 2.8, "color": "ffffff00" }
				],
				"attachment": [
					{ "time": 0, "name": "w1" },
					{ "time": 2.8, "name": "w1" }
				]
			},
			"w4": {
				"color": [
					{ "time": 0, "color": "ffffff00" },
					{ "time": 0.1666, "color": "ffffffff", "curve": "stepped" },
					{ "time": 2.3333, "color": "ffffffff" },
					{ "time": 2.8, "color": "ffffff00" }
				],
				"attachment": [
					{ "time": 0, "name": "w4" },
					{ "time": 2.8, "name": "w4" }
				]
			},
			"w5": {
				"color": [
					{ "time": 0, "color": "ffffffff" },
					{ "time": 0.3333, "color": "ffffff00" },
					{ "time": 0.7, "color": "ffffff79" },
					{ "time": 1.1, "color": "ffffff23" },
					{ "time": 1.5333, "color": "ffffff4e" },
					{ "time": 2.2666, "color": "ffffff00", "curve": "stepped" },
					{ "time": 2.8, "color": "ffffff00" }
				],
				"attachment": [
					{ "time": 0, "name": null },
					{ "time": 0.3333, "name": "w1" },
					{ "time": 2.8, "name": "w1" }
				]
			},
			"w6": {
				"color": [
					{ "time": 0, "color": "ffffffff" },
					{ "time": 0.3333, "color": "ffffff00" },
					{ "time": 0.7, "color": "ffffff3d" },
					{ "time": 1, "color": "ffffffb4" },
					{ "time": 1.6333, "color": "ffffff33" },
					{ "time": 2.2666, "color": "ffffff00", "curve": "stepped" },
					{ "time": 2.8, "color": "ffffff00" }
				],
				"attachment": [
					{ "time": 0, "name": null },
					{ "time": 0.3333, "name": "w2" },
					{ "time": 2.8, "name": "w2" }
				]
			},
			"w7": {
				"color": [
					{ "time": 0, "color": "ffffffff" },
					{ "time": 0.3333, "color": "ffffff00", "curve": "stepped" },
					{ "time": 0.7, "color": "ffffff00" },
					{ "time": 1.1, "color": "ffffffe9" },
					{ "time": 1.5333, "color": "ffffff14" },
					{ "time": 2.2666, "color": "ffffff00", "curve": "stepped" },
					{ "time": 2.8, "color": "ffffff00" }
				],
				"attachment": [
					{ "time": 0, "name": null },
					{ "time": 0.3333, "name": "w1" },
					{ "time": 2.8, "name": "w1" }
				]
			},
			"w8": {
				"color": [
					{ "time": 0, "color": "ffffffff" },
					{ "time": 0.3333, "color": "ffffff00" },
					{ "time": 1, "color": "ffffff0b" },
					{ "time": 1.2, "color": "ffffffe7" },
					{ "time": 1.9333, "color": "ffffff06" },
					{ "time": 2.2666, "color": "ffffff00", "curve": "stepped" },
					{ "time": 2.8, "color": "ffffff00" }
				],
				"attachment": [
					{ "time": 0, "name": null },
					{ "time": 0.3333, "name": "w4" },
					{ "time": 2.8, "name": "w4" }
				]
			}
		},
		"bones": {
			"b1": {
				"rotate": [
					{ "time": 0, "angle": 0, "curve": "stepped" },
					{ "time": 2.8, "angle": 0 }
				],
				"translate": [
					{ "time": 0, "x": 0, "y": 0, "curve": "stepped" },
					{ "time": 2.8, "x": 0, "y": 0 }
				],
				"scale": [
					{ "time": 0, "x": 1, "y": 1, "curve": "stepped" },
					{ "time": 2.8, "x": 1, "y": 1 }
				]
			},
			"b2": {
				"rotate": [
					{ "time": 0, "angle": 0, "curve": "stepped" },
					{ "time": 2.8, "angle": 0 }
				],
				"translate": [
					{ "time": 0, "x": 0, "y": 0, "curve": "stepped" },
					{ "time": 2.8, "x": 0, "y": 0 }
				],
				"scale": [
					{ "time": 0, "x": 1, "y": 1, "curve": "stepped" },
					{ "time": 2.8, "x": 1, "y": 1 }
				]
			},
			"b3": {
				"rotate": [
					{ "time": 0, "angle": 0, "curve": "stepped" },
					{ "time": 2.8, "angle": 0 }
				],
				"translate": [
					{ "time": 0, "x": 0, "y": 0, "curve": "stepped" },
					{ "time": 2.8, "x": 0, "y": 0 }
				],
				"scale": [
					{ "time": 0, "x": 1, "y": 1, "curve": "stepped" },
					{ "time": 2.8, "x": 1, "y": 1 }
				]
			},
			"guangyun": {
				"rotate": [
					{ "time": 0, "angle": 0, "curve": "stepped" },
					{ "time": 2.8, "angle": 0 }
				],
				"translate": [
					{ "time": 0, "x": 0, "y": 0, "curve": "stepped" },
					{ "time": 2.8, "x": 0, "y": 0 }
				],
				"scale": [
					{ "time": 0, "x": 1, "y": 1, "curve": "stepped" },
					{ "time": 2.8, "x": 1, "y": 1 }
				]
			},
			"guangyun2": {
				"rotate": [
					{ "time": 0, "angle": 0, "curve": "stepped" },
					{ "time": 2.8, "angle": 0 }
				],
				"translate": [
					{ "time": 0, "x": 0, "y": 0, "curve": "stepped" },
					{ "time": 2.8, "x": 0, "y": 0 }
				],
				"scale": [
					{ "time": 0, "x": 1, "y": 1, "curve": "stepped" },
					{ "time": 2.8, "x": 1, "y": 1 }
				]
			},
			"guangyun3": {
				"rotate": [
					{ "time": 0, "angle": 0, "curve": "stepped" },
					{ "time": 2.8, "angle": 0 }
				],
				"translate": [
					{
						"time": 0,
						"x": 0,
						"y": 0,
						"curve": [ 0.308, 0, 1, 0.8 ]
					},
					{ "time": 0.7666, "x": -18.78, "y": 0 },
					{ "time": 0.8333, "x": 34.1, "y": -21.31 },
					{ "time": 0.9, "x": 72.89, "y": -28.81 },
					{ "time": 0.9666, "x": 102.35, "y": -12.11 },
					{ "time": 1.0333, "x": 131.81, "y": -29.23 },
					{ "time": 1.1, "x": 161.28, "y": -18.55 },
					{ "time": 1.2, "x": 259.5, "y": -13.54 },
					{ "time": 2.8, "x": 205.49, "y": -13.54 }
				],
				"scale": [
					{ "time": 0, "x": 1, "y": 1, "curve": "stepped" },
					{ "time": 2.8, "x": 1, "y": 1 }
				]
			},
			"w1": {
				"rotate": [
					{ "time": 0, "angle": 0, "curve": "stepped" },
					{ "time": 2.8, "angle": 0 }
				],
				"translate": [
					{
						"time": 0,
						"x": -450.89,
						"y": 0,
						"curve": [ 0.308, 0, 1, 0.8 ]
					},
					{ "time": 0.3333, "x": -49.62, "y": 0 },
					{ "time": 0.4333, "x": -63.12, "y": 0 },
					{ "time": 0.5333, "x": -9.01, "y": 0 },
					{ "time": 0.6333, "x": -21.32, "y": 0 },
					{ "time": 0.7, "x": 0, "y": 0, "curve": "stepped" },
					{
						"time": 1.7,
						"x": 0,
						"y": 0,
						"curve": [ 0.25, 0, 0.616, 1 ]
					},
					{ "time": 2.5666, "x": -559.1, "y": 0, "curve": "stepped" },
					{ "time": 2.8, "x": -559.1, "y": 0 }
				],
				"scale": [
					{ "time": 0, "x": 1, "y": 1, "curve": "stepped" },
					{ "time": 2.8, "x": 1, "y": 1 }
				]
			},
			"w2": {
				"rotate": [
					{ "time": 0, "angle": 0, "curve": "stepped" },
					{ "time": 2.8, "angle": 0 }
				],
				"translate": [
					{
						"time": 0,
						"x": -324.64,
						"y": 0,
						"curve": [ 0.308, 0, 1, 0.8 ]
					},
					{ "time": 0.3333, "x": -16.24, "y": 0 },
					{ "time": 0.4333, "x": -20.93, "y": 0 },
					{ "time": 0.5333, "x": -2.68, "y": 0 },
					{ "time": 0.6333, "x": -5.9, "y": 0 },
					{ "time": 0.7, "x": 0, "y": 0, "curve": "stepped" },
					{
						"time": 1.8,
						"x": 0,
						"y": 0,
						"curve": [ 0.308, 0, 0.695, 0.8 ]
					},
					{ "time": 2.6666, "x": -432.85, "y": 0, "curve": "stepped" },
					{ "time": 2.8, "x": -432.85, "y": 0 }
				],
				"scale": [
					{ "time": 0, "x": 1, "y": 1, "curve": "stepped" },
					{ "time": 2.8, "x": 1, "y": 1 }
				]
			},
			"b4": {
				"rotate": [
					{ "time": 0, "angle": 0, "curve": "stepped" },
					{ "time": 2.8, "angle": 0 }
				],
				"translate": [
					{ "time": 0, "x": 0, "y": 0, "curve": "stepped" },
					{ "time": 2.8, "x": 0, "y": 0 }
				],
				"scale": [
					{ "time": 0, "x": 1, "y": 1, "curve": "stepped" },
					{ "time": 2.8, "x": 1, "y": 1 }
				]
			},
			"b5": {
				"rotate": [
					{ "time": 0, "angle": 0, "curve": "stepped" },
					{ "time": 2.8, "angle": 0 }
				],
				"translate": [
					{ "time": 0, "x": 0, "y": 0, "curve": "stepped" },
					{ "time": 2.8, "x": 0, "y": 0 }
				],
				"scale": [
					{ "time": 0, "x": 1, "y": 1, "curve": "stepped" },
					{ "time": 2.8, "x": 1, "y": 1 }
				]
			},
			"b6": {
				"rotate": [
					{ "time": 0, "angle": 0, "curve": "stepped" },
					{ "time": 2.8, "angle": 0 }
				],
				"translate": [
					{ "time": 0, "x": 0, "y": 0, "curve": "stepped" },
					{ "time": 2.8, "x": 0, "y": 0 }
				],
				"scale": [
					{ "time": 0, "x": 1, "y": 1, "curve": "stepped" },
					{ "time": 2.8, "x": 1, "y": 1 }
				]
			},
			"b7": {
				"rotate": [
					{ "time": 0, "angle": 0, "curve": "stepped" },
					{ "time": 2.8, "angle": 0 }
				],
				"translate": [
					{ "time": 0, "x": 0, "y": 0, "curve": "stepped" },
					{ "time": 2.8, "x": 0, "y": 0 }
				],
				"scale": [
					{ "time": 0, "x": 1, "y": 1, "curve": "stepped" },
					{ "time": 2.8, "x": 1, "y": 1 }
				]
			},
			"w3": {
				"rotate": [
					{ "time": 0, "angle": 0, "curve": "stepped" },
					{ "time": 2.8, "angle": 0 }
				],
				"translate": [
					{
						"time": 0,
						"x": 288.57,
						"y": 0,
						"curve": [ 0.308, 0, 1, 0.8 ]
					},
					{ "time": 0.3333, "x": 15.34, "y": 0 },
					{ "time": 0.4333, "x": 22.86, "y": 0 },
					{ "time": 0.5333, "x": 4.47, "y": 0 },
					{ "time": 0.6333, "x": 10.04, "y": 0.91 },
					{ "time": 0.7, "x": 0, "y": 0, "curve": "stepped" },
					{
						"time": 1.9333,
						"x": 0,
						"y": 0,
						"curve": [ 0.311, 0, 0.695, 0.8 ]
					},
					{ "time": 2.8, "x": 405.8, "y": 0 }
				],
				"scale": [
					{ "time": 0, "x": 1, "y": 1, "curve": "stepped" },
					{ "time": 2.8, "x": 1, "y": 1 }
				]
			},
			"w4": {
				"rotate": [
					{ "time": 0, "angle": 0, "curve": "stepped" },
					{ "time": 2.8, "angle": 0 }
				],
				"translate": [
					{
						"time": 0,
						"x": 423.84,
						"y": 0,
						"curve": [ 0.308, 0, 1, 0.8 ]
					},
					{ "time": 0.3333, "x": 43.36, "y": 0 },
					{ "time": 0.4333, "x": 63.12, "y": 0 },
					{ "time": 0.5333, "x": 9.01, "y": 0 },
					{ "time": 0.6333, "x": 22.18, "y": -0.91 },
					{ "time": 0.7, "x": 0, "y": 0, "curve": "stepped" },
					{
						"time": 1.8,
						"x": 0,
						"y": 0,
						"curve": [ 0.25, 0, 0.616, 1 ]
					},
					{ "time": 2.6666, "x": 541.07, "y": 0, "curve": "stepped" },
					{ "time": 2.8, "x": 541.07, "y": 0 }
				],
				"scale": [
					{ "time": 0, "x": 1, "y": 1, "curve": "stepped" },
					{ "time": 2.8, "x": 1, "y": 1 }
				]
			},
			"root": {
				"rotate": [
					{ "time": 0, "angle": 0, "curve": "stepped" },
					{ "time": 2.8, "angle": 0 }
				],
				"translate": [
					{ "time": 0, "x": 0, "y": 0, "curve": "stepped" },
					{ "time": 2.8, "x": 0, "y": 0 }
				],
				"scale": [
					{ "time": 0, "x": 1, "y": 1, "curve": "stepped" },
					{ "time": 2.8, "x": 1, "y": 1 }
				]
			},
			"bone": {
				"rotate": [
					{ "time": 0, "angle": 0, "curve": "stepped" },
					{ "time": 2.8, "angle": 0 }
				],
				"translate": [
					{ "time": 0, "x": 0, "y": 0, "curve": "stepped" },
					{ "time": 2.8, "x": 0, "y": 0 }
				],
				"scale": [
					{ "time": 0, "x": 1, "y": 1, "curve": "stepped" },
					{ "time": 2.8, "x": 1, "y": 1 }
				]
			},
			"bone2": {
				"rotate": [
					{ "time": 0, "angle": 0, "curve": "stepped" },
					{ "time": 2.8, "angle": 0 }
				],
				"translate": [
					{ "time": 0, "x": 0, "y": 0, "curve": "stepped" },
					{ "time": 2.8, "x": 0, "y": 0 }
				],
				"scale": [
					{ "time": 0, "x": 1.185, "y": 1.185, "curve": "stepped" },
					{ "time": 2.8, "x": 1.185, "y": 1.185 }
				]
			},
			"bone3": {
				"rotate": [
					{ "time": 0, "angle": 0, "curve": "stepped" },
					{ "time": 2.8, "angle": 0 }
				],
				"translate": [
					{ "time": 0, "x": 0, "y": 0, "curve": "stepped" },
					{ "time": 2.8, "x": 0, "y": 0 }
				],
				"scale": [
					{ "time": 0, "x": 1, "y": 1, "curve": "stepped" },
					{ "time": 2.8, "x": 1, "y": 1 }
				]
			},
			"w": {
				"rotate": [
					{ "time": 0, "angle": 0, "curve": "stepped" },
					{ "time": 2.8, "angle": 0 }
				],
				"translate": [
					{ "time": 0, "x": 0, "y": 0, "curve": "stepped" },
					{ "time": 2.8, "x": 0, "y": 0 }
				],
				"scale": [
					{ "time": 0, "x": 1, "y": 1, "curve": "stepped" },
					{ "time": 2.8, "x": 1, "y": 1 }
				]
			}
		},
		"drawOrder": [
			{ "time": 0 },
			{ "time": 2.8 }
		]
	}
}
}