{
"skeleton": { "hash": "7u95pXSAkOI2hyKH/TZ3Oe2NoFo", "spine": "3.4.02", "width": 0, "height": 0, "images": "./red/" },
"bones": [
	{ "name": "root" },
	{ "name": "root2", "parent": "root", "x": 0.95, "y": 2.47 },
	{ "name": "blasy", "parent": "root2", "x": -1.69, "y": -88.57 },
	{ "name": "a2", "parent": "blasy", "x": -45.83, "y": 54.92 },
	{ "name": "b2", "parent": "blasy", "x": -169.33, "y": 48.77 },
	{ "name": "ribbon", "parent": "root2", "x": -720.06, "y": -26.89 },
	{ "name": "blasty/b_pd", "parent": "ribbon", "x": 79.51, "y": -3.21 },
	{ "name": "blasty/o_pd", "parent": "ribbon", "x": 153.95, "y": -35.86 },
	{ "name": "stars", "parent": "root2", "x": -752.37, "y": 106.19 },
	{ "name": "blasty/star", "parent": "stars", "x": 140.28, "y": -34.7 },
	{ "name": "blasty/star2", "parent": "stars", "x": 80.97, "y": -30.03 },
	{ "name": "blasty/star3", "parent": "stars", "x": 194.75, "y": -53.22 },
	{ "name": "blasty/star4", "parent": "stars", "x": 252.69, "y": -75.72 },
	{ "name": "blasty/star5", "parent": "stars", "x": 80.97, "y": -30.03 },
	{ "name": "blasty/star6", "parent": "stars", "x": 194.75, "y": -53.22 },
	{ "name": "blasty/star7", "parent": "stars", "x": 140.28, "y": -34.7 },
	{ "name": "blasty/star8", "parent": "stars", "x": 252.69, "y": -75.72 },
	{ "name": "blasty/star9", "parent": "stars", "x": 140.28, "y": -34.7 },
	{ "name": "hilight", "parent": "root2", "x": -462.12, "y": -69.84 },
	{ "name": "l2", "parent": "blasy", "x": -111.72, "y": 39.64 },
	{ "name": "point2", "parent": "blasy", "x": 172.11, "y": 105.8 },
	{ "name": "s2", "parent": "blasy", "x": 16.67, "y": 62.16 },
	{ "name": "t2", "parent": "blasy", "x": 69.63, "y": 77.98 },
	{ "name": "y2", "parent": "blasy", "x": 129.3, "y": 88.7 }
],
"slots": [
	{ "name": "blasty/point2", "bone": "point2", "attachment": "blasty/point2" },
	{ "name": "blasty/point3", "bone": "point2", "blend": "additive" },
	{ "name": "blasty/b_pd", "bone": "blasty/b_pd" },
	{ "name": "blasty/o_pd", "bone": "blasty/o_pd" },
	{ "name": "blasty/star", "bone": "blasty/star", "color": "ffffffdc", "blend": "additive" },
	{ "name": "blasty/star9", "bone": "blasty/star9", "color": "ffffffc8", "blend": "additive" },
	{ "name": "blasty/star7", "bone": "blasty/star7", "color": "ffffffdc", "blend": "additive" },
	{ "name": "blasty/star2", "bone": "blasty/star2", "color": "ffffffd8", "blend": "additive" },
	{ "name": "blasty/star5", "bone": "blasty/star5", "color": "ffffffd8", "blend": "additive" },
	{ "name": "blasty/star3", "bone": "blasty/star3", "color": "ffffffe7", "blend": "additive" },
	{ "name": "blasty/star6", "bone": "blasty/star6", "color": "ffffffe7", "blend": "additive" },
	{ "name": "blasty/star4", "bone": "blasty/star4", "color": "ffffffe1", "blend": "additive" },
	{ "name": "blasty/star8", "bone": "blasty/star8", "color": "ffffffc5", "blend": "additive" },
	{ "name": "blasty/b2", "bone": "b2", "attachment": "blasty/b2" },
	{ "name": "blasty/b3", "bone": "b2", "blend": "additive" },
	{ "name": "blasty/l2", "bone": "l2", "attachment": "blasty/l2" },
	{ "name": "blasty/l3", "bone": "l2", "blend": "additive" },
	{ "name": "blasty/a2", "bone": "a2", "attachment": "blasty/a2" },
	{ "name": "blasty/a3", "bone": "a2", "blend": "additive" },
	{ "name": "blasty/s2", "bone": "s2", "attachment": "blasty/s2" },
	{ "name": "blasty/s3", "bone": "s2", "blend": "additive" },
	{ "name": "blasty/t2", "bone": "t2", "attachment": "blasty/t2" },
	{ "name": "blasty/t3", "bone": "t2", "blend": "additive" },
	{ "name": "blasty/y2", "bone": "y2", "attachment": "blasty/y2" },
	{ "name": "blasty/y3", "bone": "y2", "blend": "additive" },
	{ "name": "blasty/point", "bone": "point2", "attachment": "blasty/point", "blend": "additive" },
	{ "name": "blasty/point4", "bone": "point2", "blend": "additive" },
	{ "name": "blasty/b", "bone": "b2", "attachment": "blasty/b", "blend": "additive" },
	{ "name": "blasty/b4", "bone": "b2", "blend": "additive" },
	{ "name": "blasty/l", "bone": "l2", "attachment": "blasty/l", "blend": "additive" },
	{ "name": "blasty/l4", "bone": "l2", "blend": "additive" },
	{ "name": "blasty/a", "bone": "a2", "attachment": "blasty/a", "blend": "additive" },
	{ "name": "blasty/a4", "bone": "a2", "blend": "additive" },
	{ "name": "blasty/s", "bone": "s2", "attachment": "blasty/s", "blend": "additive" },
	{ "name": "blasty/s4", "bone": "s2", "blend": "additive" },
	{ "name": "blasty/t", "bone": "t2", "attachment": "blasty/t", "blend": "additive" },
	{ "name": "blasty/t4", "bone": "t2", "blend": "additive" },
	{ "name": "blasty/y", "bone": "y2", "attachment": "blasty/y", "blend": "additive" },
	{ "name": "blasty/y4", "bone": "y2", "blend": "additive" },
	{ "name": "blasty/hilight", "bone": "hilight", "color": "ffffffbc", "blend": "additive" }
],
"skins": {
	"default": {
		"blasty/a": {
			"blasty/a": { "x": 4.9, "y": -2.05, "width": 71, "height": 97 }
		},
		"blasty/a2": {
			"blasty/a2": { "x": 3.72, "y": -2.26, "width": 92, "height": 119 }
		},
		"blasty/a3": {
			"blasty/a2": { "x": 3.72, "y": -2.26, "width": 92, "height": 119 }
		},
		"blasty/a4": {
			"blasty/a": { "x": 4.9, "y": -2.05, "width": 71, "height": 97 }
		},
		"blasty/b": {
			"blasty/b": { "x": 2.12, "y": -5.11, "width": 85, "height": 116 }
		},
		"blasty/b2": {
			"blasty/b2": { "x": -0.77, "y": -6.56, "width": 114, "height": 136 }
		},
		"blasty/b3": {
			"blasty/b2": { "x": -0.77, "y": -6.56, "width": 114, "height": 136 }
		},
		"blasty/b4": {
			"blasty/b": { "x": 2.12, "y": -5.11, "width": 85, "height": 116 }
		},
		"blasty/b_pd": {
			"blasty/b_pd": { "x": 2.28, "y": -1.23, "width": 35, "height": 46 }
		},
		"blasty/hilight": {
			"blasty/hilight": { "x": 0.25, "y": -5.25, "scaleX": 0.426, "scaleY": 0.426, "width": 238, "height": 219 }
		},
		"blasty/l": {
			"blasty/l": { "x": 10.82, "y": 3.45, "width": 43, "height": 91 }
		},
		"blasty/l2": {
			"blasty/l2": { "x": 16.01, "y": 5.1, "width": 77, "height": 121 }
		},
		"blasty/l3": {
			"blasty/l2": { "x": 16.01, "y": 5.1, "width": 77, "height": 121 }
		},
		"blasty/l4": {
			"blasty/l": { "x": 10.82, "y": 3.45, "width": 43, "height": 91 }
		},
		"blasty/o_pd": {
			"blasty/o_pd": { "x": 5.84, "y": 0.78, "width": 64, "height": 53 }
		},
		"blasty/point": {
			"blasty/point": { "x": 4.63, "y": -1.69, "width": 48, "height": 77 }
		},
		"blasty/point2": {
			"blasty/point2": { "x": 8.5, "y": 1.67, "width": 79, "height": 99 }
		},
		"blasty/point3": {
			"blasty/point2": { "x": 8.5, "y": 1.67, "width": 79, "height": 99 }
		},
		"blasty/point4": {
			"blasty/point": { "x": 4.63, "y": -1.69, "width": 48, "height": 77 }
		},
		"blasty/s": {
			"blasty/s": { "x": 1.11, "y": 3.29, "width": 60, "height": 98 }
		},
		"blasty/s2": {
			"blasty/s2": { "x": 1.85, "y": 6.04, "width": 101, "height": 122 }
		},
		"blasty/s3": {
			"blasty/s2": { "x": 1.85, "y": 6.04, "width": 101, "height": 122 }
		},
		"blasty/s4": {
			"blasty/s": { "x": 1.11, "y": 3.29, "width": 60, "height": 98 }
		},
		"blasty/star": {
			"blasty/star": { "x": -4.34, "y": -0.76, "width": 43, "height": 40 }
		},
		"blasty/star2": {
			"blasty/star": { "x": 1.03, "y": 2.01, "width": 43, "height": 40 }
		},
		"blasty/star3": {
			"blasty/star": { "x": -0.82, "y": 2.31, "width": 43, "height": 40 }
		},
		"blasty/star4": {
			"blasty/star": { "x": 0.79, "y": 1.19, "width": 43, "height": 40 }
		},
		"blasty/star5": {
			"blasty/star": { "x": 1.03, "y": 2.01, "width": 43, "height": 40 }
		},
		"blasty/star6": {
			"blasty/star": { "x": -0.82, "y": 2.31, "width": 43, "height": 40 }
		},
		"blasty/star7": {
			"blasty/star": { "x": -4.34, "y": -0.76, "width": 43, "height": 40 }
		},
		"blasty/star8": {
			"blasty/star": { "x": 0.79, "y": 1.19, "width": 43, "height": 40 }
		},
		"blasty/star9": {
			"blasty/star": { "x": -4.34, "y": -0.76, "width": 43, "height": 40 }
		},
		"blasty/t": {
			"blasty/t": { "x": 2, "y": -2.2, "width": 55, "height": 91 }
		},
		"blasty/t2": {
			"blasty/t2": { "x": 2, "y": -0.19, "width": 93, "height": 109 }
		},
		"blasty/t3": {
			"blasty/t2": { "x": 2, "y": -0.19, "width": 93, "height": 109 }
		},
		"blasty/t4": {
			"blasty/t": { "x": 2, "y": -2.2, "width": 55, "height": 91 }
		},
		"blasty/y": {
			"blasty/y": { "x": 2.29, "y": -0.34, "width": 64, "height": 94 }
		},
		"blasty/y2": {
			"blasty/y2": { "x": 2.29, "y": 1.49, "width": 96, "height": 118 }
		},
		"blasty/y3": {
			"blasty/y2": { "x": 2.29, "y": 1.49, "width": 96, "height": 118 }
		},
		"blasty/y4": {
			"blasty/y": { "x": 2.29, "y": -0.34, "width": 64, "height": 94 }
		}
	}
},
"animations": {
	"run": {
		"slots": {
			"blasty/a": {
				"color": [
					{ "time": 0, "color": "ffffffff", "curve": "stepped" },
					{ "time": 0.5666, "color": "ffffffff", "curve": "stepped" },
					{ "time": 2.9333, "color": "ffffffff" }
				],
				"attachment": [
					{ "time": 0, "name": null },
					{ "time": 0.5666, "name": "blasty/a" },
					{ "time": 2.9333, "name": null }
				]
			},
			"blasty/a2": {
				"color": [
					{ "time": 0, "color": "ffffffff", "curve": "stepped" },
					{ "time": 0.5666, "color": "ffffffff", "curve": "stepped" },
					{ "time": 2.9333, "color": "ffffffff" }
				],
				"attachment": [
					{ "time": 0, "name": null },
					{ "time": 0.5666, "name": "blasty/a2" },
					{ "time": 2.9333, "name": null }
				]
			},
			"blasty/a3": {
				"color": [
					{ "time": 0, "color": "ffffff00", "curve": "stepped" },
					{
						"time": 0.5666,
						"color": "ffffff00",
						"curve": [ 0, 0.44, 0.75, 1 ]
					},
					{
						"time": 0.8333,
						"color": "ffffffff",
						"curve": [ 0.25, 0, 0.75, 1 ]
					},
					{
						"time": 1.1333,
						"color": "ffffff00",
						"curve": [ 0.25, 0, 0.75, 1 ]
					},
					{
						"time": 1.2333,
						"color": "ffffff83",
						"curve": [ 0.25, 0, 0.75, 1 ]
					},
					{ "time": 1.8, "color": "ffffff00", "curve": "stepped" },
					{ "time": 2.9333, "color": "ffffff00" }
				],
				"attachment": [
					{ "time": 0, "name": null },
					{ "time": 0.5666, "name": "blasty/a2" },
					{ "time": 2.9333, "name": null }
				]
			},
			"blasty/a4": {
				"color": [
					{ "time": 0, "color": "ffffff00", "curve": "stepped" },
					{
						"time": 0.5666,
						"color": "ffffff00",
						"curve": [ 0, 0.44, 0.75, 1 ]
					},
					{
						"time": 0.8333,
						"color": "ffffffff",
						"curve": [ 0.25, 0, 0.75, 1 ]
					},
					{
						"time": 1.1333,
						"color": "ffffff00",
						"curve": [ 0.25, 0, 0.75, 1 ]
					},
					{
						"time": 1.2333,
						"color": "ffffff83",
						"curve": [ 0.25, 0, 0.75, 1 ]
					},
					{ "time": 1.8, "color": "ffffff00", "curve": "stepped" },
					{ "time": 2.9333, "color": "ffffff00" }
				],
				"attachment": [
					{ "time": 0, "name": null },
					{ "time": 0.5666, "name": "blasty/a" },
					{ "time": 2.9333, "name": null }
				]
			},
			"blasty/b": {
				"color": [
					{ "time": 0, "color": "ffffffff", "curve": "stepped" },
					{ "time": 0.5666, "color": "ffffffff", "curve": "stepped" },
					{ "time": 2.9333, "color": "ffffffff" }
				],
				"attachment": [
					{ "time": 0, "name": null },
					{ "time": 0.5666, "name": "blasty/b" },
					{ "time": 2.9333, "name": null }
				]
			},
			"blasty/b2": {
				"color": [
					{ "time": 0, "color": "ffffffff", "curve": "stepped" },
					{ "time": 0.5666, "color": "ffffffff", "curve": "stepped" },
					{ "time": 2.9333, "color": "ffffffff" }
				],
				"attachment": [
					{ "time": 0, "name": null },
					{ "time": 0.5666, "name": "blasty/b2" },
					{ "time": 2.9333, "name": null }
				]
			},
			"blasty/b3": {
				"color": [
					{ "time": 0, "color": "ffffff00", "curve": "stepped" },
					{
						"time": 0.5666,
						"color": "ffffff00",
						"curve": [ 0, 0.44, 0.75, 1 ]
					},
					{
						"time": 0.7333,
						"color": "ffffffff",
						"curve": [ 0.25, 0, 0.75, 1 ]
					},
					{
						"time": 1.0666,
						"color": "ffffff00",
						"curve": [ 0.25, 0, 0.75, 1 ]
					},
					{
						"time": 1.2333,
						"color": "ffffff83",
						"curve": [ 0.25, 0, 0.75, 1 ]
					},
					{ "time": 1.8, "color": "ffffff00", "curve": "stepped" },
					{ "time": 2.9333, "color": "ffffff00" }
				],
				"attachment": [
					{ "time": 0, "name": null },
					{ "time": 0.5666, "name": "blasty/b2" },
					{ "time": 2.9333, "name": null }
				]
			},
			"blasty/b4": {
				"color": [
					{ "time": 0, "color": "ffffff00", "curve": "stepped" },
					{
						"time": 0.5666,
						"color": "ffffff00",
						"curve": [ 0, 0.44, 0.75, 1 ]
					},
					{
						"time": 0.7333,
						"color": "ffffffff",
						"curve": [ 0.25, 0, 0.75, 1 ]
					},
					{
						"time": 1.0666,
						"color": "ffffff00",
						"curve": [ 0.25, 0, 0.75, 1 ]
					},
					{
						"time": 1.2333,
						"color": "ffffff83",
						"curve": [ 0.25, 0, 0.75, 1 ]
					},
					{ "time": 1.8, "color": "ffffff00", "curve": "stepped" },
					{ "time": 2.9333, "color": "ffffff00" }
				],
				"attachment": [
					{ "time": 0, "name": null },
					{ "time": 0.5666, "name": "blasty/b" },
					{ "time": 2.9333, "name": null }
				]
			},
			"blasty/b_pd": {
				"color": [
					{ "time": 0, "color": "ffffffff", "curve": "stepped" },
					{ "time": 0.3333, "color": "ffffffff", "curve": "stepped" },
					{ "time": 2.9333, "color": "ffffffff" }
				],
				"attachment": [
					{ "time": 0, "name": null },
					{ "time": 2.9333, "name": null }
				]
			},
			"blasty/hilight": {
				"color": [
					{ "time": 0, "color": "ffffffbc", "curve": "stepped" },
					{ "time": 0.3333, "color": "ffffffbc", "curve": "stepped" },
					{ "time": 2.9333, "color": "ffffffbc" }
				],
				"attachment": [
					{ "time": 0, "name": null },
					{ "time": 2.9333, "name": null }
				]
			},
			"blasty/l": {
				"color": [
					{ "time": 0, "color": "ffffffff", "curve": "stepped" },
					{ "time": 0.5666, "color": "ffffffff", "curve": "stepped" },
					{ "time": 2.9333, "color": "ffffffff" }
				],
				"attachment": [
					{ "time": 0, "name": null },
					{ "time": 0.5666, "name": "blasty/l" },
					{ "time": 2.9333, "name": null }
				]
			},
			"blasty/l2": {
				"color": [
					{ "time": 0, "color": "ffffffff", "curve": "stepped" },
					{ "time": 0.5666, "color": "ffffffff", "curve": "stepped" },
					{ "time": 2.9333, "color": "ffffffff" }
				],
				"attachment": [
					{ "time": 0, "name": null },
					{ "time": 0.5666, "name": "blasty/l2" },
					{ "time": 2.9333, "name": null }
				]
			},
			"blasty/l3": {
				"color": [
					{ "time": 0, "color": "ffffff00", "curve": "stepped" },
					{
						"time": 0.5666,
						"color": "ffffff00",
						"curve": [ 0, 0.44, 0.75, 1 ]
					},
					{
						"time": 0.7666,
						"color": "ffffffff",
						"curve": [ 0.25, 0, 0.75, 1 ]
					},
					{
						"time": 1.1,
						"color": "ffffff00",
						"curve": [ 0.25, 0, 0.75, 1 ]
					},
					{
						"time": 1.2333,
						"color": "ffffff83",
						"curve": [ 0.25, 0, 0.75, 1 ]
					},
					{ "time": 1.8, "color": "ffffff00", "curve": "stepped" },
					{ "time": 2.9333, "color": "ffffff00" }
				],
				"attachment": [
					{ "time": 0, "name": null },
					{ "time": 0.5666, "name": "blasty/l2" },
					{ "time": 2.9333, "name": null }
				]
			},
			"blasty/l4": {
				"color": [
					{ "time": 0, "color": "ffffff00", "curve": "stepped" },
					{
						"time": 0.5666,
						"color": "ffffff00",
						"curve": [ 0, 0.44, 0.75, 1 ]
					},
					{
						"time": 0.7666,
						"color": "ffffffff",
						"curve": [ 0.25, 0, 0.75, 1 ]
					},
					{
						"time": 1.1,
						"color": "ffffff00",
						"curve": [ 0.25, 0, 0.75, 1 ]
					},
					{
						"time": 1.2333,
						"color": "ffffff83",
						"curve": [ 0.25, 0, 0.75, 1 ]
					},
					{ "time": 1.8, "color": "ffffff00", "curve": "stepped" },
					{ "time": 2.9333, "color": "ffffff00" }
				],
				"attachment": [
					{ "time": 0, "name": null },
					{ "time": 0.5666, "name": "blasty/l" },
					{ "time": 2.9333, "name": null }
				]
			},
			"blasty/o_pd": {
				"color": [
					{ "time": 0, "color": "ffffffff", "curve": "stepped" },
					{ "time": 0.3333, "color": "ffffffff", "curve": "stepped" },
					{ "time": 2.9333, "color": "ffffffff" }
				],
				"attachment": [
					{ "time": 0, "name": null },
					{ "time": 2.9333, "name": null }
				]
			},
			"blasty/point": {
				"color": [
					{ "time": 0, "color": "ffffffff", "curve": "stepped" },
					{ "time": 0.5666, "color": "ffffffff", "curve": "stepped" },
					{ "time": 2.9333, "color": "ffffffff" }
				],
				"attachment": [
					{ "time": 0, "name": null },
					{ "time": 0.5666, "name": "blasty/point" },
					{ "time": 2.9333, "name": null }
				]
			},
			"blasty/point2": {
				"color": [
					{ "time": 0, "color": "ffffffff", "curve": "stepped" },
					{ "time": 0.5666, "color": "ffffffff", "curve": "stepped" },
					{ "time": 2.9333, "color": "ffffffff" }
				],
				"attachment": [
					{ "time": 0, "name": null },
					{ "time": 0.5666, "name": "blasty/point2" },
					{ "time": 2.9333, "name": null }
				]
			},
			"blasty/point3": {
				"color": [
					{ "time": 0, "color": "ffffff00", "curve": "stepped" },
					{
						"time": 0.5666,
						"color": "ffffff00",
						"curve": [ 0, 0.44, 0.75, 1 ]
					},
					{
						"time": 0.9,
						"color": "ffffffff",
						"curve": [ 0.25, 0, 0.75, 1 ]
					},
					{
						"time": 1.0666,
						"color": "ffffff83",
						"curve": [ 0.25, 0, 0.75, 1 ]
					},
					{ "time": 1.4666, "color": "ffffff00", "curve": "stepped" },
					{ "time": 2.9333, "color": "ffffff00" }
				],
				"attachment": [
					{ "time": 0, "name": null },
					{ "time": 0.5666, "name": "blasty/point2" },
					{ "time": 2.9333, "name": null }
				]
			},
			"blasty/point4": {
				"color": [
					{ "time": 0, "color": "ffffff00", "curve": "stepped" },
					{
						"time": 0.5666,
						"color": "ffffff00",
						"curve": [ 0, 0.44, 0.75, 1 ]
					},
					{
						"time": 0.9,
						"color": "ffffffff",
						"curve": [ 0.25, 0, 0.75, 1 ]
					},
					{
						"time": 1.0666,
						"color": "ffffff83",
						"curve": [ 0.25, 0, 0.75, 1 ]
					},
					{ "time": 1.4666, "color": "ffffff00", "curve": "stepped" },
					{ "time": 2.9333, "color": "ffffff00" }
				],
				"attachment": [
					{ "time": 0, "name": null },
					{ "time": 0.5666, "name": "blasty/point" },
					{ "time": 2.9333, "name": null }
				]
			},
			"blasty/s": {
				"color": [
					{ "time": 0, "color": "ffffffff", "curve": "stepped" },
					{ "time": 0.5666, "color": "ffffffff", "curve": "stepped" },
					{ "time": 2.9333, "color": "ffffffff" }
				],
				"attachment": [
					{ "time": 0, "name": null },
					{ "time": 0.5666, "name": "blasty/s" },
					{ "time": 2.9333, "name": null }
				]
			},
			"blasty/s2": {
				"color": [
					{ "time": 0, "color": "ffffffff", "curve": "stepped" },
					{ "time": 0.5666, "color": "ffffffff", "curve": "stepped" },
					{ "time": 2.9333, "color": "ffffffff" }
				],
				"attachment": [
					{ "time": 0, "name": null },
					{ "time": 0.5666, "name": "blasty/s2" },
					{ "time": 2.9333, "name": null }
				]
			},
			"blasty/s3": {
				"color": [
					{ "time": 0, "color": "ffffff00", "curve": "stepped" },
					{
						"time": 0.5666,
						"color": "ffffff00",
						"curve": [ 0, 0.44, 0.75, 1 ]
					},
					{
						"time": 0.9,
						"color": "ffffffff",
						"curve": [ 0.25, 0, 0.75, 1 ]
					},
					{
						"time": 1.1666,
						"color": "ffffff00",
						"curve": [ 0.25, 0, 0.75, 1 ]
					},
					{
						"time": 1.2666,
						"color": "ffffff83",
						"curve": [ 0.25, 0, 0.75, 1 ]
					},
					{ "time": 1.8, "color": "ffffff00", "curve": "stepped" },
					{ "time": 2.9333, "color": "ffffff00" }
				],
				"attachment": [
					{ "time": 0, "name": null },
					{ "time": 0.5666, "name": "blasty/s2" },
					{ "time": 2.9333, "name": null }
				]
			},
			"blasty/s4": {
				"color": [
					{ "time": 0, "color": "ffffff00", "curve": "stepped" },
					{
						"time": 0.5666,
						"color": "ffffff00",
						"curve": [ 0, 0.44, 0.75, 1 ]
					},
					{
						"time": 0.9,
						"color": "ffffffff",
						"curve": [ 0.25, 0, 0.75, 1 ]
					},
					{
						"time": 1.1666,
						"color": "ffffff00",
						"curve": [ 0.25, 0, 0.75, 1 ]
					},
					{
						"time": 1.2666,
						"color": "ffffff83",
						"curve": [ 0.25, 0, 0.75, 1 ]
					},
					{ "time": 1.8, "color": "ffffff00", "curve": "stepped" },
					{ "time": 2.9333, "color": "ffffff00" }
				],
				"attachment": [
					{ "time": 0, "name": null },
					{ "time": 0.5666, "name": "blasty/s" },
					{ "time": 2.9333, "name": null }
				]
			},
			"blasty/star": {
				"color": [
					{ "time": 0, "color": "ffffffdc" },
					{ "time": 0.5666, "color": "ffffffff", "curve": "stepped" },
					{
						"time": 0.7333,
						"color": "ffffffff",
						"curve": [ 0.712, 0, 1, 0.45 ]
					},
					{ "time": 1.3, "color": "ffffff00", "curve": "stepped" },
					{ "time": 2.9, "color": "ffffff00", "curve": "stepped" },
					{ "time": 2.9333, "color": "ffffff00" }
				],
				"attachment": [
					{ "time": 0, "name": null },
					{ "time": 0.5666, "name": null },
					{ "time": 0.7333, "name": "blasty/star" },
					{ "time": 1.3, "name": null },
					{ "time": 2.9, "name": null },
					{ "time": 2.9333, "name": null }
				]
			},
			"blasty/star2": {
				"color": [
					{ "time": 0, "color": "ffffffd8" },
					{ "time": 0.5666, "color": "ffffffff", "curve": "stepped" },
					{
						"time": 0.7333,
						"color": "ffffffff",
						"curve": [ 0.712, 0, 1, 0.45 ]
					},
					{ "time": 1.3, "color": "ffffff00", "curve": "stepped" },
					{ "time": 2.9, "color": "ffffff00", "curve": "stepped" },
					{ "time": 2.9333, "color": "ffffff00" }
				],
				"attachment": [
					{ "time": 0, "name": null },
					{ "time": 0.5666, "name": null },
					{ "time": 0.7333, "name": "blasty/star" },
					{ "time": 1.3, "name": null },
					{ "time": 2.9, "name": null },
					{ "time": 2.9333, "name": null }
				]
			},
			"blasty/star3": {
				"color": [
					{ "time": 0, "color": "ffffffe7" },
					{ "time": 0.5666, "color": "ffffffff", "curve": "stepped" },
					{
						"time": 0.7333,
						"color": "ffffffff",
						"curve": [ 0.712, 0, 1, 0.45 ]
					},
					{ "time": 1.2666, "color": "ffffff00", "curve": "stepped" },
					{ "time": 2.9, "color": "ffffff00", "curve": "stepped" },
					{ "time": 2.9333, "color": "ffffff00" }
				],
				"attachment": [
					{ "time": 0, "name": null },
					{ "time": 0.5666, "name": null },
					{ "time": 0.7333, "name": "blasty/star" },
					{ "time": 1.2666, "name": null },
					{ "time": 2.9, "name": null },
					{ "time": 2.9333, "name": null }
				]
			},
			"blasty/star4": {
				"color": [
					{ "time": 0, "color": "ffffffe1" },
					{ "time": 0.5666, "color": "ffffffe9", "curve": "stepped" },
					{
						"time": 0.7333,
						"color": "ffffffe9",
						"curve": [ 0.712, 0, 1, 0.45 ]
					},
					{ "time": 1.3, "color": "ffffff00", "curve": "stepped" },
					{ "time": 2.9333, "color": "ffffff00" }
				],
				"attachment": [
					{ "time": 0, "name": null },
					{ "time": 0.5666, "name": null },
					{ "time": 0.7333, "name": "blasty/star" },
					{ "time": 1.3, "name": null },
					{ "time": 2.9333, "name": null }
				]
			},
			"blasty/star5": {
				"color": [
					{ "time": 0, "color": "ffffffd8" },
					{
						"time": 0.7333,
						"color": "ffffffea",
						"curve": [ 0.673, 0, 1, 0.46 ]
					},
					{ "time": 1.3666, "color": "ffffff00", "curve": "stepped" },
					{ "time": 2.9, "color": "ffffff00", "curve": "stepped" },
					{ "time": 2.9333, "color": "ffffff00" }
				],
				"attachment": [
					{ "time": 0, "name": null },
					{ "time": 0.7333, "name": "blasty/star" },
					{ "time": 2.9, "name": "blasty/star" },
					{ "time": 2.9333, "name": "blasty/star" }
				]
			},
			"blasty/star6": {
				"color": [
					{ "time": 0, "color": "ffffffe7" },
					{
						"time": 0.7333,
						"color": "ffffffea",
						"curve": [ 0.673, 0, 1, 0.46 ]
					},
					{ "time": 1.5, "color": "ffffff00", "curve": "stepped" },
					{ "time": 2.9, "color": "ffffff00", "curve": "stepped" },
					{ "time": 2.9333, "color": "ffffff00" }
				],
				"attachment": [
					{ "time": 0, "name": null },
					{ "time": 0.7333, "name": "blasty/star" },
					{ "time": 2.9, "name": "blasty/star" },
					{ "time": 2.9333, "name": "blasty/star" }
				]
			},
			"blasty/star7": {
				"color": [
					{ "time": 0, "color": "ffffffdc" },
					{
						"time": 0.7333,
						"color": "ffffffea",
						"curve": [ 0.673, 0, 1, 0.46 ]
					},
					{ "time": 1.5, "color": "ffffff00", "curve": "stepped" },
					{ "time": 2.9, "color": "ffffff00", "curve": "stepped" },
					{ "time": 2.9333, "color": "ffffff00" }
				],
				"attachment": [
					{ "time": 0, "name": null },
					{ "time": 0.7333, "name": "blasty/star" },
					{ "time": 2.9, "name": "blasty/star" },
					{ "time": 2.9333, "name": "blasty/star" }
				]
			},
			"blasty/star8": {
				"color": [
					{ "time": 0, "color": "ffffffc5" },
					{
						"time": 0.7333,
						"color": "ffffffea",
						"curve": [ 0.673, 0, 1, 0.46 ]
					},
					{ "time": 1.6333, "color": "ffffff00", "curve": "stepped" },
					{ "time": 2.9, "color": "ffffff00", "curve": "stepped" },
					{ "time": 2.9333, "color": "ffffff00" }
				],
				"attachment": [
					{ "time": 0, "name": null },
					{ "time": 0.7333, "name": "blasty/star" },
					{ "time": 2.9, "name": "blasty/star" },
					{ "time": 2.9333, "name": "blasty/star" }
				]
			},
			"blasty/star9": {
				"color": [
					{ "time": 0, "color": "ffffffc8" },
					{
						"time": 0.7333,
						"color": "ffffffea",
						"curve": [ 0.673, 0, 1, 0.46 ]
					},
					{ "time": 1.4333, "color": "ffffff00", "curve": "stepped" },
					{ "time": 2.9, "color": "ffffff00", "curve": "stepped" },
					{ "time": 2.9333, "color": "ffffff00" }
				],
				"attachment": [
					{ "time": 0, "name": null },
					{ "time": 0.7333, "name": "blasty/star" },
					{ "time": 2.9, "name": "blasty/star" },
					{ "time": 2.9333, "name": "blasty/star" }
				]
			},
			"blasty/t": {
				"color": [
					{ "time": 0, "color": "ffffffff", "curve": "stepped" },
					{ "time": 0.5666, "color": "ffffffff", "curve": "stepped" },
					{ "time": 2.9333, "color": "ffffffff" }
				],
				"attachment": [
					{ "time": 0, "name": null },
					{ "time": 0.5666, "name": "blasty/t" },
					{ "time": 2.9333, "name": null }
				]
			},
			"blasty/t2": {
				"color": [
					{ "time": 0, "color": "ffffffff", "curve": "stepped" },
					{ "time": 0.5666, "color": "ffffffff", "curve": "stepped" },
					{ "time": 2.9333, "color": "ffffffff" }
				],
				"attachment": [
					{ "time": 0, "name": null },
					{ "time": 0.5666, "name": "blasty/t2" },
					{ "time": 2.9333, "name": null }
				]
			},
			"blasty/t3": {
				"color": [
					{ "time": 0, "color": "ffffff00", "curve": "stepped" },
					{
						"time": 0.5666,
						"color": "ffffff00",
						"curve": [ 0, 0.44, 0.75, 1 ]
					},
					{
						"time": 0.9,
						"color": "ffffffff",
						"curve": [ 0.25, 0, 0.75, 1 ]
					},
					{
						"time": 1.1666,
						"color": "ffffff00",
						"curve": [ 0.25, 0, 0.75, 1 ]
					},
					{
						"time": 1.3,
						"color": "ffffff83",
						"curve": [ 0.25, 0, 0.75, 1 ]
					},
					{ "time": 1.8, "color": "ffffff00", "curve": "stepped" },
					{ "time": 2.9333, "color": "ffffff00" }
				],
				"attachment": [
					{ "time": 0, "name": null },
					{ "time": 0.5666, "name": "blasty/t2" },
					{ "time": 2.9333, "name": null }
				]
			},
			"blasty/t4": {
				"color": [
					{ "time": 0, "color": "ffffff00", "curve": "stepped" },
					{
						"time": 0.5666,
						"color": "ffffff00",
						"curve": [ 0, 0.44, 0.75, 1 ]
					},
					{
						"time": 0.9,
						"color": "ffffffff",
						"curve": [ 0.25, 0, 0.75, 1 ]
					},
					{
						"time": 1.1666,
						"color": "ffffff00",
						"curve": [ 0.25, 0, 0.75, 1 ]
					},
					{
						"time": 1.3,
						"color": "ffffff83",
						"curve": [ 0.25, 0, 0.75, 1 ]
					},
					{ "time": 1.8, "color": "ffffff00", "curve": "stepped" },
					{ "time": 2.9333, "color": "ffffff00" }
				],
				"attachment": [
					{ "time": 0, "name": null },
					{ "time": 0.5666, "name": "blasty/t" },
					{ "time": 2.9333, "name": null }
				]
			},
			"blasty/y": {
				"color": [
					{ "time": 0, "color": "ffffffff", "curve": "stepped" },
					{ "time": 0.5666, "color": "ffffffff", "curve": "stepped" },
					{ "time": 2.9333, "color": "ffffffff" }
				],
				"attachment": [
					{ "time": 0, "name": null },
					{ "time": 0.5666, "name": "blasty/y" },
					{ "time": 2.9333, "name": null }
				]
			},
			"blasty/y2": {
				"color": [
					{ "time": 0, "color": "ffffffff", "curve": "stepped" },
					{ "time": 0.5666, "color": "ffffffff", "curve": "stepped" },
					{ "time": 2.9333, "color": "ffffffff" }
				],
				"attachment": [
					{ "time": 0, "name": null },
					{ "time": 0.5666, "name": "blasty/y2" },
					{ "time": 2.9333, "name": null }
				]
			},
			"blasty/y3": {
				"color": [
					{ "time": 0, "color": "ffffff00", "curve": "stepped" },
					{
						"time": 0.5666,
						"color": "ffffff00",
						"curve": [ 0, 0.44, 0.75, 1 ]
					},
					{
						"time": 0.9666,
						"color": "ffffffff",
						"curve": [ 0.25, 0, 0.75, 1 ]
					},
					{
						"time": 1.2,
						"color": "ffffff00",
						"curve": [ 0.25, 0, 0.75, 1 ]
					},
					{
						"time": 1.3333,
						"color": "ffffff83",
						"curve": [ 0.25, 0, 0.75, 1 ]
					},
					{ "time": 1.8333, "color": "ffffff00", "curve": "stepped" },
					{ "time": 2.9333, "color": "ffffff00" }
				],
				"attachment": [
					{ "time": 0, "name": null },
					{ "time": 0.5666, "name": "blasty/y2" },
					{ "time": 2.9333, "name": null }
				]
			},
			"blasty/y4": {
				"color": [
					{ "time": 0, "color": "ffffff00", "curve": "stepped" },
					{
						"time": 0.5666,
						"color": "ffffff00",
						"curve": [ 0, 0.44, 0.75, 1 ]
					},
					{
						"time": 0.9666,
						"color": "ffffffff",
						"curve": [ 0.25, 0, 0.75, 1 ]
					},
					{
						"time": 1.2,
						"color": "ffffff00",
						"curve": [ 0.25, 0, 0.75, 1 ]
					},
					{
						"time": 1.3333,
						"color": "ffffff83",
						"curve": [ 0.25, 0, 0.75, 1 ]
					},
					{ "time": 1.8333, "color": "ffffff00", "curve": "stepped" },
					{ "time": 2.9333, "color": "ffffff00" }
				],
				"attachment": [
					{ "time": 0, "name": null },
					{ "time": 0.5666, "name": "blasty/y" },
					{ "time": 2.9333, "name": null }
				]
			}
		},
		"bones": {
			"blasy": {
				"rotate": [
					{ "time": 0, "angle": 0, "curve": "stepped" },
					{ "time": 0.5666, "angle": 0, "curve": "stepped" },
					{ "time": 2.9333, "angle": 0 }
				],
				"translate": [
					{ "time": 0, "x": 45.28, "y": 78.91, "curve": "stepped" },
					{
						"time": 0.5666,
						"x": 45.28,
						"y": 78.91,
						"curve": [ 0, 0.95, 0.855, 1 ]
					},
					{
						"time": 2.6666,
						"x": 45.28,
						"y": 82.76,
						"curve": [ 0.25, 0, 0.876, 0.8 ]
					},
					{
						"time": 2.7333,
						"x": 45.28,
						"y": -10.7,
						"curve": [ 0.231, 0, 1, 0.6 ]
					},
					{ "time": 2.9333, "x": 45.28, "y": 185.18 }
				],
				"scale": [
					{ "time": 0, "x": 0.193, "y": 0.193, "curve": "stepped" },
					{
						"time": 0.5666,
						"x": 0.193,
						"y": 0.193,
						"curve": [ 0, 0.95, 0.855, 1 ]
					},
					{
						"time": 0.8,
						"x": 1.203,
						"y": 1.203,
						"curve": [ 0.25, 0, 0.75, 1 ]
					},
					{ "time": 1, "x": 1, "y": 1, "curve": "stepped" },
					{
						"time": 2.6666,
						"x": 1,
						"y": 1,
						"curve": [ 0.478, 0, 1, 0.56 ]
					},
					{ "time": 2.9333, "x": 0.193, "y": 0.193 }
				]
			},
			"a2": {
				"rotate": [
					{ "time": 0, "angle": 0, "curve": "stepped" },
					{ "time": 0.5666, "angle": 0, "curve": "stepped" },
					{ "time": 2.9333, "angle": 0 }
				],
				"translate": [
					{ "time": 0, "x": 0, "y": 0, "curve": "stepped" },
					{
						"time": 0.5666,
						"x": 0,
						"y": 0,
						"curve": [ 0, 0.44, 0.75, 1 ]
					},
					{
						"time": 0.8333,
						"x": -8.89,
						"y": 0,
						"curve": [ 0.25, 0, 0.75, 1 ]
					},
					{ "time": 1.1, "x": 0, "y": 0, "curve": "stepped" },
					{ "time": 2.9333, "x": 0, "y": 0 }
				],
				"scale": [
					{ "time": 0, "x": 1, "y": 1, "curve": "stepped" },
					{ "time": 0.5666, "x": 1, "y": 1, "curve": "stepped" },
					{ "time": 2.9333, "x": 1, "y": 1 }
				]
			},
			"l2": {
				"rotate": [
					{ "time": 0, "angle": 0, "curve": "stepped" },
					{ "time": 0.5666, "angle": 0, "curve": "stepped" },
					{ "time": 2.9333, "angle": 0 }
				],
				"translate": [
					{ "time": 0, "x": 0, "y": 0, "curve": "stepped" },
					{
						"time": 0.5666,
						"x": 0,
						"y": 0,
						"curve": [ 0, 0.44, 0.75, 1 ]
					},
					{
						"time": 0.7666,
						"x": -27.66,
						"y": 0,
						"curve": [ 0.25, 0, 0.75, 1 ]
					},
					{ "time": 1.0666, "x": 0, "y": 0, "curve": "stepped" },
					{ "time": 2.9333, "x": 0, "y": 0 }
				],
				"scale": [
					{ "time": 0, "x": 1, "y": 1, "curve": "stepped" },
					{ "time": 0.5666, "x": 1, "y": 1, "curve": "stepped" },
					{ "time": 2.9333, "x": 1, "y": 1 }
				]
			},
			"b2": {
				"rotate": [
					{ "time": 0, "angle": 0, "curve": "stepped" },
					{ "time": 0.5666, "angle": 0, "curve": "stepped" },
					{ "time": 2.9333, "angle": 0 }
				],
				"translate": [
					{ "time": 0, "x": 0, "y": 0, "curve": "stepped" },
					{
						"time": 0.5666,
						"x": 0,
						"y": 0,
						"curve": [ 0, 0.44, 0.75, 1 ]
					},
					{
						"time": 0.7333,
						"x": -44.46,
						"y": 0,
						"curve": [ 0.25, 0, 0.75, 1 ]
					},
					{ "time": 1.0333, "x": 0, "y": 0, "curve": "stepped" },
					{ "time": 2.9333, "x": 0, "y": 0 }
				],
				"scale": [
					{ "time": 0, "x": 1, "y": 1, "curve": "stepped" },
					{ "time": 0.5666, "x": 1, "y": 1, "curve": "stepped" },
					{ "time": 2.9333, "x": 1, "y": 1 }
				]
			},
			"point2": {
				"rotate": [
					{ "time": 0, "angle": 0, "curve": "stepped" },
					{ "time": 0.5666, "angle": 0, "curve": "stepped" },
					{ "time": 2.9333, "angle": 0 }
				],
				"translate": [
					{ "time": 0, "x": 0, "y": 0, "curve": "stepped" },
					{
						"time": 0.5666,
						"x": 0,
						"y": 0,
						"curve": [ 0, 0.44, 0.75, 1 ]
					},
					{
						"time": 0.9,
						"x": 29.64,
						"y": 0,
						"curve": [ 0.25, 0, 0.75, 1 ]
					},
					{ "time": 1.1, "x": 0, "y": 0, "curve": "stepped" },
					{ "time": 2.9333, "x": 0, "y": 0 }
				],
				"scale": [
					{ "time": 0, "x": 1, "y": 1, "curve": "stepped" },
					{ "time": 0.5666, "x": 1, "y": 1, "curve": "stepped" },
					{ "time": 2.9333, "x": 1, "y": 1 }
				]
			},
			"s2": {
				"rotate": [
					{ "time": 0, "angle": 0, "curve": "stepped" },
					{ "time": 0.5666, "angle": 0, "curve": "stepped" },
					{ "time": 2.9333, "angle": 0 }
				],
				"translate": [
					{ "time": 0, "x": 0, "y": 0, "curve": "stepped" },
					{ "time": 0.5666, "x": 0, "y": 0, "curve": "stepped" },
					{ "time": 1.1333, "x": 0, "y": 0, "curve": "stepped" },
					{ "time": 2.9333, "x": 0, "y": 0 }
				],
				"scale": [
					{ "time": 0, "x": 1, "y": 1, "curve": "stepped" },
					{ "time": 0.5666, "x": 1, "y": 1, "curve": "stepped" },
					{ "time": 2.9333, "x": 1, "y": 1 }
				]
			},
			"t2": {
				"rotate": [
					{ "time": 0, "angle": 0, "curve": "stepped" },
					{ "time": 0.5666, "angle": 0, "curve": "stepped" },
					{ "time": 2.9333, "angle": 0 }
				],
				"translate": [
					{ "time": 0, "x": 0, "y": 0, "curve": "stepped" },
					{
						"time": 0.5666,
						"x": 0,
						"y": 0,
						"curve": [ 0, 0.44, 0.75, 1 ]
					},
					{
						"time": 0.9,
						"x": 6.91,
						"y": 0,
						"curve": [ 0.25, 0, 0.75, 1 ]
					},
					{ "time": 1.1333, "x": 0, "y": 0, "curve": "stepped" },
					{ "time": 2.9333, "x": 0, "y": 0 }
				],
				"scale": [
					{ "time": 0, "x": 1, "y": 1, "curve": "stepped" },
					{ "time": 0.5666, "x": 1, "y": 1, "curve": "stepped" },
					{ "time": 2.9333, "x": 1, "y": 1 }
				]
			},
			"y2": {
				"rotate": [
					{ "time": 0, "angle": 0, "curve": "stepped" },
					{ "time": 0.5666, "angle": 0, "curve": "stepped" },
					{ "time": 2.9333, "angle": 0 }
				],
				"translate": [
					{ "time": 0, "x": 0, "y": 0, "curve": "stepped" },
					{
						"time": 0.5666,
						"x": 0,
						"y": 0,
						"curve": [ 0, 0.44, 0.75, 1 ]
					},
					{
						"time": 0.9666,
						"x": 9.88,
						"y": 0,
						"curve": [ 0.25, 0, 0.75, 1 ]
					},
					{ "time": 1.1666, "x": 0, "y": 0, "curve": "stepped" },
					{ "time": 2.9333, "x": 0, "y": 0 }
				],
				"scale": [
					{ "time": 0, "x": 1, "y": 1, "curve": "stepped" },
					{ "time": 0.5666, "x": 1, "y": 1, "curve": "stepped" },
					{ "time": 2.9333, "x": 1, "y": 1 }
				]
			},
			"hilight": {
				"rotate": [
					{ "time": 0, "angle": 0, "curve": "stepped" },
					{ "time": 0.3333, "angle": 0, "curve": "stepped" },
					{ "time": 2.8666, "angle": 0, "curve": "stepped" },
					{ "time": 2.9333, "angle": 0 }
				],
				"translate": [
					{ "time": 0, "x": 0, "y": -3.84, "curve": "stepped" },
					{ "time": 0.3333, "x": 0, "y": -3.84, "curve": "stepped" },
					{ "time": 2.8666, "x": 0, "y": -3.84, "curve": "stepped" },
					{ "time": 2.9333, "x": 0, "y": -3.84 }
				],
				"scale": [
					{ "time": 0, "x": 1, "y": 1, "curve": "stepped" },
					{ "time": 0.3333, "x": 1, "y": 1, "curve": "stepped" },
					{ "time": 2.8666, "x": 1, "y": 1, "curve": "stepped" },
					{ "time": 2.9333, "x": 1, "y": 1 }
				]
			},
			"blasty/b_pd": {
				"rotate": [
					{ "time": 0, "angle": 0, "curve": "stepped" },
					{ "time": 0.3333, "angle": 0, "curve": "stepped" },
					{ "time": 2.8666, "angle": 0, "curve": "stepped" },
					{ "time": 2.9333, "angle": 0 }
				],
				"translate": [
					{ "time": 0, "x": 0, "y": 0, "curve": "stepped" },
					{ "time": 0.3333, "x": 0, "y": 0, "curve": "stepped" },
					{ "time": 2.8666, "x": 0, "y": 0, "curve": "stepped" },
					{ "time": 2.9333, "x": 0, "y": 0 }
				],
				"scale": [
					{ "time": 0, "x": 1, "y": 1, "curve": "stepped" },
					{ "time": 0.3333, "x": 1, "y": 1, "curve": "stepped" },
					{ "time": 2.8666, "x": 1, "y": 1, "curve": "stepped" },
					{ "time": 2.9333, "x": 1, "y": 1 }
				]
			},
			"blasty/o_pd": {
				"rotate": [
					{ "time": 0, "angle": 0, "curve": "stepped" },
					{ "time": 0.3333, "angle": 0, "curve": "stepped" },
					{ "time": 2.8666, "angle": 0, "curve": "stepped" },
					{ "time": 2.9333, "angle": 0 }
				],
				"translate": [
					{ "time": 0, "x": 0, "y": 0, "curve": "stepped" },
					{ "time": 0.3333, "x": 0, "y": 0, "curve": "stepped" },
					{ "time": 2.8666, "x": 0, "y": 0, "curve": "stepped" },
					{ "time": 2.9333, "x": 0, "y": 0 }
				],
				"scale": [
					{ "time": 0, "x": 1, "y": 1, "curve": "stepped" },
					{ "time": 0.3333, "x": 1, "y": 1, "curve": "stepped" },
					{ "time": 2.8666, "x": 1, "y": 1, "curve": "stepped" },
					{ "time": 2.9333, "x": 1, "y": 1 }
				]
			},
			"blasty/star": {
				"rotate": [
					{ "time": 0, "angle": 0, "curve": "stepped" },
					{ "time": 0.5666, "angle": 0, "curve": "stepped" },
					{
						"time": 0.7333,
						"angle": 0,
						"curve": [ 0.07, 0.49, 0.696, 0.98 ]
					},
					{ "time": 1.2666, "angle": -129.17, "curve": "stepped" },
					{ "time": 2.9, "angle": -129.17, "curve": "stepped" },
					{ "time": 2.9333, "angle": -129.17 }
				],
				"translate": [
					{ "time": 0, "x": -32.84, "y": -1.93, "curve": "stepped" },
					{ "time": 0.5666, "x": -32.84, "y": -1.93, "curve": "stepped" },
					{
						"time": 0.7333,
						"x": -32.84,
						"y": -1.93,
						"curve": [ 0.004, 0.78, 0.583, 1 ]
					},
					{ "time": 1.2666, "x": -176.67, "y": 151.26 },
					{ "time": 2.9, "x": -134.39, "y": 112.67 },
					{ "time": 2.9333, "x": -3906.41, "y": 5189.5 }
				],
				"scale": [
					{ "time": 0, "x": 1, "y": 1, "curve": "stepped" },
					{ "time": 0.5666, "x": 1, "y": 1, "curve": "stepped" },
					{
						"time": 0.7333,
						"x": 1,
						"y": 1,
						"curve": [ 0, 0.6, 0.378, 1 ]
					},
					{ "time": 1.2666, "x": 1.719, "y": 1.719, "curve": "stepped" },
					{ "time": 2.9, "x": 1.719, "y": 1.719, "curve": "stepped" },
					{ "time": 2.9333, "x": 1.719, "y": 1.719 }
				]
			},
			"blasty/star3": {
				"rotate": [
					{ "time": 0, "angle": 0, "curve": "stepped" },
					{ "time": 0.5666, "angle": 0, "curve": "stepped" },
					{
						"time": 0.7333,
						"angle": 0,
						"curve": [ 0.07, 0.49, 0.696, 0.98 ]
					},
					{ "time": 1.2666, "angle": -129.17, "curve": "stepped" },
					{ "time": 2.9333, "angle": -129.17 }
				],
				"translate": [
					{ "time": 0, "x": -110.12, "y": 0, "curve": "stepped" },
					{ "time": 0.5666, "x": -110.12, "y": 0 },
					{
						"time": 0.7333,
						"x": -90.94,
						"y": 24.65,
						"curve": [ 0.004, 0.78, 0.583, 1 ]
					},
					{ "time": 1.2666, "x": 154.24, "y": -19.77 },
					{ "time": 2.9333, "x": 89.91, "y": -1.39 }
				],
				"scale": [
					{ "time": 0, "x": 1, "y": 1, "curve": "stepped" },
					{ "time": 0.5666, "x": 1, "y": 1 },
					{ "time": 0.7333, "x": 0.753, "y": 0.753, "curve": "stepped" },
					{ "time": 2.9333, "x": 0.753, "y": 0.753 }
				]
			},
			"blasty/star4": {
				"rotate": [
					{ "time": 0, "angle": 0, "curve": "stepped" },
					{ "time": 0.5666, "angle": 0, "curve": "stepped" },
					{
						"time": 0.7333,
						"angle": 0,
						"curve": [ 0.07, 0.49, 0.696, 0.98 ]
					},
					{ "time": 1.2666, "angle": -129.17, "curve": "stepped" },
					{ "time": 2.9333, "angle": -129.17 }
				],
				"translate": [
					{ "time": 0, "x": -154.56, "y": 17.38, "curve": "stepped" },
					{ "time": 0.5666, "x": -154.56, "y": 17.38, "curve": "stepped" },
					{
						"time": 0.7333,
						"x": -154.56,
						"y": 17.38,
						"curve": [ 0.004, 0.78, 0.583, 1 ]
					},
					{ "time": 1.2666, "x": -237.9, "y": -209.15 },
					{ "time": 2.9333, "x": -3950.46, "y": 4950.91 }
				],
				"scale": [
					{ "time": 0, "x": 1.188, "y": 1.188, "curve": "stepped" },
					{ "time": 2.9333, "x": 1.188, "y": 1.188 }
				]
			},
			"stars": {
				"rotate": [
					{ "time": 0, "angle": 0, "curve": "stepped" },
					{ "time": 0.5666, "angle": 0, "curve": "stepped" },
					{ "time": 2.9333, "angle": 0 }
				],
				"translate": [
					{ "time": 0, "x": 697.45, "y": -61.88, "curve": "stepped" },
					{ "time": 0.5666, "x": 697.45, "y": -61.88 },
					{ "time": 0.7333, "x": 697.45, "y": 72.99, "curve": "stepped" },
					{ "time": 2.9333, "x": 697.45, "y": 72.99 }
				],
				"scale": [
					{ "time": 0, "x": 1, "y": 1, "curve": "stepped" },
					{ "time": 0.5666, "x": 1, "y": 1, "curve": "stepped" },
					{ "time": 2.9333, "x": 1, "y": 1 }
				]
			},
			"blasty/star2": {
				"rotate": [
					{ "time": 0, "angle": 0, "curve": "stepped" },
					{ "time": 0.5666, "angle": 0, "curve": "stepped" },
					{
						"time": 0.7333,
						"angle": 0,
						"curve": [ 0.07, 0.49, 0.696, 0.98 ]
					},
					{ "time": 1.2666, "angle": -129.17, "curve": "stepped" },
					{ "time": 2.9333, "angle": -129.17 }
				],
				"translate": [
					{ "time": 0, "x": 0, "y": 0, "curve": "stepped" },
					{ "time": 0.5666, "x": 0, "y": 0 },
					{
						"time": 0.7333,
						"x": -27.4,
						"y": -10.96,
						"curve": [ 0.004, 0.78, 0.583, 1 ]
					},
					{ "time": 1.2666, "x": 154.3, "y": 44.37, "curve": "stepped" },
					{ "time": 2.9333, "x": 154.3, "y": 44.37 }
				],
				"scale": [
					{ "time": 0, "x": 1, "y": 1, "curve": "stepped" },
					{ "time": 0.5666, "x": 1, "y": 1, "curve": "stepped" },
					{ "time": 2.9333, "x": 1, "y": 1 }
				]
			},
			"ribbon": {
				"rotate": [
					{ "time": 0, "angle": 0, "curve": "stepped" },
					{ "time": 0.3333, "angle": 0, "curve": "stepped" },
					{ "time": 2.8666, "angle": 0, "curve": "stepped" },
					{ "time": 2.9333, "angle": 0 }
				],
				"translate": [
					{ "time": 0, "x": 0, "y": -3.84, "curve": "stepped" },
					{ "time": 0.3333, "x": 0, "y": -3.84, "curve": "stepped" },
					{ "time": 2.8666, "x": 0, "y": -3.84, "curve": "stepped" },
					{ "time": 2.9333, "x": 0, "y": -3.84 }
				],
				"scale": [
					{ "time": 0, "x": 1, "y": 1, "curve": "stepped" },
					{ "time": 0.3333, "x": 1, "y": 1, "curve": "stepped" },
					{ "time": 2.8666, "x": 1, "y": 1, "curve": "stepped" },
					{ "time": 2.9333, "x": 1, "y": 1 }
				]
			},
			"blasty/star8": {
				"rotate": [
					{ "time": 0, "angle": 0, "curve": "stepped" },
					{ "time": 0.7333, "angle": 0 },
					{ "time": 1.6333, "angle": -165.74, "curve": "stepped" },
					{ "time": 2.9333, "angle": -165.74 }
				],
				"translate": [
					{ "time": 0, "x": -82.56, "y": 70.76, "curve": "stepped" },
					{
						"time": 0.7333,
						"x": -82.56,
						"y": 70.76,
						"curve": [ 0.004, 0.78, 0.583, 1 ]
					},
					{ "time": 1.6333, "x": 75.05, "y": 236.62 },
					{ "time": 2.9333, "x": 36.45, "y": 205.38 }
				],
				"scale": [
					{ "time": 0, "x": 1, "y": 1, "curve": "stepped" },
					{ "time": 0.7333, "x": 1, "y": 1, "curve": "stepped" },
					{ "time": 2.9333, "x": 1, "y": 1 }
				]
			},
			"blasty/star9": {
				"rotate": [
					{ "time": 0, "angle": 0, "curve": "stepped" },
					{ "time": 0.7333, "angle": 0 },
					{ "time": 1.4333, "angle": -165.74, "curve": "stepped" },
					{ "time": 2.9333, "angle": -165.74 }
				],
				"translate": [
					{ "time": 0, "x": 0, "y": 0, "curve": "stepped" },
					{
						"time": 0.7333,
						"x": 0,
						"y": 0,
						"curve": [ 0.004, 0.78, 0.583, 1 ]
					},
					{ "time": 1.4333, "x": -25.75, "y": -174.58, "curve": "stepped" },
					{ "time": 2.9333, "x": -25.75, "y": -174.58 }
				],
				"scale": [
					{ "time": 0, "x": 1, "y": 1, "curve": "stepped" },
					{ "time": 0.7333, "x": 1, "y": 1, "curve": "stepped" },
					{ "time": 2.9333, "x": 1, "y": 1 }
				]
			},
			"blasty/star7": {
				"rotate": [
					{ "time": 0, "angle": 0, "curve": "stepped" },
					{ "time": 0.7333, "angle": 0 },
					{ "time": 1.5, "angle": -165.74, "curve": "stepped" },
					{ "time": 2.9333, "angle": -165.74 }
				],
				"translate": [
					{ "time": 0, "x": 0, "y": 0 },
					{
						"time": 0.7333,
						"x": 0,
						"y": 95.89,
						"curve": [ 0.004, 0.78, 0.583, 1 ]
					},
					{ "time": 1.5, "x": -34.25, "y": 270.54 },
					{ "time": 2.9333, "x": -19.54, "y": 178.63 }
				],
				"scale": [
					{ "time": 0, "x": 1, "y": 1 },
					{ "time": 0.7333, "x": 1.242, "y": 1.242, "curve": "stepped" },
					{ "time": 2.9333, "x": 1.242, "y": 1.242 }
				]
			},
			"blasty/star6": {
				"rotate": [
					{ "time": 0, "angle": 0, "curve": "stepped" },
					{ "time": 0.7333, "angle": 0 },
					{ "time": 1.5, "angle": -165.74, "curve": "stepped" },
					{ "time": 2.9333, "angle": -165.74 }
				],
				"translate": [
					{ "time": 0, "x": 0, "y": 0, "curve": "stepped" },
					{
						"time": 0.7333,
						"x": 0,
						"y": 0,
						"curve": [ 0.004, 0.78, 0.583, 1 ]
					},
					{ "time": 1.5, "x": 183.32, "y": -132.65 },
					{ "time": 2.9333, "x": 137.37, "y": -108.75 }
				],
				"scale": [
					{ "time": 0, "x": 1.199, "y": 1.199, "curve": "stepped" },
					{ "time": 2.9333, "x": 1.199, "y": 1.199 }
				]
			},
			"blasty/star5": {
				"rotate": [
					{ "time": 0, "angle": 0, "curve": "stepped" },
					{ "time": 0.7333, "angle": 0 },
					{ "time": 1.3666, "angle": -165.74, "curve": "stepped" },
					{ "time": 2.9333, "angle": -165.74 }
				],
				"translate": [
					{ "time": 0, "x": 0, "y": 0 },
					{
						"time": 0.7333,
						"x": 68.5,
						"y": 0,
						"curve": [ 0.004, 0.78, 0.583, 1 ]
					},
					{ "time": 1.3666, "x": -79.46, "y": -41.41, "curve": "stepped" },
					{ "time": 2.9333, "x": -79.46, "y": -41.41 }
				],
				"scale": [
					{ "time": 0, "x": 1, "y": 1, "curve": "stepped" },
					{ "time": 0.7333, "x": 1, "y": 1, "curve": "stepped" },
					{ "time": 2.9333, "x": 1, "y": 1 }
				]
			},
			"root2": {
				"translate": [
					{ "time": 0, "x": -57.03, "y": 0 }
				]
			}
		},
		"drawOrder": [
			{ "time": 0 },
			{ "time": 0.5666 },
			{
				"time": 0.7333,
				"offsets": [
					{ "slot": "blasty/star", "offset": 31 },
					{ "slot": "blasty/star2", "offset": 29 },
					{ "slot": "blasty/star3", "offset": 28 },
					{ "slot": "blasty/star4", "offset": 27 }
				]
			},
			{
				"time": 2.9333,
				"offsets": [
					{ "slot": "blasty/star", "offset": 31 },
					{ "slot": "blasty/star2", "offset": 29 },
					{ "slot": "blasty/star3", "offset": 28 },
					{ "slot": "blasty/star4", "offset": 27 }
				]
			}
		]
	}
}
}