{
"skeleton": { "hash": "g0QokXbtecLEkKc0RmftgO2wyeY", "spine": "3.4.02", "width": 419.37, "height": 450.63, "images": "./picture/" },
"bones": [
	{ "name": "root" },
	{ "name": "STAR", "parent": "root" },
	{ "name": "STAR2", "parent": "root" },
	{ "name": "STAR3", "parent": "root" },
	{ "name": "STAR4", "parent": "root" },
	{ "name": "balloon2", "parent": "root", "rotation": 2.86, "x": -12.61, "y": 186.17, "scaleX": 1.196, "scaleY": 1.196 },
	{ "name": "balloons", "parent": "root", "x": 28.92, "y": 37.94 },
	{ "name": "star", "parent": "STAR", "y": 36.21 },
	{ "name": "star2", "parent": "STAR2", "y": 36.21 },
	{ "name": "star3", "parent": "STAR3", "y": 36.21 },
	{ "name": "star4", "parent": "STAR4", "y": 36.21 }
],
"slots": [
	{ "name": "light", "bone": "root", "attachment": "light" },
	{ "name": "line2", "bone": "balloon2", "attachment": "line" },
	{ "name": "balloon2", "bone": "balloon2", "attachment": "balloon" },
	{ "name": "star", "bone": "star", "attachment": "star2" },
	{ "name": "star4", "bone": "star4", "attachment": "star2" },
	{ "name": "star2", "bone": "star2", "attachment": "star2" },
	{ "name": "star3", "bone": "star3", "attachment": "star2" }
],
"skins": {
	"default": {
		"balloon2": {
			"balloon": { "x": -1.14, "y": 62.36, "rotation": -0.23, "width": 180, "height": 152 }
		},
		"light": {
			"light": {
				"type": "mesh",
				"uvs": [ 1, 1, 0, 1, 0, 0, 1, 0 ],
				"triangles": [ 1, 2, 3, 1, 3, 0 ],
				"vertices": [ 209.68, -94.21, -209.68, -94.21, -209.68, 325.16, 209.68, 325.16 ],
				"hull": 4,
				"edges": [ 0, 2, 2, 4, 4, 6, 0, 6 ],
				"width": 98,
				"height": 98
			}
		},
		"line2": {
			"line": {
				"type": "mesh",
				"uvs": [ 1, 1, 0, 1, 0, 0, 1, 0 ],
				"triangles": [ 1, 3, 0, 1, 2, 3 ],
				"vertices": [ 1, 6, -25.66, 5.33, 1, 1, 6, -13.52, 10.32, 1, 1, 5, 3.6, -3.42, 1, 1, 5, -9.09, -6.73, 1 ],
				"hull": 4,
				"edges": [ 0, 2, 2, 4, 4, 6, 0, 6 ],
				"width": 14,
				"height": 188
			}
		},
		"star": {
			"star2": { "x": -0.57, "y": -0.04, "width": 43, "height": 41 }
		},
		"star2": {
			"star2": { "y": 0.42, "width": 43, "height": 41 }
		},
		"star3": {
			"star2": { "y": 0.15, "width": 43, "height": 41 }
		},
		"star4": {
			"star2": { "y": 0.15, "width": 43, "height": 41 }
		}
	}
},
"animations": {
	"run": {
		"slots": {
			"star": {
				"color": [
					{ "time": 0, "color": "ffffffff", "curve": "stepped" },
					{
						"time": 0.8333,
						"color": "ffffffff",
						"curve": [ 0.25, 0, 1, 1 ]
					},
					{ "time": 1.6666, "color": "ffffff00", "curve": "stepped" },
					{ "time": 1.7, "color": "ffffffff", "curve": "stepped" },
					{
						"time": 2.5,
						"color": "ffffffff",
						"curve": [ 0.25, 0, 1, 1 ]
					},
					{ "time": 3.3333, "color": "ffffff00", "curve": "stepped" },
					{ "time": 3.3666, "color": "ffffffff", "curve": "stepped" },
					{
						"time": 4.1666,
						"color": "ffffffff",
						"curve": [ 0.25, 0, 1, 1 ]
					},
					{ "time": 5, "color": "ffffff00", "curve": "stepped" },
					{ "time": 5.0333, "color": "ffffffff", "curve": "stepped" },
					{
						"time": 5.8333,
						"color": "ffffffff",
						"curve": [ 0.25, 0, 1, 1 ]
					},
					{ "time": 6.6666, "color": "ffffff00", "curve": "stepped" },
					{ "time": 6.7, "color": "ffffffff", "curve": "stepped" },
					{
						"time": 7.5,
						"color": "ffffffff",
						"curve": [ 0.25, 0, 1, 1 ]
					},
					{ "time": 8.3333, "color": "ffffff00", "curve": "stepped" },
					{ "time": 8.3666, "color": "ffffffff", "curve": "stepped" },
					{
						"time": 9.1666,
						"color": "ffffffff",
						"curve": [ 0.25, 0, 1, 1 ]
					},
					{ "time": 10, "color": "ffffff00" }
				]
			},
			"star2": {
				"color": [
					{ "time": 0, "color": "ffffffff", "curve": "stepped" },
					{
						"time": 0.8333,
						"color": "ffffffff",
						"curve": [ 0.25, 0, 0.892, 0.76 ]
					},
					{ "time": 1.6666, "color": "ffffff00", "curve": "stepped" },
					{ "time": 1.7, "color": "ffffffff", "curve": "stepped" },
					{
						"time": 2.5,
						"color": "ffffffff",
						"curve": [ 0.25, 0, 0.892, 0.76 ]
					},
					{ "time": 3.3333, "color": "ffffff00", "curve": "stepped" },
					{ "time": 3.3666, "color": "ffffffff", "curve": "stepped" },
					{
						"time": 4.1666,
						"color": "ffffffff",
						"curve": [ 0.25, 0, 0.892, 0.76 ]
					},
					{ "time": 5, "color": "ffffff00", "curve": "stepped" },
					{ "time": 5.0333, "color": "ffffffff", "curve": "stepped" },
					{
						"time": 5.8333,
						"color": "ffffffff",
						"curve": [ 0.25, 0, 0.892, 0.76 ]
					},
					{ "time": 6.6666, "color": "ffffff00", "curve": "stepped" },
					{ "time": 6.7, "color": "ffffffff", "curve": "stepped" },
					{
						"time": 7.5,
						"color": "ffffffff",
						"curve": [ 0.25, 0, 0.892, 0.76 ]
					},
					{ "time": 8.3333, "color": "ffffff00", "curve": "stepped" },
					{ "time": 8.3666, "color": "ffffffff", "curve": "stepped" },
					{
						"time": 9.1666,
						"color": "ffffffff",
						"curve": [ 0.25, 0, 0.892, 0.76 ]
					},
					{ "time": 10, "color": "ffffff00" }
				]
			},
			"star3": {
				"color": [
					{
						"time": 0,
						"color": "ffffffff",
						"curve": [ 0.25, 0, 0.892, 0.76 ]
					},
					{ "time": 0.8333, "color": "ffffff00", "curve": "stepped" },
					{ "time": 0.8666, "color": "ffffffff", "curve": "stepped" },
					{
						"time": 1.6666,
						"color": "ffffffff",
						"curve": [ 0.25, 0, 0.892, 0.76 ]
					},
					{ "time": 2.5, "color": "ffffff00", "curve": "stepped" },
					{ "time": 2.5333, "color": "ffffffff", "curve": "stepped" },
					{
						"time": 3.3333,
						"color": "ffffffff",
						"curve": [ 0.25, 0, 0.892, 0.76 ]
					},
					{ "time": 4.1666, "color": "ffffff00", "curve": "stepped" },
					{ "time": 4.2, "color": "ffffffff", "curve": "stepped" },
					{
						"time": 5,
						"color": "ffffffff",
						"curve": [ 0.25, 0, 0.892, 0.76 ]
					},
					{ "time": 5.8333, "color": "ffffff00", "curve": "stepped" },
					{ "time": 5.8666, "color": "ffffffff", "curve": "stepped" },
					{
						"time": 6.6666,
						"color": "ffffffff",
						"curve": [ 0.25, 0, 0.892, 0.76 ]
					},
					{ "time": 7.5, "color": "ffffff00", "curve": "stepped" },
					{ "time": 7.5333, "color": "ffffffff", "curve": "stepped" },
					{
						"time": 8.3333,
						"color": "ffffffff",
						"curve": [ 0.25, 0, 0.892, 0.76 ]
					},
					{ "time": 9.1666, "color": "ffffff00", "curve": "stepped" },
					{ "time": 9.2, "color": "ffffffff", "curve": "stepped" },
					{ "time": 10, "color": "ffffffff" }
				]
			},
			"star4": {
				"color": [
					{
						"time": 0,
						"color": "ffffffff",
						"curve": [ 0.25, 0, 0.888, 0.68 ]
					},
					{ "time": 0.8333, "color": "ffffff00", "curve": "stepped" },
					{ "time": 0.8666, "color": "ffffffff", "curve": "stepped" },
					{
						"time": 1.6666,
						"color": "ffffffff",
						"curve": [ 0.25, 0, 0.888, 0.68 ]
					},
					{ "time": 2.5, "color": "ffffff00", "curve": "stepped" },
					{ "time": 2.5333, "color": "ffffffff", "curve": "stepped" },
					{
						"time": 3.3333,
						"color": "ffffffff",
						"curve": [ 0.25, 0, 0.888, 0.68 ]
					},
					{ "time": 4.1666, "color": "ffffff00", "curve": "stepped" },
					{ "time": 4.2, "color": "ffffffff", "curve": "stepped" },
					{
						"time": 5,
						"color": "ffffffff",
						"curve": [ 0.25, 0, 0.888, 0.68 ]
					},
					{ "time": 5.8333, "color": "ffffff00", "curve": "stepped" },
					{ "time": 5.8666, "color": "ffffffff", "curve": "stepped" },
					{
						"time": 6.6666,
						"color": "ffffffff",
						"curve": [ 0.25, 0, 0.888, 0.68 ]
					},
					{ "time": 7.5, "color": "ffffff00", "curve": "stepped" },
					{ "time": 7.5333, "color": "ffffffff", "curve": "stepped" },
					{
						"time": 8.3333,
						"color": "ffffffff",
						"curve": [ 0.25, 0, 0.888, 0.68 ]
					},
					{ "time": 9.1666, "color": "ffffff00", "curve": "stepped" },
					{ "time": 9.2, "color": "ffffffff" }
				]
			}
		},
		"bones": {
			"balloons": {
				"rotate": [
					{ "time": 0, "angle": 0 }
				],
				"translate": [
					{ "time": 0, "x": -46.38, "y": -6.42, "curve": "stepped" },
					{
						"time": 0.7,
						"x": -46.38,
						"y": -6.42,
						"curve": [ 0.25, 0, 0.75, 1 ]
					},
					{
						"time": 1,
						"x": -53.06,
						"y": -9.19,
						"curve": [ 0.25, 0, 0.75, 1 ]
					},
					{
						"time": 1.2666,
						"x": -44.92,
						"y": -3.98,
						"curve": [ 0.25, 0, 0.75, 1 ]
					},
					{ "time": 1.5333, "x": -46.39, "y": -6.43, "curve": "stepped" },
					{
						"time": 2.6666,
						"x": -46.39,
						"y": -6.43,
						"curve": [ 0.25, 0, 0.75, 1 ]
					},
					{
						"time": 3.0666,
						"x": -50.87,
						"y": -9.97,
						"curve": [ 0.25, 0, 0.75, 1 ]
					},
					{ "time": 3.3333, "x": -54.89, "y": -6.43, "curve": "stepped" },
					{
						"time": 4.3,
						"x": -54.89,
						"y": -6.43,
						"curve": [ 0.25, 0, 0.75, 1 ]
					},
					{
						"time": 4.5333,
						"x": -54.19,
						"y": 2.61,
						"curve": [ 0.25, 0, 0.75, 1 ]
					},
					{
						"time": 4.8333,
						"x": -44.58,
						"y": -33.11,
						"curve": [ 0.25, 0, 0.75, 1 ]
					},
					{ "time": 5.0333, "x": -46.9, "y": -39.61, "curve": "stepped" },
					{
						"time": 5.7,
						"x": -46.9,
						"y": -39.61,
						"curve": [ 0.25, 0, 0.75, 1 ]
					},
					{ "time": 6.2, "x": -14.42, "y": -23.37, "curve": "stepped" },
					{
						"time": 7.2,
						"x": -14.42,
						"y": -23.37,
						"curve": [ 0.25, 0, 0.473, 0.99 ]
					},
					{
						"time": 7.4,
						"x": -18.71,
						"y": -26.12,
						"curve": [ 0.004, 0, 0.491, 0.99 ]
					},
					{
						"time": 7.5333,
						"x": -15.04,
						"y": 8.14,
						"curve": [ 0.466, 0, 1, 1 ]
					},
					{
						"time": 7.6666,
						"x": -14.73,
						"y": -23.98,
						"curve": [ 0, 0, 0.473, 0.99 ]
					},
					{
						"time": 7.8,
						"x": -18.71,
						"y": -26.12,
						"curve": [ 0.004, 0, 0.491, 0.99 ]
					},
					{
						"time": 7.9333,
						"x": -15.04,
						"y": 8.14,
						"curve": [ 0.466, 0, 1, 1 ]
					},
					{
						"time": 8.0666,
						"x": -14.73,
						"y": -23.98,
						"curve": [ 0, 0, 0.473, 0.99 ]
					},
					{
						"time": 8.2,
						"x": -18.71,
						"y": -26.12,
						"curve": [ 0.004, 0, 0.491, 0.99 ]
					},
					{
						"time": 8.3333,
						"x": -15.04,
						"y": 8.14,
						"curve": [ 0.466, 0, 1, 1 ]
					},
					{
						"time": 8.4666,
						"x": -14.73,
						"y": -23.98,
						"curve": [ 0, 0, 0.473, 0.99 ]
					},
					{
						"time": 8.6,
						"x": -18.71,
						"y": -26.12,
						"curve": [ 0.004, 0, 0.491, 0.99 ]
					},
					{
						"time": 8.7333,
						"x": -15.04,
						"y": 8.14,
						"curve": [ 0.466, 0, 1, 1 ]
					},
					{
						"time": 8.8666,
						"x": -14.73,
						"y": -23.98,
						"curve": [ 0, 0, 0.473, 0.99 ]
					},
					{
						"time": 9,
						"x": -18.71,
						"y": -26.12,
						"curve": [ 0.25, 0, 0.75, 1 ]
					},
					{
						"time": 9.1666,
						"x": -14.42,
						"y": -23.37,
						"curve": [ 0.25, 0, 0.75, 1 ]
					},
					{
						"time": 9.4333,
						"x": -36.46,
						"y": -16.64,
						"curve": [ 0.25, 0, 0.75, 1 ]
					},
					{ "time": 9.6666, "x": -46.38, "y": -6.42 }
				],
				"scale": [
					{ "time": 0, "x": 1, "y": 1 }
				]
			},
			"balloon2": {
				"rotate": [
					{
						"time": 0,
						"angle": 4.73,
						"curve": [ 0.25, 0, 0.75, 1 ]
					},
					{
						"time": 3.0666,
						"angle": -2.32,
						"curve": [ 0.25, 0, 0.75, 1 ]
					},
					{
						"time": 4.5333,
						"angle": 6.04,
						"curve": [ 0, 0, 0.75, 1 ]
					},
					{
						"time": 5.6333,
						"angle": -0.69,
						"curve": [ 0.25, 0, 0.75, 1 ]
					},
					{
						"time": 7.5333,
						"angle": 16.79,
						"curve": [ 0.402, 0.6, 0.759, 1 ]
					},
					{
						"time": 7.8,
						"angle": -0.29,
						"curve": [ 0.25, 0, 1, 1 ]
					},
					{
						"time": 7.9333,
						"angle": -2.08,
						"curve": [ 0, 0, 0.75, 1 ]
					},
					{
						"time": 8.2,
						"angle": -0.29,
						"curve": [ 0.25, 0, 1, 1 ]
					},
					{
						"time": 8.3333,
						"angle": -2.08,
						"curve": [ 0, 0, 0.75, 1 ]
					},
					{
						"time": 8.6,
						"angle": -0.29,
						"curve": [ 0.25, 0, 1, 1 ]
					},
					{
						"time": 8.7333,
						"angle": -2.08,
						"curve": [ 0, 0, 0.75, 1 ]
					},
					{
						"time": 9,
						"angle": -0.29,
						"curve": [ 0.25, 0, 1, 1 ]
					},
					{
						"time": 9.1666,
						"angle": -0.44,
						"curve": [ 0.25, 0, 0.75, 1 ]
					},
					{ "time": 10, "angle": 4.73 }
				],
				"translate": [
					{
						"time": 0,
						"x": 5.54,
						"y": -28.61,
						"curve": [ 0.25, 0, 0.75, 1 ]
					},
					{
						"time": 1.5333,
						"x": -5.46,
						"y": 0,
						"curve": [ 0.25, 0, 0.75, 1 ]
					},
					{
						"time": 3.0666,
						"x": -14.4,
						"y": -14.87,
						"curve": [ 0.25, 0, 0.75, 1 ]
					},
					{
						"time": 4.5333,
						"x": -10.27,
						"y": -1.85,
						"curve": [ 0, 0, 0.75, 1 ]
					},
					{
						"time": 5.6333,
						"x": -33.6,
						"y": -18.15,
						"curve": [ 0.283, 0, 0.624, 0.38 ]
					},
					{
						"time": 7.5333,
						"x": -1.95,
						"y": 16.94,
						"curve": [ 0, 0, 0.75, 1 ]
					},
					{
						"time": 7.8,
						"x": -12.03,
						"y": -27.63,
						"curve": [ 0.25, 0, 1, 1 ]
					},
					{
						"time": 7.9333,
						"x": -17.14,
						"y": -15.39,
						"curve": [ 0, 0, 0.75, 1 ]
					},
					{
						"time": 8.2,
						"x": -12.03,
						"y": -27.63,
						"curve": [ 0.25, 0, 1, 1 ]
					},
					{
						"time": 8.3333,
						"x": -17.14,
						"y": -15.39,
						"curve": [ 0, 0, 0.75, 1 ]
					},
					{
						"time": 8.6,
						"x": -12.03,
						"y": -27.63,
						"curve": [ 0.25, 0, 1, 1 ]
					},
					{
						"time": 8.7333,
						"x": -17.14,
						"y": -15.39,
						"curve": [ 0, 0, 0.75, 1 ]
					},
					{
						"time": 9,
						"x": -12.03,
						"y": -27.63,
						"curve": [ 0.25, 0, 1, 1 ]
					},
					{
						"time": 9.1666,
						"x": -17.14,
						"y": -15.39,
						"curve": [ 0.25, 0, 0.75, 1 ]
					},
					{ "time": 10, "x": 5.54, "y": -28.61 }
				],
				"scale": [
					{
						"time": 0,
						"x": 1.058,
						"y": 0.939,
						"curve": [ 0.25, 0, 0.75, 1 ]
					},
					{ "time": 1.5333, "x": 1, "y": 1, "curve": "stepped" },
					{
						"time": 4.5333,
						"x": 1,
						"y": 1,
						"curve": [ 0, 0, 0.75, 1 ]
					},
					{
						"time": 4.8333,
						"x": 0.898,
						"y": 1.088,
						"curve": [ 0.25, 0, 0.75, 1 ]
					},
					{
						"time": 5.6333,
						"x": 1.058,
						"y": 0.939,
						"curve": [ 0.25, 0, 0.75, 1 ]
					},
					{
						"time": 7.5333,
						"x": 1,
						"y": 1,
						"curve": [ 0.25, 0, 0.75, 1 ]
					},
					{
						"time": 7.6666,
						"x": 0.898,
						"y": 1.088,
						"curve": [ 0.25, 0, 0.75, 1 ]
					},
					{
						"time": 7.9333,
						"x": 1,
						"y": 1,
						"curve": [ 0, 0, 0.75, 1 ]
					},
					{
						"time": 8.0666,
						"x": 0.898,
						"y": 1.088,
						"curve": [ 0.25, 0, 0.75, 1 ]
					},
					{
						"time": 8.3333,
						"x": 1,
						"y": 1,
						"curve": [ 0, 0, 0.75, 1 ]
					},
					{
						"time": 8.4666,
						"x": 0.898,
						"y": 1.088,
						"curve": [ 0.25, 0, 0.75, 1 ]
					},
					{
						"time": 8.7333,
						"x": 1,
						"y": 1,
						"curve": [ 0, 0, 0.75, 1 ]
					},
					{
						"time": 8.8666,
						"x": 0.898,
						"y": 1.088,
						"curve": [ 0.25, 0, 0.75, 1 ]
					},
					{
						"time": 9.1666,
						"x": 1,
						"y": 1,
						"curve": [ 0, 0, 0.75, 1 ]
					},
					{
						"time": 9.4333,
						"x": 0.96,
						"y": 1,
						"curve": [ 0.25, 0, 0.75, 1 ]
					},
					{ "time": 10, "x": 1.058, "y": 0.939 }
				]
			},
			"STAR": {
				"translate": [
					{
						"time": 0,
						"x": 0,
						"y": 0,
						"curve": [ 0.268, 0.1, 0.902, 0.77 ]
					},
					{
						"time": 0.8333,
						"x": 123.81,
						"y": 0,
						"curve": [ 0.157, 0.36, 0.75, 1 ]
					},
					{ "time": 1.6666, "x": 221.32, "y": 0, "curve": "stepped" },
					{
						"time": 1.7,
						"x": 0,
						"y": 0,
						"curve": [ 0.268, 0.1, 0.902, 0.77 ]
					},
					{
						"time": 2.5,
						"x": 123.81,
						"y": 0,
						"curve": [ 0.157, 0.36, 0.75, 1 ]
					},
					{ "time": 3.3333, "x": 221.32, "y": 0, "curve": "stepped" },
					{
						"time": 3.3666,
						"x": 0,
						"y": 0,
						"curve": [ 0.268, 0.1, 0.902, 0.77 ]
					},
					{
						"time": 4.1666,
						"x": 123.81,
						"y": 0,
						"curve": [ 0.157, 0.36, 0.75, 1 ]
					},
					{ "time": 5, "x": 221.32, "y": 0, "curve": "stepped" },
					{
						"time": 5.0333,
						"x": 0,
						"y": 0,
						"curve": [ 0.268, 0.1, 0.902, 0.77 ]
					},
					{
						"time": 5.8333,
						"x": 123.81,
						"y": 0,
						"curve": [ 0.157, 0.36, 0.75, 1 ]
					},
					{ "time": 6.6666, "x": 221.32, "y": 0, "curve": "stepped" },
					{
						"time": 6.7,
						"x": 0,
						"y": 0,
						"curve": [ 0.268, 0.1, 0.902, 0.77 ]
					},
					{
						"time": 7.5,
						"x": 123.81,
						"y": 0,
						"curve": [ 0.157, 0.36, 0.75, 1 ]
					},
					{ "time": 8.3333, "x": 221.32, "y": 0, "curve": "stepped" },
					{
						"time": 8.3666,
						"x": 0,
						"y": 0,
						"curve": [ 0.268, 0.1, 0.902, 0.77 ]
					},
					{
						"time": 9.1666,
						"x": 123.81,
						"y": 0,
						"curve": [ 0.157, 0.36, 0.75, 1 ]
					},
					{ "time": 10, "x": 221.32, "y": 0 }
				]
			},
			"star": {
				"rotate": [
					{
						"time": 0,
						"angle": -14.52,
						"curve": [ 0, 0, 0.501, 0.98 ]
					},
					{ "time": 1.6666, "angle": -138.68, "curve": "stepped" },
					{
						"time": 1.7,
						"angle": -14.52,
						"curve": [ 0, 0, 0.501, 0.98 ]
					},
					{ "time": 3.3333, "angle": -138.68, "curve": "stepped" },
					{
						"time": 3.3666,
						"angle": -14.52,
						"curve": [ 0, 0, 0.501, 0.98 ]
					},
					{ "time": 5, "angle": -138.68, "curve": "stepped" },
					{
						"time": 5.0333,
						"angle": -14.52,
						"curve": [ 0, 0, 0.501, 0.98 ]
					},
					{ "time": 6.6666, "angle": -138.68, "curve": "stepped" },
					{
						"time": 6.7,
						"angle": -14.52,
						"curve": [ 0, 0, 0.501, 0.98 ]
					},
					{ "time": 8.3333, "angle": -138.68, "curve": "stepped" },
					{
						"time": 8.3666,
						"angle": -14.52,
						"curve": [ 0, 0, 0.501, 0.98 ]
					},
					{ "time": 10, "angle": -138.68 }
				],
				"translate": [
					{
						"time": 0,
						"x": 0,
						"y": 0,
						"curve": [ 0.111, 0.57, 0.717, 1 ]
					},
					{
						"time": 0.8333,
						"x": 0,
						"y": 115.26,
						"curve": [ 0.25, 0, 0.888, 0.68 ]
					},
					{ "time": 1.6666, "x": 0, "y": 76.98, "curve": "stepped" },
					{
						"time": 1.7,
						"x": 0,
						"y": 0,
						"curve": [ 0.111, 0.57, 0.717, 1 ]
					},
					{
						"time": 2.5,
						"x": 0,
						"y": 115.26,
						"curve": [ 0.25, 0, 0.888, 0.68 ]
					},
					{ "time": 3.3333, "x": 0, "y": 76.98, "curve": "stepped" },
					{
						"time": 3.3666,
						"x": 0,
						"y": 0,
						"curve": [ 0.111, 0.57, 0.717, 1 ]
					},
					{
						"time": 4.1666,
						"x": 0,
						"y": 115.26,
						"curve": [ 0.25, 0, 0.888, 0.68 ]
					},
					{ "time": 5, "x": 0, "y": 76.98, "curve": "stepped" },
					{
						"time": 5.0333,
						"x": 0,
						"y": 0,
						"curve": [ 0.111, 0.57, 0.717, 1 ]
					},
					{
						"time": 5.8333,
						"x": 0,
						"y": 115.26,
						"curve": [ 0.25, 0, 0.888, 0.68 ]
					},
					{ "time": 6.6666, "x": 0, "y": 76.98, "curve": "stepped" },
					{
						"time": 6.7,
						"x": 0,
						"y": 0,
						"curve": [ 0.111, 0.57, 0.717, 1 ]
					},
					{
						"time": 7.5,
						"x": 0,
						"y": 115.26,
						"curve": [ 0.25, 0, 0.888, 0.68 ]
					},
					{ "time": 8.3333, "x": 0, "y": 76.98, "curve": "stepped" },
					{
						"time": 8.3666,
						"x": 0,
						"y": 0,
						"curve": [ 0.111, 0.57, 0.717, 1 ]
					},
					{
						"time": 9.1666,
						"x": 0,
						"y": 115.26,
						"curve": [ 0.25, 0, 0.888, 0.68 ]
					},
					{ "time": 10, "x": 0, "y": 76.98 }
				],
				"scale": [
					{ "time": 0, "x": 1.442, "y": 1.442, "curve": "stepped" },
					{
						"time": 0.8333,
						"x": 1.442,
						"y": 1.442,
						"curve": [ 0.25, 0, 1, 1 ]
					},
					{ "time": 1.6666, "x": 0.627, "y": 0.627, "curve": "stepped" },
					{ "time": 1.7, "x": 1, "y": 1, "curve": "stepped" },
					{
						"time": 2.5,
						"x": 1,
						"y": 1,
						"curve": [ 0.25, 0, 1, 1 ]
					},
					{ "time": 3.3333, "x": 0.627, "y": 0.627, "curve": "stepped" },
					{ "time": 3.3666, "x": 1.442, "y": 1.442, "curve": "stepped" },
					{
						"time": 4.1666,
						"x": 1.442,
						"y": 1.442,
						"curve": [ 0.25, 0, 1, 1 ]
					},
					{ "time": 5, "x": 0.627, "y": 0.627, "curve": "stepped" },
					{ "time": 5.0333, "x": 1, "y": 1, "curve": "stepped" },
					{
						"time": 5.8333,
						"x": 1,
						"y": 1,
						"curve": [ 0.25, 0, 1, 1 ]
					},
					{ "time": 6.6666, "x": 0.627, "y": 0.627, "curve": "stepped" },
					{ "time": 6.7, "x": 1.442, "y": 1.442, "curve": "stepped" },
					{
						"time": 7.5,
						"x": 1.442,
						"y": 1.442,
						"curve": [ 0.25, 0, 1, 1 ]
					},
					{ "time": 8.3333, "x": 0.627, "y": 0.627, "curve": "stepped" },
					{ "time": 8.3666, "x": 1.442, "y": 1.442, "curve": "stepped" },
					{
						"time": 9.1666,
						"x": 1.442,
						"y": 1.442,
						"curve": [ 0.25, 0, 1, 1 ]
					},
					{ "time": 10, "x": 0.627, "y": 0.627 }
				]
			},
			"STAR2": {
				"translate": [
					{
						"time": 0,
						"x": 0,
						"y": 0,
						"curve": [ 0, 0, 0.791, 1 ]
					},
					{
						"time": 0.8333,
						"x": -99.88,
						"y": 0,
						"curve": [ 0.125, 0.34, 0.75, 1 ]
					},
					{ "time": 1.6666, "x": -152.54, "y": 0, "curve": "stepped" },
					{
						"time": 1.7,
						"x": 0,
						"y": 0,
						"curve": [ 0, 0, 0.791, 1 ]
					},
					{
						"time": 2.5,
						"x": -99.88,
						"y": 0,
						"curve": [ 0.125, 0.34, 0.75, 1 ]
					},
					{ "time": 3.3333, "x": -152.54, "y": 0, "curve": "stepped" },
					{
						"time": 3.3666,
						"x": 0,
						"y": 0,
						"curve": [ 0, 0, 0.791, 1 ]
					},
					{
						"time": 4.1666,
						"x": -99.88,
						"y": 0,
						"curve": [ 0.125, 0.34, 0.75, 1 ]
					},
					{ "time": 5, "x": -152.54, "y": 0, "curve": "stepped" },
					{
						"time": 5.0333,
						"x": 0,
						"y": 0,
						"curve": [ 0, 0, 0.791, 1 ]
					},
					{
						"time": 5.8333,
						"x": -99.88,
						"y": 0,
						"curve": [ 0.125, 0.34, 0.75, 1 ]
					},
					{ "time": 6.6666, "x": -152.54, "y": 0, "curve": "stepped" },
					{
						"time": 6.7,
						"x": 0,
						"y": 0,
						"curve": [ 0, 0, 0.791, 1 ]
					},
					{
						"time": 7.5,
						"x": -99.88,
						"y": 0,
						"curve": [ 0.125, 0.34, 0.75, 1 ]
					},
					{ "time": 8.3333, "x": -152.54, "y": 0, "curve": "stepped" },
					{
						"time": 8.3666,
						"x": 0,
						"y": 0,
						"curve": [ 0, 0, 0.791, 1 ]
					},
					{
						"time": 9.1666,
						"x": -99.88,
						"y": 0,
						"curve": [ 0.125, 0.34, 0.75, 1 ]
					},
					{ "time": 10, "x": -152.54, "y": 0 }
				]
			},
			"star2": {
				"rotate": [
					{
						"time": 0,
						"angle": 0,
						"curve": [ 0.25, 0, 1, 1 ]
					},
					{ "time": 1.6666, "angle": 118.83, "curve": "stepped" },
					{
						"time": 1.7,
						"angle": 0,
						"curve": [ 0.25, 0, 1, 1 ]
					},
					{ "time": 3.3333, "angle": 118.83, "curve": "stepped" },
					{
						"time": 3.3666,
						"angle": 0,
						"curve": [ 0.25, 0, 1, 1 ]
					},
					{ "time": 5, "angle": 118.83, "curve": "stepped" },
					{
						"time": 5.0333,
						"angle": 0,
						"curve": [ 0.25, 0, 1, 1 ]
					},
					{ "time": 6.6666, "angle": 118.83, "curve": "stepped" },
					{
						"time": 6.7,
						"angle": 0,
						"curve": [ 0.25, 0, 1, 1 ]
					},
					{ "time": 8.3333, "angle": 118.83, "curve": "stepped" },
					{
						"time": 8.3666,
						"angle": 0,
						"curve": [ 0.25, 0, 1, 1 ]
					},
					{ "time": 10, "angle": 118.83 }
				],
				"translate": [
					{
						"time": 0,
						"x": 0,
						"y": 0,
						"curve": [ 0.139, 0.38, 0.915, 1 ]
					},
					{
						"time": 0.8333,
						"x": 0,
						"y": 19.97,
						"curve": [ 0.25, 0, 0.892, 0.76 ]
					},
					{ "time": 1.6666, "x": 0, "y": -25.42, "curve": "stepped" },
					{
						"time": 1.7,
						"x": 0,
						"y": 0,
						"curve": [ 0.139, 0.38, 0.915, 1 ]
					},
					{
						"time": 2.5,
						"x": 0,
						"y": 19.97,
						"curve": [ 0.25, 0, 0.892, 0.76 ]
					},
					{ "time": 3.3333, "x": 0, "y": -25.42, "curve": "stepped" },
					{
						"time": 3.3666,
						"x": 0,
						"y": 0,
						"curve": [ 0.139, 0.38, 0.915, 1 ]
					},
					{
						"time": 4.1666,
						"x": 0,
						"y": 19.97,
						"curve": [ 0.25, 0, 0.892, 0.76 ]
					},
					{ "time": 5, "x": 0, "y": -25.42, "curve": "stepped" },
					{
						"time": 5.0333,
						"x": 0,
						"y": 0,
						"curve": [ 0.139, 0.38, 0.915, 1 ]
					},
					{
						"time": 5.8333,
						"x": 0,
						"y": 19.97,
						"curve": [ 0.25, 0, 0.892, 0.76 ]
					},
					{ "time": 6.6666, "x": 0, "y": -25.42, "curve": "stepped" },
					{
						"time": 6.7,
						"x": 0,
						"y": 0,
						"curve": [ 0.139, 0.38, 0.915, 1 ]
					},
					{
						"time": 7.5,
						"x": 0,
						"y": 19.97,
						"curve": [ 0.25, 0, 0.892, 0.76 ]
					},
					{ "time": 8.3333, "x": 0, "y": -25.42, "curve": "stepped" },
					{
						"time": 8.3666,
						"x": 0,
						"y": 0,
						"curve": [ 0.139, 0.38, 0.915, 1 ]
					},
					{
						"time": 9.1666,
						"x": 0,
						"y": 19.97,
						"curve": [ 0.25, 0, 0.892, 0.76 ]
					},
					{ "time": 10, "x": 0, "y": -25.42 }
				],
				"scale": [
					{ "time": 0, "x": 1.237, "y": 1.237, "curve": "stepped" },
					{
						"time": 0.8333,
						"x": 1.237,
						"y": 1.237,
						"curve": [ 0.25, 0, 0.892, 0.76 ]
					},
					{ "time": 1.6666, "x": 0.539, "y": 0.539, "curve": "stepped" },
					{ "time": 1.7, "x": 0.785, "y": 0.785, "curve": "stepped" },
					{
						"time": 2.5,
						"x": 0.785,
						"y": 0.785,
						"curve": [ 0.25, 0, 0.892, 0.76 ]
					},
					{ "time": 3.3333, "x": 0.539, "y": 0.539, "curve": "stepped" },
					{ "time": 3.3666, "x": 1.237, "y": 1.237, "curve": "stepped" },
					{
						"time": 4.1666,
						"x": 1.237,
						"y": 1.237,
						"curve": [ 0.25, 0, 0.892, 0.76 ]
					},
					{ "time": 5, "x": 0.539, "y": 0.539, "curve": "stepped" },
					{ "time": 5.0333, "x": 0.785, "y": 0.785, "curve": "stepped" },
					{
						"time": 5.8333,
						"x": 0.785,
						"y": 0.785,
						"curve": [ 0.25, 0, 0.892, 0.76 ]
					},
					{ "time": 6.6666, "x": 0.539, "y": 0.539, "curve": "stepped" },
					{ "time": 6.7, "x": 1.237, "y": 1.237, "curve": "stepped" },
					{
						"time": 7.5,
						"x": 1.237,
						"y": 1.237,
						"curve": [ 0.25, 0, 0.892, 0.76 ]
					},
					{ "time": 8.3333, "x": 0.539, "y": 0.539, "curve": "stepped" },
					{ "time": 8.3666, "x": 1.237, "y": 1.237, "curve": "stepped" },
					{
						"time": 9.1666,
						"x": 1.237,
						"y": 1.237,
						"curve": [ 0.25, 0, 0.892, 0.76 ]
					},
					{ "time": 10, "x": 0.539, "y": 0.539 }
				]
			},
			"STAR3": {
				"translate": [
					{
						"time": 0,
						"x": -143.48,
						"y": 0,
						"curve": [ 0.125, 0.34, 0.75, 1 ]
					},
					{ "time": 0.8333, "x": -216.8, "y": 0, "curve": "stepped" },
					{
						"time": 0.8666,
						"x": 0,
						"y": 0,
						"curve": [ 0, 0, 0.791, 1 ]
					},
					{
						"time": 1.6666,
						"x": -143.48,
						"y": 0,
						"curve": [ 0.125, 0.34, 0.75, 1 ]
					},
					{ "time": 2.5, "x": -216.8, "y": 0, "curve": "stepped" },
					{
						"time": 2.5333,
						"x": 0,
						"y": 0,
						"curve": [ 0, 0, 0.791, 1 ]
					},
					{
						"time": 3.3333,
						"x": -143.48,
						"y": 0,
						"curve": [ 0.125, 0.34, 0.75, 1 ]
					},
					{ "time": 4.1666, "x": -216.8, "y": 0, "curve": "stepped" },
					{
						"time": 4.2,
						"x": 0,
						"y": 0,
						"curve": [ 0, 0, 0.791, 1 ]
					},
					{
						"time": 5,
						"x": -143.48,
						"y": 0,
						"curve": [ 0.125, 0.34, 0.75, 1 ]
					},
					{ "time": 5.8333, "x": -216.8, "y": 0, "curve": "stepped" },
					{
						"time": 5.8666,
						"x": 0,
						"y": 0,
						"curve": [ 0, 0, 0.791, 1 ]
					},
					{
						"time": 6.6666,
						"x": -143.48,
						"y": 0,
						"curve": [ 0.125, 0.34, 0.75, 1 ]
					},
					{ "time": 7.5, "x": -216.8, "y": 0, "curve": "stepped" },
					{
						"time": 7.5333,
						"x": 0,
						"y": 0,
						"curve": [ 0, 0, 0.791, 1 ]
					},
					{
						"time": 8.3333,
						"x": -143.48,
						"y": 0,
						"curve": [ 0.125, 0.34, 0.75, 1 ]
					},
					{ "time": 9.1666, "x": -216.8, "y": 0, "curve": "stepped" },
					{
						"time": 9.2,
						"x": 0,
						"y": 0,
						"curve": [ 0, 0, 0.791, 1 ]
					},
					{ "time": 10, "x": -143.48, "y": 0 }
				]
			},
			"star3": {
				"rotate": [
					{
						"time": 0,
						"angle": 47.08,
						"curve": [ 0.538, 0.5, 1, 1 ]
					},
					{ "time": 0.8333, "angle": 118.83, "curve": "stepped" },
					{
						"time": 0.8666,
						"angle": 0,
						"curve": [ 0.25, 0, 1, 1 ]
					},
					{ "time": 2.5, "angle": 118.83, "curve": "stepped" },
					{
						"time": 2.5333,
						"angle": 0,
						"curve": [ 0.25, 0, 1, 1 ]
					},
					{ "time": 4.1666, "angle": 118.83, "curve": "stepped" },
					{
						"time": 4.2,
						"angle": 0,
						"curve": [ 0.25, 0, 1, 1 ]
					},
					{ "time": 5.8333, "angle": 118.83, "curve": "stepped" },
					{
						"time": 5.8666,
						"angle": 0,
						"curve": [ 0.25, 0, 1, 1 ]
					},
					{ "time": 7.5, "angle": 118.83, "curve": "stepped" },
					{
						"time": 7.5333,
						"angle": 0,
						"curve": [ 0.21, 0, 0.631, 0.5 ]
					},
					{
						"time": 8.3333,
						"angle": 47.08,
						"curve": [ 0.538, 0.5, 1, 1 ]
					},
					{ "time": 9.1666, "angle": 118.83, "curve": "stepped" },
					{
						"time": 9.2,
						"angle": 0,
						"curve": [ 0.21, 0, 0.631, 0.5 ]
					},
					{ "time": 10, "angle": 47.08 }
				],
				"translate": [
					{
						"time": 0,
						"x": 0,
						"y": 79.88,
						"curve": [ 0.25, 0, 0.892, 0.76 ]
					},
					{ "time": 0.8333, "x": 0, "y": 32.81, "curve": "stepped" },
					{
						"time": 0.8666,
						"x": 0,
						"y": 0,
						"curve": [ 0.139, 0.38, 0.915, 1 ]
					},
					{
						"time": 1.6666,
						"x": 0,
						"y": 79.88,
						"curve": [ 0.25, 0, 0.892, 0.76 ]
					},
					{ "time": 2.5, "x": 0, "y": 32.81, "curve": "stepped" },
					{
						"time": 2.5333,
						"x": 0,
						"y": 0,
						"curve": [ 0.139, 0.38, 0.915, 1 ]
					},
					{
						"time": 3.3333,
						"x": 0,
						"y": 79.88,
						"curve": [ 0.25, 0, 0.892, 0.76 ]
					},
					{ "time": 4.1666, "x": 0, "y": 32.81, "curve": "stepped" },
					{
						"time": 4.2,
						"x": 0,
						"y": 0,
						"curve": [ 0.139, 0.38, 0.915, 1 ]
					},
					{
						"time": 5,
						"x": 0,
						"y": 79.88,
						"curve": [ 0.25, 0, 0.892, 0.76 ]
					},
					{ "time": 5.8333, "x": 0, "y": 32.81, "curve": "stepped" },
					{
						"time": 5.8666,
						"x": 0,
						"y": 0,
						"curve": [ 0.139, 0.38, 0.915, 1 ]
					},
					{
						"time": 6.6666,
						"x": 0,
						"y": 79.88,
						"curve": [ 0.25, 0, 0.892, 0.76 ]
					},
					{ "time": 7.5, "x": 0, "y": 32.81, "curve": "stepped" },
					{
						"time": 7.5333,
						"x": 0,
						"y": 0,
						"curve": [ 0.139, 0.38, 0.915, 1 ]
					},
					{
						"time": 8.3333,
						"x": 0,
						"y": 79.88,
						"curve": [ 0.25, 0, 0.892, 0.76 ]
					},
					{ "time": 9.1666, "x": 0, "y": 32.81, "curve": "stepped" },
					{
						"time": 9.2,
						"x": 0,
						"y": 0,
						"curve": [ 0.139, 0.38, 0.915, 1 ]
					},
					{ "time": 10, "x": 0, "y": 79.88 }
				],
				"scale": [
					{
						"time": 0,
						"x": 1,
						"y": 1,
						"curve": [ 0.25, 0, 0.892, 0.76 ]
					},
					{ "time": 0.8333, "x": 0.539, "y": 0.539, "curve": "stepped" },
					{ "time": 0.8666, "x": 1, "y": 1, "curve": "stepped" },
					{
						"time": 1.6666,
						"x": 1,
						"y": 1,
						"curve": [ 0.25, 0, 0.892, 0.76 ]
					},
					{ "time": 2.5, "x": 0.539, "y": 0.539, "curve": "stepped" },
					{ "time": 2.5333, "x": 1, "y": 1, "curve": "stepped" },
					{
						"time": 3.3333,
						"x": 1,
						"y": 1,
						"curve": [ 0.25, 0, 0.892, 0.76 ]
					},
					{ "time": 4.1666, "x": 0.539, "y": 0.539, "curve": "stepped" },
					{ "time": 4.2, "x": 1, "y": 1, "curve": "stepped" },
					{
						"time": 5,
						"x": 1,
						"y": 1,
						"curve": [ 0.25, 0, 0.892, 0.76 ]
					},
					{ "time": 5.8333, "x": 0.539, "y": 0.539, "curve": "stepped" },
					{ "time": 5.8666, "x": 1, "y": 1, "curve": "stepped" },
					{
						"time": 6.6666,
						"x": 1,
						"y": 1,
						"curve": [ 0.25, 0, 0.892, 0.76 ]
					},
					{ "time": 7.5, "x": 0.539, "y": 0.539, "curve": "stepped" },
					{ "time": 7.5333, "x": 1, "y": 1, "curve": "stepped" },
					{
						"time": 8.3333,
						"x": 1,
						"y": 1,
						"curve": [ 0.25, 0, 0.892, 0.76 ]
					},
					{ "time": 9.1666, "x": 0.539, "y": 0.539, "curve": "stepped" },
					{ "time": 9.2, "x": 1, "y": 1, "curve": "stepped" },
					{ "time": 10, "x": 1, "y": 1 }
				]
			},
			"STAR4": {
				"translate": [
					{
						"time": 0,
						"x": 123.81,
						"y": 0,
						"curve": [ 0.157, 0.36, 0.75, 1 ]
					},
					{ "time": 0.8333, "x": 175.42, "y": 0, "curve": "stepped" },
					{
						"time": 0.8666,
						"x": 0,
						"y": 0,
						"curve": [ 0.268, 0.1, 0.902, 0.77 ]
					},
					{
						"time": 1.6666,
						"x": 123.81,
						"y": 0,
						"curve": [ 0.157, 0.36, 0.75, 1 ]
					},
					{ "time": 2.5, "x": 175.42, "y": 0, "curve": "stepped" },
					{
						"time": 2.5333,
						"x": 0,
						"y": 0,
						"curve": [ 0.268, 0.1, 0.902, 0.77 ]
					},
					{
						"time": 3.3333,
						"x": 123.81,
						"y": 0,
						"curve": [ 0.157, 0.36, 0.75, 1 ]
					},
					{ "time": 4.1666, "x": 175.42, "y": 0, "curve": "stepped" },
					{
						"time": 4.2,
						"x": 0,
						"y": 0,
						"curve": [ 0.268, 0.1, 0.902, 0.77 ]
					},
					{
						"time": 5,
						"x": 123.81,
						"y": 0,
						"curve": [ 0.157, 0.36, 0.75, 1 ]
					},
					{ "time": 5.8333, "x": 175.42, "y": 0, "curve": "stepped" },
					{
						"time": 5.8666,
						"x": 0,
						"y": 0,
						"curve": [ 0.268, 0.1, 0.902, 0.77 ]
					},
					{
						"time": 6.6666,
						"x": 123.81,
						"y": 0,
						"curve": [ 0.157, 0.36, 0.75, 1 ]
					},
					{ "time": 7.5, "x": 175.42, "y": 0, "curve": "stepped" },
					{
						"time": 7.5333,
						"x": 0,
						"y": 0,
						"curve": [ 0.268, 0.1, 0.902, 0.77 ]
					},
					{
						"time": 8.3333,
						"x": 123.81,
						"y": 0,
						"curve": [ 0.157, 0.36, 0.75, 1 ]
					},
					{ "time": 9.1666, "x": 175.42, "y": 0, "curve": "stepped" },
					{
						"time": 9.2,
						"x": 0,
						"y": 0,
						"curve": [ 0.268, 0.1, 0.902, 0.77 ]
					},
					{ "time": 10, "x": 123.81, "y": 0 }
				]
			},
			"star4": {
				"rotate": [
					{
						"time": 0,
						"angle": -101.94,
						"curve": [ 0.27, 0.48, 0.635, 0.98 ]
					},
					{ "time": 0.8333, "angle": -138.68, "curve": "stepped" },
					{
						"time": 0.8666,
						"angle": -14.52,
						"curve": [ 0, 0, 0.501, 0.98 ]
					},
					{ "time": 2.5, "angle": -138.68, "curve": "stepped" },
					{
						"time": 2.5333,
						"angle": -14.52,
						"curve": [ 0, 0, 0.501, 0.98 ]
					},
					{ "time": 4.1666, "angle": -138.68, "curve": "stepped" },
					{
						"time": 4.2,
						"angle": -14.52,
						"curve": [ 0, 0, 0.501, 0.98 ]
					},
					{ "time": 5.8333, "angle": -138.68, "curve": "stepped" },
					{
						"time": 5.8666,
						"angle": -14.52,
						"curve": [ 0, 0, 0.501, 0.98 ]
					},
					{ "time": 7.5, "angle": -138.68, "curve": "stepped" },
					{
						"time": 7.5333,
						"angle": -14.52,
						"curve": [ 0, 0, 0.399, 0.49 ]
					},
					{
						"time": 8.3333,
						"angle": -101.94,
						"curve": [ 0.27, 0.48, 0.635, 0.98 ]
					},
					{ "time": 9.1666, "angle": -138.68, "curve": "stepped" },
					{
						"time": 9.2,
						"angle": -14.52,
						"curve": [ 0, 0, 0.399, 0.49 ]
					},
					{ "time": 10, "angle": -101.94 }
				],
				"translate": [
					{
						"time": 0,
						"x": 0,
						"y": 57.51,
						"curve": [ 0.25, 0, 0.888, 0.68 ]
					},
					{ "time": 0.8333, "x": 0, "y": 12.21, "curve": "stepped" },
					{
						"time": 0.8666,
						"x": 0,
						"y": 0,
						"curve": [ 0.111, 0.57, 0.717, 1 ]
					},
					{
						"time": 1.6666,
						"x": 0,
						"y": 57.51,
						"curve": [ 0.25, 0, 0.888, 0.68 ]
					},
					{ "time": 2.5, "x": 0, "y": 12.21, "curve": "stepped" },
					{
						"time": 2.5333,
						"x": 0,
						"y": 0,
						"curve": [ 0.111, 0.57, 0.717, 1 ]
					},
					{
						"time": 3.3333,
						"x": 0,
						"y": 57.51,
						"curve": [ 0.25, 0, 0.888, 0.68 ]
					},
					{ "time": 4.1666, "x": 0, "y": 12.21, "curve": "stepped" },
					{
						"time": 4.2,
						"x": 0,
						"y": 0,
						"curve": [ 0.111, 0.57, 0.717, 1 ]
					},
					{
						"time": 5,
						"x": 0,
						"y": 57.51,
						"curve": [ 0.25, 0, 0.888, 0.68 ]
					},
					{ "time": 5.8333, "x": 0, "y": 12.21, "curve": "stepped" },
					{
						"time": 5.8666,
						"x": 0,
						"y": 0,
						"curve": [ 0.111, 0.57, 0.717, 1 ]
					},
					{
						"time": 6.6666,
						"x": 0,
						"y": 57.51,
						"curve": [ 0.25, 0, 0.888, 0.68 ]
					},
					{ "time": 7.5, "x": 0, "y": 12.21, "curve": "stepped" },
					{
						"time": 7.5333,
						"x": 0,
						"y": 0,
						"curve": [ 0.111, 0.57, 0.717, 1 ]
					},
					{
						"time": 8.3333,
						"x": 0,
						"y": 57.51,
						"curve": [ 0.25, 0, 0.888, 0.68 ]
					},
					{ "time": 9.1666, "x": 0, "y": 12.21, "curve": "stepped" },
					{
						"time": 9.2,
						"x": 0,
						"y": 0,
						"curve": [ 0.111, 0.57, 0.717, 1 ]
					},
					{ "time": 10, "x": 0, "y": 57.51 }
				],
				"scale": [
					{
						"time": 0,
						"x": 1.153,
						"y": 1.153,
						"curve": [ 0.25, 0, 0.888, 0.68 ]
					},
					{ "time": 0.8333, "x": 0.627, "y": 0.627, "curve": "stepped" },
					{ "time": 0.8666, "x": 0.86, "y": 0.86, "curve": "stepped" },
					{
						"time": 1.6666,
						"x": 0.86,
						"y": 0.86,
						"curve": [ 0.25, 0, 0.888, 0.68 ]
					},
					{ "time": 2.5, "x": 0.627, "y": 0.627, "curve": "stepped" },
					{ "time": 2.5333, "x": 1.153, "y": 1.153, "curve": "stepped" },
					{
						"time": 3.3333,
						"x": 1.153,
						"y": 1.153,
						"curve": [ 0.25, 0, 0.888, 0.68 ]
					},
					{ "time": 4.1666, "x": 0.627, "y": 0.627, "curve": "stepped" },
					{ "time": 4.2, "x": 0.86, "y": 0.86, "curve": "stepped" },
					{
						"time": 5,
						"x": 0.86,
						"y": 0.86,
						"curve": [ 0.25, 0, 0.888, 0.68 ]
					},
					{ "time": 5.8333, "x": 0.627, "y": 0.627, "curve": "stepped" },
					{ "time": 5.8666, "x": 1.153, "y": 1.153, "curve": "stepped" },
					{
						"time": 6.6666,
						"x": 1.153,
						"y": 1.153,
						"curve": [ 0.25, 0, 0.888, 0.68 ]
					},
					{ "time": 7.5, "x": 0.627, "y": 0.627, "curve": "stepped" },
					{ "time": 7.5333, "x": 1.153, "y": 1.153, "curve": "stepped" },
					{
						"time": 8.3333,
						"x": 1.153,
						"y": 1.153,
						"curve": [ 0.25, 0, 0.888, 0.68 ]
					},
					{ "time": 9.1666, "x": 0.627, "y": 0.627, "curve": "stepped" },
					{ "time": 9.2, "x": 1.153, "y": 1.153 }
				]
			}
		},
		"deform": {
			"default": {
				"light": {
					"light": [
						{
							"time": 0,
							"curve": [ 0.25, 0, 0.75, 1 ]
						},
						{
							"time": 1.6666,
							"vertices": [ -37.21951, 37.2195, 37.21951, 37.2195, 37.21951, -37.21954, -37.21951, -37.21954 ],
							"curve": [ 0.25, 0, 0.75, 1 ]
						},
						{
							"time": 3.3333,
							"curve": [ 0.25, 0, 0.75, 1 ]
						},
						{
							"time": 5,
							"vertices": [ -37.21951, 37.2195, 37.21951, 37.2195, 37.21951, -37.21954, -37.21951, -37.21954 ],
							"curve": [ 0.25, 0, 0.75, 1 ]
						},
						{
							"time": 6.6666,
							"curve": [ 0.25, 0, 0.75, 1 ]
						},
						{
							"time": 8.3333,
							"vertices": [ -37.21951, 37.2195, 37.21951, 37.2195, 37.21951, -37.21954, -37.21951, -37.21954 ],
							"curve": [ 0.25, 0, 0.75, 1 ]
						},
						{ "time": 10 }
					]
				}
			}
		}
	}
}
}