{
"skeleton": { "hash": "GBpLE1QFntmkat8j7BKvuiw591o", "spine": "3.4.02", "width": 117, "height": 110, "images": "./picture/" },
"bones": [
	{ "name": "root" },
	{ "name": "bone", "parent": "root", "length": 245.76, "x": -25.35, "y": 280.62 },
	{ "name": "bone5", "parent": "bone", "x": 24.92, "y": -280.3 },
	{ "name": "houjia_shuazi4", "parent": "bone5", "length": 48.5, "rotation": -0.45, "x": -22.6, "y": 73.26 }
],
"slots": [
	{ "name": "shuazi/20", "bone": "houjia_shuazi4" },
	{ "name": "shuazi/11_4", "bone": "houjia_shuazi4" },
	{ "name": "shuazi/21", "bone": "houjia_shuazi4" },
	{ "name": "shuazi/22", "bone": "houjia_shuazi4" },
	{ "name": "13", "bone": "bone5", "attachment": "10" },
	{ "name": "124421", "bone": "bone", "attachment": "124421" }
],
"skins": {
	"default": {
		"124421": {
			"124421": { "x": 25.57, "y": -279.98, "width": 70, "height": 69 }
		},
		"13": {
			"10": { "x": 0.28, "y": -0.34, "scaleX": -1, "width": 117, "height": 110 }
		},
		"shuazi/11_4": {
			"shuazi/11_1": {
				"type": "mesh",
				"uvs": [ 1, 1, 0, 1, 0, 0, 1, 0 ],
				"triangles": [ 1, 2, 3, 1, 3, 0 ],
				"vertices": [ -42.46, -97.22, 47.64, -139.77, 89.34, -49.67, -1.43, -8.93 ],
				"hull": 4,
				"edges": [ 0, 2, 2, 4, 4, 6, 0, 6 ],
				"width": 105,
				"height": 104
			}
		},
		"shuazi/20": {
			"shuazi/13": {
				"type": "mesh",
				"uvs": [ 1, 1, 0, 1, 0, 0, 1, 0 ],
				"triangles": [ 1, 2, 3, 1, 3, 0 ],
				"vertices": [ 76.62999, -129.19, -30.82, -128.68, -30.31, -21.21, 77.14, -21.73 ],
				"hull": 4,
				"edges": [ 0, 2, 2, 4, 4, 6, 0, 6 ],
				"width": 132,
				"height": 132
			}
		},
		"shuazi/21": {
			"shuazi/12": {
				"type": "mesh",
				"uvs": [ 1, 1, 0, 1, 0, 0, 1, 0 ],
				"triangles": [ 1, 2, 3, 1, 3, 0 ],
				"vertices": [ -37.56, -122.16, 68.76, -135.92, 83.97, -27.78, -22.34, -14.02 ],
				"hull": 4,
				"edges": [ 0, 2, 2, 4, 4, 6, 0, 6 ],
				"width": 128,
				"height": 132
			}
		},
		"shuazi/22": {
			"shuazi/11": {
				"type": "mesh",
				"uvs": [ 1, 1, 0, 1, 0, 0, 1, 0 ],
				"triangles": [ 1, 2, 3, 1, 3, 0 ],
				"vertices": [ -16.23, -145.25, 93.2, -118.95, 66.93, -6.01, -42.51, -30.51 ],
				"hull": 4,
				"edges": [ 0, 2, 2, 4, 4, 6, 0, 6 ],
				"width": 127,
				"height": 132
			}
		}
	}
},
"animations": {
	"anticlockwise": {
		"slots": {
			"13": {
				"attachment": [
					{ "time": 0, "name": null },
					{ "time": 0.0666, "name": null },
					{ "time": 0.2666, "name": "10" },
					{ "time": 1.3333, "name": null },
					{ "time": 1.6333, "name": null },
					{ "time": 1.7333, "name": null }
				]
			},
			"124421": {
				"attachment": [
					{ "time": 0, "name": "124421" },
					{ "time": 1.6333, "name": "124421" },
					{ "time": 1.7333, "name": "124421" }
				]
			},
			"shuazi/20": {
				"attachment": [
					{ "time": 0, "name": "shuazi/13" },
					{ "time": 0.0666, "name": null },
					{ "time": 1.6333, "name": "shuazi/13" },
					{ "time": 1.7333, "name": "shuazi/13" }
				]
			},
			"shuazi/21": {
				"attachment": [
					{ "time": 0, "name": null },
					{ "time": 0.0666, "name": "shuazi/12" },
					{ "time": 0.1333, "name": null },
					{ "time": 1.5333, "name": "shuazi/12" },
					{ "time": 1.6333, "name": null },
					{ "time": 1.7333, "name": null }
				]
			},
			"shuazi/22": {
				"attachment": [
					{ "time": 0, "name": null },
					{ "time": 0.1333, "name": "shuazi/11" },
					{ "time": 0.2, "name": null },
					{ "time": 1.4333, "name": "shuazi/11" },
					{ "time": 1.5333, "name": null },
					{ "time": 1.6333, "name": null },
					{ "time": 1.7333, "name": null }
				]
			},
			"shuazi/11_4": {
				"attachment": [
					{ "time": 0, "name": null },
					{ "time": 0.2, "name": "shuazi/11_1" },
					{ "time": 0.2666, "name": null },
					{ "time": 1.3333, "name": "shuazi/11_1" },
					{ "time": 1.4333, "name": null },
					{ "time": 1.6333, "name": null },
					{ "time": 1.7333, "name": null }
				]
			}
		},
		"bones": {
			"root": {
				"rotate": [
					{ "time": 0, "angle": 0, "curve": "stepped" },
					{ "time": 1.6333, "angle": 0, "curve": "stepped" },
					{ "time": 1.7333, "angle": 0 }
				],
				"translate": [
					{ "time": 0, "x": 0, "y": 0, "curve": "stepped" },
					{ "time": 1.6333, "x": 0, "y": 0, "curve": "stepped" },
					{ "time": 1.7333, "x": 0, "y": 0 }
				],
				"scale": [
					{ "time": 0, "x": 1, "y": 1, "curve": "stepped" },
					{ "time": 1.6333, "x": 1, "y": 1, "curve": "stepped" },
					{ "time": 1.7333, "x": 1, "y": 1 }
				]
			},
			"bone": {
				"rotate": [
					{ "time": 0, "angle": 0, "curve": "stepped" },
					{ "time": 1.6333, "angle": 0, "curve": "stepped" },
					{ "time": 1.7333, "angle": 0 }
				],
				"translate": [
					{ "time": 0, "x": 0, "y": 0, "curve": "stepped" },
					{ "time": 1.6333, "x": 0, "y": 0, "curve": "stepped" },
					{ "time": 1.7333, "x": 0, "y": 0 }
				],
				"scale": [
					{ "time": 0, "x": 1, "y": 1, "curve": "stepped" },
					{ "time": 1.6333, "x": 1, "y": 1, "curve": "stepped" },
					{ "time": 1.7333, "x": 1, "y": 1 }
				]
			},
			"bone5": {
				"rotate": [
					{
						"time": 0,
						"angle": 0,
						"curve": [ 0.25, 0, 1, 0.55 ]
					},
					{
						"time": 0.4333,
						"angle": 90.37,
						"curve": [ 0, 0.57, 0.93, 1 ]
					},
					{ "time": 1.3333, "angle": -129.38, "curve": "stepped" },
					{ "time": 1.6333, "angle": -129.38, "curve": "stepped" },
					{ "time": 1.7333, "angle": -129.38 }
				],
				"translate": [
					{ "time": 0, "x": 0, "y": 0, "curve": "stepped" },
					{ "time": 1.6333, "x": 0, "y": 0, "curve": "stepped" },
					{ "time": 1.7333, "x": 0, "y": 0 }
				],
				"scale": [
					{ "time": 0, "x": -1, "y": 1, "curve": "stepped" },
					{ "time": 1.6333, "x": -1, "y": 1, "curve": "stepped" },
					{ "time": 1.7333, "x": -1, "y": 1 }
				]
			},
			"houjia_shuazi4": {
				"rotate": [
					{ "time": 0, "angle": 0, "curve": "stepped" },
					{ "time": 1.6333, "angle": 0, "curve": "stepped" },
					{ "time": 1.7333, "angle": 0 }
				],
				"translate": [
					{ "time": 0, "x": 0, "y": 0, "curve": "stepped" },
					{ "time": 1.6333, "x": 0, "y": 0, "curve": "stepped" },
					{ "time": 1.7333, "x": 0, "y": 0 }
				],
				"scale": [
					{ "time": 0, "x": 1, "y": 1, "curve": "stepped" },
					{ "time": 1.6333, "x": 1, "y": 1, "curve": "stepped" },
					{ "time": 1.7333, "x": 1, "y": 1 }
				]
			}
		},
		"deform": {
			"default": {
				"shuazi/20": {
					"shuazi/13": [
						{
							"time": 0,
							"offset": 2,
							"vertices": [ -1.96494, 0.01478, -1.55433, 2.36979, 0.01469, 1.96499 ]
						},
						{
							"time": 1.6333,
							"vertices": [ -9.70942, -7.79185, -10.05742, 8.37504, 6.10103, 8.74623, 6.45736, -7.44396 ],
							"curve": "stepped"
						},
						{
							"time": 1.7333,
							"vertices": [ -9.70942, -7.79185, -10.05742, 8.37504, 6.10103, 8.74623, 6.45736, -7.44396 ]
						}
					]
				},
				"shuazi/21": {
					"shuazi/12": [
						{ "time": 0 },
						{
							"time": 1.5333,
							"vertices": [ -2.12402, 0.12285, -1.59989, -1.7829, -0.65377, 1.05691, -0.83174, 2.74049 ]
						},
						{ "time": 1.7333 }
					]
				},
				"shuazi/22": {
					"shuazi/11": [
						{ "time": 0 },
						{
							"time": 1.4333,
							"vertices": [ -23.01282, 19.17928, -22.09448, -20.51344, 19.56598, -19.01291, 18.09662, 22.08063 ]
						},
						{ "time": 1.7333 }
					]
				},
				"shuazi/11_4": {
					"shuazi/11_1": [
						{ "time": 0 },
						{
							"time": 1.3333,
							"vertices": [ -0.60203, 44.45237, -48.80656, -0.95703, 0.34227, -46.90568, 45.43825, 0.65104 ]
						},
						{ "time": 1.7333 }
					]
				}
			}
		},
		"drawOrder": [
			{ "time": 0 },
			{ "time": 1.6333 },
			{ "time": 1.7333 }
		]
	},
	"clockwise": {
		"slots": {
			"13": {
				"attachment": [
					{ "time": 0, "name": null },
					{ "time": 0.0666, "name": null },
					{ "time": 0.2666, "name": "10" },
					{ "time": 1.3333, "name": null },
					{ "time": 1.7333, "name": null }
				]
			},
			"124421": {
				"attachment": [
					{ "time": 0, "name": "124421" },
					{ "time": 1.7333, "name": "124421" }
				]
			},
			"shuazi/20": {
				"attachment": [
					{ "time": 0, "name": "shuazi/13" },
					{ "time": 0.0666, "name": null },
					{ "time": 1.6333, "name": "shuazi/13" },
					{ "time": 1.7333, "name": "shuazi/13" }
				]
			},
			"shuazi/21": {
				"attachment": [
					{ "time": 0, "name": null },
					{ "time": 0.0666, "name": "shuazi/12" },
					{ "time": 0.1333, "name": null },
					{ "time": 1.5333, "name": "shuazi/12" },
					{ "time": 1.6333, "name": null },
					{ "time": 1.7333, "name": null }
				]
			},
			"shuazi/22": {
				"attachment": [
					{ "time": 0, "name": null },
					{ "time": 0.1333, "name": "shuazi/11" },
					{ "time": 0.2, "name": null },
					{ "time": 1.4333, "name": "shuazi/11" },
					{ "time": 1.5333, "name": null },
					{ "time": 1.7333, "name": null }
				]
			},
			"shuazi/11_4": {
				"attachment": [
					{ "time": 0, "name": null },
					{ "time": 0.2, "name": "shuazi/11_1" },
					{ "time": 0.2666, "name": null },
					{ "time": 1.3333, "name": "shuazi/11_1" },
					{ "time": 1.4333, "name": null },
					{ "time": 1.7333, "name": null }
				]
			}
		},
		"bones": {
			"root": {
				"rotate": [
					{ "time": 0, "angle": 0, "curve": "stepped" },
					{ "time": 1.7333, "angle": 0 }
				],
				"translate": [
					{ "time": 0, "x": 0, "y": 0, "curve": "stepped" },
					{ "time": 1.7333, "x": 0, "y": 0 }
				],
				"scale": [
					{ "time": 0, "x": 1, "y": 1, "curve": "stepped" },
					{ "time": 1.7333, "x": 1, "y": 1 }
				]
			},
			"bone": {
				"rotate": [
					{ "time": 0, "angle": 0, "curve": "stepped" },
					{ "time": 1.7333, "angle": 0 }
				],
				"translate": [
					{ "time": 0, "x": 0, "y": 0, "curve": "stepped" },
					{ "time": 1.7333, "x": 0, "y": 0 }
				],
				"scale": [
					{ "time": 0, "x": 1, "y": 1, "curve": "stepped" },
					{ "time": 1.7333, "x": 1, "y": 1 }
				]
			},
			"bone5": {
				"rotate": [
					{
						"time": 0,
						"angle": 0,
						"curve": [ 0.25, 0, 1, 0.55 ]
					},
					{
						"time": 0.4333,
						"angle": -89.63,
						"curve": [ 0, 0.55, 0.935, 1 ]
					},
					{ "time": 1.3333, "angle": 133.96, "curve": "stepped" },
					{ "time": 1.7333, "angle": 133.96 }
				],
				"translate": [
					{ "time": 0, "x": 0, "y": 0, "curve": "stepped" },
					{ "time": 1.7333, "x": 0, "y": 0 }
				],
				"scale": [
					{ "time": 0, "x": 1, "y": 1, "curve": "stepped" },
					{ "time": 1.7333, "x": 1, "y": 1 }
				]
			},
			"houjia_shuazi4": {
				"rotate": [
					{ "time": 0, "angle": 0 },
					{ "time": 1.3333, "angle": -13.81, "curve": "stepped" },
					{ "time": 1.7333, "angle": -13.81 }
				],
				"translate": [
					{ "time": 0, "x": 0, "y": 0 },
					{ "time": 1.3333, "x": 18.67, "y": 5.27, "curve": "stepped" },
					{ "time": 1.7333, "x": 18.67, "y": 5.27 }
				],
				"scale": [
					{ "time": 0, "x": 1, "y": 1, "curve": "stepped" },
					{ "time": 1.7333, "x": 1, "y": 1 }
				]
			}
		},
		"deform": {
			"default": {
				"shuazi/20": {
					"shuazi/13": [
						{
							"time": 0,
							"vertices": [ 1.80096, -0.34118, -0.65022, -0.81353, -0.01453, 1.941, 0.65614, 3.11702 ]
						},
						{
							"time": 1.6333,
							"vertices": [ 1.81549, -2.28219, 0.80893, -2.83359, 0, 0, 0.67067, 1.17601 ],
							"curve": "stepped"
						},
						{
							"time": 1.7333,
							"vertices": [ 1.81549, -2.28219, 0.80893, -2.83359, 0, 0, 0.67067, 1.17601 ]
						}
					]
				},
				"shuazi/21": {
					"shuazi/12": [
						{ "time": 0 },
						{
							"time": 1.5333,
							"vertices": [ -13.77921, 24.15722, -26.44385, -16.34161, 15.01275, -25.22676, 26.37939, 14.33514 ]
						},
						{ "time": 1.7333 }
					]
				},
				"shuazi/22": {
					"shuazi/11": [
						{ "time": 0, "curve": "stepped" },
						{ "time": 0.1333 },
						{
							"time": 1.4333,
							"vertices": [ -8.85543, 3.11169, -6.46267, -10.57936, 11.24042, -6.30675, 6.05918, 9.02112 ]
						},
						{ "time": 1.7333 }
					]
				},
				"shuazi/11_4": {
					"shuazi/11_1": [
						{ "time": 0 },
						{
							"time": 1.3333,
							"vertices": [ 2.12295, -7.16174, 4.07765, -2.37223, -0.22244, 1.37755, -2.17715, -3.41197 ]
						},
						{ "time": 1.7333 }
					]
				}
			}
		},
		"drawOrder": [
			{ "time": 0 },
			{ "time": 1.7333 }
		]
	},
	"stop": {
		"slots": {
			"13": {
				"attachment": [
					{ "time": 0, "name": null }
				]
			},
			"124421": {
				"attachment": [
					{ "time": 0, "name": "124421" }
				]
			},
			"shuazi/20": {
				"attachment": [
					{ "time": 0, "name": "shuazi/13" }
				]
			},
			"shuazi/21": {
				"attachment": [
					{ "time": 0, "name": null }
				]
			},
			"shuazi/22": {
				"attachment": [
					{ "time": 0, "name": null }
				]
			},
			"shuazi/11_4": {
				"attachment": [
					{ "time": 0, "name": null }
				]
			}
		},
		"bones": {
			"root": {
				"rotate": [
					{ "time": 0, "angle": 0 }
				],
				"translate": [
					{ "time": 0, "x": 0, "y": 0 }
				],
				"scale": [
					{ "time": 0, "x": 1, "y": 1 }
				]
			},
			"bone": {
				"rotate": [
					{ "time": 0, "angle": 0 }
				],
				"translate": [
					{ "time": 0, "x": 0, "y": 0 }
				],
				"scale": [
					{ "time": 0, "x": 1, "y": 1 }
				]
			},
			"bone5": {
				"rotate": [
					{ "time": 0, "angle": 0 }
				],
				"translate": [
					{ "time": 0, "x": 0, "y": 0 }
				],
				"scale": [
					{ "time": 0, "x": 1, "y": 1 }
				]
			},
			"houjia_shuazi4": {
				"rotate": [
					{ "time": 0, "angle": 0 }
				],
				"translate": [
					{ "time": 0, "x": 0, "y": 0 }
				],
				"scale": [
					{ "time": 0, "x": 1, "y": 1 }
				]
			}
		},
		"deform": {
			"default": {
				"shuazi/20": {
					"shuazi/13": [
						{
							"time": 0,
							"vertices": [ 1.80096, -0.34118, -0.65022, -0.81353, -0.01453, 1.941, 0.65614, 3.11702 ]
						}
					]
				},
				"shuazi/21": {
					"shuazi/12": [
						{ "time": 0 }
					]
				},
				"shuazi/22": {
					"shuazi/11": [
						{ "time": 0 }
					]
				},
				"shuazi/11_4": {
					"shuazi/11_1": [
						{ "time": 0 }
					]
				}
			}
		},
		"drawOrder": [
			{ "time": 0 }
		]
	}
}
}