{
"skeleton": { "hash": "GvHG1g5zzOlkN1RfDkLjyFRrP1Q", "spine": "3.4.02", "width": 105.48, "height": 181.52, "images": "" },
"bones": [
	{ "name": "root" },
	{ "name": "root2", "parent": "root" },
	{ "name": "wildfire/smoke/1", "parent": "root2", "length": 96.92, "rotation": 87.92, "x": 40.12, "y": 59.34, "scaleX": 1.131 }
],
"slots": [
	{ "name": "wildfire/map_add", "bone": "root" },
	{ "name": "wildfire/ash", "bone": "root2", "attachment": "wildfire/ash" },
	{ "name": "wildfire/wood_f", "bone": "root2", "attachment": "wildfire/wood_f" },
	{ "name": "wildfire/smoke/1", "bone": "wildfire/smoke/1", "color": "2e270cff", "attachment": "wildfire/smoke/1" }
],
"skins": {
	"default": {
		"wildfire/ash": {
			"wildfire/ash": { "x": 33.86, "y": 47.54, "width": 72, "height": 65 }
		},
		"wildfire/smoke/1": {
			"wildfire/smoke/1": { "x": 50.84, "y": -3.96, "rotation": -87.92, "width": 86, "height": 119 },
			"wildfire/smoke/2": { "x": 51.68, "y": -2.23, "rotation": -87.92, "width": 92, "height": 119 },
			"wildfire/smoke/3": { "x": 51.13, "y": -1.01, "rotation": -87.92, "width": 94, "height": 121 },
			"wildfire/smoke/4": { "x": 50.74, "y": -0.56, "rotation": -87.92, "width": 96, "height": 125 },
			"wildfire/smoke/5": { "x": 50.76, "y": 1.67, "rotation": -87.92, "width": 96, "height": 126 },
			"wildfire/smoke/6": { "x": 48.34, "y": 6.6, "rotation": -87.92, "width": 110, "height": 130 },
			"wildfire/smoke/7": { "x": 49.6, "y": 0.86, "rotation": -87.92, "width": 102, "height": 127 },
			"wildfire/smoke/8": { "x": 52.16, "y": 2.84, "rotation": -87.92, "width": 104, "height": 128 },
			"wildfire/smoke/9": { "x": 53, "y": 3.1, "rotation": -87.92, "width": 105, "height": 131 },
			"wildfire/smoke/10": { "x": 58.28, "y": 4.48, "rotation": -87.92, "width": 103, "height": 135 },
			"wildfire/smoke/11": { "x": 57.22, "y": 6.24, "rotation": -87.92, "width": 103, "height": 137 },
			"wildfire/smoke/12": { "x": 58.39, "y": 7.08, "rotation": -87.92, "width": 105, "height": 141 },
			"wildfire/smoke/13": { "x": 60.16, "y": 6.32, "rotation": -87.92, "width": 108, "height": 144 },
			"wildfire/smoke/14": { "x": 60.75, "y": 5.51, "rotation": -87.92, "width": 113, "height": 145 },
			"wildfire/smoke/15": { "x": 61.61, "y": 5.9, "rotation": -87.92, "width": 114, "height": 146 },
			"wildfire/smoke/16": { "x": 61.61, "y": 5.79, "rotation": -87.92, "width": 115, "height": 146 },
			"wildfire/smoke/17": { "x": 60.89, "y": 6.61, "rotation": -87.92, "width": 116, "height": 146 },
			"wildfire/smoke/18": { "x": 60.7, "y": 6.92, "rotation": -87.92, "width": 116, "height": 145 },
			"wildfire/smoke/19": { "x": 61.6, "y": 19.9, "rotation": -87.92, "width": 98, "height": 145 },
			"wildfire/smoke/20": { "x": 54.82, "y": 21.2, "rotation": -87.92, "width": 94, "height": 134 },
			"wildfire/smoke/21": { "x": 54.7, "y": 19.13, "rotation": -87.92, "width": 102, "height": 135 },
			"wildfire/smoke/22": { "x": 56.78, "y": 16.97, "rotation": -87.92, "width": 105, "height": 134 },
			"wildfire/smoke/23": { "x": 58.57, "y": 12.13, "rotation": -87.92, "width": 107, "height": 135 },
			"wildfire/smoke/24": { "x": 61.68, "y": 11.43, "rotation": -87.92, "width": 104, "height": 140 },
			"wildfire/smoke/25": { "x": 63.19, "y": 11.11, "rotation": -87.92, "width": 107, "height": 143 },
			"wildfire/smoke/26": { "x": 63.64, "y": 11, "rotation": -87.92, "width": 107, "height": 140 },
			"wildfire/smoke/27": { "x": 61.36, "y": 7.9, "rotation": -87.92, "width": 107, "height": 144 },
			"wildfire/smoke/28": { "x": 61.79, "y": 8.44, "rotation": -87.92, "width": 105, "height": 144 },
			"wildfire/smoke/29": { "x": 64.71, "y": 7.14, "rotation": -87.92, "width": 102, "height": 144 },
			"wildfire/smoke/30": { "x": 61.73, "y": 3.87, "rotation": -87.92, "width": 92, "height": 138 },
			"wildfire/smoke/31": { "x": 46.14, "y": -2.38, "rotation": -87.92, "width": 81, "height": 104 },
			"wildfire/smoke/32": { "x": 43.54, "y": -5.84, "rotation": -87.92, "width": 83, "height": 98 },
			"wildfire/smoke/33": { "x": 46.63, "y": -6.9, "rotation": -87.92, "width": 82, "height": 105 },
			"wildfire/smoke/34": { "x": 50.78, "y": -8.4, "rotation": -87.92, "width": 82, "height": 112 },
			"wildfire/smoke/35": { "x": 50.73, "y": -6.55, "rotation": -87.92, "width": 81, "height": 113 }
		},
		"wildfire/wood_f": {
			"wildfire/wood_f": { "x": 32.46, "y": 54.68, "width": 97, "height": 104 }
		}
	}
},
"animations": {
	"animation": {
		"slots": {
			"wildfire/smoke/1": {
				"attachment": [
					{ "time": 0, "name": "wildfire/smoke/1" },
					{ "time": 0.1333, "name": "wildfire/smoke/2" },
					{ "time": 0.2333, "name": "wildfire/smoke/3" },
					{ "time": 0.3666, "name": "wildfire/smoke/4" },
					{ "time": 0.4666, "name": "wildfire/smoke/5" },
					{ "time": 0.6333, "name": "wildfire/smoke/6" },
					{ "time": 0.7333, "name": "wildfire/smoke/7" },
					{ "time": 0.8666, "name": "wildfire/smoke/8" },
					{ "time": 0.9666, "name": "wildfire/smoke/9" },
					{ "time": 1.1, "name": "wildfire/smoke/10" },
					{ "time": 1.2, "name": "wildfire/smoke/11" },
					{ "time": 1.3333, "name": "wildfire/smoke/12" },
					{ "time": 1.4333, "name": "wildfire/smoke/13" },
					{ "time": 1.6, "name": "wildfire/smoke/14" },
					{ "time": 1.7, "name": "wildfire/smoke/15" },
					{ "time": 1.8333, "name": "wildfire/smoke/16" },
					{ "time": 1.9333, "name": "wildfire/smoke/17" },
					{ "time": 2.0666, "name": "wildfire/smoke/18" },
					{ "time": 2.2, "name": "wildfire/smoke/19" },
					{ "time": 2.3, "name": "wildfire/smoke/20" },
					{ "time": 2.4333, "name": "wildfire/smoke/21" },
					{ "time": 2.5333, "name": "wildfire/smoke/22" },
					{ "time": 2.7, "name": "wildfire/smoke/23" },
					{ "time": 2.8, "name": "wildfire/smoke/24" },
					{ "time": 2.9333, "name": "wildfire/smoke/25" },
					{ "time": 3.0333, "name": "wildfire/smoke/26" },
					{ "time": 3.1666, "name": "wildfire/smoke/27" },
					{ "time": 3.2666, "name": "wildfire/smoke/28" },
					{ "time": 3.4, "name": "wildfire/smoke/29" },
					{ "time": 3.5, "name": "wildfire/smoke/30" },
					{ "time": 3.6666, "name": "wildfire/smoke/31" },
					{ "time": 3.7666, "name": "wildfire/smoke/32" },
					{ "time": 3.9, "name": "wildfire/smoke/33" },
					{ "time": 4, "name": "wildfire/smoke/34" },
					{ "time": 4.1333, "name": "wildfire/smoke/35" }
				]
			}
		},
		"bones": {
			"root": {
				"rotate": [
					{ "time": 0, "angle": 0 }
				],
				"translate": [
					{ "time": 0, "x": 0, "y": 0 }
				],
				"scale": [
					{ "time": 0, "x": 1, "y": 1 }
				]
			},
			"root2": {
				"rotate": [
					{ "time": 0, "angle": 0 }
				],
				"translate": [
					{ "time": 0, "x": 0, "y": 0 }
				],
				"scale": [
					{ "time": 0, "x": 1, "y": 1 }
				]
			},
			"wildfire/smoke/1": {
				"rotate": [
					{ "time": 0, "angle": 0.84 }
				],
				"translate": [
					{ "time": 0, "x": 0, "y": 0 }
				],
				"scale": [
					{ "time": 0, "x": 1.601, "y": 0.749 }
				]
			}
		},
		"drawOrder": [
			{ "time": 0 },
			{ "time": 4.1333 }
		]
	}
}
}