{
"skeleton": { "hash": "QewLEE6dbbw6odFf1d9WCP0n2Z4", "spine": "3.4.02", "width": 1261.91, "height": 548.28, "images": "./picture/" },
"bones": [
	{ "name": "root", "y": 1.24 },
	{ "name": "Lakelight", "parent": "root", "rotation": 1.39, "x": 274.3, "y": 167.18 },
	{ "name": "Lakelight2", "parent": "root", "rotation": 180, "x": 834.78, "y": 160, "scaleX": 0.82, "scaleY": 0.82 },
	{ "name": "lakelight1", "parent": "Lakelight", "x": 86.12, "y": 9.4, "scaleX": 0.236, "scaleY": 0.384 },
	{ "name": "lakelight2", "parent": "Lakelight", "x": 71.16, "y": -1.23, "scaleX": 0.214, "scaleY": -0.441 },
	{ "name": "lakelight3", "parent": "Lakelight", "x": 96.61, "y": -16.81, "scaleX": 0.264, "scaleY": -0.435 },
	{ "name": "lakelight4", "parent": "Lakelight", "x": -51.3, "y": -44.78, "scaleX": -0.19, "scaleY": 0.343 },
	{ "name": "lakelight6", "parent": "Lakelight", "x": -84.75, "y": 3.93, "scaleX": 0.217, "scaleY": -0.356 },
	{ "name": "lakelight9", "parent": "Lakelight", "x": 42.3, "y": -21.63, "scaleX": 0.236, "scaleY": 0.384 },
	{ "name": "lakelight10", "parent": "Lakelight", "x": -118.32, "y": 11.5, "scaleX": 0.238, "scaleY": 0.355 },
	{ "name": "lakelight11", "parent": "Lakelight", "x": -8.03, "y": -43.18, "scaleX": 0.238, "scaleY": 0.355 },
	{ "name": "lakelight12", "parent": "Lakelight", "x": -20.33, "y": -51.86, "scaleX": 0.238, "scaleY": 0.355 },
	{ "name": "lakelight13", "parent": "Lakelight", "x": -172.12, "y": 21.57, "scaleX": 0.236, "scaleY": 0.384 },
	{ "name": "lakelight14", "parent": "Lakelight", "x": -80.15, "y": -22.39, "scaleX": 0.236, "scaleY": 0.384 },
	{ "name": "lakelight20", "parent": "Lakelight2", "x": -33.22, "y": 0.9, "scaleX": 0.229, "scaleY": 0.334 },
	{ "name": "lakelight21", "parent": "Lakelight2", "x": 124.57, "y": 8.66, "scaleX": 0.324, "scaleY": 0.449 },
	{ "name": "lakelight22", "parent": "Lakelight2", "x": 59.1, "y": 16.23, "scaleX": 0.278, "scaleY": 0.377 },
	{ "name": "lakelight23", "parent": "Lakelight2", "x": 112.37, "y": 28.88, "scaleX": 0.293, "scaleY": 0.424 },
	{ "name": "lakelight24", "parent": "Lakelight2", "x": -0.75, "y": -33.85, "scaleX": 0.244, "scaleY": 0.343 },
	{ "name": "lakelight25", "parent": "Lakelight2", "x": 163.35, "y": 51.87, "scaleX": -0.337, "scaleY": 0.414 },
	{ "name": "lakelight26", "parent": "Lakelight2", "x": 55.51, "y": 10.97, "scaleX": -0.262, "scaleY": -0.354 },
	{ "name": "lakelight27", "parent": "Lakelight2", "x": -55.55, "y": -13.38, "scaleX": 0.267, "scaleY": 0.393 },
	{ "name": "lakelight28", "parent": "Lakelight2", "x": -33.09, "y": -22.69, "scaleX": 0.278, "scaleY": 0.377 },
	{ "name": "lakelight30", "parent": "Lakelight2", "x": 75.3, "y": 24.96, "scaleX": 0.186, "scaleY": 0.377 },
	{ "name": "lakelight31", "parent": "Lakelight2", "x": -79.26, "y": -40.76, "scaleX": 0.183, "scaleY": 0.247 },
	{ "name": "light2", "parent": "Lakelight", "rotation": 178.6, "x": 67.84, "y": -0.72, "scaleX": 0.559, "scaleY": 0.559 },
	{ "name": "light3", "parent": "Lakelight", "rotation": 178.6, "x": 94.59, "y": -16.3, "scaleX": 0.559, "scaleY": 0.559 },
	{ "name": "light4", "parent": "Lakelight", "rotation": 178.6, "x": -87.91, "y": 2.91, "scaleX": 0.559, "scaleY": 0.559 },
	{ "name": "light5", "parent": "Lakelight", "rotation": 178.6, "x": -13.47, "y": -43.07, "scaleX": 0.559, "scaleY": 0.559 },
	{ "name": "light6", "parent": "Lakelight", "rotation": 178.6, "x": -27.67, "y": -51.44, "scaleX": 0.559, "scaleY": 0.559 },
	{ "name": "light7", "parent": "Lakelight", "rotation": 178.6, "x": -176.44, "y": 22.55, "scaleX": 0.559, "scaleY": 0.559 },
	{ "name": "light8", "parent": "Lakelight", "rotation": 178.6, "x": -80.57, "y": -23.46, "scaleX": 0.559, "scaleY": 0.559 },
	{ "name": "light11", "parent": "Lakelight2", "x": -0.47, "y": -37.75, "scaleX": 0.354, "scaleY": 0.354 },
	{ "name": "light12", "parent": "Lakelight2", "x": 59.69, "y": 15.15, "scaleX": 0.354, "scaleY": 0.354 },
	{ "name": "light13", "parent": "Lakelight2", "x": 84.94, "y": 23.92, "scaleX": 0.354, "scaleY": 0.354 },
	{ "name": "light14", "parent": "Lakelight2", "x": 115.9, "y": 27.55, "scaleX": 0.354, "scaleY": 0.354 },
	{ "name": "light15", "parent": "Lakelight2", "x": -27.89, "y": -23.93, "scaleX": 0.354, "scaleY": 0.354 },
	{ "name": "light16", "parent": "Lakelight2", "x": 131.45, "y": 7.06, "scaleX": 0.354, "scaleY": 0.354 },
	{ "name": "light17", "parent": "root", "rotation": -7.35, "x": 251.36, "y": 150.29, "scaleX": -1.192, "scaleY": 0.79 },
	{ "name": "lights", "parent": "root", "rotation": 18.7, "x": 1085.21, "y": 224.43 },
	{ "name": "lights2", "parent": "root", "rotation": 11.73, "x": 798.71, "y": 151.72 },
	{ "name": "sealianyi/2", "parent": "root", "rotation": -1.11, "x": 815.11, "y": 286.13, "scaleX": 0.833, "scaleY": 0.677 },
	{ "name": "sealianyi/3", "parent": "root", "rotation": -18.55, "x": 241.26, "y": 290.12, "scaleX": 0.853, "scaleY": 0.899 },
	{
		"name": "sealianyi/mesh2/4",
		"parent": "sealianyi/2",
		"length": 23.36,
		"rotation": 92.76,
		"x": -46.86,
		"y": -212.13,
		"scaleX": 0.706,
		"scaleY": 0.706
	},
	{
		"name": "sealianyi/mesh2/5",
		"parent": "sealianyi/2",
		"length": 20.04,
		"rotation": 121.51,
		"x": 244.36,
		"y": -123.54,
		"scaleX": 0.721,
		"scaleY": 0.721
	},
	{ "name": "sealianyi/mesh3/3", "parent": "sealianyi/3", "length": 16.25, "rotation": 95.84, "x": -75.6, "y": -123.49 },
	{ "name": "sealianyi/mesh3/6", "parent": "sealianyi/3", "length": 15.83, "rotation": 121.69, "x": 165.9, "y": -39.14 }
],
"slots": [
	{ "name": "river", "bone": "root", "attachment": "river" },
	{ "name": "lights", "bone": "lights", "attachment": "light2" },
	{ "name": "lights2", "bone": "lights2", "attachment": "light2" },
	{ "name": "light17", "bone": "light17", "attachment": "light2" },
	{ "name": "lakelight1", "bone": "lakelight1", "attachment": "lakelight" },
	{ "name": "lakelight9", "bone": "lakelight9", "color": "eff7feff", "attachment": "lakelight" },
	{ "name": "lakelight13", "bone": "lakelight13", "color": "eff7feff", "attachment": "lakelight" },
	{ "name": "lakelight14", "bone": "lakelight14", "attachment": "lakelight" },
	{ "name": "lakelight22", "bone": "lakelight22", "attachment": "lakelight" },
	{ "name": "lakelight28", "bone": "lakelight28", "attachment": "lakelight" },
	{ "name": "lakelight31", "bone": "lakelight31", "attachment": "lakelight" },
	{ "name": "lakelight30", "bone": "lakelight30", "attachment": "lakelight" },
	{ "name": "lakelight23", "bone": "lakelight23", "attachment": "lakelight" },
	{ "name": "lakelight24", "bone": "lakelight24", "attachment": "lakelight" },
	{ "name": "lakelight6", "bone": "lakelight6", "color": "eff7feff", "attachment": "lakelight" },
	{ "name": "lakelight2", "bone": "lakelight2", "color": "eff7feff", "attachment": "lakelight" },
	{ "name": "lakelight3", "bone": "lakelight3", "color": "eff7feff", "attachment": "lakelight" },
	{ "name": "lakelight4", "bone": "lakelight4", "color": "eff7feff", "attachment": "lakelight" },
	{ "name": "lakelight25", "bone": "lakelight25", "attachment": "lakelight" },
	{ "name": "lakelight12", "bone": "lakelight12", "color": "eff7feff", "attachment": "lakelight" },
	{ "name": "lakelight11", "bone": "lakelight11", "color": "eff7feff", "attachment": "lakelight" },
	{ "name": "lakelight10", "bone": "lakelight10", "color": "eff7feff", "attachment": "lakelight" },
	{ "name": "lakelight26", "bone": "lakelight26", "attachment": "lakelight" },
	{ "name": "lakelight27", "bone": "lakelight27", "attachment": "lakelight" },
	{ "name": "lakelight21", "bone": "lakelight21", "attachment": "lakelight" },
	{ "name": "lakelight20", "bone": "lakelight20", "attachment": "lakelight" },
	{ "name": "light11", "bone": "light11", "attachment": "light" },
	{ "name": "light12", "bone": "light12", "attachment": "light" },
	{ "name": "light13", "bone": "light13", "attachment": "light" },
	{ "name": "light14", "bone": "light14", "attachment": "light" },
	{ "name": "light15", "bone": "light15", "attachment": "light" },
	{ "name": "light16", "bone": "light16", "attachment": "light" },
	{ "name": "light7", "bone": "light7", "attachment": "light" },
	{ "name": "light8", "bone": "light8", "attachment": "light" },
	{ "name": "light5", "bone": "light5", "attachment": "light" },
	{ "name": "light6", "bone": "light6", "attachment": "light" },
	{ "name": "light2", "bone": "light2", "attachment": "light" },
	{ "name": "light3", "bone": "light3", "attachment": "light" },
	{ "name": "light4", "bone": "light4", "attachment": "light" },
	{ "name": "sealianyi/mesh2/4", "bone": "sealianyi/mesh2/4", "color": "d8eefbff" },
	{ "name": "sealianyi/mesh2/5", "bone": "sealianyi/mesh2/5", "color": "d8eefbff" },
	{ "name": "sealianyi/5", "bone": "sealianyi/3", "color": "d8eefbff", "attachment": "sealianyi/mesh3/1" },
	{ "name": "sealianyi/6", "bone": "sealianyi/3", "color": "d8eefbff", "attachment": "sealianyi/mesh3/1" },
	{ "name": "sealianyi/mesh3/3", "bone": "sealianyi/mesh3/3", "color": "d8eefbff", "attachment": "sealianyi/mesh3/3" },
	{ "name": "sealianyi/mesh3/6", "bone": "sealianyi/mesh3/6", "color": "d8eefbff", "attachment": "sealianyi/mesh3/3" },
	{ "name": "sealianyi/mesh2/1", "bone": "sealianyi/2", "color": "d8eefbff", "attachment": "sealianyi/mesh2/1" },
	{ "name": "sealianyi/mesh2/6", "bone": "sealianyi/2", "color": "d8eefbff", "attachment": "sealianyi/mesh2/1" }
],
"skins": {
	"default": {
		"lakelight1": {
			"lakelight": { "x": 2.89, "y": -2.2, "width": 79, "height": 20 }
		},
		"lakelight10": {
			"lakelight": { "x": 2.89, "y": -2.2, "width": 79, "height": 20 }
		},
		"lakelight11": {
			"lakelight": { "x": 2.89, "y": -2.2, "width": 79, "height": 20 }
		},
		"lakelight12": {
			"lakelight": { "x": 2.89, "y": -2.2, "width": 79, "height": 20 }
		},
		"lakelight13": {
			"lakelight": { "x": 2.89, "y": -2.2, "width": 79, "height": 20 }
		},
		"lakelight14": {
			"lakelight": { "x": 2.89, "y": -2.2, "width": 79, "height": 20 }
		},
		"lakelight2": {
			"lakelight": { "x": 2.89, "y": -2.2, "width": 79, "height": 20 }
		},
		"lakelight20": {
			"lakelight": { "x": 2.89, "y": -2.2, "width": 79, "height": 20 }
		},
		"lakelight21": {
			"lakelight": { "x": 2.89, "y": -2.2, "width": 79, "height": 20 }
		},
		"lakelight22": {
			"lakelight": { "x": 2.89, "y": -2.2, "width": 79, "height": 20 }
		},
		"lakelight23": {
			"lakelight": { "x": 2.89, "y": -2.2, "width": 79, "height": 20 }
		},
		"lakelight24": {
			"lakelight": { "x": 2.89, "y": -2.2, "width": 79, "height": 20 }
		},
		"lakelight25": {
			"lakelight": { "x": 2.89, "y": -2.2, "width": 79, "height": 20 }
		},
		"lakelight26": {
			"lakelight": { "x": 2.89, "y": -2.2, "width": 79, "height": 20 }
		},
		"lakelight27": {
			"lakelight": { "x": 2.89, "y": -2.2, "width": 79, "height": 20 }
		},
		"lakelight28": {
			"lakelight": { "x": 2.89, "y": -2.2, "width": 79, "height": 20 }
		},
		"lakelight3": {
			"lakelight": { "x": 2.89, "y": -2.2, "width": 79, "height": 20 }
		},
		"lakelight30": {
			"lakelight": { "x": 2.89, "y": -2.2, "width": 79, "height": 20 }
		},
		"lakelight31": {
			"lakelight": { "x": 2.89, "y": -2.2, "width": 79, "height": 20 }
		},
		"lakelight4": {
			"lakelight": { "x": 2.89, "y": -2.2, "width": 79, "height": 20 }
		},
		"lakelight6": {
			"lakelight": { "x": 2.89, "y": -2.2, "width": 79, "height": 20 }
		},
		"lakelight9": {
			"lakelight": { "x": 2.89, "y": -2.2, "width": 79, "height": 20 }
		},
		"light11": {
			"light": { "x": -0.33, "y": 0.86, "scaleX": 1.34, "scaleY": 1.324, "rotation": 179.99, "width": 45, "height": 64 }
		},
		"light12": {
			"light": { "x": -0.34, "y": 0.86, "scaleX": 1.34, "scaleY": 1.324, "rotation": 179.99, "width": 45, "height": 64 }
		},
		"light13": {
			"light": { "x": -0.33, "y": 0.86, "scaleX": 1.34, "scaleY": 1.324, "rotation": 179.99, "width": 45, "height": 64 }
		},
		"light14": {
			"light": { "x": -0.33, "y": 0.86, "scaleX": 1.34, "scaleY": 1.324, "rotation": 179.99, "width": 45, "height": 64 }
		},
		"light15": {
			"light": { "x": -0.34, "y": 0.86, "scaleX": 1.34, "scaleY": 1.324, "rotation": 179.99, "width": 45, "height": 64 }
		},
		"light16": {
			"light": { "x": -0.34, "y": 0.86, "scaleX": 1.34, "scaleY": 1.324, "rotation": 179.99, "width": 45, "height": 64 }
		},
		"light17": {
			"light2": { "x": 11, "y": 1.2, "width": 278, "height": 120 }
		},
		"light2": {
			"light": { "x": -0.21, "y": 0.76, "scaleX": 0.842, "scaleY": 0.832, "rotation": 179.99, "width": 45, "height": 64 }
		},
		"light3": {
			"light": { "x": -0.21, "y": 0.76, "scaleX": 0.842, "scaleY": 0.832, "rotation": 179.99, "width": 45, "height": 64 }
		},
		"light4": {
			"light": { "x": -0.21, "y": 0.76, "scaleX": 0.842, "scaleY": 0.832, "rotation": 179.99, "width": 45, "height": 64 }
		},
		"light5": {
			"light": { "x": -0.21, "y": 0.76, "scaleX": 0.842, "scaleY": 0.832, "rotation": 179.99, "width": 45, "height": 64 }
		},
		"light6": {
			"light": { "x": -0.21, "y": 0.76, "scaleX": 0.842, "scaleY": 0.832, "rotation": 179.99, "width": 45, "height": 64 }
		},
		"light7": {
			"light": { "x": -0.21, "y": 0.76, "scaleX": 0.842, "scaleY": 0.832, "rotation": 179.99, "width": 45, "height": 64 }
		},
		"light8": {
			"light": { "x": -0.21, "y": 0.76, "scaleX": 0.842, "scaleY": 0.832, "rotation": 179.99, "width": 45, "height": 64 }
		},
		"lights": {
			"light2": { "x": 11.83, "y": -2.01, "scaleX": 0.911, "scaleY": 0.803, "rotation": -6.32, "width": 278, "height": 120 }
		},
		"lights2": {
			"light2": { "x": 15.57, "y": 0.47, "scaleX": 0.749, "scaleY": 0.693, "rotation": -2.12, "width": 278, "height": 120 }
		},
		"river": {
			"river": { "x": 512, "y": 161.08, "width": 1024, "height": 321 }
		},
		"sealianyi/5": {
			"sealianyi/mesh3/1": {
				"type": "mesh",
				"uvs": [ 1, 0.30046, 0.87444, 0.52394, 0.7036, 0.6693, 0.56722, 0.75794, 0.37409, 0.76846, 0.21893, 0.67862, 0.08902, 0.52041, 0, 0.39372, 0, 0, 1, 0 ],
				"triangles": [ 4, 5, 8, 6, 7, 8, 5, 6, 8, 9, 0, 1, 9, 1, 2, 8, 3, 4, 9, 2, 3, 9, 3, 8 ],
				"vertices": [ 300.75, 15.03, 229.04, -27.11, 128.21, -62.55, 47.17, -87.06, -69.94999, -105.91, -166.05, -107.48, -248.22, -97.35, -304.9, -87.88, -312.95, -33.55, 270.9, 83.26999 ],
				"hull": 10,
				"edges": [ 16, 18, 14, 16, 14, 12, 12, 10, 10, 8, 8, 6, 6, 4, 4, 2, 0, 18, 2, 0, 16, 12, 16, 10, 16, 8, 6, 18, 4, 18, 2, 18 ],
				"width": 638,
				"height": 208
			}
		},
		"sealianyi/6": {
			"sealianyi/mesh3/1": {
				"type": "mesh",
				"uvs": [ 1, 0.30046, 0.87444, 0.52394, 0.7036, 0.6693, 0.56722, 0.75794, 0.37409, 0.76846, 9.5E-4, 0.60175, 0, 0, 1, 0 ],
				"triangles": [ 6, 7, 3, 0, 1, 7, 5, 6, 4, 7, 1, 2, 7, 2, 3, 3, 4, 6 ],
				"vertices": [ 393.24, -158.43, 310.28, -152.7, 204.24, -165.94, 120.78, -180.14, 7.54, -215.49, -203.16, -308.58, -177.77, -388.5, 396.9, -232.76 ],
				"hull": 8,
				"edges": [ 12, 14, 10, 12, 8, 6, 6, 4, 4, 2, 0, 14, 2, 0, 12, 8, 6, 14, 4, 14, 2, 14, 8, 10 ],
				"width": 638,
				"height": 208
			}
		},
		"sealianyi/mesh2/1": {
			"sealianyi/mesh2/1": {
				"type": "mesh",
				"uvs": [ 1, 0.31893, 0.92682, 0.47739, 0.80654, 0.54405, 0.66231, 0.67725, 0.63057, 0.74756, 0.47807, 0.84162, 0.23715, 0.91685, 2.3E-4, 0.9552, 0, 0, 1, 0 ],
				"triangles": [ 8, 9, 0, 1, 8, 0, 2, 8, 1, 3, 8, 2, 4, 8, 3, 5, 8, 4, 6, 8, 5, 7, 8, 6 ],
				"vertices": [ 219.97, -46.74, 160.26, -65.12999, 110, -64.86, 38.32, -79.05, 11.43, -99.35, -51.81, -115.48, -137.9, -108.27, -217.96, -107.86, 0.27, 258.52, 306.74, 56.51 ],
				"hull": 10,
				"edges": [ 14, 12, 12, 10, 10, 8, 8, 6, 6, 4, 4, 2, 0, 18, 2, 0, 16, 18, 14, 16, 2, 16, 8, 16 ],
				"width": 585,
				"height": 687
			}
		},
		"sealianyi/mesh2/4": {
			"sealianyi/mesh1/4": { "x": 16.5, "y": 0.29, "rotation": -90.58, "width": 169, "height": 38 }
		},
		"sealianyi/mesh2/5": {
			"sealianyi/mesh2/5": { "x": 53.74, "y": 11.99, "rotation": -134.42, "width": 158, "height": 139 }
		},
		"sealianyi/mesh2/6": {
			"sealianyi/mesh2/1": {
				"type": "mesh",
				"uvs": [ 1, 0.31893, 0.92682, 0.47739, 0.80654, 0.54405, 0.66231, 0.67725, 0.63057, 0.74756, 0.47807, 0.84162, 0.23715, 0.91685, 2.3E-4, 0.9552, 0, 0, 1, 0 ],
				"triangles": [ 8, 9, 0, 1, 8, 0, 2, 8, 1, 3, 8, 2, 4, 8, 3, 5, 8, 4, 6, 8, 5, 7, 8, 6 ],
				"vertices": [ -94.9, -257.88, -35.74, -243.2, 15.43, -242.75, 86.58, -226.15, 111.83, -203.96, 174.49, -185.7, 262.59, -173.33, 340.81, -187.71, 130.04, -547.89, -197.67, -315.57 ],
				"hull": 10,
				"edges": [ 14, 12, 12, 10, 10, 8, 8, 6, 6, 4, 4, 2, 0, 18, 2, 0, 16, 18, 14, 16, 2, 16, 8, 16 ],
				"width": 585,
				"height": 687
			}
		},
		"sealianyi/mesh3/3": {
			"sealianyi/mesh3/3": { "x": 10, "y": -17.54, "rotation": -102.1, "width": 130, "height": 36 }
		},
		"sealianyi/mesh3/6": {
			"sealianyi/mesh3/3": { "x": 13.7, "y": 0.12, "scaleX": 0.496, "rotation": -131.01, "width": 130, "height": 36 }
		}
	}
},
"animations": {
	"run": {
		"slots": {
			"lakelight1": {
				"color": [
					{ "time": 0, "color": "ffffff00", "curve": "stepped" },
					{
						"time": 2.4,
						"color": "ffffff00",
						"curve": [ 0.25, 0, 0.75, 1 ]
					},
					{ "time": 2.9, "color": "ffffffff", "curve": "stepped" },
					{
						"time": 5.8,
						"color": "ffffffff",
						"curve": [ 0.25, 0, 0.75, 1 ]
					},
					{ "time": 6.3, "color": "ffffff00" }
				],
				"attachment": [
					{ "time": 0, "name": "lakelight" }
				]
			},
			"lakelight2": {
				"color": [
					{
						"time": 0,
						"color": "ffffff00",
						"curve": [ 0.25, 0, 0.75, 1 ]
					},
					{ "time": 0.5, "color": "ffffffff", "curve": "stepped" },
					{
						"time": 2.4,
						"color": "ffffffff",
						"curve": [ 0.25, 0, 0.75, 1 ]
					},
					{ "time": 2.9, "color": "ffffff00", "curve": "stepped" },
					{
						"time": 4.3666,
						"color": "ffffff00",
						"curve": [ 0.25, 0, 0.75, 1 ]
					},
					{ "time": 4.8666, "color": "ffffffff", "curve": "stepped" },
					{
						"time": 6.3,
						"color": "ffffffff",
						"curve": [ 0.25, 0, 0.75, 1 ]
					},
					{ "time": 6.8, "color": "ffffff00" }
				],
				"attachment": [
					{ "time": 0, "name": "lakelight" }
				]
			},
			"lakelight3": {
				"color": [
					{
						"time": 0,
						"color": "ffffff00",
						"curve": [ 0.25, 0, 0.75, 1 ]
					},
					{ "time": 0.5, "color": "ffffffff", "curve": "stepped" },
					{
						"time": 3.9,
						"color": "ffffffff",
						"curve": [ 0.25, 0, 0.75, 1 ]
					},
					{ "time": 4.3666, "color": "ffffff00" }
				],
				"attachment": [
					{ "time": 0, "name": "lakelight" }
				]
			},
			"lakelight4": {
				"color": [
					{ "time": 0, "color": "ffffff00", "curve": "stepped" },
					{
						"time": 1.4666,
						"color": "ffffff00",
						"curve": [ 0.25, 0, 0.75, 1 ]
					},
					{ "time": 1.9333, "color": "ffffffff", "curve": "stepped" },
					{
						"time": 3.4,
						"color": "ffffffff",
						"curve": [ 0.25, 0, 0.75, 1 ]
					},
					{ "time": 3.9, "color": "ffffff00" }
				],
				"attachment": [
					{ "time": 0, "name": "lakelight" }
				]
			},
			"lakelight6": {
				"color": [
					{ "time": 0, "color": "ffffffff", "curve": "stepped" },
					{
						"time": 0.5,
						"color": "ffffffff",
						"curve": [ 0.25, 0, 0.75, 1 ]
					},
					{ "time": 0.9666, "color": "ffffff00", "curve": "stepped" },
					{
						"time": 5.3333,
						"color": "ffffff00",
						"curve": [ 0.25, 0, 0.75, 1 ]
					},
					{ "time": 5.8, "color": "ffffffff" }
				],
				"attachment": [
					{ "time": 0, "name": "lakelight" }
				]
			},
			"lakelight9": {
				"color": [
					{ "time": 0, "color": "ffffffff", "curve": "stepped" },
					{
						"time": 1.9333,
						"color": "ffffffff",
						"curve": [ 0.25, 0, 0.75, 1 ]
					},
					{ "time": 2.4, "color": "ffffff00", "curve": "stepped" },
					{
						"time": 4.3666,
						"color": "ffffff00",
						"curve": [ 0.25, 0, 0.75, 1 ]
					},
					{ "time": 4.8666, "color": "ffffffff" }
				],
				"attachment": [
					{ "time": 0, "name": "lakelight" }
				]
			},
			"lakelight10": {
				"color": [
					{ "time": 0, "color": "ffffff00", "curve": "stepped" },
					{
						"time": 1.4666,
						"color": "ffffff00",
						"curve": [ 0.25, 0, 0.75, 1 ]
					},
					{ "time": 1.9333, "color": "ffffffff", "curve": "stepped" },
					{
						"time": 3.4,
						"color": "ffffffff",
						"curve": [ 0.25, 0, 0.75, 1 ]
					},
					{ "time": 3.9, "color": "ffffff00" }
				],
				"attachment": [
					{ "time": 0, "name": "lakelight" }
				]
			},
			"lakelight11": {
				"color": [
					{ "time": 0, "color": "ffffffff", "curve": "stepped" },
					{
						"time": 1.9333,
						"color": "ffffffff",
						"curve": [ 0.25, 0, 0.75, 1 ]
					},
					{ "time": 2.4, "color": "ffffff00", "curve": "stepped" },
					{
						"time": 5.3333,
						"color": "ffffff00",
						"curve": [ 0.25, 0, 0.75, 1 ]
					},
					{ "time": 5.8, "color": "ffffffff" }
				],
				"attachment": [
					{ "time": 0, "name": "lakelight" }
				]
			},
			"lakelight12": {
				"color": [
					{ "time": 0, "color": "ffffff00", "curve": "stepped" },
					{
						"time": 0.9666,
						"color": "ffffff00",
						"curve": [ 0.25, 0, 0.75, 1 ]
					},
					{ "time": 1.4666, "color": "ffffffff", "curve": "stepped" },
					{
						"time": 4.8666,
						"color": "ffffffff",
						"curve": [ 0.25, 0, 0.75, 1 ]
					},
					{ "time": 5.3333, "color": "ffffff00" }
				],
				"attachment": [
					{ "time": 0, "name": "lakelight" }
				]
			},
			"lakelight13": {
				"color": [
					{
						"time": 0,
						"color": "ffffff00",
						"curve": [ 0.25, 0, 0.75, 1 ]
					},
					{ "time": 0.5, "color": "ffffffff", "curve": "stepped" },
					{
						"time": 3.9,
						"color": "ffffffff",
						"curve": [ 0.25, 0, 0.75, 1 ]
					},
					{ "time": 4.3666, "color": "ffffff00" }
				],
				"attachment": [
					{ "time": 0, "name": "lakelight" }
				]
			},
			"lakelight14": {
				"color": [
					{ "time": 0, "color": "ffffffff", "curve": "stepped" },
					{
						"time": 2.4,
						"color": "ffffffff",
						"curve": [ 0.25, 0, 0.75, 1 ]
					},
					{ "time": 2.9, "color": "ffffff00", "curve": "stepped" },
					{
						"time": 5.8,
						"color": "ffffff00",
						"curve": [ 0.25, 0, 0.75, 1 ]
					},
					{ "time": 6.2666, "color": "ffffffff" }
				],
				"attachment": [
					{ "time": 0, "name": "lakelight" }
				]
			},
			"lakelight20": {
				"color": [
					{ "time": 0, "color": "ffffffff", "curve": "stepped" },
					{
						"time": 1.4666,
						"color": "ffffffff",
						"curve": [ 0.25, 0, 0.75, 1 ]
					},
					{ "time": 1.9333, "color": "ffffff00", "curve": "stepped" },
					{
						"time": 5.8,
						"color": "ffffff00",
						"curve": [ 0.25, 0, 0.75, 1 ]
					},
					{ "time": 6.3, "color": "ffffffff" }
				],
				"attachment": [
					{ "time": 0, "name": "lakelight" }
				]
			},
			"lakelight21": {
				"color": [
					{ "time": 0, "color": "ffffffff", "curve": "stepped" },
					{
						"time": 0.9666,
						"color": "ffffffff",
						"curve": [ 0.25, 0, 0.75, 1 ]
					},
					{ "time": 1.4666, "color": "ffffff00", "curve": "stepped" },
					{
						"time": 4.3666,
						"color": "ffffff00",
						"curve": [ 0.25, 0, 0.75, 1 ]
					},
					{ "time": 4.8666, "color": "ffffffff" }
				],
				"attachment": [
					{ "time": 0, "name": "lakelight" }
				]
			},
			"lakelight22": {
				"color": [
					{ "time": 0, "color": "ffffff00", "curve": "stepped" },
					{
						"time": 0.5,
						"color": "ffffff00",
						"curve": [ 0.25, 0, 0.75, 1 ]
					},
					{ "time": 0.9666, "color": "ffffffff", "curve": "stepped" },
					{
						"time": 1.4666,
						"color": "ffffffff",
						"curve": [ 0.25, 0, 0.75, 1 ]
					},
					{ "time": 1.9333, "color": "ffffff00", "curve": "stepped" },
					{
						"time": 3.9,
						"color": "ffffff00",
						"curve": [ 0.25, 0, 0.75, 1 ]
					},
					{ "time": 4.3666, "color": "ffffffff", "curve": "stepped" },
					{
						"time": 6.3,
						"color": "ffffffff",
						"curve": [ 0.25, 0, 0.75, 1 ]
					},
					{ "time": 6.8, "color": "ffffff00" }
				],
				"attachment": [
					{ "time": 0, "name": "lakelight" }
				]
			},
			"lakelight23": {
				"color": [
					{ "time": 0, "color": "ffffff00", "curve": "stepped" },
					{
						"time": 1.4666,
						"color": "ffffff00",
						"curve": [ 0.25, 0, 0.75, 1 ]
					},
					{ "time": 1.9333, "color": "ffffffff", "curve": "stepped" },
					{
						"time": 3.9,
						"color": "ffffffff",
						"curve": [ 0.25, 0, 0.75, 1 ]
					},
					{ "time": 4.3666, "color": "ffffff00" }
				],
				"attachment": [
					{ "time": 0, "name": "lakelight" }
				]
			},
			"lakelight24": {
				"color": [
					{
						"time": 0,
						"color": "ffffff00",
						"curve": [ 0.25, 0, 0.75, 1 ]
					},
					{ "time": 0.5, "color": "ffffffff", "curve": "stepped" },
					{
						"time": 5.3333,
						"color": "ffffffff",
						"curve": [ 0.25, 0, 0.75, 1 ]
					},
					{ "time": 5.8, "color": "ffffff00" }
				],
				"attachment": [
					{ "time": 0, "name": "lakelight" }
				]
			},
			"lakelight25": {
				"color": [
					{ "time": 0, "color": "ffffff00", "curve": "stepped" },
					{
						"time": 2.4,
						"color": "ffffff00",
						"curve": [ 0.25, 0, 0.75, 1 ]
					},
					{ "time": 2.9, "color": "ffffffff", "curve": "stepped" },
					{
						"time": 4.8666,
						"color": "ffffffff",
						"curve": [ 0.25, 0, 0.75, 1 ]
					},
					{ "time": 5.3333, "color": "ffffff00" }
				],
				"attachment": [
					{ "time": 0, "name": "lakelight" }
				]
			},
			"lakelight26": {
				"color": [
					{
						"time": 0,
						"color": "ffffffff",
						"curve": [ 0.25, 0, 0.75, 1 ]
					},
					{ "time": 0.5, "color": "ffffff00", "curve": "stepped" },
					{
						"time": 0.9666,
						"color": "ffffff00",
						"curve": [ 0.25, 0, 0.75, 1 ]
					},
					{ "time": 1.4666, "color": "ffffffff", "curve": "stepped" },
					{
						"time": 2.9,
						"color": "ffffffff",
						"curve": [ 0.25, 0, 0.75, 1 ]
					},
					{ "time": 3.4, "color": "ffffff00", "curve": "stepped" },
					{
						"time": 5.3333,
						"color": "ffffff00",
						"curve": [ 0.25, 0, 0.75, 1 ]
					},
					{ "time": 5.8, "color": "ffffffff" }
				],
				"attachment": [
					{ "time": 0, "name": "lakelight" }
				]
			},
			"lakelight27": {
				"color": [
					{ "time": 0, "color": "ffffffff", "curve": "stepped" },
					{
						"time": 0.5,
						"color": "ffffffff",
						"curve": [ 0.25, 0, 0.75, 1 ]
					},
					{ "time": 0.9666, "color": "ffffff00", "curve": "stepped" },
					{
						"time": 2.9,
						"color": "ffffff00",
						"curve": [ 0.25, 0, 0.75, 1 ]
					},
					{ "time": 3.4, "color": "ffffffff" }
				],
				"attachment": [
					{ "time": 0, "name": "lakelight" }
				]
			},
			"lakelight28": {
				"color": [
					{ "time": 0, "color": "ffffff00", "curve": "stepped" },
					{
						"time": 0.5,
						"color": "ffffff00",
						"curve": [ 0.25, 0, 0.75, 1 ]
					},
					{ "time": 0.9666, "color": "ffffffff", "curve": "stepped" },
					{
						"time": 1.9333,
						"color": "ffffffff",
						"curve": [ 0.25, 0, 0.75, 1 ]
					},
					{ "time": 2.4, "color": "ffffff00", "curve": "stepped" },
					{
						"time": 3.4,
						"color": "ffffff00",
						"curve": [ 0.25, 0, 0.75, 1 ]
					},
					{ "time": 3.9, "color": "ffffffff", "curve": "stepped" },
					{
						"time": 4.8666,
						"color": "ffffffff",
						"curve": [ 0.25, 0, 0.75, 1 ]
					},
					{ "time": 5.3333, "color": "ffffff00" }
				],
				"attachment": [
					{ "time": 0, "name": "lakelight" }
				]
			},
			"lakelight30": {
				"color": [
					{ "time": 0, "color": "ffffffff", "curve": "stepped" },
					{
						"time": 0.5,
						"color": "ffffffff",
						"curve": [ 0.25, 0, 0.75, 1 ]
					},
					{ "time": 0.9666, "color": "ffffff00", "curve": "stepped" },
					{
						"time": 1.9333,
						"color": "ffffff00",
						"curve": [ 0.25, 0, 0.75, 1 ]
					},
					{ "time": 2.4, "color": "ffffffff", "curve": "stepped" },
					{
						"time": 3.4,
						"color": "ffffffff",
						"curve": [ 0.25, 0, 0.75, 1 ]
					},
					{ "time": 3.9, "color": "ffffff00", "curve": "stepped" },
					{
						"time": 6.3,
						"color": "ffffff00",
						"curve": [ 0.25, 0, 0.75, 1 ]
					},
					{ "time": 6.8, "color": "ffffffff" }
				],
				"attachment": [
					{ "time": 0, "name": "lakelight" }
				]
			},
			"lakelight31": {
				"color": [
					{ "time": 0, "color": "ffffffff", "curve": "stepped" },
					{
						"time": 2.4,
						"color": "ffffffff",
						"curve": [ 0.25, 0, 0.75, 1 ]
					},
					{ "time": 2.9, "color": "ffffff00", "curve": "stepped" },
					{
						"time": 4.8666,
						"color": "ffffff00",
						"curve": [ 0.25, 0, 0.75, 1 ]
					},
					{ "time": 5.3333, "color": "ffffffff" }
				],
				"attachment": [
					{ "time": 0, "name": "lakelight" }
				]
			},
			"light2": {
				"color": [
					{ "time": 0, "color": "ffffffff" }
				],
				"attachment": [
					{ "time": 0, "name": null },
					{ "time": 0.1666, "name": "light" },
					{ "time": 0.8333, "name": null },
					{ "time": 4.5333, "name": "light" },
					{ "time": 5.2, "name": null }
				]
			},
			"light3": {
				"color": [
					{ "time": 0, "color": "ffffffff" }
				],
				"attachment": [
					{ "time": 0, "name": null },
					{ "time": 0.1666, "name": "light" },
					{ "time": 0.8333, "name": null }
				]
			},
			"light4": {
				"color": [
					{ "time": 0, "color": "ffffffff" }
				],
				"attachment": [
					{ "time": 0, "name": null },
					{ "time": 5.4666, "name": "light" },
					{ "time": 6.1333, "name": null }
				]
			},
			"light5": {
				"color": [
					{ "time": 0, "color": "ffffffff" }
				],
				"attachment": [
					{ "time": 0, "name": null },
					{ "time": 5.4666, "name": "light" },
					{ "time": 6.1333, "name": null }
				]
			},
			"light6": {
				"color": [
					{ "time": 0, "color": "ffffffff" }
				],
				"attachment": [
					{ "time": 0, "name": null },
					{ "time": 1.1333, "name": "light" },
					{ "time": 1.8, "name": null }
				]
			},
			"light7": {
				"color": [
					{ "time": 0, "color": "ffffffff" }
				],
				"attachment": [
					{ "time": 0, "name": null },
					{ "time": 0.1666, "name": "light" },
					{ "time": 0.8333, "name": null }
				]
			},
			"light8": {
				"color": [
					{ "time": 0, "color": "ffffffff" }
				],
				"attachment": [
					{ "time": 0, "name": null },
					{ "time": 5.9333, "name": "light" },
					{ "time": 6.6, "name": null }
				]
			},
			"light11": {
				"color": [
					{ "time": 0, "color": "ffffffff" }
				],
				"attachment": [
					{ "time": 0, "name": null },
					{ "time": 0.1666, "name": "light" },
					{ "time": 0.8333, "name": null }
				]
			},
			"light12": {
				"color": [
					{ "time": 0, "color": "ffffffff" }
				],
				"attachment": [
					{ "time": 0, "name": null },
					{ "time": 0.6333, "name": "light" },
					{ "time": 1.3, "name": null },
					{ "time": 4.0333, "name": "light" },
					{ "time": 4.7, "name": null }
				]
			},
			"light13": {
				"color": [
					{ "time": 0, "color": "ffffffff" }
				],
				"attachment": [
					{ "time": 0, "name": "light" },
					{ "time": 0.3333, "name": null },
					{ "time": 2.0666, "name": "light" },
					{ "time": 2.7333, "name": null },
					{ "time": 6.4666, "name": "light" }
				]
			},
			"light14": {
				"color": [
					{ "time": 0, "color": "ffffffff" }
				],
				"attachment": [
					{ "time": 0, "name": null },
					{ "time": 1.6333, "name": "light" },
					{ "time": 2.3, "name": null }
				]
			},
			"light15": {
				"color": [
					{ "time": 0, "color": "ffffffff" }
				],
				"attachment": [
					{ "time": 0, "name": null },
					{ "time": 0.6333, "name": "light" },
					{ "time": 1.3, "name": null },
					{ "time": 3.5666, "name": "light" },
					{ "time": 4.2333, "name": null }
				]
			},
			"light16": {
				"color": [
					{ "time": 0, "color": "ffffffff" }
				],
				"attachment": [
					{ "time": 0, "name": null },
					{ "time": 4.5333, "name": "light" },
					{ "time": 5.2, "name": null }
				]
			},
			"light17": {
				"color": [
					{ "time": 0, "color": "ffffffff" }
				],
				"attachment": [
					{ "time": 0, "name": "light2" }
				]
			},
			"lights": {
				"color": [
					{ "time": 0, "color": "ffffffff" }
				],
				"attachment": [
					{ "time": 0, "name": "light2" }
				]
			},
			"lights2": {
				"color": [
					{ "time": 0, "color": "ffffffff" }
				],
				"attachment": [
					{ "time": 0, "name": "light2" }
				]
			},
			"river": {
				"color": [
					{ "time": 0, "color": "ffffffff" }
				],
				"attachment": [
					{ "time": 0, "name": "river" }
				]
			},
			"sealianyi/5": {
				"color": [
					{ "time": 0, "color": "d8eefbff" }
				],
				"attachment": [
					{ "time": 0, "name": "sealianyi/mesh3/1" }
				]
			},
			"sealianyi/6": {
				"color": [
					{ "time": 0, "color": "d8eefbff" }
				],
				"attachment": [
					{ "time": 0, "name": "sealianyi/mesh3/1" }
				]
			},
			"sealianyi/mesh2/1": {
				"color": [
					{ "time": 0, "color": "d8eefbff" }
				],
				"attachment": [
					{ "time": 0, "name": "sealianyi/mesh2/1" }
				]
			},
			"sealianyi/mesh2/4": {
				"color": [
					{ "time": 0, "color": "d8eefbff", "curve": "stepped" },
					{
						"time": 4.1333,
						"color": "d8eefbff",
						"curve": [ 0.556, 0, 0.75, 1 ]
					},
					{ "time": 4.8, "color": "d8eefb00" }
				],
				"attachment": [
					{ "time": 0, "name": null },
					{ "time": 2.1333, "name": "sealianyi/mesh1/4" },
					{ "time": 4.8, "name": null }
				]
			},
			"sealianyi/mesh2/5": {
				"color": [
					{ "time": 0, "color": "d8eefbff", "curve": "stepped" },
					{ "time": 0.4666, "color": "d8eefbff", "curve": "stepped" },
					{
						"time": 2.6666,
						"color": "d8eefbff",
						"curve": [ 0.556, 0, 0.75, 1 ]
					},
					{ "time": 3.3333, "color": "d8eefb00" }
				],
				"attachment": [
					{ "time": 0, "name": null },
					{ "time": 0.4666, "name": "sealianyi/mesh2/5" },
					{ "time": 3.3333, "name": null }
				]
			},
			"sealianyi/mesh2/6": {
				"color": [
					{ "time": 0, "color": "d8eefbff" }
				],
				"attachment": [
					{ "time": 0, "name": "sealianyi/mesh2/1" }
				]
			},
			"sealianyi/mesh3/3": {
				"color": [
					{ "time": 0, "color": "d8eefbff", "curve": "stepped" },
					{
						"time": 2.6666,
						"color": "d8eefbff",
						"curve": [ 0.508, 0, 0.75, 1 ]
					},
					{ "time": 3.3333, "color": "d8eefb00" }
				],
				"attachment": [
					{ "time": 0, "name": null },
					{ "time": 1, "name": "sealianyi/mesh3/3" },
					{ "time": 3.3333, "name": null }
				]
			},
			"sealianyi/mesh3/6": {
				"color": [
					{ "time": 0, "color": "d8eefbff", "curve": "stepped" },
					{
						"time": 5,
						"color": "d8eefbff",
						"curve": [ 0.514, 0, 0.75, 1 ]
					},
					{ "time": 5.6666, "color": "d8eefb00" }
				],
				"attachment": [
					{ "time": 0, "name": null },
					{ "time": 3.4, "name": "sealianyi/mesh3/3" },
					{ "time": 5.6666, "name": null }
				]
			}
		},
		"bones": {
			"root": {
				"rotate": [
					{ "time": 0, "angle": 0 }
				],
				"translate": [
					{ "time": 0, "x": 0, "y": 0 }
				],
				"scale": [
					{ "time": 0, "x": 1, "y": 1 }
				]
			},
			"sealianyi/2": {
				"rotate": [
					{ "time": 0, "angle": 0 }
				],
				"translate": [
					{ "time": 0, "x": 0, "y": 0 }
				],
				"scale": [
					{ "time": 0, "x": 1, "y": 1 }
				]
			},
			"sealianyi/3": {
				"rotate": [
					{ "time": 0, "angle": 0 }
				],
				"translate": [
					{ "time": 0, "x": 0, "y": 0 }
				],
				"scale": [
					{ "time": 0, "x": 1, "y": 1 }
				]
			},
			"lakelight22": {
				"rotate": [
					{ "time": 0, "angle": 0 }
				],
				"translate": [
					{ "time": 0, "x": -1.29, "y": -0.28 }
				],
				"scale": [
					{
						"time": 0,
						"x": 1.054,
						"y": 1,
						"curve": [ 0.37, 0.62, 0.709, 1 ]
					},
					{
						"time": 0.5,
						"x": 0.515,
						"y": 0.515,
						"curve": [ 0.25, 0, 0.231, 1 ]
					},
					{
						"time": 0.9666,
						"x": 0.649,
						"y": 0.649,
						"curve": [ 0.25, 0, 0.75, 1 ]
					},
					{
						"time": 1.4666,
						"x": 0.515,
						"y": 0.515,
						"curve": [ 0.25, 0, 0.231, 1 ]
					},
					{
						"time": 1.9333,
						"x": 0.916,
						"y": 0.916,
						"curve": [ 0.25, 0, 0.75, 1 ]
					},
					{
						"time": 2.4,
						"x": 0.515,
						"y": 0.515,
						"curve": [ 0.25, 0, 0.231, 1 ]
					},
					{
						"time": 2.9,
						"x": 0.79,
						"y": 0.79,
						"curve": [ 0.25, 0, 0.75, 1 ]
					},
					{
						"time": 3.4,
						"x": 0.515,
						"y": 0.515,
						"curve": [ 0.25, 0, 0.231, 1 ]
					},
					{
						"time": 3.9,
						"x": 0.762,
						"y": 0.762,
						"curve": [ 0.25, 0, 0.75, 1 ]
					},
					{
						"time": 4.3666,
						"x": 0.515,
						"y": 0.515,
						"curve": [ 0.25, 0, 0.231, 1 ]
					},
					{
						"time": 4.8666,
						"x": 0.79,
						"y": 0.79,
						"curve": [ 0.25, 0, 0.75, 1 ]
					},
					{
						"time": 5.3333,
						"x": 0.515,
						"y": 0.515,
						"curve": [ 0.25, 0, 0.231, 1 ]
					},
					{
						"time": 5.8,
						"x": 0.938,
						"y": 0.938,
						"curve": [ 0.25, 0, 0.75, 1 ]
					},
					{
						"time": 6.3,
						"x": 0.515,
						"y": 0.515,
						"curve": [ 0.25, 0, 0.231, 1 ]
					},
					{ "time": 6.8, "x": 1.054, "y": 1 }
				]
			},
			"lakelight25": {
				"rotate": [
					{ "time": 0, "angle": 0 }
				],
				"translate": [
					{ "time": 0, "x": 0, "y": 0 }
				],
				"scale": [
					{
						"time": 0,
						"x": 1,
						"y": 1,
						"curve": [ 0.25, 0, 0.75, 1 ]
					},
					{
						"time": 0.5,
						"x": 0.515,
						"y": 0.515,
						"curve": [ 0.25, 0, 0.231, 1 ]
					},
					{
						"time": 0.9666,
						"x": 0.826,
						"y": 1.16,
						"curve": [ 0.25, 0, 0.75, 1 ]
					},
					{
						"time": 1.4666,
						"x": 0.515,
						"y": 0.515,
						"curve": [ 0.25, 0, 0.231, 1 ]
					},
					{
						"time": 1.9333,
						"x": 0.916,
						"y": 0.916,
						"curve": [ 0.25, 0, 0.75, 1 ]
					},
					{
						"time": 2.4,
						"x": 0.515,
						"y": 0.515,
						"curve": [ 0.25, 0, 0.231, 1 ]
					},
					{
						"time": 2.9,
						"x": 0.79,
						"y": 0.79,
						"curve": [ 0.25, 0, 0.75, 1 ]
					},
					{
						"time": 3.4,
						"x": 0.515,
						"y": 0.515,
						"curve": [ 0.25, 0, 0.231, 1 ]
					},
					{
						"time": 3.9,
						"x": 0.762,
						"y": 0.762,
						"curve": [ 0.25, 0, 0.75, 1 ]
					},
					{
						"time": 4.3666,
						"x": 0.515,
						"y": 0.515,
						"curve": [ 0.25, 0, 0.231, 1 ]
					},
					{
						"time": 4.8666,
						"x": 0.79,
						"y": 0.79,
						"curve": [ 0.25, 0, 0.75, 1 ]
					},
					{
						"time": 5.3333,
						"x": 0.515,
						"y": 0.515,
						"curve": [ 0.25, 0, 0.231, 1 ]
					},
					{
						"time": 5.8,
						"x": 0.938,
						"y": 0.938,
						"curve": [ 0.25, 0, 0.75, 1 ]
					},
					{
						"time": 6.3,
						"x": 0.515,
						"y": 0.515,
						"curve": [ 0.25, 0, 0.231, 1 ]
					},
					{ "time": 6.8, "x": 1, "y": 1 }
				]
			},
			"lakelight26": {
				"rotate": [
					{ "time": 0, "angle": 0 }
				],
				"translate": [
					{ "time": 0, "x": 0.86, "y": 0 }
				],
				"scale": [
					{
						"time": 0,
						"x": 0.786,
						"y": 1.215,
						"curve": [ 0.37, 0.62, 0.709, 1 ]
					},
					{
						"time": 0.5,
						"x": 0.515,
						"y": 0.515,
						"curve": [ 0.25, 0, 0.231, 1 ]
					},
					{
						"time": 0.9666,
						"x": 0.649,
						"y": 0.649,
						"curve": [ 0.25, 0, 0.75, 1 ]
					},
					{
						"time": 1.4666,
						"x": 0.515,
						"y": 0.515,
						"curve": [ 0.25, 0, 0.231, 1 ]
					},
					{
						"time": 1.9333,
						"x": 0.916,
						"y": 0.916,
						"curve": [ 0.25, 0, 0.75, 1 ]
					},
					{
						"time": 2.4,
						"x": 0.515,
						"y": 0.515,
						"curve": [ 0.25, 0, 0.231, 1 ]
					},
					{
						"time": 2.9,
						"x": 0.79,
						"y": 0.79,
						"curve": [ 0.25, 0, 0.75, 1 ]
					},
					{
						"time": 3.4,
						"x": 0.515,
						"y": 0.515,
						"curve": [ 0.25, 0, 0.231, 1 ]
					},
					{
						"time": 3.9,
						"x": 0.762,
						"y": 0.762,
						"curve": [ 0.25, 0, 0.75, 1 ]
					},
					{
						"time": 4.3666,
						"x": 0.515,
						"y": 0.515,
						"curve": [ 0.25, 0, 0.231, 1 ]
					},
					{
						"time": 4.8666,
						"x": 0.79,
						"y": 0.79,
						"curve": [ 0.25, 0, 0.75, 1 ]
					},
					{
						"time": 5.3333,
						"x": 0.515,
						"y": 0.515,
						"curve": [ 0.25, 0, 0.231, 1 ]
					},
					{
						"time": 5.8,
						"x": 0.938,
						"y": 0.938,
						"curve": [ 0.25, 0, 0.75, 1 ]
					},
					{
						"time": 6.3,
						"x": 0.515,
						"y": 0.515,
						"curve": [ 0.25, 0, 0.231, 1 ]
					},
					{ "time": 6.8, "x": 0.786, "y": 1.215 }
				]
			},
			"lakelight1": {
				"rotate": [
					{ "time": 0, "angle": 0 }
				],
				"translate": [
					{ "time": 0, "x": -1.29, "y": -0.28 }
				],
				"scale": [
					{
						"time": 0,
						"x": 1.054,
						"y": 1,
						"curve": [ 0.37, 0.62, 0.709, 1 ]
					},
					{
						"time": 0.5,
						"x": 0.515,
						"y": 0.515,
						"curve": [ 0.25, 0, 0.231, 1 ]
					},
					{
						"time": 0.9666,
						"x": 0.826,
						"y": 1.16,
						"curve": [ 0.25, 0, 0.75, 1 ]
					},
					{
						"time": 1.4666,
						"x": 0.515,
						"y": 0.515,
						"curve": [ 0.25, 0, 0.231, 1 ]
					},
					{
						"time": 1.9333,
						"x": 0.916,
						"y": 0.916,
						"curve": [ 0.25, 0, 0.75, 1 ]
					},
					{
						"time": 2.4,
						"x": 0.515,
						"y": 0.515,
						"curve": [ 0.25, 0, 0.231, 1 ]
					},
					{
						"time": 2.9,
						"x": 0.79,
						"y": 0.79,
						"curve": [ 0.25, 0, 0.75, 1 ]
					},
					{
						"time": 3.4,
						"x": 0.515,
						"y": 0.515,
						"curve": [ 0.25, 0, 0.231, 1 ]
					},
					{
						"time": 3.9,
						"x": 0.762,
						"y": 0.762,
						"curve": [ 0.25, 0, 0.75, 1 ]
					},
					{
						"time": 4.3666,
						"x": 0.515,
						"y": 0.515,
						"curve": [ 0.25, 0, 0.231, 1 ]
					},
					{
						"time": 4.8666,
						"x": 0.79,
						"y": 0.79,
						"curve": [ 0.25, 0, 0.75, 1 ]
					},
					{
						"time": 5.3333,
						"x": 0.515,
						"y": 0.515,
						"curve": [ 0.25, 0, 0.231, 1 ]
					},
					{
						"time": 5.8,
						"x": 0.938,
						"y": 0.938,
						"curve": [ 0.25, 0, 0.75, 1 ]
					},
					{
						"time": 6.3,
						"x": 0.515,
						"y": 0.515,
						"curve": [ 0.25, 0, 0.231, 1 ]
					},
					{ "time": 6.8, "x": 1.054, "y": 1 }
				]
			},
			"lakelight2": {
				"rotate": [
					{ "time": 0, "angle": 0 }
				],
				"translate": [
					{ "time": 0, "x": 0, "y": 0 }
				],
				"scale": [
					{
						"time": 0,
						"x": 1,
						"y": 1,
						"curve": [ 0.25, 0, 0.75, 1 ]
					},
					{
						"time": 0.5,
						"x": 0.515,
						"y": 0.515,
						"curve": [ 0.25, 0, 0.231, 1 ]
					},
					{
						"time": 0.9666,
						"x": 0.649,
						"y": 0.892,
						"curve": [ 0.25, 0, 0.75, 1 ]
					},
					{
						"time": 1.4666,
						"x": 0.515,
						"y": 0.515,
						"curve": [ 0.25, 0, 0.231, 1 ]
					},
					{
						"time": 1.9333,
						"x": 0.916,
						"y": 0.916,
						"curve": [ 0.25, 0, 0.75, 1 ]
					},
					{
						"time": 2.4,
						"x": 0.515,
						"y": 0.515,
						"curve": [ 0.25, 0, 0.231, 1 ]
					},
					{
						"time": 2.9,
						"x": 0.79,
						"y": 0.79,
						"curve": [ 0.25, 0, 0.75, 1 ]
					},
					{
						"time": 3.4,
						"x": 0.515,
						"y": 0.515,
						"curve": [ 0.25, 0, 0.231, 1 ]
					},
					{
						"time": 3.9,
						"x": 0.762,
						"y": 0.762,
						"curve": [ 0.25, 0, 0.75, 1 ]
					},
					{
						"time": 4.3666,
						"x": 0.515,
						"y": 0.515,
						"curve": [ 0.25, 0, 0.231, 1 ]
					},
					{
						"time": 4.8666,
						"x": 0.79,
						"y": 0.79,
						"curve": [ 0.25, 0, 0.75, 1 ]
					},
					{
						"time": 5.3333,
						"x": 0.515,
						"y": 0.697,
						"curve": [ 0.25, 0, 0.231, 1 ]
					},
					{
						"time": 5.8,
						"x": 0.938,
						"y": 0.938,
						"curve": [ 0.25, 0, 0.75, 1 ]
					},
					{
						"time": 6.3,
						"x": 0.515,
						"y": 0.515,
						"curve": [ 0.25, 0, 0.231, 1 ]
					},
					{ "time": 6.8, "x": 1, "y": 1 }
				]
			},
			"lakelight3": {
				"rotate": [
					{ "time": 0, "angle": 0 }
				],
				"translate": [
					{ "time": 0, "x": 0, "y": 0 }
				],
				"scale": [
					{
						"time": 0,
						"x": 0.789,
						"y": 0.789,
						"curve": [ 0.25, 0, 0.75, 1 ]
					},
					{
						"time": 0.5,
						"x": 0.515,
						"y": 0.515,
						"curve": [ 0.25, 0, 0.231, 1 ]
					},
					{
						"time": 0.9666,
						"x": 0.649,
						"y": 0.649,
						"curve": [ 0.25, 0, 0.75, 1 ]
					},
					{
						"time": 1.4666,
						"x": 0.515,
						"y": 0.515,
						"curve": [ 0.25, 0, 0.231, 1 ]
					},
					{
						"time": 1.9333,
						"x": 0.916,
						"y": 0.916,
						"curve": [ 0.25, 0, 0.75, 1 ]
					},
					{
						"time": 2.4,
						"x": 0.515,
						"y": 0.515,
						"curve": [ 0.25, 0, 0.231, 1 ]
					},
					{
						"time": 2.9,
						"x": 0.79,
						"y": 0.79,
						"curve": [ 0.25, 0, 0.75, 1 ]
					},
					{
						"time": 3.4,
						"x": 0.515,
						"y": 0.515,
						"curve": [ 0.25, 0, 0.231, 1 ]
					},
					{
						"time": 3.9,
						"x": 0.762,
						"y": 0.762,
						"curve": [ 0.25, 0, 0.75, 1 ]
					},
					{
						"time": 4.3666,
						"x": 0.515,
						"y": 0.515,
						"curve": [ 0.25, 0, 0.231, 1 ]
					},
					{
						"time": 4.8666,
						"x": 0.79,
						"y": 0.79,
						"curve": [ 0.25, 0, 0.75, 1 ]
					},
					{
						"time": 5.3333,
						"x": 0.515,
						"y": 0.515,
						"curve": [ 0.25, 0, 0.231, 1 ]
					},
					{
						"time": 5.8,
						"x": 0.938,
						"y": 0.938,
						"curve": [ 0.25, 0, 0.75, 1 ]
					},
					{
						"time": 6.3,
						"x": 0.515,
						"y": 0.515,
						"curve": [ 0.25, 0, 0.231, 1 ]
					},
					{ "time": 6.8, "x": 0.789, "y": 0.789 }
				]
			},
			"lakelight4": {
				"rotate": [
					{ "time": 0, "angle": 0 }
				],
				"translate": [
					{ "time": 0, "x": 0, "y": 0 }
				],
				"scale": [
					{
						"time": 0,
						"x": 0.789,
						"y": 0.789,
						"curve": [ 0.25, 0, 0.75, 1 ]
					},
					{
						"time": 0.5,
						"x": 1.288,
						"y": 0.937,
						"curve": [ 0.25, 0, 0.75, 1 ]
					},
					{
						"time": 0.9666,
						"x": 0.894,
						"y": 0.583,
						"curve": [ 0.25, 0, 0.75, 1 ]
					},
					{
						"time": 1.4666,
						"x": 1.212,
						"y": 0.746,
						"curve": [ 0.25, 0, 0.75, 1 ]
					},
					{
						"time": 1.9333,
						"x": 0.727,
						"y": 0.514,
						"curve": [ 0.25, 0, 0.75, 1 ]
					},
					{
						"time": 2.4,
						"x": 1.234,
						"y": 0.978,
						"curve": [ 0.25, 0, 0.75, 1 ]
					},
					{
						"time": 2.9,
						"x": 0.852,
						"y": 0.525,
						"curve": [ 0.25, 0, 0.75, 1 ]
					},
					{
						"time": 3.4,
						"x": 1.445,
						"y": 1.099,
						"curve": [ 0.25, 0, 0.75, 1 ]
					},
					{
						"time": 3.9,
						"x": 0.682,
						"y": 0.582,
						"curve": [ 0.25, 0, 0.75, 1 ]
					},
					{
						"time": 4.3666,
						"x": 1.493,
						"y": 0.931,
						"curve": [ 0.25, 0, 0.75, 1 ]
					},
					{
						"time": 4.8666,
						"x": 0.761,
						"y": 0.648,
						"curve": [ 0.25, 0, 0.75, 1 ]
					},
					{
						"time": 5.3333,
						"x": 1.199,
						"y": 0.909,
						"curve": [ 0.25, 0, 0.75, 1 ]
					},
					{
						"time": 5.8,
						"x": 0.731,
						"y": 0.61,
						"curve": [ 0.25, 0, 0.75, 1 ]
					},
					{
						"time": 6.3,
						"x": 1.297,
						"y": 1.072,
						"curve": [ 0.25, 0, 0.75, 1 ]
					},
					{ "time": 6.8, "x": 0.789, "y": 0.789 }
				]
			},
			"lakelight6": {
				"rotate": [
					{ "time": 0, "angle": 0 }
				],
				"translate": [
					{ "time": 0, "x": 0, "y": 0 }
				],
				"scale": [
					{
						"time": 0,
						"x": 0.786,
						"y": 1.215,
						"curve": [ 0.37, 0.62, 0.709, 1 ]
					},
					{
						"time": 0.5,
						"x": 1.121,
						"y": 1.272,
						"curve": [ 0.25, 0, 0.75, 1 ]
					},
					{
						"time": 0.9666,
						"x": 0.894,
						"y": 0.583,
						"curve": [ 0.25, 0, 0.75, 1 ]
					},
					{
						"time": 1.4666,
						"x": 1.212,
						"y": 0.746,
						"curve": [ 0.25, 0, 0.75, 1 ]
					},
					{
						"time": 1.9333,
						"x": 0.727,
						"y": 0.514,
						"curve": [ 0.25, 0, 0.75, 1 ]
					},
					{
						"time": 2.4,
						"x": 1.234,
						"y": 0.978,
						"curve": [ 0.25, 0, 0.75, 1 ]
					},
					{
						"time": 2.9,
						"x": 0.852,
						"y": 0.525,
						"curve": [ 0.25, 0, 0.75, 1 ]
					},
					{
						"time": 3.4,
						"x": 1.445,
						"y": 1.863,
						"curve": [ 0.25, 0, 0.75, 1 ]
					},
					{
						"time": 3.9,
						"x": 0.682,
						"y": 0.582,
						"curve": [ 0.25, 0, 0.75, 1 ]
					},
					{
						"time": 4.3666,
						"x": 1.493,
						"y": 1.349,
						"curve": [ 0.25, 0, 0.75, 1 ]
					},
					{
						"time": 4.8666,
						"x": 0.761,
						"y": 0.648,
						"curve": [ 0.25, 0, 0.75, 1 ]
					},
					{
						"time": 5.3333,
						"x": 1.199,
						"y": 1.192,
						"curve": [ 0.25, 0, 0.75, 1 ]
					},
					{
						"time": 5.8,
						"x": 0.731,
						"y": 0.61,
						"curve": [ 0.25, 0, 0.75, 1 ]
					},
					{
						"time": 6.3,
						"x": 1.297,
						"y": 1.28,
						"curve": [ 0.25, 0, 0.75, 1 ]
					},
					{ "time": 6.8, "x": 0.786, "y": 1.215 }
				]
			},
			"lakelight23": {
				"rotate": [
					{ "time": 0, "angle": 0 }
				],
				"translate": [
					{ "time": 0, "x": 0, "y": 0 }
				],
				"scale": [
					{
						"time": 0,
						"x": 1,
						"y": 1,
						"curve": [ 0.25, 0, 0.75, 1 ]
					},
					{
						"time": 0.5,
						"x": 0.515,
						"y": 0.515,
						"curve": [ 0.25, 0, 0.231, 1 ]
					},
					{
						"time": 0.9666,
						"x": 0.649,
						"y": 0.649,
						"curve": [ 0.25, 0, 0.75, 1 ]
					},
					{
						"time": 1.4666,
						"x": 0.515,
						"y": 0.515,
						"curve": [ 0.25, 0, 0.231, 1 ]
					},
					{
						"time": 1.9333,
						"x": 0.916,
						"y": 0.916,
						"curve": [ 0.25, 0, 0.75, 1 ]
					},
					{
						"time": 2.4,
						"x": 0.515,
						"y": 0.515,
						"curve": [ 0.25, 0, 0.231, 1 ]
					},
					{
						"time": 2.9,
						"x": 0.79,
						"y": 0.79,
						"curve": [ 0.25, 0, 0.75, 1 ]
					},
					{
						"time": 3.4,
						"x": 0.515,
						"y": 0.515,
						"curve": [ 0.25, 0, 0.231, 1 ]
					},
					{
						"time": 3.9,
						"x": 0.762,
						"y": 0.762,
						"curve": [ 0.25, 0, 0.75, 1 ]
					},
					{
						"time": 4.3666,
						"x": 0.515,
						"y": 0.515,
						"curve": [ 0.25, 0, 0.231, 1 ]
					},
					{
						"time": 4.8666,
						"x": 0.79,
						"y": 0.79,
						"curve": [ 0.25, 0, 0.75, 1 ]
					},
					{
						"time": 5.3333,
						"x": 0.515,
						"y": 0.515,
						"curve": [ 0.25, 0, 0.231, 1 ]
					},
					{
						"time": 5.8,
						"x": 0.938,
						"y": 0.938,
						"curve": [ 0.25, 0, 0.75, 1 ]
					},
					{
						"time": 6.3,
						"x": 0.515,
						"y": 0.515,
						"curve": [ 0.25, 0, 0.231, 1 ]
					},
					{ "time": 6.8, "x": 1, "y": 1 }
				]
			},
			"lakelight27": {
				"rotate": [
					{ "time": 0, "angle": 0 }
				],
				"translate": [
					{ "time": 0, "x": 0.86, "y": 0 }
				],
				"scale": [
					{
						"time": 0,
						"x": 0.786,
						"y": 1.215,
						"curve": [ 0.37, 0.62, 0.709, 1 ]
					},
					{
						"time": 0.5,
						"x": 1.288,
						"y": 0.937,
						"curve": [ 0.25, 0, 0.75, 1 ]
					},
					{
						"time": 0.9666,
						"x": 0.894,
						"y": 0.583,
						"curve": [ 0.25, 0, 0.75, 1 ]
					},
					{
						"time": 1.4666,
						"x": 1.212,
						"y": 0.746,
						"curve": [ 0.25, 0, 0.75, 1 ]
					},
					{
						"time": 1.9333,
						"x": 0.727,
						"y": 0.514,
						"curve": [ 0.25, 0, 0.75, 1 ]
					},
					{
						"time": 2.4,
						"x": 1.234,
						"y": 0.978,
						"curve": [ 0.25, 0, 0.75, 1 ]
					},
					{
						"time": 2.9,
						"x": 0.852,
						"y": 0.525,
						"curve": [ 0.25, 0, 0.75, 1 ]
					},
					{
						"time": 3.4,
						"x": 1.445,
						"y": 1.099,
						"curve": [ 0.25, 0, 0.75, 1 ]
					},
					{
						"time": 3.9,
						"x": 0.682,
						"y": 0.582,
						"curve": [ 0.25, 0, 0.75, 1 ]
					},
					{
						"time": 4.3666,
						"x": 1.493,
						"y": 0.931,
						"curve": [ 0.25, 0, 0.75, 1 ]
					},
					{
						"time": 4.8666,
						"x": 0.761,
						"y": 0.648,
						"curve": [ 0.25, 0, 0.75, 1 ]
					},
					{
						"time": 5.3333,
						"x": 1.199,
						"y": 0.909,
						"curve": [ 0.25, 0, 0.75, 1 ]
					},
					{
						"time": 5.8,
						"x": 0.731,
						"y": 0.61,
						"curve": [ 0.25, 0, 0.75, 1 ]
					},
					{
						"time": 6.3,
						"x": 1.297,
						"y": 1.072,
						"curve": [ 0.25, 0, 0.75, 1 ]
					},
					{ "time": 6.8, "x": 0.786, "y": 1.215 }
				]
			},
			"lakelight24": {
				"rotate": [
					{ "time": 0, "angle": 0 }
				],
				"translate": [
					{ "time": 0, "x": -1.29, "y": -0.28 }
				],
				"scale": [
					{
						"time": 0,
						"x": 0.834,
						"y": 0.791,
						"curve": [ 0.37, 0.62, 0.709, 1 ]
					},
					{
						"time": 0.5,
						"x": 1.218,
						"y": 1.018,
						"curve": [ 0.25, 0, 0.75, 1 ]
					},
					{
						"time": 0.9666,
						"x": 0.866,
						"y": 0.78,
						"curve": [ 0.25, 0, 0.75, 1 ]
					},
					{
						"time": 1.4666,
						"x": 1.371,
						"y": 0.954,
						"curve": [ 0.25, 0, 0.75, 1 ]
					},
					{
						"time": 1.9333,
						"x": 0.975,
						"y": 0.843,
						"curve": [ 0.25, 0, 0.75, 1 ]
					},
					{
						"time": 2.4,
						"x": 1.543,
						"y": 1.168,
						"curve": [ 0.25, 0, 0.75, 1 ]
					},
					{
						"time": 2.9,
						"x": 0.86,
						"y": 0.759,
						"curve": [ 0.25, 0, 0.75, 1 ]
					},
					{
						"time": 3.4,
						"x": 1.267,
						"y": 1.099,
						"curve": [ 0.25, 0, 0.75, 1 ]
					},
					{
						"time": 3.9,
						"x": 0.652,
						"y": 0.556,
						"curve": [ 0.25, 0, 0.75, 1 ]
					},
					{
						"time": 4.3666,
						"x": 1.351,
						"y": 0.966,
						"curve": [ 0.25, 0, 0.75, 1 ]
					},
					{
						"time": 4.8666,
						"x": 0.794,
						"y": 0.812,
						"curve": [ 0.25, 0, 0.75, 1 ]
					},
					{
						"time": 5.3333,
						"x": 1.457,
						"y": 1.015,
						"curve": [ 0.25, 0, 0.75, 1 ]
					},
					{
						"time": 5.8,
						"x": 1.053,
						"y": 0.774,
						"curve": [ 0.25, 0, 0.75, 1 ]
					},
					{
						"time": 6.3,
						"x": 1.341,
						"y": 1.031,
						"curve": [ 0.25, 0, 0.75, 1 ]
					},
					{ "time": 6.8, "x": 0.834, "y": 0.791 }
				]
			},
			"Lakelight2": {
				"rotate": [
					{ "time": 0, "angle": 0 }
				],
				"translate": [
					{
						"time": 0,
						"x": -1.12,
						"y": 9.81,
						"curve": [ 0.25, 0, 0.75, 1 ]
					},
					{
						"time": 1.6666,
						"x": -4.91,
						"y": 12.34,
						"curve": [ 0.25, 0, 0.75, 1 ]
					},
					{
						"time": 3.3333,
						"x": -1.12,
						"y": 9.81,
						"curve": [ 0.25, 0, 0.75, 1 ]
					},
					{
						"time": 5,
						"x": -4.91,
						"y": 12.34,
						"curve": [ 0.25, 0, 0.75, 1 ]
					},
					{ "time": 6.8, "x": -1.12, "y": 9.81 }
				],
				"scale": [
					{ "time": 0, "x": 1, "y": 1 }
				]
			},
			"Lakelight": {
				"rotate": [
					{ "time": 0, "angle": 0 }
				],
				"translate": [
					{
						"time": 0,
						"x": 9.76,
						"y": -3.93,
						"curve": [ 0.379, 0.52, 0.746, 1 ]
					},
					{
						"time": 1.3333,
						"x": 6.83,
						"y": -0.7,
						"curve": [ 0.25, 0, 0.75, 1 ]
					},
					{
						"time": 2.6666,
						"x": 2.26,
						"y": -4.58,
						"curve": [ 0.25, 0, 0.75, 1 ]
					},
					{
						"time": 5.3,
						"x": 7.32,
						"y": -1.53,
						"curve": [ 0.246, 0, 0.631, 0.52 ]
					},
					{ "time": 6.8, "x": 9.76, "y": -3.93 }
				],
				"scale": [
					{ "time": 0, "x": 1, "y": 1 }
				]
			},
			"lakelight20": {
				"rotate": [
					{ "time": 0, "angle": 0 }
				],
				"translate": [
					{ "time": 0, "x": -1.29, "y": -0.28 }
				],
				"scale": [
					{
						"time": 0,
						"x": 0.789,
						"y": 0.789,
						"curve": [ 0.25, 0, 0.75, 1 ]
					},
					{
						"time": 0.5,
						"x": 1.288,
						"y": 0.937,
						"curve": [ 0.25, 0, 0.75, 1 ]
					},
					{
						"time": 0.9666,
						"x": 0.894,
						"y": 0.583,
						"curve": [ 0.25, 0, 0.75, 1 ]
					},
					{
						"time": 1.4666,
						"x": 1.212,
						"y": 0.746,
						"curve": [ 0.25, 0, 0.75, 1 ]
					},
					{
						"time": 1.9333,
						"x": 0.727,
						"y": 0.514,
						"curve": [ 0.25, 0, 0.75, 1 ]
					},
					{
						"time": 2.4,
						"x": 1.234,
						"y": 0.978,
						"curve": [ 0.25, 0, 0.75, 1 ]
					},
					{
						"time": 2.9,
						"x": 0.852,
						"y": 0.525,
						"curve": [ 0.25, 0, 0.75, 1 ]
					},
					{
						"time": 3.4,
						"x": 1.445,
						"y": 1.099,
						"curve": [ 0.25, 0, 0.75, 1 ]
					},
					{
						"time": 3.9,
						"x": 0.682,
						"y": 0.582,
						"curve": [ 0.25, 0, 0.75, 1 ]
					},
					{
						"time": 4.3666,
						"x": 1.493,
						"y": 0.931,
						"curve": [ 0.25, 0, 0.75, 1 ]
					},
					{
						"time": 4.8666,
						"x": 0.761,
						"y": 0.648,
						"curve": [ 0.25, 0, 0.75, 1 ]
					},
					{
						"time": 5.3333,
						"x": 1.199,
						"y": 0.909,
						"curve": [ 0.25, 0, 0.75, 1 ]
					},
					{
						"time": 5.8,
						"x": 0.731,
						"y": 0.61,
						"curve": [ 0.25, 0, 0.75, 1 ]
					},
					{
						"time": 6.3,
						"x": 1.297,
						"y": 1.072,
						"curve": [ 0.25, 0, 0.75, 1 ]
					},
					{ "time": 6.8, "x": 0.789, "y": 0.789 }
				]
			},
			"lakelight21": {
				"rotate": [
					{ "time": 0, "angle": 0 }
				],
				"translate": [
					{ "time": 0, "x": 0, "y": 0 }
				],
				"scale": [
					{
						"time": 0,
						"x": 0.789,
						"y": 0.789,
						"curve": [ 0.25, 0, 0.75, 1 ]
					},
					{
						"time": 0.5,
						"x": 0.515,
						"y": 0.515,
						"curve": [ 0.25, 0, 0.231, 1 ]
					},
					{
						"time": 0.9666,
						"x": 0.649,
						"y": 0.649,
						"curve": [ 0.25, 0, 0.75, 1 ]
					},
					{
						"time": 1.4666,
						"x": 0.515,
						"y": 0.515,
						"curve": [ 0.25, 0, 0.231, 1 ]
					},
					{
						"time": 1.9333,
						"x": 0.916,
						"y": 0.916,
						"curve": [ 0.25, 0, 0.75, 1 ]
					},
					{
						"time": 2.4,
						"x": 0.515,
						"y": 0.515,
						"curve": [ 0.25, 0, 0.231, 1 ]
					},
					{
						"time": 2.9,
						"x": 0.79,
						"y": 0.79,
						"curve": [ 0.25, 0, 0.75, 1 ]
					},
					{
						"time": 3.4,
						"x": 0.515,
						"y": 0.515,
						"curve": [ 0.25, 0, 0.231, 1 ]
					},
					{
						"time": 3.9,
						"x": 0.762,
						"y": 0.762,
						"curve": [ 0.25, 0, 0.75, 1 ]
					},
					{
						"time": 4.3666,
						"x": 0.515,
						"y": 0.515,
						"curve": [ 0.25, 0, 0.231, 1 ]
					},
					{
						"time": 4.8666,
						"x": 0.79,
						"y": 0.79,
						"curve": [ 0.25, 0, 0.75, 1 ]
					},
					{
						"time": 5.3333,
						"x": 0.515,
						"y": 0.515,
						"curve": [ 0.25, 0, 0.231, 1 ]
					},
					{
						"time": 5.8,
						"x": 0.938,
						"y": 0.938,
						"curve": [ 0.25, 0, 0.75, 1 ]
					},
					{
						"time": 6.3,
						"x": 0.515,
						"y": 0.515,
						"curve": [ 0.25, 0, 0.231, 1 ]
					},
					{ "time": 6.8, "x": 0.789, "y": 0.789 }
				]
			},
			"lakelight28": {
				"rotate": [
					{ "time": 0, "angle": 0 }
				],
				"translate": [
					{ "time": 0, "x": 0, "y": 0 }
				],
				"scale": [
					{
						"time": 0,
						"x": 1.054,
						"y": 1,
						"curve": [ 0.37, 0.62, 0.709, 1 ]
					},
					{
						"time": 0.5,
						"x": 0.515,
						"y": 0.515,
						"curve": [ 0.25, 0, 0.231, 1 ]
					},
					{
						"time": 0.9666,
						"x": 0.649,
						"y": 0.649,
						"curve": [ 0.25, 0, 0.75, 1 ]
					},
					{
						"time": 1.4666,
						"x": 0.515,
						"y": 0.515,
						"curve": [ 0.25, 0, 0.231, 1 ]
					},
					{
						"time": 1.9333,
						"x": 0.916,
						"y": 0.916,
						"curve": [ 0.25, 0, 0.75, 1 ]
					},
					{
						"time": 2.4,
						"x": 0.515,
						"y": 0.515,
						"curve": [ 0.25, 0, 0.231, 1 ]
					},
					{
						"time": 2.9,
						"x": 0.79,
						"y": 0.79,
						"curve": [ 0.25, 0, 0.75, 1 ]
					},
					{
						"time": 3.4,
						"x": 0.515,
						"y": 0.515,
						"curve": [ 0.25, 0, 0.231, 1 ]
					},
					{
						"time": 3.9,
						"x": 0.762,
						"y": 0.762,
						"curve": [ 0.25, 0, 0.75, 1 ]
					},
					{
						"time": 4.3666,
						"x": 0.515,
						"y": 0.515,
						"curve": [ 0.25, 0, 0.231, 1 ]
					},
					{
						"time": 4.8666,
						"x": 0.79,
						"y": 0.79,
						"curve": [ 0.25, 0, 0.75, 1 ]
					},
					{
						"time": 5.3333,
						"x": 0.515,
						"y": 0.515,
						"curve": [ 0.25, 0, 0.231, 1 ]
					},
					{
						"time": 5.8,
						"x": 0.938,
						"y": 0.938,
						"curve": [ 0.25, 0, 0.75, 1 ]
					},
					{
						"time": 6.3,
						"x": 0.515,
						"y": 0.515,
						"curve": [ 0.25, 0, 0.231, 1 ]
					},
					{ "time": 6.8, "x": 1.054, "y": 1 }
				]
			},
			"lakelight31": {
				"rotate": [
					{ "time": 0, "angle": 0 }
				],
				"translate": [
					{ "time": 0, "x": 0, "y": 0 }
				],
				"scale": [
					{
						"time": 0,
						"x": 0.834,
						"y": 0.791,
						"curve": [ 0.37, 0.62, 0.709, 1 ]
					},
					{
						"time": 0.5,
						"x": 1.218,
						"y": 1.018,
						"curve": [ 0.25, 0, 0.75, 1 ]
					},
					{
						"time": 0.9666,
						"x": 0.866,
						"y": 0.78,
						"curve": [ 0.25, 0, 0.75, 1 ]
					},
					{
						"time": 1.4666,
						"x": 1.371,
						"y": 0.954,
						"curve": [ 0.25, 0, 0.75, 1 ]
					},
					{
						"time": 1.9333,
						"x": 0.975,
						"y": 0.843,
						"curve": [ 0.25, 0, 0.75, 1 ]
					},
					{
						"time": 2.4,
						"x": 1.543,
						"y": 1.168,
						"curve": [ 0.25, 0, 0.75, 1 ]
					},
					{
						"time": 2.9,
						"x": 0.86,
						"y": 0.759,
						"curve": [ 0.25, 0, 0.75, 1 ]
					},
					{
						"time": 3.4,
						"x": 1.267,
						"y": 1.099,
						"curve": [ 0.25, 0, 0.75, 1 ]
					},
					{
						"time": 3.9,
						"x": 0.652,
						"y": 0.556,
						"curve": [ 0.25, 0, 0.75, 1 ]
					},
					{
						"time": 4.3666,
						"x": 1.351,
						"y": 0.966,
						"curve": [ 0.25, 0, 0.75, 1 ]
					},
					{
						"time": 4.8666,
						"x": 0.794,
						"y": 0.812,
						"curve": [ 0.25, 0, 0.75, 1 ]
					},
					{
						"time": 5.3333,
						"x": 1.457,
						"y": 1.015,
						"curve": [ 0.25, 0, 0.75, 1 ]
					},
					{
						"time": 5.8,
						"x": 1.053,
						"y": 0.774,
						"curve": [ 0.25, 0, 0.75, 1 ]
					},
					{
						"time": 6.3,
						"x": 1.341,
						"y": 1.031,
						"curve": [ 0.25, 0, 0.75, 1 ]
					},
					{ "time": 6.8, "x": 0.834, "y": 0.791 }
				]
			},
			"lakelight30": {
				"rotate": [
					{ "time": 0, "angle": 0 }
				],
				"translate": [
					{ "time": 0, "x": 0, "y": 0 }
				],
				"scale": [
					{
						"time": 0,
						"x": 0.839,
						"y": 0.796,
						"curve": [ 0.25, 0, 0.75, 1 ]
					},
					{
						"time": 0.5,
						"x": 1.511,
						"y": 1.099,
						"curve": [ 0.25, 0, 0.75, 1 ]
					},
					{
						"time": 0.9666,
						"x": 1.052,
						"y": 0.686,
						"curve": [ 0.25, 0, 0.75, 1 ]
					},
					{
						"time": 1.4666,
						"x": 2.06,
						"y": 1.129,
						"curve": [ 0.25, 0, 0.75, 1 ]
					},
					{
						"time": 1.9333,
						"x": 1.172,
						"y": 0.828,
						"curve": [ 0.25, 0, 0.75, 1 ]
					},
					{
						"time": 2.4,
						"x": 1.646,
						"y": 0.936,
						"curve": [ 0.25, 0, 0.75, 1 ]
					},
					{
						"time": 2.9,
						"x": 1.423,
						"y": 0.877,
						"curve": [ 0.25, 0, 0.75, 1 ]
					},
					{
						"time": 3.4,
						"x": 1.646,
						"y": 0.936,
						"curve": [ 0.25, 0, 0.75, 1 ]
					},
					{
						"time": 3.9,
						"x": 1.358,
						"y": 1.158,
						"curve": [ 0.25, 0, 0.75, 1 ]
					},
					{
						"time": 4.3666,
						"x": 1.646,
						"y": 0.936,
						"curve": [ 0.25, 0, 0.75, 1 ]
					},
					{
						"time": 4.8666,
						"x": 1.06,
						"y": 0.903,
						"curve": [ 0.25, 0, 0.75, 1 ]
					},
					{
						"time": 5.3333,
						"x": 1.707,
						"y": 1.129,
						"curve": [ 0.25, 0, 0.75, 1 ]
					},
					{
						"time": 5.8,
						"x": 1.198,
						"y": 0.835,
						"curve": [ 0.25, 0, 0.75, 1 ]
					},
					{
						"time": 6.3,
						"x": 1.129,
						"y": 1.129,
						"curve": [ 0.25, 0, 0.75, 1 ]
					},
					{ "time": 6.8, "x": 0.839, "y": 0.796 }
				]
			},
			"light11": {
				"rotate": [
					{ "time": 0, "angle": 0 }
				],
				"translate": [
					{ "time": 0, "x": 0, "y": 7.39 }
				],
				"scale": [
					{ "time": 0, "x": 0.142, "y": 0.134, "curve": "stepped" },
					{
						"time": 0.1666,
						"x": 0.142,
						"y": 0.134,
						"curve": [ 0, 0, 0.383, 1 ]
					},
					{
						"time": 0.5,
						"x": 1.315,
						"y": 1.646,
						"curve": [ 0.558, 0, 0.995, 1 ]
					},
					{ "time": 0.8333, "x": 0.142, "y": 0.134 }
				]
			},
			"light12": {
				"rotate": [
					{ "time": 0, "angle": 0 }
				],
				"translate": [
					{ "time": 0, "x": 0, "y": 0 }
				],
				"scale": [
					{ "time": 0, "x": 0.142, "y": 0.134, "curve": "stepped" },
					{
						"time": 0.6333,
						"x": 0.142,
						"y": 0.134,
						"curve": [ 0, 0, 0.383, 1 ]
					},
					{
						"time": 0.9666,
						"x": 1.318,
						"y": 1.65,
						"curve": [ 0.558, 0, 0.995, 1 ]
					},
					{ "time": 1.3, "x": 0.142, "y": 0.134, "curve": "stepped" },
					{
						"time": 4.0333,
						"x": 0.142,
						"y": 0.134,
						"curve": [ 0, 0, 0.383, 1 ]
					},
					{
						"time": 4.3666,
						"x": 1.318,
						"y": 1.65,
						"curve": [ 0.558, 0, 0.995, 1 ]
					},
					{ "time": 4.7, "x": 0.142, "y": 0.134 }
				]
			},
			"light13": {
				"rotate": [
					{ "time": 0, "angle": 0 }
				],
				"translate": [
					{ "time": 0, "x": 0, "y": 0 }
				],
				"scale": [
					{
						"time": 0,
						"x": 1.284,
						"y": 1.607,
						"curve": [ 0.558, 0, 0.995, 1 ]
					},
					{ "time": 0.3333, "x": 0.142, "y": 0.134, "curve": "stepped" },
					{
						"time": 2.0666,
						"x": 0.142,
						"y": 0.134,
						"curve": [ 0, 0, 0.383, 1 ]
					},
					{
						"time": 2.4,
						"x": 1.284,
						"y": 1.607,
						"curve": [ 0.558, 0, 0.995, 1 ]
					},
					{ "time": 2.7333, "x": 0.142, "y": 0.134, "curve": "stepped" },
					{
						"time": 6.4666,
						"x": 0.142,
						"y": 0.134,
						"curve": [ 0, 0, 0.383, 1 ]
					},
					{ "time": 6.8, "x": 1.284, "y": 1.607 }
				]
			},
			"light14": {
				"rotate": [
					{ "time": 0, "angle": 0 }
				],
				"translate": [
					{ "time": 0, "x": 0, "y": 0 }
				],
				"scale": [
					{ "time": 0, "x": 0.142, "y": 0.134, "curve": "stepped" },
					{
						"time": 1.6333,
						"x": 0.142,
						"y": 0.134,
						"curve": [ 0, 0, 0.383, 1 ]
					},
					{
						"time": 1.9666,
						"x": 1.573,
						"y": 1.969,
						"curve": [ 0.558, 0, 0.995, 1 ]
					},
					{ "time": 2.3, "x": 0.142, "y": 0.134 }
				]
			},
			"light15": {
				"rotate": [
					{ "time": 0, "angle": 0 }
				],
				"translate": [
					{ "time": 0, "x": 0, "y": 0 }
				],
				"scale": [
					{ "time": 0, "x": 0.142, "y": 0.134, "curve": "stepped" },
					{
						"time": 0.6333,
						"x": 0.142,
						"y": 0.134,
						"curve": [ 0, 0, 0.383, 1 ]
					},
					{
						"time": 0.9666,
						"x": 0.673,
						"y": 0.842,
						"curve": [ 0.558, 0, 0.995, 1 ]
					},
					{ "time": 1.3, "x": 0.142, "y": 0.134, "curve": "stepped" },
					{
						"time": 3.5666,
						"x": 0.142,
						"y": 0.134,
						"curve": [ 0, 0, 0.383, 1 ]
					},
					{
						"time": 3.9,
						"x": 0.673,
						"y": 0.842,
						"curve": [ 0.558, 0, 0.995, 1 ]
					},
					{ "time": 4.2333, "x": 0.142, "y": 0.134 }
				]
			},
			"light16": {
				"rotate": [
					{ "time": 0, "angle": 0 }
				],
				"translate": [
					{ "time": 0, "x": 0, "y": 0 }
				],
				"scale": [
					{ "time": 0, "x": 0.142, "y": 0.134, "curve": "stepped" },
					{
						"time": 4.5333,
						"x": 0.142,
						"y": 0.134,
						"curve": [ 0, 0, 0.383, 1 ]
					},
					{
						"time": 4.8666,
						"x": 0.673,
						"y": 0.842,
						"curve": [ 0.558, 0, 0.995, 1 ]
					},
					{ "time": 5.2, "x": 0.142, "y": 0.134 }
				]
			},
			"lakelight9": {
				"rotate": [
					{ "time": 0, "angle": 0 }
				],
				"translate": [
					{ "time": 0, "x": 0, "y": 0 }
				],
				"scale": [
					{
						"time": 0,
						"x": 1,
						"y": 1,
						"curve": [ 0.25, 0, 0.75, 1 ]
					},
					{
						"time": 0.5,
						"x": 0.515,
						"y": 0.515,
						"curve": [ 0.25, 0, 0.231, 1 ]
					},
					{
						"time": 0.9666,
						"x": 0.649,
						"y": 0.892,
						"curve": [ 0.25, 0, 0.75, 1 ]
					},
					{
						"time": 1.4666,
						"x": 0.515,
						"y": 0.515,
						"curve": [ 0.25, 0, 0.231, 1 ]
					},
					{
						"time": 1.9333,
						"x": 0.916,
						"y": 0.916,
						"curve": [ 0.25, 0, 0.75, 1 ]
					},
					{
						"time": 2.4,
						"x": 0.515,
						"y": 0.515,
						"curve": [ 0.25, 0, 0.231, 1 ]
					},
					{
						"time": 2.9,
						"x": 0.79,
						"y": 0.79,
						"curve": [ 0.25, 0, 0.75, 1 ]
					},
					{
						"time": 3.4,
						"x": 0.515,
						"y": 0.515,
						"curve": [ 0.25, 0, 0.231, 1 ]
					},
					{
						"time": 3.9,
						"x": 0.762,
						"y": 0.762,
						"curve": [ 0.25, 0, 0.75, 1 ]
					},
					{
						"time": 4.3666,
						"x": 0.515,
						"y": 0.515,
						"curve": [ 0.25, 0, 0.231, 1 ]
					},
					{
						"time": 4.8666,
						"x": 0.79,
						"y": 0.79,
						"curve": [ 0.25, 0, 0.75, 1 ]
					},
					{
						"time": 5.3333,
						"x": 0.515,
						"y": 0.697,
						"curve": [ 0.25, 0, 0.231, 1 ]
					},
					{
						"time": 5.8,
						"x": 0.938,
						"y": 0.938,
						"curve": [ 0.25, 0, 0.75, 1 ]
					},
					{
						"time": 6.3,
						"x": 0.515,
						"y": 0.515,
						"curve": [ 0.25, 0, 0.231, 1 ]
					},
					{ "time": 6.8, "x": 1, "y": 1 }
				]
			},
			"light4": {
				"rotate": [
					{ "time": 0, "angle": 0 }
				],
				"translate": [
					{ "time": 0, "x": 0, "y": 0 }
				],
				"scale": [
					{ "time": 0, "x": 0.142, "y": 0.134, "curve": "stepped" },
					{
						"time": 5.4666,
						"x": 0.142,
						"y": 0.134,
						"curve": [ 0, 0, 0.383, 1 ]
					},
					{
						"time": 5.8,
						"x": 1.023,
						"y": 1.28,
						"curve": [ 0.558, 0, 0.995, 1 ]
					},
					{ "time": 6.1333, "x": 0.142, "y": 0.134 }
				]
			},
			"light2": {
				"rotate": [
					{ "time": 0, "angle": 0 }
				],
				"translate": [
					{ "time": 0, "x": 0, "y": 0 }
				],
				"scale": [
					{ "time": 0, "x": 0.142, "y": 0.134, "curve": "stepped" },
					{
						"time": 0.1666,
						"x": 0.142,
						"y": 0.134,
						"curve": [ 0, 0, 0.383, 1 ]
					},
					{
						"time": 0.5,
						"x": 1.023,
						"y": 1.28,
						"curve": [ 0.558, 0, 0.995, 1 ]
					},
					{ "time": 0.8333, "x": 0.142, "y": 0.134, "curve": "stepped" },
					{
						"time": 4.5333,
						"x": 0.142,
						"y": 0.134,
						"curve": [ 0, 0, 0.383, 1 ]
					},
					{
						"time": 4.8666,
						"x": 1.023,
						"y": 1.28,
						"curve": [ 0.558, 0, 0.995, 1 ]
					},
					{ "time": 5.2, "x": 0.142, "y": 0.134 }
				]
			},
			"light3": {
				"rotate": [
					{ "time": 0, "angle": 0 }
				],
				"translate": [
					{ "time": 0, "x": 0, "y": 0 }
				],
				"scale": [
					{ "time": 0, "x": 0.142, "y": 0.134, "curve": "stepped" },
					{
						"time": 0.1666,
						"x": 0.142,
						"y": 0.134,
						"curve": [ 0, 0, 0.383, 1 ]
					},
					{
						"time": 0.5,
						"x": 1.023,
						"y": 1.28,
						"curve": [ 0.558, 0, 0.995, 1 ]
					},
					{ "time": 0.8333, "x": 0.142, "y": 0.134 }
				]
			},
			"lakelight10": {
				"rotate": [
					{ "time": 0, "angle": 0 }
				],
				"translate": [
					{ "time": 0, "x": 0, "y": 0 }
				],
				"scale": [
					{
						"time": 0,
						"x": 0.786,
						"y": 1.215,
						"curve": [ 0.37, 0.62, 0.709, 1 ]
					},
					{
						"time": 0.5,
						"x": 1.121,
						"y": 1.272,
						"curve": [ 0.25, 0, 0.75, 1 ]
					},
					{
						"time": 0.9666,
						"x": 0.894,
						"y": 0.583,
						"curve": [ 0.25, 0, 0.75, 1 ]
					},
					{
						"time": 1.4666,
						"x": 1.212,
						"y": 0.746,
						"curve": [ 0.25, 0, 0.75, 1 ]
					},
					{
						"time": 1.9333,
						"x": 0.727,
						"y": 0.514,
						"curve": [ 0.25, 0, 0.75, 1 ]
					},
					{
						"time": 2.4,
						"x": 1.234,
						"y": 0.978,
						"curve": [ 0.25, 0, 0.75, 1 ]
					},
					{
						"time": 2.9,
						"x": 0.852,
						"y": 0.525,
						"curve": [ 0.25, 0, 0.75, 1 ]
					},
					{
						"time": 3.4,
						"x": 1.445,
						"y": 1.863,
						"curve": [ 0.25, 0, 0.75, 1 ]
					},
					{
						"time": 3.9,
						"x": 0.682,
						"y": 0.582,
						"curve": [ 0.25, 0, 0.75, 1 ]
					},
					{
						"time": 4.3666,
						"x": 1.493,
						"y": 1.349,
						"curve": [ 0.25, 0, 0.75, 1 ]
					},
					{
						"time": 4.8666,
						"x": 0.761,
						"y": 0.648,
						"curve": [ 0.25, 0, 0.75, 1 ]
					},
					{
						"time": 5.3333,
						"x": 1.199,
						"y": 1.192,
						"curve": [ 0.25, 0, 0.75, 1 ]
					},
					{
						"time": 5.8,
						"x": 0.731,
						"y": 0.61,
						"curve": [ 0.25, 0, 0.75, 1 ]
					},
					{
						"time": 6.3,
						"x": 1.297,
						"y": 1.28,
						"curve": [ 0.25, 0, 0.75, 1 ]
					},
					{ "time": 6.8, "x": 0.786, "y": 1.215 }
				]
			},
			"lakelight11": {
				"rotate": [
					{ "time": 0, "angle": 0 }
				],
				"translate": [
					{ "time": 0, "x": 0, "y": 0 }
				],
				"scale": [
					{
						"time": 0,
						"x": 1.054,
						"y": 1,
						"curve": [ 0.37, 0.62, 0.709, 1 ]
					},
					{
						"time": 0.5,
						"x": 0.515,
						"y": 0.515,
						"curve": [ 0.25, 0, 0.231, 1 ]
					},
					{
						"time": 0.9666,
						"x": 0.826,
						"y": 1.16,
						"curve": [ 0.25, 0, 0.75, 1 ]
					},
					{
						"time": 1.4666,
						"x": 0.515,
						"y": 0.515,
						"curve": [ 0.25, 0, 0.231, 1 ]
					},
					{
						"time": 1.9333,
						"x": 0.916,
						"y": 0.916,
						"curve": [ 0.25, 0, 0.75, 1 ]
					},
					{
						"time": 2.4,
						"x": 0.515,
						"y": 0.515,
						"curve": [ 0.25, 0, 0.231, 1 ]
					},
					{
						"time": 2.9,
						"x": 0.79,
						"y": 0.79,
						"curve": [ 0.25, 0, 0.75, 1 ]
					},
					{
						"time": 3.4,
						"x": 0.515,
						"y": 0.515,
						"curve": [ 0.25, 0, 0.231, 1 ]
					},
					{
						"time": 3.9,
						"x": 0.762,
						"y": 0.762,
						"curve": [ 0.25, 0, 0.75, 1 ]
					},
					{
						"time": 4.3666,
						"x": 0.515,
						"y": 0.515,
						"curve": [ 0.25, 0, 0.231, 1 ]
					},
					{
						"time": 4.8666,
						"x": 0.79,
						"y": 0.79,
						"curve": [ 0.25, 0, 0.75, 1 ]
					},
					{
						"time": 5.3333,
						"x": 0.515,
						"y": 0.515,
						"curve": [ 0.25, 0, 0.231, 1 ]
					},
					{
						"time": 5.8,
						"x": 0.938,
						"y": 0.938,
						"curve": [ 0.25, 0, 0.75, 1 ]
					},
					{
						"time": 6.3,
						"x": 0.515,
						"y": 0.515,
						"curve": [ 0.25, 0, 0.231, 1 ]
					},
					{ "time": 6.8, "x": 1.054, "y": 1 }
				]
			},
			"lakelight12": {
				"rotate": [
					{ "time": 0, "angle": 0 }
				],
				"translate": [
					{ "time": 0, "x": 0, "y": 0 }
				],
				"scale": [
					{
						"time": 0,
						"x": 0.789,
						"y": 0.789,
						"curve": [ 0.25, 0, 0.75, 1 ]
					},
					{
						"time": 0.5,
						"x": 1.288,
						"y": 0.937,
						"curve": [ 0.25, 0, 0.75, 1 ]
					},
					{
						"time": 0.9666,
						"x": 0.894,
						"y": 0.583,
						"curve": [ 0.25, 0, 0.75, 1 ]
					},
					{
						"time": 1.4666,
						"x": 1.212,
						"y": 0.746,
						"curve": [ 0.25, 0, 0.75, 1 ]
					},
					{
						"time": 1.9333,
						"x": 0.727,
						"y": 0.514,
						"curve": [ 0.25, 0, 0.75, 1 ]
					},
					{
						"time": 2.4,
						"x": 1.234,
						"y": 0.978,
						"curve": [ 0.25, 0, 0.75, 1 ]
					},
					{
						"time": 2.9,
						"x": 0.852,
						"y": 0.525,
						"curve": [ 0.25, 0, 0.75, 1 ]
					},
					{
						"time": 3.4,
						"x": 1.445,
						"y": 1.099,
						"curve": [ 0.25, 0, 0.75, 1 ]
					},
					{
						"time": 3.9,
						"x": 0.682,
						"y": 0.582,
						"curve": [ 0.25, 0, 0.75, 1 ]
					},
					{
						"time": 4.3666,
						"x": 1.493,
						"y": 0.931,
						"curve": [ 0.25, 0, 0.75, 1 ]
					},
					{
						"time": 4.8666,
						"x": 0.761,
						"y": 0.648,
						"curve": [ 0.25, 0, 0.75, 1 ]
					},
					{
						"time": 5.3333,
						"x": 1.199,
						"y": 0.909,
						"curve": [ 0.25, 0, 0.75, 1 ]
					},
					{
						"time": 5.8,
						"x": 0.731,
						"y": 0.61,
						"curve": [ 0.25, 0, 0.75, 1 ]
					},
					{
						"time": 6.3,
						"x": 1.297,
						"y": 1.072,
						"curve": [ 0.25, 0, 0.75, 1 ]
					},
					{ "time": 6.8, "x": 0.789, "y": 0.789 }
				]
			},
			"light5": {
				"rotate": [
					{ "time": 0, "angle": 0 }
				],
				"translate": [
					{ "time": 0, "x": 0, "y": 0 }
				],
				"scale": [
					{ "time": 0, "x": 0.142, "y": 0.134, "curve": "stepped" },
					{
						"time": 5.4666,
						"x": 0.142,
						"y": 0.134,
						"curve": [ 0, 0, 0.383, 1 ]
					},
					{
						"time": 5.8,
						"x": 0.807,
						"y": 1.011,
						"curve": [ 0.558, 0, 0.995, 1 ]
					},
					{ "time": 6.1333, "x": 0.142, "y": 0.134 }
				]
			},
			"light6": {
				"rotate": [
					{ "time": 0, "angle": 0 }
				],
				"translate": [
					{ "time": 0, "x": 0, "y": 0 }
				],
				"scale": [
					{ "time": 0, "x": 0.142, "y": 0.134, "curve": "stepped" },
					{
						"time": 1.1333,
						"x": 0.142,
						"y": 0.134,
						"curve": [ 0, 0, 0.383, 1 ]
					},
					{
						"time": 1.4666,
						"x": 1.02,
						"y": 1.277,
						"curve": [ 0.558, 0, 0.995, 1 ]
					},
					{ "time": 1.8, "x": 0.142, "y": 0.134 }
				]
			},
			"sealianyi/mesh2/4": {
				"rotate": [
					{ "time": 0, "angle": 0 }
				],
				"translate": [
					{ "time": 0, "x": -26.25, "y": 98.68, "curve": "stepped" },
					{
						"time": 2.1333,
						"x": -26.25,
						"y": 98.68,
						"curve": [ 0, 0, 0.312, 0.99 ]
					},
					{ "time": 4.8, "x": -14.14, "y": 56.32 }
				],
				"scale": [
					{ "time": 0, "x": 1.659, "y": 1.205, "curve": "stepped" },
					{
						"time": 2.1333,
						"x": 1.659,
						"y": 1.205,
						"curve": [ 0.514, 0, 0.765, 1 ]
					},
					{ "time": 4.8, "x": 0.614, "y": 0.773 }
				]
			},
			"sealianyi/mesh2/5": {
				"rotate": [
					{ "time": 0, "angle": -9.07, "curve": "stepped" },
					{
						"time": 0.4666,
						"angle": -9.07,
						"curve": [ 0, 0, 0.524, 0.99 ]
					},
					{ "time": 3.3333, "angle": -5.27 }
				],
				"translate": [
					{ "time": 0, "x": -45.71, "y": 85.39, "curve": "stepped" },
					{
						"time": 0.4666,
						"x": -45.71,
						"y": 85.39,
						"curve": [ 0, 0, 0.312, 0.99 ]
					},
					{ "time": 3.3333, "x": -38.66, "y": 43.09 }
				],
				"scale": [
					{ "time": 0, "x": 1.245, "y": 1.236, "curve": "stepped" },
					{
						"time": 0.4666,
						"x": 1.245,
						"y": 1.236,
						"curve": [ 0.514, 0, 0.765, 1 ]
					},
					{ "time": 3.3333, "x": 0.401, "y": 0.649 }
				]
			},
			"sealianyi/mesh3/3": {
				"rotate": [
					{ "time": 0, "angle": 3.94 }
				],
				"translate": [
					{ "time": 0, "x": -35.67, "y": 25.77, "curve": "stepped" },
					{
						"time": 1,
						"x": -35.67,
						"y": 25.77,
						"curve": [ 0, 0, 0.502, 1 ]
					},
					{ "time": 3.3333, "x": -17.87, "y": -17.18 }
				],
				"scale": [
					{ "time": 0, "x": 2.229, "y": 1.564, "curve": "stepped" },
					{
						"time": 1,
						"x": 2.229,
						"y": 1.564,
						"curve": [ 0.468, 0, 0.845, 1 ]
					},
					{ "time": 3.3333, "x": 0.675, "y": 0.95 }
				]
			},
			"sealianyi/mesh3/6": {
				"rotate": [
					{ "time": 0, "angle": -2.06, "curve": "stepped" },
					{ "time": 3.4, "angle": -2.06 }
				],
				"translate": [
					{ "time": 0, "x": -2.84, "y": 8.05, "curve": "stepped" },
					{
						"time": 3.4,
						"x": -2.84,
						"y": 8.05,
						"curve": [ 0, 0, 0.494, 1 ]
					},
					{ "time": 5.6666, "x": -0.1, "y": -21.66 }
				],
				"scale": [
					{ "time": 0, "x": 1.504, "y": 1.504, "curve": "stepped" },
					{
						"time": 3.4,
						"x": 1.504,
						"y": 1.504,
						"curve": [ 0.453, 0, 0.837, 1 ]
					},
					{ "time": 5.6666, "x": 0.384, "y": 0.542 }
				]
			},
			"lakelight14": {
				"rotate": [
					{ "time": 0, "angle": 0 }
				],
				"translate": [
					{ "time": 0, "x": 0, "y": 0 }
				],
				"scale": [
					{
						"time": 0,
						"x": 0.834,
						"y": 0.791,
						"curve": [ 0.37, 0.62, 0.709, 1 ]
					},
					{
						"time": 0.5,
						"x": 1.066,
						"y": 1.018,
						"curve": [ 0.25, 0, 0.75, 1 ]
					},
					{
						"time": 0.9666,
						"x": 0.866,
						"y": 0.78,
						"curve": [ 0.25, 0, 0.75, 1 ]
					},
					{
						"time": 1.4333,
						"x": 1.19,
						"y": 1.115,
						"curve": [ 0.25, 0, 0.75, 1 ]
					},
					{
						"time": 1.9333,
						"x": 0.975,
						"y": 0.843,
						"curve": [ 0.25, 0, 0.75, 1 ]
					},
					{
						"time": 2.4,
						"x": 1.104,
						"y": 1.168,
						"curve": [ 0.25, 0, 0.75, 1 ]
					},
					{
						"time": 2.9,
						"x": 0.86,
						"y": 0.759,
						"curve": [ 0.25, 0, 0.75, 1 ]
					},
					{
						"time": 3.4,
						"x": 1.267,
						"y": 1.099,
						"curve": [ 0.25, 0, 0.75, 1 ]
					},
					{
						"time": 3.9,
						"x": 0.652,
						"y": 0.556,
						"curve": [ 0.25, 0, 0.75, 1 ]
					},
					{
						"time": 4.3666,
						"x": 1.351,
						"y": 0.966,
						"curve": [ 0.25, 0, 0.75, 1 ]
					},
					{
						"time": 4.8666,
						"x": 0.794,
						"y": 0.812,
						"curve": [ 0.25, 0, 0.75, 1 ]
					},
					{
						"time": 5.3333,
						"x": 1.457,
						"y": 1.015,
						"curve": [ 0.25, 0, 0.75, 1 ]
					},
					{
						"time": 5.8,
						"x": 1.053,
						"y": 0.774,
						"curve": [ 0.25, 0, 0.75, 1 ]
					},
					{
						"time": 6.2666,
						"x": 1.066,
						"y": 1.031,
						"curve": [ 0.25, 0, 0.75, 1 ]
					},
					{ "time": 6.8, "x": 0.834, "y": 0.791 }
				]
			},
			"lakelight13": {
				"rotate": [
					{ "time": 0, "angle": 0 }
				],
				"translate": [
					{ "time": 0, "x": 0, "y": 0 }
				],
				"scale": [
					{
						"time": 0,
						"x": 1,
						"y": 1,
						"curve": [ 0.25, 0, 0.75, 1 ]
					},
					{
						"time": 0.5,
						"x": 0.515,
						"y": 0.515,
						"curve": [ 0.25, 0, 0.231, 1 ]
					},
					{
						"time": 0.9666,
						"x": 0.826,
						"y": 1.16,
						"curve": [ 0.25, 0, 0.75, 1 ]
					},
					{
						"time": 1.4333,
						"x": 0.515,
						"y": 0.515,
						"curve": [ 0.25, 0, 0.231, 1 ]
					},
					{
						"time": 1.9333,
						"x": 0.916,
						"y": 0.916,
						"curve": [ 0.25, 0, 0.75, 1 ]
					},
					{
						"time": 2.4,
						"x": 0.515,
						"y": 0.515,
						"curve": [ 0.25, 0, 0.231, 1 ]
					},
					{
						"time": 2.9,
						"x": 0.79,
						"y": 0.79,
						"curve": [ 0.25, 0, 0.75, 1 ]
					},
					{
						"time": 3.4,
						"x": 0.515,
						"y": 0.515,
						"curve": [ 0.25, 0, 0.231, 1 ]
					},
					{
						"time": 3.9,
						"x": 0.762,
						"y": 0.762,
						"curve": [ 0.25, 0, 0.75, 1 ]
					},
					{
						"time": 4.3666,
						"x": 0.515,
						"y": 0.515,
						"curve": [ 0.25, 0, 0.231, 1 ]
					},
					{
						"time": 4.8666,
						"x": 0.79,
						"y": 0.79,
						"curve": [ 0.25, 0, 0.75, 1 ]
					},
					{
						"time": 5.3333,
						"x": 0.515,
						"y": 0.515,
						"curve": [ 0.25, 0, 0.231, 1 ]
					},
					{
						"time": 5.8,
						"x": 0.938,
						"y": 0.938,
						"curve": [ 0.25, 0, 0.75, 1 ]
					},
					{
						"time": 6.2666,
						"x": 0.515,
						"y": 0.515,
						"curve": [ 0.25, 0, 0.75, 1 ]
					},
					{ "time": 6.8, "x": 1, "y": 1 }
				]
			},
			"light8": {
				"rotate": [
					{ "time": 0, "angle": 0 }
				],
				"translate": [
					{ "time": 0, "x": 0, "y": 0 }
				],
				"scale": [
					{ "time": 0, "x": 0.142, "y": 0.134, "curve": "stepped" },
					{
						"time": 5.9333,
						"x": 0.142,
						"y": 0.134,
						"curve": [ 0, 0, 0.383, 1 ]
					},
					{
						"time": 6.2666,
						"x": 0.846,
						"y": 1.06,
						"curve": [ 0.558, 0, 0.995, 1 ]
					},
					{ "time": 6.6, "x": 0.142, "y": 0.134 }
				]
			},
			"light7": {
				"rotate": [
					{ "time": 0, "angle": 0 }
				],
				"translate": [
					{ "time": 0, "x": 0, "y": 0 }
				],
				"scale": [
					{ "time": 0, "x": 0.142, "y": 0.134, "curve": "stepped" },
					{
						"time": 0.1666,
						"x": 0.142,
						"y": 0.134,
						"curve": [ 0, 0, 0.383, 1 ]
					},
					{
						"time": 0.5,
						"x": 0.846,
						"y": 1.06,
						"curve": [ 0.558, 0, 0.995, 1 ]
					},
					{ "time": 0.8333, "x": 0.142, "y": 0.134 }
				]
			},
			"lights2": {
				"rotate": [
					{ "time": 0, "angle": 0 }
				],
				"translate": [
					{
						"time": 0,
						"x": -2.31,
						"y": 10.3,
						"curve": [ 0.382, 0.55, 0.739, 1 ]
					},
					{
						"time": 0.7,
						"x": -1.12,
						"y": 9.81,
						"curve": [ 0.25, 0, 0.75, 1 ]
					},
					{
						"time": 2.3333,
						"x": -4.91,
						"y": 12.34,
						"curve": [ 0.25, 0, 0.75, 1 ]
					},
					{
						"time": 4,
						"x": 1.72,
						"y": 6.4,
						"curve": [ 0.25, 0, 0.75, 1 ]
					},
					{
						"time": 5.6666,
						"x": -4.74,
						"y": 11.28,
						"curve": [ 0.244, 0, 0.641, 0.57 ]
					},
					{ "time": 6.8, "x": -2.31, "y": 10.3 }
				],
				"scale": [
					{ "time": 0, "x": 1, "y": 1 }
				]
			},
			"lights": {
				"rotate": [
					{ "time": 0, "angle": 0 }
				],
				"translate": [
					{
						"time": 0,
						"x": -1.12,
						"y": 9.81,
						"curve": [ 0.25, 0, 0.75, 1 ]
					},
					{
						"time": 1.6666,
						"x": -4.91,
						"y": 12.34,
						"curve": [ 0.25, 0, 0.75, 1 ]
					},
					{
						"time": 3.3333,
						"x": -0.15,
						"y": 8.74,
						"curve": [ 0.25, 0, 0.75, 1 ]
					},
					{
						"time": 5,
						"x": -4.74,
						"y": 11.28,
						"curve": [ 0.25, 0, 0.75, 1 ]
					},
					{ "time": 6.8, "x": -1.12, "y": 9.81 }
				],
				"scale": [
					{ "time": 0, "x": 1, "y": 1 }
				]
			},
			"light17": {
				"rotate": [
					{ "time": 0, "angle": 0 }
				],
				"translate": [
					{
						"time": 0,
						"x": -1.12,
						"y": 9.81,
						"curve": [ 0.25, 0, 0.75, 1 ]
					},
					{
						"time": 1.6666,
						"x": 7.56,
						"y": 12.34,
						"curve": [ 0.25, 0, 0.75, 1 ]
					},
					{
						"time": 3.3333,
						"x": -0.15,
						"y": 8.74,
						"curve": [ 0.25, 0, 0.75, 1 ]
					},
					{
						"time": 5,
						"x": 7.56,
						"y": 12.34,
						"curve": [ 0.25, 0, 0.75, 1 ]
					},
					{ "time": 6.8, "x": -1.12, "y": 9.81 }
				],
				"scale": [
					{ "time": 0, "x": 1, "y": 1 }
				]
			}
		},
		"deform": {
			"default": {
				"sealianyi/5": {
					"sealianyi/mesh3/1": [
						{
							"time": 0,
							"vertices": [ 2.30531, -3.4288, 1.2996, 5.61477, -0.68951, 14.34646, 1.63058, 4.68014, -3.62275, 4.04678, -1.63941, -1.56448, -0.62693, -13.72793, -0.6268, -13.72726, 0, 0, -28.56419, -5.98556 ]
						},
						{
							"time": 1.3333,
							"vertices": [ 8.80517, 2.93121, 8.92198, -0.40753, -3.98779, 20.57864, -1.67475, 14.03155, -0.31793, -5.30548, 1.67198, -14.03573, 0.02679, -12.47869, -1.65962, 7.79513, 0, 0, -28.56419, -5.98556 ]
						},
						{
							"time": 2.6666,
							"vertices": [ 36.97207, -10.06805, 36.79247, -3.36274, -2.32485, 11.22399, -3.48528, 16.05622, 0.82531, -2.3399, -2.40087, -28.86076, -2.7175, -34.16401, -0.27661, -24.02105, 0.92988, 25.2691, -28.56419, -5.98556 ]
						},
						{
							"time": 4,
							"vertices": [ 5.59011, -3.42208, 10.86477, -12.14639, -0.34471, 7.17367, -2.99562, 17.77395, 4.25524, 6.55786, 2.96736, -5.29806, -1.28764, -11.85669, -1.28764, -11.85669, 0, 0, -54.13301, -29.74551 ]
						},
						{
							"time": 5.6666,
							"vertices": [ 1.63117, 4.68112, 4.92233, 1.56768, 3.61407, -0.92959, 1.95401, 6.86447, -0.33094, 0.93392, -1.63952, -1.56393, -2.59686, -14.35568, -2.58979, -17.47448, 0, 0, -28.56419, -5.98556 ]
						},
						{
							"time": 6.8,
							"vertices": [ 2.30531, -3.4288, 1.2996, 5.61477, -0.68951, 14.34646, 1.63058, 4.68014, -3.62275, 4.04678, -1.63941, -1.56448, -0.62693, -13.72793, -0.6268, -13.72726, 0, 0, -28.56419, -5.98556 ]
						}
					]
				},
				"sealianyi/6": {
					"sealianyi/mesh3/1": [
						{
							"time": 0,
							"vertices": [ -7.18508, 22.91769, -6.9149, 24.742, -1.10453, 3.12481, 10.76695, -30.47058, 13.52273, -35.67682, 1.93246, -5.4689 ]
						},
						{
							"time": 1.3333,
							"vertices": [ -2.21553, 8.85449, -1.94534, 10.6788, 19.16099, 20.884, 37.03096, 3.97631, 12.40641, -27.34054, 1.93246, -5.4689, 127.59, 1.5527, -86.66258, -21.54119 ]
						},
						{
							"time": 2.6666,
							"vertices": [ -2.21553, 8.85449, 3.01858, -0.77819, 27.72543, -5.94168, 30.4497, 1.87789, 8.26477, -15.62197, 1.93246, -5.4689, 127.59, 1.5527, -86.66258, -21.54119 ]
						},
						{
							"time": 4,
							"vertices": [ -2.21553, 8.85449, 4.67509, -5.46585, 33.80513, -25.73574, 34.87289, -13.22851, 8.26477, -15.62197, 1.93246, -5.4689, 127.59, 1.5527, -86.66258, -21.54119 ]
						},
						{
							"time": 5.6666,
							"vertices": [ -2.21553, 8.85449, 4.67509, -5.46585, 33.80513, -25.73574, 39.02, -27.55352, 12.41188, -29.94699, 1.93246, -5.4689, 127.59, 1.5527, -86.66258, -21.54119 ]
						},
						{
							"time": 6.8,
							"vertices": [ -7.18508, 22.91769, -6.9149, 24.742, -1.10453, 3.12481, 10.76695, -30.47058, 13.52273, -35.67682, 1.93246, -5.4689 ]
						}
					]
				},
				"sealianyi/mesh2/1": {
					"sealianyi/mesh2/1": [
						{
							"time": 0,
							"vertices": [ 13.56314, 7.44949, 4.96454, 10.40375, -19.83363, -6.1277, 5.27028, 0.4921, 0.44366, 8.35623, 8.63354, 17.82431, 9.43341, 3.2369, 14.95153, 0.75036, 0, 0, 1.0578, -5.55121 ]
						},
						{
							"time": 1.3333,
							"vertices": [ 7.87365, -10.3218, 4.17419, -8.60366, -0.62005, -4.87179, 10.08746, 4.81597, -8.6217, 10.89328, 0.33026, 15.62887, 0.95019, -3.09814, -0.06329, 3.81991 ]
						},
						{
							"time": 2.3333,
							"vertices": [ 5.85516, 10.11248, 5.19799, -3.67523, -1.20184, -6.81021, 10.99176, 5.58102, -1.14147, 7.56372, -2.82379, -10.85885, -1.30407, -18.74435, 3.58416, 5.78402, 0, 0, 3.8836, -9.10775 ],
							"curve": [ 0, 0, 0.75, 1 ]
						},
						{
							"time": 4.1333,
							"vertices": [ 5.59002, 20.94073, 6.11138, 11.21749, 10.27368, -20.04214, 33.98651, -25.62457, 3.44329, -17.46188, 5.44622, 2.72048, 3.1242, 0.01348, 15.44744, -4.24292, 25.42651, -26.31973, 7.34344, -44.3136 ]
						},
						{
							"time": 5.7666,
							"vertices": [ 16.44662, 13.30436, 11.35732, 19.5236, 2.60751, 5.35471, 21.93416, 2.76017, 2.66442, 8.5101, 2.6134, 23.8117, 11.15606, 7.22299, 14.62164, -5.92172, 0, 0, 7.49798, -40.76233 ]
						},
						{
							"time": 6.8,
							"vertices": [ 13.56314, 7.44949, 4.96454, 10.40375, -19.83363, -6.1277, 5.27028, 0.4921, 0.44366, 8.35623, 8.63354, 17.82431, 9.43341, 3.2369, 14.95153, 0.75036, 0, 0, 1.0578, -5.55121 ]
						}
					]
				},
				"sealianyi/mesh2/6": {
					"sealianyi/mesh2/1": [
						{
							"time": 0,
							"vertices": [ 2.6452, -18.06408, 7.828, -20.09961, 3.596, -0.82955, -8.96325, 8.00189, 2.93896, 7.2301, 5.46832, -6.26477, 4.44421, -18.16711, 2.42211, -4.28695, 2.42211, -4.28695, 1.2102, 13.70831 ]
						},
						{
							"time": 1.3333,
							"vertices": [ 9.94574, -17.03646, 6.80712, 0.11047, 2.59429, 15.45645, -15.85199, 7.25781, 7.08703, -11.32025, 2.26153, -18.04986, 0.96002, 1.83169, -4.32385, 30.66803, -2.23828, 13.63366, -2.23828, 13.63366 ]
						},
						{
							"time": 2.3333,
							"vertices": [ 1.71057, -32.57986, 10.61993, -27.81332, 5.25781, -6.8511, -4.49572, -2.69921, 8.45507, -14.10162, 16.38494, -25.84115, 19.05773, -0.82196, 5.48449, 6.81109, 0.04187, -2.89401, 2.19506, 10.65255 ],
							"curve": [ 0, 0, 0.75, 1 ]
						},
						{
							"time": 4.1333,
							"vertices": [ -12.41467, -0.9739, -5.42138, -9.72021, 0.50482, -15.08444, 8.21881, -10.96011, 20.97528, -14.09997, 6.89953, 0.1069, -1.51068, 22.63317, -1.51068, 22.63317, -1.24646, 4.31582, -4.18566, 13.33224 ]
						},
						{
							"time": 5.7666,
							"vertices": [ -11.71533, -9.2257, -6.3612, -24.97317, 7.6239, -11.91799, -7.31774, 0.27813, 13.96643, 7.50976, 11.87036, 10.9638, 1.98406, 1.21487, 6.49865, 19.4696, -2.49304, 8.63159, -2.11071, 26.14346 ]
						},
						{
							"time": 6.8,
							"vertices": [ 2.6452, -18.06408, 7.828, -20.09961, 3.596, -0.82955, -8.96325, 8.00189, 2.93896, 7.2301, 5.46832, -6.26477, 4.44421, -18.16711, 2.42211, -4.28695, 2.42211, -4.28695, 1.2102, 13.70831 ]
						}
					]
				}
			}
		}
	}
}
}