{
"skeleton": { "hash": "iIKvf17i94qDeB8gM84UnvYAEtg", "spine": "3.4.02", "width": 34, "height": 251, "images": "" },
"bones": [
	{ "name": "root" },
	{ "name": "bone4", "parent": "root", "x": -78.29, "y": 0.22, "color": "2bff39ff" },
	{ "name": "bone5", "parent": "root", "x": 75.63, "y": 2.51, "color": "f2f20cf5" },
	{ "name": "images/bird_stone_03", "parent": "bone4", "x": 552.09, "y": -175.2, "color": "04d604ff" },
	{ "name": "images/bird_stone_03_1", "parent": "bone4", "x": 483.05, "y": -175.2, "color": "04d604ff" },
	{ "name": "images/bird_stone_03_2", "parent": "bone5", "x": 357.84, "y": -177.49, "color": "dfe309ff" },
	{ "name": "images/bird_stone_03_3", "parent": "bone5", "x": 274.75, "y": -177.49, "color": "dfe309ff" },
	{ "name": "images/w1", "parent": "bone5", "x": 530.12, "y": 87.13, "color": "dfe309ff" },
	{ "name": "images/w2", "parent": "bone5", "x": 403.96, "y": -46.9, "color": "dfe309ff" },
	{ "name": "images/w3", "parent": "bone4", "x": 634.75, "y": 89.41, "color": "04d604ff" },
	{ "name": "images/w4", "parent": "bone5", "x": 414.73, "y": 93.28, "color": "dfe309ff" },
	{ "name": "images/w5", "parent": "bone4", "x": 557.89, "y": 1.72, "color": "04d604ff" },
	{ "name": "images/w6", "parent": "bone4", "x": 751.74, "y": 83.26, "color": "04d604ff" },
	{ "name": "images/w7", "parent": "bone4", "x": 824.05, "y": 80.18, "color": "04d604ff" },
	{ "name": "images/w3_1", "parent": "bone5", "x": 480.89, "y": -6.71, "color": "dfe309ff" },
	{ "name": "images/w3_2", "parent": "bone5", "x": 480.89, "y": -98.18, "color": "dfe309ff" },
	{ "name": "images/w6_1", "parent": "bone5", "x": 558.73, "y": -94.13, "color": "dfe309ff" },
	{ "name": "images/wood_2", "parent": "bone5", "x": 36.15, "y": -9.19 }
],
"slots": [
	{ "name": "images/wood_2", "bone": "images/wood_2", "attachment": "images/wood_6" },
	{ "name": "images/w4", "bone": "images/w4" },
	{ "name": "images/w7", "bone": "images/w7" },
	{ "name": "images/w5", "bone": "images/w5" },
	{ "name": "images/w2", "bone": "images/w2" },
	{ "name": "images/w3_1", "bone": "images/w3_1" },
	{ "name": "images/w3_2", "bone": "images/w3_2" },
	{ "name": "images/w6", "bone": "images/w6" },
	{ "name": "images/w6_1", "bone": "images/w6_1" },
	{ "name": "images/w1", "bone": "images/w1" },
	{ "name": "images/w3", "bone": "images/w3" },
	{ "name": "images/bird_stone_03", "bone": "images/bird_stone_03" },
	{ "name": "images/bird_stone_03_2", "bone": "images/bird_stone_03_2" },
	{ "name": "images/bird_stone_03_1", "bone": "images/bird_stone_03_1" },
	{ "name": "images/bird_stone_03_3", "bone": "images/bird_stone_03_3" }
],
"skins": {
	"default": {
		"images/bird_stone_03": {
			"images/bird_stone_03": { "x": -0.17, "y": 0.26, "rotation": 89.99, "width": 107, "height": 23 }
		},
		"images/bird_stone_03_1": {
			"images/bird_stone_03": { "x": -0.17, "y": 0.26, "rotation": 89.99, "width": 107, "height": 23 }
		},
		"images/bird_stone_03_2": {
			"images/bird_stone_03": { "x": -0.17, "y": 0.26, "rotation": 89.99, "width": 107, "height": 23 }
		},
		"images/bird_stone_03_3": {
			"images/bird_stone_03": { "x": -0.17, "y": 0.26, "rotation": 89.99, "width": 107, "height": 23 }
		},
		"images/w1": {
			"images/w1": { "x": -7.6, "y": 3.22, "width": 48, "height": 66 }
		},
		"images/w2": {
			"images/w2": { "x": 3.05, "y": -11.08, "width": 72, "height": 81 }
		},
		"images/w3": {
			"images/w3": { "x": -7.6, "y": 3.22, "width": 64, "height": 48 }
		},
		"images/w3_1": {
			"images/w3": { "x": -6.36, "y": -4.92, "width": 64, "height": 48 }
		},
		"images/w3_2": {
			"images/w3": { "x": -6.36, "y": -4.92, "width": 64, "height": 48 }
		},
		"images/w4": {
			"images/w4": { "x": 10.78, "y": 1.06, "width": 57, "height": 65 }
		},
		"images/w5": {
			"images/w5": { "x": 3.05, "y": -11.08, "width": 84, "height": 76 }
		},
		"images/w6": {
			"images/w6": { "x": 3.2, "y": 3.37, "width": 72, "height": 69 }
		},
		"images/w6_1": {
			"images/w6": { "x": 3.2, "y": 3.37, "width": 72, "height": 69 }
		},
		"images/w7": {
			"images/w7": { "x": -0.6, "y": 0.45, "width": 63, "height": 64 }
		},
		"images/wood_2": {
			"images/wood_2": { "x": -1.9, "y": -0.17, "width": 32, "height": 250 },
			"images/wood_6": { "width": 34, "height": 251 }
		}
	}
},
"animations": {
	"lv1": {
		"slots": {
			"images/bird_stone_03": {
				"color": [
					{ "time": 0, "color": "ffffffff" }
				],
				"attachment": [
					{ "time": 0, "name": null }
				]
			},
			"images/bird_stone_03_1": {
				"color": [
					{ "time": 0, "color": "ffffffff" }
				],
				"attachment": [
					{ "time": 0, "name": null }
				]
			},
			"images/bird_stone_03_2": {
				"color": [
					{ "time": 0, "color": "ffffffff" }
				],
				"attachment": [
					{ "time": 0, "name": null }
				]
			},
			"images/bird_stone_03_3": {
				"color": [
					{ "time": 0, "color": "ffffffff" }
				],
				"attachment": [
					{ "time": 0, "name": null }
				]
			},
			"images/w1": {
				"color": [
					{ "time": 0, "color": "ffffffff" }
				],
				"attachment": [
					{ "time": 0, "name": null }
				]
			},
			"images/w2": {
				"color": [
					{ "time": 0, "color": "ffffffff" }
				],
				"attachment": [
					{ "time": 0, "name": null }
				]
			},
			"images/w3": {
				"color": [
					{ "time": 0, "color": "ffffffff" }
				],
				"attachment": [
					{ "time": 0, "name": null }
				]
			},
			"images/w4": {
				"color": [
					{ "time": 0, "color": "ffffffff" }
				],
				"attachment": [
					{ "time": 0, "name": null }
				]
			},
			"images/w5": {
				"color": [
					{ "time": 0, "color": "ffffffff" }
				],
				"attachment": [
					{ "time": 0, "name": null }
				]
			},
			"images/w6": {
				"color": [
					{ "time": 0, "color": "ffffffff" }
				],
				"attachment": [
					{ "time": 0, "name": null }
				]
			},
			"images/w7": {
				"color": [
					{ "time": 0, "color": "ffffffff" }
				],
				"attachment": [
					{ "time": 0, "name": null }
				]
			},
			"images/w3_1": {
				"color": [
					{ "time": 0, "color": "ffffffff" }
				],
				"attachment": [
					{ "time": 0, "name": null }
				]
			},
			"images/w3_2": {
				"color": [
					{ "time": 0, "color": "ffffffff" }
				],
				"attachment": [
					{ "time": 0, "name": null }
				]
			},
			"images/w6_1": {
				"color": [
					{ "time": 0, "color": "ffffffff" }
				],
				"attachment": [
					{ "time": 0, "name": null }
				]
			},
			"images/wood_2": {
				"color": [
					{ "time": 0, "color": "ffffffff" }
				],
				"attachment": [
					{ "time": 0, "name": "images/wood_6" }
				]
			}
		},
		"bones": {
			"images/wood_2": {
				"rotate": [
					{ "time": 0, "angle": 0 }
				],
				"translate": [
					{ "time": 0, "x": 0, "y": 0 }
				],
				"scale": [
					{ "time": 0, "x": 1, "y": 1 }
				]
			},
			"bone4": {
				"rotate": [
					{ "time": 0, "angle": 0 }
				],
				"translate": [
					{ "time": 0, "x": 108.95, "y": 6.56 }
				],
				"scale": [
					{ "time": 0, "x": 1, "y": 1 }
				]
			},
			"images/w1": {
				"rotate": [
					{ "time": 0, "angle": 34.08 }
				],
				"translate": [
					{ "time": 0, "x": -468.27, "y": -19.73 }
				],
				"scale": [
					{ "time": 0, "x": 0.757, "y": 0.757 }
				]
			},
			"images/bird_stone_03": {
				"rotate": [
					{ "time": 0, "angle": 107.07 }
				],
				"translate": [
					{ "time": 0, "x": -606.35, "y": 134.49 }
				],
				"scale": [
					{ "time": 0, "x": 1, "y": 1 }
				]
			},
			"images/w6_1": {
				"rotate": [
					{ "time": 0, "angle": 38.54 }
				],
				"translate": [
					{ "time": 0, "x": -518.06, "y": 19.57 }
				],
				"scale": [
					{ "time": 0, "x": 1, "y": 1 }
				]
			},
			"images/bird_stone_03_1": {
				"rotate": [
					{ "time": 0, "angle": 48.19 }
				],
				"translate": [
					{ "time": 0, "x": -496.51, "y": 277.96 }
				],
				"scale": [
					{ "time": 0, "x": 1, "y": 1 }
				]
			},
			"images/w7": {
				"rotate": [
					{ "time": 0, "angle": 43.1 }
				],
				"translate": [
					{ "time": 0, "x": -855.83, "y": -97.29 }
				],
				"scale": [
					{ "time": 0, "x": 1, "y": 1 }
				]
			},
			"images/w3_1": {
				"rotate": [
					{ "time": 0, "angle": -27.74 }
				],
				"translate": [
					{ "time": 0, "x": -435.04, "y": -4.17 }
				],
				"scale": [
					{ "time": 0, "x": 1, "y": 1 }
				]
			},
			"images/bird_stone_03_2": {
				"rotate": [
					{ "time": 0, "angle": -62.33 }
				],
				"translate": [
					{ "time": 0, "x": -293.73, "y": 232.73 }
				],
				"scale": [
					{ "time": 0, "x": 1, "y": 1 }
				]
			},
			"images/w3": {
				"rotate": [
					{ "time": 0, "angle": 32.01 }
				],
				"translate": [
					{ "time": 0, "x": -634.98, "y": -64.09 }
				],
				"scale": [
					{ "time": 0, "x": 0.649, "y": 0.649 }
				]
			},
			"images/bird_stone_03_3": {
				"rotate": [
					{ "time": 0, "angle": -141.45 }
				],
				"translate": [
					{ "time": 0, "x": -257.65, "y": 65.43 }
				],
				"scale": [
					{ "time": 0, "x": 1, "y": 1 }
				]
			},
			"images/w4": {
				"rotate": [
					{ "time": 0, "angle": 145.25 }
				],
				"translate": [
					{ "time": 0, "x": -379.06, "y": -206.15 }
				],
				"scale": [
					{ "time": 0, "x": 0.653, "y": 0.653 }
				]
			},
			"images/w3_2": {
				"rotate": [
					{ "time": 0, "angle": 0 }
				],
				"translate": [
					{ "time": 0, "x": -470.9, "y": -49.46 }
				],
				"scale": [
					{ "time": 0, "x": 1, "y": 1 }
				]
			},
			"images/w5": {
				"rotate": [
					{ "time": 0, "angle": 14.72 }
				],
				"translate": [
					{ "time": 0, "x": -591.89, "y": 103.67 }
				],
				"scale": [
					{ "time": 0, "x": 0.844, "y": 0.844 }
				]
			},
			"root": {
				"rotate": [
					{ "time": 0, "angle": 0 }
				],
				"translate": [
					{ "time": 0, "x": 0, "y": 0 }
				],
				"scale": [
					{ "time": 0, "x": 1, "y": 1 }
				]
			},
			"images/w2": {
				"rotate": [
					{ "time": 0, "angle": 144.9 }
				],
				"translate": [
					{ "time": 0, "x": -392.42, "y": 156.77 }
				],
				"scale": [
					{ "time": 0, "x": 0.696, "y": 0.696 }
				]
			},
			"bone5": {
				"rotate": [
					{ "time": 0, "angle": 0 }
				],
				"translate": [
					{ "time": 0, "x": -109.71, "y": 6.61 }
				],
				"scale": [
					{ "time": 0, "x": 1, "y": 1 }
				]
			},
			"images/w6": {
				"rotate": [
					{ "time": 0, "angle": -31.13 }
				],
				"translate": [
					{ "time": 0, "x": -786.32, "y": -184.18 }
				],
				"scale": [
					{ "time": 0, "x": 1, "y": 1 }
				]
			}
		},
		"drawOrder": [
			{ "time": 0 }
		]
	},
	"lv2": {
		"slots": {
			"images/bird_stone_03": {
				"color": [
					{ "time": 0, "color": "ffffffff" }
				],
				"attachment": [
					{ "time": 0, "name": null }
				]
			},
			"images/bird_stone_03_1": {
				"color": [
					{ "time": 0, "color": "ffffffff" }
				],
				"attachment": [
					{ "time": 0, "name": null }
				]
			},
			"images/bird_stone_03_2": {
				"color": [
					{ "time": 0, "color": "ffffffff" }
				],
				"attachment": [
					{ "time": 0, "name": null }
				]
			},
			"images/bird_stone_03_3": {
				"color": [
					{ "time": 0, "color": "ffffffff" }
				],
				"attachment": [
					{ "time": 0, "name": null }
				]
			},
			"images/w1": {
				"color": [
					{ "time": 0, "color": "ffffffff" }
				],
				"attachment": [
					{ "time": 0, "name": null }
				]
			},
			"images/w2": {
				"color": [
					{ "time": 0, "color": "ffffffff" }
				],
				"attachment": [
					{ "time": 0, "name": null }
				]
			},
			"images/w3": {
				"color": [
					{ "time": 0, "color": "ffffffff" }
				],
				"attachment": [
					{ "time": 0, "name": null }
				]
			},
			"images/w4": {
				"color": [
					{ "time": 0, "color": "ffffffff" }
				],
				"attachment": [
					{ "time": 0, "name": null }
				]
			},
			"images/w5": {
				"color": [
					{ "time": 0, "color": "ffffffff" }
				],
				"attachment": [
					{ "time": 0, "name": null }
				]
			},
			"images/w6": {
				"color": [
					{ "time": 0, "color": "ffffffff" }
				],
				"attachment": [
					{ "time": 0, "name": null }
				]
			},
			"images/w7": {
				"color": [
					{ "time": 0, "color": "ffffffff" }
				],
				"attachment": [
					{ "time": 0, "name": null }
				]
			},
			"images/w3_1": {
				"color": [
					{ "time": 0, "color": "ffffffff" }
				],
				"attachment": [
					{ "time": 0, "name": null }
				]
			},
			"images/w3_2": {
				"color": [
					{ "time": 0, "color": "ffffffff" }
				],
				"attachment": [
					{ "time": 0, "name": null }
				]
			},
			"images/w6_1": {
				"color": [
					{ "time": 0, "color": "ffffffff" }
				],
				"attachment": [
					{ "time": 0, "name": null }
				]
			},
			"images/wood_2": {
				"color": [
					{ "time": 0, "color": "ffffffff" }
				],
				"attachment": [
					{ "time": 0, "name": "images/wood_2" }
				]
			}
		},
		"bones": {
			"root": {
				"rotate": [
					{ "time": 0, "angle": 0 }
				],
				"translate": [
					{ "time": 0, "x": 0, "y": 0 }
				],
				"scale": [
					{ "time": 0, "x": 1, "y": 1 }
				]
			},
			"images/w7": {
				"rotate": [
					{ "time": 0, "angle": 43.1 }
				],
				"translate": [
					{ "time": 0, "x": -855.83, "y": -97.29 }
				],
				"scale": [
					{ "time": 0, "x": 1, "y": 1 }
				]
			},
			"images/wood_2": {
				"rotate": [
					{ "time": 0, "angle": 0 }
				],
				"translate": [
					{ "time": 0, "x": 0, "y": 0 }
				],
				"scale": [
					{ "time": 0, "x": 1, "y": 1 }
				]
			},
			"images/w5": {
				"rotate": [
					{ "time": 0, "angle": 14.72 }
				],
				"translate": [
					{ "time": 0, "x": -591.89, "y": 103.67 }
				],
				"scale": [
					{ "time": 0, "x": 0.844, "y": 0.844 }
				]
			},
			"images/w6": {
				"rotate": [
					{ "time": 0, "angle": -31.13 }
				],
				"translate": [
					{ "time": 0, "x": -786.32, "y": -184.18 }
				],
				"scale": [
					{ "time": 0, "x": 1, "y": 1 }
				]
			},
			"images/w3": {
				"rotate": [
					{ "time": 0, "angle": 32.01 }
				],
				"translate": [
					{ "time": 0, "x": -634.98, "y": -64.09 }
				],
				"scale": [
					{ "time": 0, "x": 0.649, "y": 0.649 }
				]
			},
			"images/bird_stone_03": {
				"rotate": [
					{ "time": 0, "angle": 107.07 }
				],
				"translate": [
					{ "time": 0, "x": -606.35, "y": 134.49 }
				],
				"scale": [
					{ "time": 0, "x": 1, "y": 1 }
				]
			},
			"images/bird_stone_03_1": {
				"rotate": [
					{ "time": 0, "angle": 48.19 }
				],
				"translate": [
					{ "time": 0, "x": -496.51, "y": 277.96 }
				],
				"scale": [
					{ "time": 0, "x": 1, "y": 1 }
				]
			},
			"bone4": {
				"rotate": [
					{ "time": 0, "angle": 0 }
				],
				"translate": [
					{ "time": 0, "x": 108.95, "y": 6.56 }
				],
				"scale": [
					{ "time": 0, "x": 1, "y": 1 }
				]
			},
			"bone5": {
				"rotate": [
					{ "time": 0, "angle": 0 }
				],
				"translate": [
					{ "time": 0, "x": -109.71, "y": 6.61 }
				],
				"scale": [
					{ "time": 0, "x": 1, "y": 1 }
				]
			},
			"images/w3_2": {
				"rotate": [
					{ "time": 0, "angle": 0 }
				],
				"translate": [
					{ "time": 0, "x": -470.9, "y": -49.46 }
				],
				"scale": [
					{ "time": 0, "x": 1, "y": 1 }
				]
			},
			"images/w4": {
				"rotate": [
					{ "time": 0, "angle": 145.25 }
				],
				"translate": [
					{ "time": 0, "x": -379.06, "y": -206.15 }
				],
				"scale": [
					{ "time": 0, "x": 0.653, "y": 0.653 }
				]
			},
			"images/w6_1": {
				"rotate": [
					{ "time": 0, "angle": 38.54 }
				],
				"translate": [
					{ "time": 0, "x": -518.06, "y": 19.57 }
				],
				"scale": [
					{ "time": 0, "x": 1, "y": 1 }
				]
			},
			"images/w2": {
				"rotate": [
					{ "time": 0, "angle": 144.9 }
				],
				"translate": [
					{ "time": 0, "x": -392.42, "y": 156.77 }
				],
				"scale": [
					{ "time": 0, "x": 0.696, "y": 0.696 }
				]
			},
			"images/w3_1": {
				"rotate": [
					{ "time": 0, "angle": -27.74 }
				],
				"translate": [
					{ "time": 0, "x": -435.04, "y": -4.17 }
				],
				"scale": [
					{ "time": 0, "x": 1, "y": 1 }
				]
			},
			"images/w1": {
				"rotate": [
					{ "time": 0, "angle": 34.08 }
				],
				"translate": [
					{ "time": 0, "x": -468.27, "y": -19.73 }
				],
				"scale": [
					{ "time": 0, "x": 0.757, "y": 0.757 }
				]
			},
			"images/bird_stone_03_3": {
				"rotate": [
					{ "time": 0, "angle": -141.45 }
				],
				"translate": [
					{ "time": 0, "x": -257.65, "y": 65.43 }
				],
				"scale": [
					{ "time": 0, "x": 1, "y": 1 }
				]
			},
			"images/bird_stone_03_2": {
				"rotate": [
					{ "time": 0, "angle": -62.33 }
				],
				"translate": [
					{ "time": 0, "x": -293.73, "y": 232.73 }
				],
				"scale": [
					{ "time": 0, "x": 1, "y": 1 }
				]
			}
		},
		"drawOrder": [
			{ "time": 0 }
		]
	},
	"run1": {
		"slots": {
			"images/bird_stone_03": {
				"color": [
					{ "time": 0, "color": "ffffffff", "curve": "stepped" },
					{ "time": 0.6666, "color": "ffffffff" }
				],
				"attachment": [
					{ "time": 0, "name": null },
					{ "time": 0.6666, "name": null }
				]
			},
			"images/bird_stone_03_1": {
				"color": [
					{ "time": 0, "color": "ffffffff", "curve": "stepped" },
					{ "time": 0.6666, "color": "ffffffff" }
				],
				"attachment": [
					{ "time": 0, "name": null },
					{ "time": 0.6666, "name": null }
				]
			},
			"images/bird_stone_03_2": {
				"color": [
					{
						"time": 0,
						"color": "ffffffff",
						"curve": [ 0.25, 0, 0.75, 1 ]
					},
					{ "time": 0.3333, "color": "ffffff00", "curve": "stepped" },
					{ "time": 0.6666, "color": "ffffff00" }
				],
				"attachment": [
					{ "time": 0, "name": "images/bird_stone_03" },
					{ "time": 0.6666, "name": "images/bird_stone_03" }
				]
			},
			"images/bird_stone_03_3": {
				"color": [
					{
						"time": 0,
						"color": "ffffffff",
						"curve": [ 0.25, 0, 0.75, 1 ]
					},
					{ "time": 0.3333, "color": "ffffff00", "curve": "stepped" },
					{ "time": 0.6666, "color": "ffffff00" }
				],
				"attachment": [
					{ "time": 0, "name": "images/bird_stone_03" },
					{ "time": 0.6666, "name": "images/bird_stone_03" }
				]
			},
			"images/w1": {
				"color": [
					{ "time": 0, "color": "ffffffff", "curve": "stepped" },
					{
						"time": 0.2333,
						"color": "ffffffff",
						"curve": [ 0.25, 0, 0.997, 0.62 ]
					},
					{ "time": 0.5666, "color": "ffffff00", "curve": "stepped" },
					{ "time": 0.6666, "color": "ffffff00" }
				],
				"attachment": [
					{ "time": 0, "name": "images/w1" },
					{ "time": 0.6666, "name": "images/w1" }
				]
			},
			"images/w2": {
				"color": [
					{ "time": 0, "color": "ffffffff", "curve": "stepped" },
					{
						"time": 0.2666,
						"color": "ffffffff",
						"curve": [ 0.25, 0, 0.995, 0.68 ]
					},
					{ "time": 0.6333, "color": "ffffff00", "curve": "stepped" },
					{ "time": 0.6666, "color": "ffffff00" }
				],
				"attachment": [
					{ "time": 0, "name": "images/w2" },
					{ "time": 0.6666, "name": "images/w2" }
				]
			},
			"images/w3": {
				"color": [
					{ "time": 0, "color": "ffffffff", "curve": "stepped" },
					{ "time": 0.6666, "color": "ffffffff" }
				],
				"attachment": [
					{ "time": 0, "name": null },
					{ "time": 0.6666, "name": null }
				]
			},
			"images/w4": {
				"color": [
					{ "time": 0, "color": "ffffffff", "curve": "stepped" },
					{
						"time": 0.2,
						"color": "ffffffff",
						"curve": [ 0.25, 0, 0.987, 0.77 ]
					},
					{ "time": 0.6666, "color": "ffffff00" }
				],
				"attachment": [
					{ "time": 0, "name": "images/w4" },
					{ "time": 0.6666, "name": "images/w4" }
				]
			},
			"images/w5": {
				"color": [
					{ "time": 0, "color": "ffffffff", "curve": "stepped" },
					{ "time": 0.6666, "color": "ffffffff" }
				],
				"attachment": [
					{ "time": 0, "name": null },
					{ "time": 0.6666, "name": null }
				]
			},
			"images/w6": {
				"color": [
					{ "time": 0, "color": "ffffffff", "curve": "stepped" },
					{ "time": 0.6666, "color": "ffffffff" }
				],
				"attachment": [
					{ "time": 0, "name": null },
					{ "time": 0.6666, "name": null }
				]
			},
			"images/w7": {
				"color": [
					{ "time": 0, "color": "ffffffff", "curve": "stepped" },
					{ "time": 0.6666, "color": "ffffffff" }
				],
				"attachment": [
					{ "time": 0, "name": null },
					{ "time": 0.6666, "name": null }
				]
			},
			"images/w3_1": {
				"color": [
					{ "time": 0, "color": "ffffffff", "curve": "stepped" },
					{
						"time": 0.2,
						"color": "ffffffff",
						"curve": [ 0.25, 0, 0.97, 0.66 ]
					},
					{ "time": 0.5333, "color": "ffffff00", "curve": "stepped" },
					{ "time": 0.6666, "color": "ffffff00" }
				],
				"attachment": [
					{ "time": 0, "name": "images/w3" },
					{ "time": 0.6666, "name": "images/w3" }
				]
			},
			"images/w3_2": {
				"color": [
					{ "time": 0, "color": "ffffffff", "curve": "stepped" },
					{
						"time": 0.2333,
						"color": "ffffffff",
						"curve": [ 0.25, 0, 0.99, 0.75 ]
					},
					{ "time": 0.6666, "color": "ffffff01" }
				],
				"attachment": [
					{ "time": 0, "name": "images/w3" },
					{ "time": 0.6666, "name": "images/w3" }
				]
			},
			"images/w6_1": {
				"color": [
					{ "time": 0, "color": "ffffffff", "curve": "stepped" },
					{
						"time": 0.2,
						"color": "ffffffff",
						"curve": [ 0.142, 0, 0.977, 0.71 ]
					},
					{ "time": 0.6, "color": "ffffff00", "curve": "stepped" },
					{ "time": 0.6666, "color": "ffffff00" }
				],
				"attachment": [
					{ "time": 0, "name": "images/w6" },
					{ "time": 0.6666, "name": "images/w6" }
				]
			},
			"images/wood_2": {
				"color": [
					{ "time": 0, "color": "ffffffff", "curve": "stepped" },
					{ "time": 0.6666, "color": "ffffffff" }
				],
				"attachment": [
					{ "time": 0, "name": null },
					{ "time": 0.6666, "name": null }
				]
			}
		},
		"bones": {
			"root": {
				"rotate": [
					{ "time": 0, "angle": 0, "curve": "stepped" },
					{ "time": 0.6666, "angle": 0 }
				],
				"translate": [
					{ "time": 0, "x": 0, "y": 0, "curve": "stepped" },
					{ "time": 0.6666, "x": 0, "y": 0 }
				],
				"scale": [
					{ "time": 0, "x": 1, "y": 1, "curve": "stepped" },
					{ "time": 0.6666, "x": 1, "y": 1 }
				]
			},
			"images/wood_2": {
				"rotate": [
					{ "time": 0, "angle": 0, "curve": "stepped" },
					{ "time": 0.6666, "angle": 0 }
				],
				"translate": [
					{ "time": 0, "x": 0, "y": 0, "curve": "stepped" },
					{ "time": 0.6666, "x": 0, "y": 0 }
				],
				"scale": [
					{ "time": 0, "x": 1, "y": 1, "curve": "stepped" },
					{ "time": 0.6666, "x": 1, "y": 1 }
				]
			},
			"images/w3_1": {
				"rotate": [
					{
						"time": 0,
						"angle": -27.74,
						"curve": [ 0.25, 0, 0.75, 1 ]
					},
					{
						"time": 0.2,
						"angle": -93.1,
						"curve": [ 0.25, 0, 0.97, 0.66 ]
					},
					{ "time": 0.5333, "angle": 171.91, "curve": "stepped" },
					{ "time": 0.6666, "angle": 171.91 }
				],
				"translate": [
					{
						"time": 0,
						"x": -435.04,
						"y": -4.17,
						"curve": [ 0.25, 0, 0.75, 1 ]
					},
					{
						"time": 0.2,
						"x": -300.37,
						"y": -19.13,
						"curve": [ 0.25, 0, 0.97, 0.66 ]
					},
					{ "time": 0.5333, "x": -216.4, "y": -135.34, "curve": "stepped" },
					{ "time": 0.6666, "x": -216.4, "y": -135.34 }
				],
				"scale": [
					{ "time": 0, "x": 1, "y": 1, "curve": "stepped" },
					{ "time": 0.6666, "x": 1, "y": 1 }
				]
			},
			"images/w4": {
				"rotate": [
					{
						"time": 0,
						"angle": 145.25,
						"curve": [ 0.25, 0, 0.75, 1 ]
					},
					{
						"time": 0.2,
						"angle": 65.68,
						"curve": [ 0.25, 0, 0.987, 0.77 ]
					},
					{ "time": 0.6666, "angle": -6.56 }
				],
				"translate": [
					{
						"time": 0,
						"x": -379.06,
						"y": -206.15,
						"curve": [ 0.25, 0, 0.75, 1 ]
					},
					{
						"time": 0.2,
						"x": -335.32,
						"y": -285.56,
						"curve": [ 0.25, 0, 0.987, 0.77 ]
					},
					{ "time": 0.6666, "x": -296.19, "y": -358.08 }
				],
				"scale": [
					{ "time": 0, "x": 0.653, "y": 0.653, "curve": "stepped" },
					{ "time": 0.6666, "x": 0.653, "y": 0.653 }
				]
			},
			"images/w1": {
				"rotate": [
					{
						"time": 0,
						"angle": 34.08,
						"curve": [ 0.25, 0, 0.75, 1 ]
					},
					{
						"time": 0.2333,
						"angle": -26.71,
						"curve": [ 0.25, 0, 0.997, 0.62 ]
					},
					{ "time": 0.5666, "angle": -113.79, "curve": "stepped" },
					{ "time": 0.6666, "angle": -113.79 }
				],
				"translate": [
					{
						"time": 0,
						"x": -468.27,
						"y": -19.73,
						"curve": [ 0.25, 0, 0.75, 1 ]
					},
					{
						"time": 0.2333,
						"x": -393.45,
						"y": 25.14,
						"curve": [ 0.25, 0, 0.997, 0.62 ]
					},
					{ "time": 0.5666, "x": -321.72, "y": -86.75, "curve": "stepped" },
					{ "time": 0.6666, "x": -321.72, "y": -86.75 }
				],
				"scale": [
					{ "time": 0, "x": 0.757, "y": 0.757, "curve": "stepped" },
					{ "time": 0.6666, "x": 0.757, "y": 0.757 }
				]
			},
			"images/w2": {
				"rotate": [
					{
						"time": 0,
						"angle": 144.9,
						"curve": [ 0.25, 0, 0.75, 1 ]
					},
					{
						"time": 0.2666,
						"angle": 67.97,
						"curve": [ 0.25, 0, 0.995, 0.68 ]
					},
					{ "time": 0.6333, "angle": -5.14, "curve": "stepped" },
					{ "time": 0.6666, "angle": -5.14 }
				],
				"translate": [
					{
						"time": 0,
						"x": -392.42,
						"y": 156.77,
						"curve": [ 0.25, 0, 0.75, 1 ]
					},
					{
						"time": 0.2666,
						"x": -357,
						"y": 210.56,
						"curve": [ 0.25, 0, 0.995, 0.68 ]
					},
					{ "time": 0.6333, "x": -248.73, "y": 168.57, "curve": "stepped" },
					{ "time": 0.6666, "x": -248.73, "y": 168.57 }
				],
				"scale": [
					{ "time": 0, "x": 0.696, "y": 0.696, "curve": "stepped" },
					{ "time": 0.6666, "x": 0.696, "y": 0.696 }
				]
			},
			"images/bird_stone_03_2": {
				"rotate": [
					{ "time": 0, "angle": -62.33, "curve": "stepped" },
					{ "time": 0.6666, "angle": -62.33 }
				],
				"translate": [
					{
						"time": 0,
						"x": -293.73,
						"y": 232.73,
						"curve": [ 0.25, 0, 0.75, 1 ]
					},
					{ "time": 0.3333, "x": -190.89, "y": 286.67, "curve": "stepped" },
					{ "time": 0.6666, "x": -190.89, "y": 286.67 }
				],
				"scale": [
					{
						"time": 0,
						"x": 1,
						"y": 1,
						"curve": [ 0.25, 0, 0.75, 1 ]
					},
					{ "time": 0.3333, "x": 0.2, "y": 0.39, "curve": "stepped" },
					{ "time": 0.6666, "x": 0.199, "y": 0.39 }
				]
			},
			"images/bird_stone_03_3": {
				"rotate": [
					{ "time": 0, "angle": -141.45, "curve": "stepped" },
					{ "time": 0.6666, "angle": -141.45 }
				],
				"translate": [
					{
						"time": 0,
						"x": -257.65,
						"y": 65.43,
						"curve": [ 0.25, 0, 0.75, 1 ]
					},
					{ "time": 0.3333, "x": -179.52, "y": -32.53, "curve": "stepped" },
					{ "time": 0.6666, "x": -179.52, "y": -32.53 }
				],
				"scale": [
					{
						"time": 0,
						"x": 1,
						"y": 1,
						"curve": [ 0.25, 0, 0.75, 1 ]
					},
					{ "time": 0.3333, "x": 0.2, "y": 0.39, "curve": "stepped" },
					{ "time": 0.6666, "x": 0.199, "y": 0.39 }
				]
			},
			"images/w3_2": {
				"rotate": [
					{ "time": 0, "angle": 0 },
					{
						"time": 0.2333,
						"angle": -34.65,
						"curve": [ 0.25, 0, 0.99, 0.75 ]
					},
					{ "time": 0.6666, "angle": -78.98 }
				],
				"translate": [
					{ "time": 0, "x": -470.9, "y": -49.46 },
					{
						"time": 0.2333,
						"x": -441.15,
						"y": -135.59,
						"curve": [ 0.25, 0, 0.99, 0.75 ]
					},
					{ "time": 0.6666, "x": -388.07, "y": -312.66 }
				],
				"scale": [
					{ "time": 0, "x": 1, "y": 1, "curve": "stepped" },
					{ "time": 0.6666, "x": 1, "y": 1 }
				]
			},
			"images/w6_1": {
				"rotate": [
					{
						"time": 0,
						"angle": 38.54,
						"curve": [ 0.25, 0, 0.75, 1 ]
					},
					{
						"time": 0.2,
						"angle": 4.05,
						"curve": [ 0.142, 0, 0.977, 0.71 ]
					},
					{ "time": 0.6, "angle": -46.97, "curve": "stepped" },
					{ "time": 0.6666, "angle": -46.97 }
				],
				"translate": [
					{
						"time": 0,
						"x": -518.06,
						"y": 19.57,
						"curve": [ 0.25, 0, 0.75, 1 ]
					},
					{
						"time": 0.2,
						"x": -402.17,
						"y": -32.09,
						"curve": [ 0.142, 0, 0.977, 0.71 ]
					},
					{ "time": 0.6, "x": -351.39, "y": -161.58, "curve": "stepped" },
					{ "time": 0.6666, "x": -351.39, "y": -161.58 }
				],
				"scale": [
					{ "time": 0, "x": 1, "y": 1, "curve": "stepped" },
					{ "time": 0.6666, "x": 1, "y": 1 }
				]
			},
			"bone4": {
				"rotate": [
					{ "time": 0, "angle": 0, "curve": "stepped" },
					{ "time": 0.6666, "angle": 0 }
				],
				"translate": [
					{ "time": 0, "x": 108.95, "y": 6.56, "curve": "stepped" },
					{ "time": 0.6666, "x": 108.95, "y": 6.56 }
				],
				"scale": [
					{ "time": 0, "x": 1, "y": 1, "curve": "stepped" },
					{ "time": 0.6666, "x": 1, "y": 1 }
				]
			},
			"bone5": {
				"rotate": [
					{ "time": 0, "angle": 0, "curve": "stepped" },
					{ "time": 0.6666, "angle": 0 }
				],
				"translate": [
					{ "time": 0, "x": -109.71, "y": 6.61, "curve": "stepped" },
					{ "time": 0.6666, "x": -109.71, "y": 6.61 }
				],
				"scale": [
					{ "time": 0, "x": 1, "y": 1, "curve": "stepped" },
					{ "time": 0.6666, "x": 1, "y": 1 }
				]
			},
			"images/w7": {
				"rotate": [
					{ "time": 0, "angle": 43.1, "curve": "stepped" },
					{ "time": 0.6666, "angle": 43.1 }
				],
				"translate": [
					{ "time": 0, "x": -855.83, "y": -97.29, "curve": "stepped" },
					{ "time": 0.6666, "x": -855.83, "y": -97.29 }
				],
				"scale": [
					{ "time": 0, "x": 1, "y": 1, "curve": "stepped" },
					{ "time": 0.6666, "x": 1, "y": 1 }
				]
			},
			"images/w5": {
				"rotate": [
					{ "time": 0, "angle": 14.72, "curve": "stepped" },
					{ "time": 0.6666, "angle": 14.72 }
				],
				"translate": [
					{ "time": 0, "x": -591.89, "y": 103.67, "curve": "stepped" },
					{ "time": 0.6666, "x": -591.89, "y": 103.67 }
				],
				"scale": [
					{ "time": 0, "x": 0.844, "y": 0.844, "curve": "stepped" },
					{ "time": 0.6666, "x": 0.844, "y": 0.844 }
				]
			},
			"images/w6": {
				"rotate": [
					{ "time": 0, "angle": -31.13, "curve": "stepped" },
					{ "time": 0.6666, "angle": -31.13 }
				],
				"translate": [
					{ "time": 0, "x": -786.32, "y": -184.18, "curve": "stepped" },
					{ "time": 0.6666, "x": -786.32, "y": -184.18 }
				],
				"scale": [
					{ "time": 0, "x": 1, "y": 1, "curve": "stepped" },
					{ "time": 0.6666, "x": 1, "y": 1 }
				]
			},
			"images/bird_stone_03": {
				"rotate": [
					{ "time": 0, "angle": 107.07, "curve": "stepped" },
					{ "time": 0.6666, "angle": 107.07 }
				],
				"translate": [
					{ "time": 0, "x": -606.35, "y": 134.49, "curve": "stepped" },
					{ "time": 0.6666, "x": -606.35, "y": 134.49 }
				],
				"scale": [
					{ "time": 0, "x": 1, "y": 1, "curve": "stepped" },
					{ "time": 0.6666, "x": 1, "y": 1 }
				]
			},
			"images/bird_stone_03_1": {
				"rotate": [
					{ "time": 0, "angle": 48.19, "curve": "stepped" },
					{ "time": 0.6666, "angle": 48.19 }
				],
				"translate": [
					{ "time": 0, "x": -496.51, "y": 277.96, "curve": "stepped" },
					{ "time": 0.6666, "x": -496.51, "y": 277.96 }
				],
				"scale": [
					{ "time": 0, "x": 1, "y": 1, "curve": "stepped" },
					{ "time": 0.6666, "x": 1, "y": 1 }
				]
			},
			"images/w3": {
				"rotate": [
					{ "time": 0, "angle": 32.01, "curve": "stepped" },
					{ "time": 0.6666, "angle": 32.01 }
				],
				"translate": [
					{ "time": 0, "x": -634.98, "y": -64.09, "curve": "stepped" },
					{ "time": 0.6666, "x": -634.98, "y": -64.09 }
				],
				"scale": [
					{ "time": 0, "x": 0.649, "y": 0.649, "curve": "stepped" },
					{ "time": 0.6666, "x": 0.649, "y": 0.649 }
				]
			}
		},
		"drawOrder": [
			{ "time": 0 },
			{ "time": 0.6666 }
		]
	},
	"run2": {
		"slots": {
			"images/bird_stone_03": {
				"color": [
					{
						"time": 0,
						"color": "ffffffff",
						"curve": [ 0.25, 0, 0.75, 1 ]
					},
					{ "time": 0.3333, "color": "ffffff00", "curve": "stepped" },
					{ "time": 0.6666, "color": "ffffff00" }
				],
				"attachment": [
					{ "time": 0, "name": "images/bird_stone_03" },
					{ "time": 0.6666, "name": "images/bird_stone_03" }
				]
			},
			"images/bird_stone_03_1": {
				"color": [
					{
						"time": 0,
						"color": "ffffffff",
						"curve": [ 0.25, 0, 0.75, 1 ]
					},
					{ "time": 0.3333, "color": "ffffff00", "curve": "stepped" },
					{ "time": 0.6666, "color": "ffffff00" }
				],
				"attachment": [
					{ "time": 0, "name": "images/bird_stone_03" },
					{ "time": 0.6666, "name": "images/bird_stone_03" }
				]
			},
			"images/bird_stone_03_2": {
				"color": [
					{ "time": 0, "color": "ffffffff", "curve": "stepped" },
					{ "time": 0.6666, "color": "ffffffff" }
				],
				"attachment": [
					{ "time": 0, "name": null },
					{ "time": 0.6666, "name": null }
				]
			},
			"images/bird_stone_03_3": {
				"color": [
					{ "time": 0, "color": "ffffffff", "curve": "stepped" },
					{ "time": 0.6666, "color": "ffffffff" }
				],
				"attachment": [
					{ "time": 0, "name": null },
					{ "time": 0.6666, "name": null }
				]
			},
			"images/w1": {
				"color": [
					{ "time": 0, "color": "ffffffff", "curve": "stepped" },
					{ "time": 0.6666, "color": "ffffffff" }
				],
				"attachment": [
					{ "time": 0, "name": null },
					{ "time": 0.6666, "name": null }
				]
			},
			"images/w2": {
				"color": [
					{ "time": 0, "color": "ffffffff", "curve": "stepped" },
					{ "time": 0.6666, "color": "ffffffff" }
				],
				"attachment": [
					{ "time": 0, "name": null },
					{ "time": 0.6666, "name": null }
				]
			},
			"images/w3": {
				"color": [
					{ "time": 0, "color": "ffffffff", "curve": "stepped" },
					{
						"time": 0.2,
						"color": "ffffffff",
						"curve": [ 0.25, 0, 0.987, 0.73 ]
					},
					{ "time": 0.5666, "color": "ffffff00", "curve": "stepped" },
					{ "time": 0.6666, "color": "ffffff00" }
				],
				"attachment": [
					{ "time": 0, "name": "images/w3" },
					{ "time": 0.6666, "name": "images/w3" }
				]
			},
			"images/w4": {
				"color": [
					{ "time": 0, "color": "ffffffff", "curve": "stepped" },
					{ "time": 0.6666, "color": "ffffffff" }
				],
				"attachment": [
					{ "time": 0, "name": null },
					{ "time": 0.6666, "name": null }
				]
			},
			"images/w5": {
				"color": [
					{ "time": 0, "color": "ffffffff", "curve": "stepped" },
					{
						"time": 0.2,
						"color": "ffffffff",
						"curve": [ 0.25, 0, 0.987, 0.73 ]
					},
					{ "time": 0.6, "color": "ffffff00", "curve": "stepped" },
					{ "time": 0.6666, "color": "ffffff00" }
				],
				"attachment": [
					{ "time": 0, "name": "images/w5" },
					{ "time": 0.6666, "name": "images/w5" }
				]
			},
			"images/w6": {
				"color": [
					{ "time": 0, "color": "ffffffff", "curve": "stepped" },
					{
						"time": 0.2333,
						"color": "ffffffff",
						"curve": [ 0.122, 0, 0.99, 0.71 ]
					},
					{ "time": 0.6333, "color": "ffffff00", "curve": "stepped" },
					{ "time": 0.6666, "color": "ffffff00" }
				],
				"attachment": [
					{ "time": 0, "name": "images/w6" },
					{ "time": 0.6666, "name": "images/w6" }
				]
			},
			"images/w7": {
				"color": [
					{ "time": 0, "color": "ffffffff", "curve": "stepped" },
					{
						"time": 0.2333,
						"color": "ffffffff",
						"curve": [ 0.25, 0, 0.955, 0.82 ]
					},
					{ "time": 0.6666, "color": "ffffff00" }
				],
				"attachment": [
					{ "time": 0, "name": "images/w7" },
					{ "time": 0.6666, "name": "images/w7" }
				]
			},
			"images/w3_1": {
				"color": [
					{ "time": 0, "color": "ffffffff", "curve": "stepped" },
					{ "time": 0.6666, "color": "ffffffff" }
				],
				"attachment": [
					{ "time": 0, "name": null },
					{ "time": 0.6666, "name": null }
				]
			},
			"images/w3_2": {
				"color": [
					{ "time": 0, "color": "ffffffff", "curve": "stepped" },
					{ "time": 0.6666, "color": "ffffffff" }
				],
				"attachment": [
					{ "time": 0, "name": null },
					{ "time": 0.6666, "name": null }
				]
			},
			"images/w6_1": {
				"color": [
					{ "time": 0, "color": "ffffffff", "curve": "stepped" },
					{ "time": 0.6666, "color": "ffffffff" }
				],
				"attachment": [
					{ "time": 0, "name": null },
					{ "time": 0.6666, "name": null }
				]
			},
			"images/wood_2": {
				"color": [
					{ "time": 0, "color": "ffffffff", "curve": "stepped" },
					{ "time": 0.6666, "color": "ffffffff" }
				],
				"attachment": [
					{ "time": 0, "name": null },
					{ "time": 0.6666, "name": null }
				]
			}
		},
		"bones": {
			"root": {
				"rotate": [
					{ "time": 0, "angle": 0, "curve": "stepped" },
					{ "time": 0.6666, "angle": 0 }
				],
				"translate": [
					{ "time": 0, "x": 0, "y": 0, "curve": "stepped" },
					{ "time": 0.6666, "x": 0, "y": 0 }
				],
				"scale": [
					{ "time": 0, "x": 1, "y": 1, "curve": "stepped" },
					{ "time": 0.6666, "x": 1, "y": 1 }
				]
			},
			"images/w7": {
				"rotate": [
					{
						"time": 0,
						"angle": 43.1,
						"curve": [ 0.25, 0, 0.75, 1 ]
					},
					{
						"time": 0.2333,
						"angle": 101.26,
						"curve": [ 0.25, 0, 0.955, 0.82 ]
					},
					{ "time": 0.6666, "angle": -156.28 }
				],
				"translate": [
					{
						"time": 0,
						"x": -855.83,
						"y": -97.29,
						"curve": [ 0.25, 0, 0.75, 1 ]
					},
					{
						"time": 0.2333,
						"x": -932.5,
						"y": -52.19,
						"curve": [ 0.25, 0, 0.955, 0.82 ]
					},
					{ "time": 0.6666, "x": -1048.32, "y": -195.55 }
				],
				"scale": [
					{ "time": 0, "x": 1, "y": 1, "curve": "stepped" },
					{ "time": 0.6666, "x": 1, "y": 1 }
				]
			},
			"images/wood_2": {
				"rotate": [
					{ "time": 0, "angle": 0, "curve": "stepped" },
					{ "time": 0.6666, "angle": 0 }
				],
				"translate": [
					{ "time": 0, "x": 0, "y": 0, "curve": "stepped" },
					{ "time": 0.6666, "x": 0, "y": 0 }
				],
				"scale": [
					{ "time": 0, "x": 1, "y": 1, "curve": "stepped" },
					{ "time": 0.6666, "x": 1, "y": 1 }
				]
			},
			"images/w5": {
				"rotate": [
					{
						"time": 0,
						"angle": 14.72,
						"curve": [ 0.25, 0, 0.75, 1 ]
					},
					{
						"time": 0.2,
						"angle": 56.13,
						"curve": [ 0.25, 0, 0.987, 0.73 ]
					},
					{ "time": 0.6, "angle": 105.22, "curve": "stepped" },
					{ "time": 0.6666, "angle": 105.22 }
				],
				"translate": [
					{
						"time": 0,
						"x": -591.89,
						"y": 103.67,
						"curve": [ 0.25, 0, 0.75, 1 ]
					},
					{
						"time": 0.2,
						"x": -699.23,
						"y": 180.34,
						"curve": [ 0.25, 0, 0.987, 0.73 ]
					},
					{ "time": 0.6, "x": -772.44, "y": 99.96, "curve": "stepped" },
					{ "time": 0.6666, "x": -772.44, "y": 99.96 }
				],
				"scale": [
					{ "time": 0, "x": 0.844, "y": 0.844, "curve": "stepped" },
					{ "time": 0.6666, "x": 0.844, "y": 0.844 }
				]
			},
			"images/w6": {
				"rotate": [
					{
						"time": 0,
						"angle": -31.13,
						"curve": [ 0.25, 0, 0.75, 1 ]
					},
					{
						"time": 0.2333,
						"angle": 13.42,
						"curve": [ 0.122, 0, 0.99, 0.71 ]
					},
					{ "time": 0.6333, "angle": 76.04, "curve": "stepped" },
					{ "time": 0.6666, "angle": 76.04 }
				],
				"translate": [
					{
						"time": 0,
						"x": -786.32,
						"y": -184.18,
						"curve": [ 0.25, 0, 0.75, 1 ]
					},
					{
						"time": 0.2333,
						"x": -896.13,
						"y": -224.58,
						"curve": [ 0.122, 0, 0.99, 0.71 ]
					},
					{ "time": 0.6333, "x": -906.54, "y": -372.76, "curve": "stepped" },
					{ "time": 0.6666, "x": -906.54, "y": -372.76 }
				],
				"scale": [
					{ "time": 0, "x": 1, "y": 1, "curve": "stepped" },
					{ "time": 0.6666, "x": 1, "y": 1 }
				]
			},
			"images/w3": {
				"rotate": [
					{
						"time": 0,
						"angle": 32.01,
						"curve": [ 0.25, 0, 0.75, 1 ]
					},
					{
						"time": 0.2,
						"angle": 57.73,
						"curve": [ 0.25, 0, 0.987, 0.73 ]
					},
					{ "time": 0.5666, "angle": 116.05, "curve": "stepped" },
					{ "time": 0.6666, "angle": 116.05 }
				],
				"translate": [
					{
						"time": 0,
						"x": -634.98,
						"y": -64.09,
						"curve": [ 0.25, 0, 0.75, 1 ]
					},
					{
						"time": 0.2,
						"x": -746.2,
						"y": -12.45,
						"curve": [ 0.25, 0, 0.987, 0.73 ]
					},
					{ "time": 0.5666, "x": -832.28, "y": -79.82, "curve": "stepped" },
					{ "time": 0.6666, "x": -832.28, "y": -79.82 }
				],
				"scale": [
					{ "time": 0, "x": 0.649, "y": 0.649, "curve": "stepped" },
					{ "time": 0.6666, "x": 0.649, "y": 0.649 }
				]
			},
			"images/bird_stone_03": {
				"rotate": [
					{ "time": 0, "angle": 107.07, "curve": "stepped" },
					{ "time": 0.6666, "angle": 107.07 }
				],
				"translate": [
					{
						"time": 0,
						"x": -606.35,
						"y": 134.49,
						"curve": [ 0.25, 0, 0.75, 1 ]
					},
					{ "time": 0.3333, "x": -727.88, "y": 97.14, "curve": "stepped" },
					{ "time": 0.6666, "x": -727.88, "y": 97.14 }
				],
				"scale": [
					{
						"time": 0,
						"x": 1,
						"y": 1,
						"curve": [ 0.25, 0, 0.75, 1 ]
					},
					{ "time": 0.3333, "x": 0.2, "y": 0.39, "curve": "stepped" },
					{ "time": 0.6666, "x": 0.199, "y": 0.39 }
				]
			},
			"images/bird_stone_03_1": {
				"rotate": [
					{ "time": 0, "angle": 48.19, "curve": "stepped" },
					{ "time": 0.6666, "angle": 48.19 }
				],
				"translate": [
					{
						"time": 0,
						"x": -496.51,
						"y": 277.96,
						"curve": [ 0.25, 0, 0.75, 1 ]
					},
					{ "time": 0.3333, "x": -593.23, "y": 364.44, "curve": "stepped" },
					{ "time": 0.6666, "x": -593.23, "y": 364.44 }
				],
				"scale": [
					{
						"time": 0,
						"x": 1,
						"y": 1,
						"curve": [ 0.25, 0, 0.75, 1 ]
					},
					{ "time": 0.3333, "x": 0.2, "y": 0.39, "curve": "stepped" },
					{ "time": 0.6666, "x": 0.199, "y": 0.39 }
				]
			},
			"bone4": {
				"rotate": [
					{ "time": 0, "angle": 0, "curve": "stepped" },
					{ "time": 0.6666, "angle": 0 }
				],
				"translate": [
					{ "time": 0, "x": 108.95, "y": 6.56, "curve": "stepped" },
					{ "time": 0.6666, "x": 108.95, "y": 6.56 }
				],
				"scale": [
					{ "time": 0, "x": 1, "y": 1, "curve": "stepped" },
					{ "time": 0.6666, "x": 1, "y": 1 }
				]
			},
			"bone5": {
				"rotate": [
					{ "time": 0, "angle": 0, "curve": "stepped" },
					{ "time": 0.6666, "angle": 0 }
				],
				"translate": [
					{ "time": 0, "x": -109.71, "y": 6.61, "curve": "stepped" },
					{ "time": 0.6666, "x": -109.71, "y": 6.61 }
				],
				"scale": [
					{ "time": 0, "x": 1, "y": 1, "curve": "stepped" },
					{ "time": 0.6666, "x": 1, "y": 1 }
				]
			},
			"images/w3_2": {
				"rotate": [
					{ "time": 0, "angle": 0, "curve": "stepped" },
					{ "time": 0.6666, "angle": 0 }
				],
				"translate": [
					{ "time": 0, "x": -470.9, "y": -49.46, "curve": "stepped" },
					{ "time": 0.6666, "x": -470.9, "y": -49.46 }
				],
				"scale": [
					{ "time": 0, "x": 1, "y": 1, "curve": "stepped" },
					{ "time": 0.6666, "x": 1, "y": 1 }
				]
			},
			"images/w4": {
				"rotate": [
					{ "time": 0, "angle": 145.25, "curve": "stepped" },
					{ "time": 0.6666, "angle": 145.25 }
				],
				"translate": [
					{ "time": 0, "x": -379.06, "y": -206.15, "curve": "stepped" },
					{ "time": 0.6666, "x": -379.06, "y": -206.15 }
				],
				"scale": [
					{ "time": 0, "x": 0.653, "y": 0.653, "curve": "stepped" },
					{ "time": 0.6666, "x": 0.653, "y": 0.653 }
				]
			},
			"images/w6_1": {
				"rotate": [
					{ "time": 0, "angle": 38.54, "curve": "stepped" },
					{ "time": 0.6666, "angle": 38.54 }
				],
				"translate": [
					{ "time": 0, "x": -518.06, "y": 19.57, "curve": "stepped" },
					{ "time": 0.6666, "x": -518.06, "y": 19.57 }
				],
				"scale": [
					{ "time": 0, "x": 1, "y": 1, "curve": "stepped" },
					{ "time": 0.6666, "x": 1, "y": 1 }
				]
			},
			"images/w2": {
				"rotate": [
					{ "time": 0, "angle": 144.9, "curve": "stepped" },
					{ "time": 0.6666, "angle": 144.9 }
				],
				"translate": [
					{ "time": 0, "x": -392.42, "y": 156.77, "curve": "stepped" },
					{ "time": 0.6666, "x": -392.42, "y": 156.77 }
				],
				"scale": [
					{ "time": 0, "x": 0.696, "y": 0.696, "curve": "stepped" },
					{ "time": 0.6666, "x": 0.696, "y": 0.696 }
				]
			},
			"images/w3_1": {
				"rotate": [
					{ "time": 0, "angle": -27.74, "curve": "stepped" },
					{ "time": 0.6666, "angle": -27.74 }
				],
				"translate": [
					{ "time": 0, "x": -435.04, "y": -4.17, "curve": "stepped" },
					{ "time": 0.6666, "x": -435.04, "y": -4.17 }
				],
				"scale": [
					{ "time": 0, "x": 1, "y": 1, "curve": "stepped" },
					{ "time": 0.6666, "x": 1, "y": 1 }
				]
			},
			"images/w1": {
				"rotate": [
					{ "time": 0, "angle": 34.08, "curve": "stepped" },
					{ "time": 0.6666, "angle": 34.08 }
				],
				"translate": [
					{ "time": 0, "x": -468.27, "y": -19.73, "curve": "stepped" },
					{ "time": 0.6666, "x": -468.27, "y": -19.73 }
				],
				"scale": [
					{ "time": 0, "x": 0.757, "y": 0.757, "curve": "stepped" },
					{ "time": 0.6666, "x": 0.757, "y": 0.757 }
				]
			},
			"images/bird_stone_03_3": {
				"rotate": [
					{ "time": 0, "angle": -141.45, "curve": "stepped" },
					{ "time": 0.6666, "angle": -141.45 }
				],
				"translate": [
					{ "time": 0, "x": -257.65, "y": 65.43, "curve": "stepped" },
					{ "time": 0.6666, "x": -257.65, "y": 65.43 }
				],
				"scale": [
					{ "time": 0, "x": 1, "y": 1, "curve": "stepped" },
					{ "time": 0.6666, "x": 1, "y": 1 }
				]
			},
			"images/bird_stone_03_2": {
				"rotate": [
					{ "time": 0, "angle": -62.33, "curve": "stepped" },
					{ "time": 0.6666, "angle": -62.33 }
				],
				"translate": [
					{ "time": 0, "x": -293.73, "y": 232.73, "curve": "stepped" },
					{ "time": 0.6666, "x": -293.73, "y": 232.73 }
				],
				"scale": [
					{ "time": 0, "x": 1, "y": 1, "curve": "stepped" },
					{ "time": 0.6666, "x": 1, "y": 1 }
				]
			}
		},
		"drawOrder": [
			{ "time": 0 },
			{ "time": 0.6666 }
		]
	}
}
}