{
"skeleton": { "hash": "aJaBVv0T9ie28ij5QbEruezasNA", "spine": "3.4.02", "width": 674.27, "height": 669.27, "images": "" },
"bones": [
	{ "name": "root" },
	{ "name": "bone", "parent": "root", "x": 338.69, "y": 285.11, "scaleX": 1.325, "scaleY": 1.325 },
	{ "name": "images/bird_stone_3", "parent": "root", "x": 262.14, "y": 106.42 },
	{ "name": "images/bird_stone_4", "parent": "root", "x": 259.05, "y": 197.11 },
	{ "name": "images/bird_stone_5", "parent": "root", "x": 267.56, "y": 22.36 },
	{ "name": "images/bird_stone_6", "parent": "root", "x": 262.92, "y": -56.8 },
	{ "name": "images/bird_stone_7", "parent": "root", "x": 265.24, "y": -17.07 },
	{ "name": "images/images/bird_stone_62", "parent": "root", "x": 339.75, "y": 333.79, "scaleX": 1.325, "scaleY": 1.325 },
	{ "name": "images/images/bird_stone_63", "parent": "root", "x": 441.21, "y": 198.48, "scaleX": 1.325, "scaleY": 1.325 },
	{ "name": "images/images/bird_stone_73", "parent": "root", "x": 336.57, "y": 497.55, "scaleX": 1.325, "scaleY": 1.325 },
	{ "name": "images/images/bird_stone_74", "parent": "root", "x": 336.57, "y": 380.36, "scaleX": 1.325, "scaleY": 1.325 },
	{ "name": "images/images/bird_stone_75", "parent": "root", "x": 336.57, "y": 448.96, "scaleX": 1.325, "scaleY": 1.325 },
	{ "name": "images/images/bird_stone_83", "parent": "root", "x": 293.18, "y": 287.22, "scaleX": 1.325, "scaleY": 1.325 },
	{ "name": "images/images/bird_stone_85", "parent": "root", "x": 295.3, "y": 381.42, "scaleX": 1.325, "scaleY": 1.325 },
	{ "name": "images/images/bird_stone_86", "parent": "root", "x": 515.17, "y": 206.8, "scaleX": 1.325, "scaleY": 1.325 },
	{ "name": "images/images/bird_stone_93", "parent": "root", "x": 295.3, "y": 338.02, "scaleX": 1.325, "scaleY": 1.325 },
	{ "name": "shadow/stone", "parent": "root", "x": 5.45, "y": -131.87, "scaleX": 0.79, "scaleY": 0.79, "color": "2f9b18ff" }
],
"slots": [
	{ "name": "images/images/bird_stone_60", "bone": "bone", "attachment": "images/w3" },
	{ "name": "images/images/bird_stone_62", "bone": "images/images/bird_stone_62", "attachment": "images/w2" },
	{ "name": "images/images/bird_stone_63", "bone": "images/images/bird_stone_63", "attachment": "images/w7" },
	{ "name": "images/images/bird_stone_73", "bone": "images/images/bird_stone_73", "attachment": "images/w4" },
	{ "name": "images/images/bird_stone_74", "bone": "images/images/bird_stone_74", "attachment": "images/w2" },
	{ "name": "images/images/bird_stone_75", "bone": "images/images/bird_stone_75", "attachment": "images/w6" },
	{ "name": "images/images/bird_stone_83", "bone": "images/images/bird_stone_83", "attachment": "images/w4" },
	{ "name": "images/images/bird_stone_85", "bone": "images/images/bird_stone_85", "attachment": "images/w6" },
	{ "name": "images/images/bird_stone_86", "bone": "images/images/bird_stone_86", "attachment": "images/w4" },
	{ "name": "images/images/bird_stone_93", "bone": "images/images/bird_stone_93", "attachment": "images/w5" },
	{ "name": "images/bird_stone_3", "bone": "images/bird_stone_3", "attachment": "images/bird_stone_03" },
	{ "name": "images/bird_stone_4", "bone": "images/bird_stone_4", "attachment": "images/bird_stone_03" },
	{ "name": "images/bird_stone_5", "bone": "images/bird_stone_5", "attachment": "images/bird_stone_03" },
	{ "name": "images/bird_stone_7", "bone": "images/bird_stone_7", "attachment": "images/bird_stone_03" },
	{ "name": "images/bird_stone_6", "bone": "images/bird_stone_6", "attachment": "images/bird_stone_03" },
	{ "name": "images/qs1", "bone": "root", "attachment": "images/qw1" },
	{ "name": "images/qs2", "bone": "root", "attachment": "images/qw2" },
	{ "name": "images/qs3", "bone": "root", "attachment": "images/qw3" }
],
"skins": {
	"default": {
		"images/bird_stone_3": {
			"images/bird_stone_03": { "x": -26.79, "y": 2.34, "width": 107, "height": 23 }
		},
		"images/bird_stone_4": {
			"images/bird_stone_03": { "x": -23.69, "y": 0.02, "width": 107, "height": 23 }
		},
		"images/bird_stone_5": {
			"images/bird_stone_03": { "x": -32.21, "y": 0.79, "width": 107, "height": 23 }
		},
		"images/bird_stone_6": {
			"images/bird_stone_03": { "x": -27.56, "y": 0.79, "width": 107, "height": 23 }
		},
		"images/bird_stone_7": {
			"images/bird_stone_03": { "x": -29.88, "y": 1.57, "width": 107, "height": 23 }
		},
		"images/images/bird_stone_60": {
			"images/w3": { "x": -1.5, "y": -0.35, "width": 64, "height": 48 }
		},
		"images/images/bird_stone_62": {
			"images/w2": { "x": -2.56, "y": 3.46, "width": 72, "height": 81 }
		},
		"images/images/bird_stone_63": {
			"images/w7": { "x": -2.56, "y": 3.46, "width": 63, "height": 64 }
		},
		"images/images/bird_stone_73": {
			"images/w4": { "x": -0.88, "y": 1.39, "width": 57, "height": 65 }
		},
		"images/images/bird_stone_74": {
			"images/w2": { "x": -0.88, "y": 1.39, "width": 72, "height": 81 }
		},
		"images/images/bird_stone_75": {
			"images/w6": { "x": -0.88, "y": 1.39, "width": 72, "height": 69 }
		},
		"images/images/bird_stone_83": {
			"images/w4": { "x": -0.49, "y": 2.02, "width": 57, "height": 65 }
		},
		"images/images/bird_stone_85": {
			"images/w6": { "x": -3.11, "y": 2.33, "width": 72, "height": 69 }
		},
		"images/images/bird_stone_86": {
			"images/w4": { "x": -3.11, "y": 2.33, "width": 57, "height": 65 }
		},
		"images/images/bird_stone_93": {
			"images/w5": { "x": -1.11, "y": 1.22, "width": 84, "height": 76 }
		},
		"images/qs2": {
			"images/qw2": { "x": 0.57, "y": -1.3, "width": 251, "height": 251 }
		},
		"images/qs3": {
			"images/qw3": { "x": 2.05, "y": -0.73, "width": 251, "height": 251 }
		}
	},
	"16": {
		"images/qs1": {
			"images/qw1": { "x": 0.03, "y": 0.22, "width": 251, "height": 251 }
		}
	}
},
"animations": {
	"lv1": {
		"slots": {
			"images/bird_stone_3": {
				"color": [
					{ "time": 0, "color": "ffffffff" }
				],
				"attachment": [
					{ "time": 0, "name": null }
				]
			},
			"images/bird_stone_4": {
				"color": [
					{ "time": 0, "color": "ffffffff" }
				],
				"attachment": [
					{ "time": 0, "name": null }
				]
			},
			"images/bird_stone_5": {
				"color": [
					{ "time": 0, "color": "ffffffff" }
				],
				"attachment": [
					{ "time": 0, "name": null }
				]
			},
			"images/bird_stone_6": {
				"color": [
					{ "time": 0, "color": "ffffffff" }
				],
				"attachment": [
					{ "time": 0, "name": null }
				]
			},
			"images/bird_stone_7": {
				"color": [
					{ "time": 0, "color": "ffffffff" }
				],
				"attachment": [
					{ "time": 0, "name": null }
				]
			},
			"images/images/bird_stone_60": {
				"color": [
					{ "time": 0, "color": "ffffffff" }
				],
				"attachment": [
					{ "time": 0, "name": null }
				]
			},
			"images/images/bird_stone_62": {
				"color": [
					{ "time": 0, "color": "ffffffff" }
				],
				"attachment": [
					{ "time": 0, "name": null }
				]
			},
			"images/images/bird_stone_63": {
				"color": [
					{ "time": 0, "color": "ffffffff" }
				],
				"attachment": [
					{ "time": 0, "name": null }
				]
			},
			"images/images/bird_stone_73": {
				"color": [
					{ "time": 0, "color": "ffffffff" }
				],
				"attachment": [
					{ "time": 0, "name": null }
				]
			},
			"images/images/bird_stone_74": {
				"color": [
					{ "time": 0, "color": "ffffffff" }
				],
				"attachment": [
					{ "time": 0, "name": null }
				]
			},
			"images/images/bird_stone_75": {
				"color": [
					{ "time": 0, "color": "ffffffff" }
				],
				"attachment": [
					{ "time": 0, "name": null }
				]
			},
			"images/images/bird_stone_83": {
				"color": [
					{ "time": 0, "color": "ffffffff" }
				],
				"attachment": [
					{ "time": 0, "name": null }
				]
			},
			"images/images/bird_stone_85": {
				"color": [
					{ "time": 0, "color": "ffffffff" }
				],
				"attachment": [
					{ "time": 0, "name": null }
				]
			},
			"images/images/bird_stone_86": {
				"color": [
					{ "time": 0, "color": "ffffffff" }
				],
				"attachment": [
					{ "time": 0, "name": null }
				]
			},
			"images/images/bird_stone_93": {
				"color": [
					{ "time": 0, "color": "ffffffff" }
				],
				"attachment": [
					{ "time": 0, "name": null }
				]
			},
			"images/qs1": {
				"color": [
					{ "time": 0, "color": "ffffffff" }
				],
				"attachment": [
					{ "time": 0, "name": null }
				]
			},
			"images/qs2": {
				"color": [
					{ "time": 0, "color": "ffffffff" }
				],
				"attachment": [
					{ "time": 0, "name": null }
				]
			},
			"images/qs3": {
				"color": [
					{ "time": 0, "color": "ffffffff" }
				],
				"attachment": [
					{ "time": 0, "name": "images/qw3" }
				]
			}
		},
		"bones": {
			"root": {
				"rotate": [
					{ "time": 0, "angle": 0 }
				],
				"translate": [
					{ "time": 0, "x": 0, "y": 0 }
				],
				"scale": [
					{ "time": 0, "x": 1, "y": 1 }
				]
			},
			"images/images/bird_stone_62": {
				"rotate": [
					{ "time": 0, "angle": 0 }
				],
				"translate": [
					{ "time": 0, "x": 0, "y": 0 }
				],
				"scale": [
					{ "time": 0, "x": 1, "y": 1 }
				]
			},
			"images/images/bird_stone_73": {
				"rotate": [
					{ "time": 0, "angle": 0 }
				],
				"translate": [
					{ "time": 0, "x": 0, "y": 0 }
				],
				"scale": [
					{ "time": 0, "x": 1, "y": 1 }
				]
			},
			"images/images/bird_stone_83": {
				"rotate": [
					{ "time": 0, "angle": 0 }
				],
				"translate": [
					{ "time": 0, "x": 0, "y": 0 }
				],
				"scale": [
					{ "time": 0, "x": 1, "y": 1 }
				]
			},
			"images/images/bird_stone_85": {
				"rotate": [
					{ "time": 0, "angle": 0 }
				],
				"translate": [
					{ "time": 0, "x": 0, "y": 0 }
				],
				"scale": [
					{ "time": 0, "x": 1, "y": 1 }
				]
			},
			"images/images/bird_stone_93": {
				"rotate": [
					{ "time": 0, "angle": 0 }
				],
				"translate": [
					{ "time": 0, "x": 0, "y": 0 }
				],
				"scale": [
					{ "time": 0, "x": 1, "y": 1 }
				]
			},
			"bone": {
				"rotate": [
					{ "time": 0, "angle": 0 }
				],
				"translate": [
					{ "time": 0, "x": 0, "y": 0 }
				],
				"scale": [
					{ "time": 0, "x": 1, "y": 1 }
				]
			},
			"images/images/bird_stone_75": {
				"rotate": [
					{ "time": 0, "angle": 0 }
				],
				"translate": [
					{ "time": 0, "x": 0, "y": 0 }
				],
				"scale": [
					{ "time": 0, "x": 1, "y": 1 }
				]
			},
			"images/images/bird_stone_74": {
				"rotate": [
					{ "time": 0, "angle": 0 }
				],
				"translate": [
					{ "time": 0, "x": 0, "y": 0 }
				],
				"scale": [
					{ "time": 0, "x": 1, "y": 1 }
				]
			},
			"images/bird_stone_6": {
				"rotate": [
					{ "time": 0, "angle": 0 }
				],
				"translate": [
					{ "time": 0, "x": 0, "y": 0 }
				],
				"scale": [
					{ "time": 0, "x": 1, "y": 1 }
				]
			},
			"images/bird_stone_5": {
				"rotate": [
					{ "time": 0, "angle": 0 }
				],
				"translate": [
					{ "time": 0, "x": 0, "y": 0 }
				],
				"scale": [
					{ "time": 0, "x": 1, "y": 1 }
				]
			},
			"images/bird_stone_3": {
				"rotate": [
					{ "time": 0, "angle": 0 }
				],
				"translate": [
					{ "time": 0, "x": 0, "y": 0 }
				],
				"scale": [
					{ "time": 0, "x": 1, "y": 1 }
				]
			},
			"images/bird_stone_7": {
				"rotate": [
					{ "time": 0, "angle": 0 }
				],
				"translate": [
					{ "time": 0, "x": 0, "y": 0 }
				],
				"scale": [
					{ "time": 0, "x": 1, "y": 1 }
				]
			},
			"images/bird_stone_4": {
				"rotate": [
					{ "time": 0, "angle": 0 }
				],
				"translate": [
					{ "time": 0, "x": 0, "y": 0 }
				],
				"scale": [
					{ "time": 0, "x": 1, "y": 1 }
				]
			},
			"images/images/bird_stone_63": {
				"rotate": [
					{ "time": 0, "angle": 0 }
				],
				"translate": [
					{ "time": 0, "x": 0, "y": 0 }
				],
				"scale": [
					{ "time": 0, "x": 1, "y": 1 }
				]
			},
			"images/images/bird_stone_86": {
				"rotate": [
					{ "time": 0, "angle": 0 }
				],
				"translate": [
					{ "time": 0, "x": 0, "y": 0 }
				],
				"scale": [
					{ "time": 0, "x": 1, "y": 1 }
				]
			},
			"shadow/stone": {
				"rotate": [
					{ "time": 0, "angle": 0 }
				],
				"translate": [
					{ "time": 0, "x": 0, "y": 0 }
				],
				"scale": [
					{ "time": 0, "x": 1, "y": 1 }
				]
			}
		},
		"drawOrder": [
			{ "time": 0 }
		]
	},
	"lv2": {
		"slots": {
			"images/bird_stone_3": {
				"color": [
					{ "time": 0, "color": "ffffffff" }
				],
				"attachment": [
					{ "time": 0, "name": null }
				]
			},
			"images/bird_stone_4": {
				"color": [
					{ "time": 0, "color": "ffffffff" }
				],
				"attachment": [
					{ "time": 0, "name": null }
				]
			},
			"images/bird_stone_5": {
				"color": [
					{ "time": 0, "color": "ffffffff" }
				],
				"attachment": [
					{ "time": 0, "name": null }
				]
			},
			"images/bird_stone_6": {
				"color": [
					{ "time": 0, "color": "ffffffff" }
				],
				"attachment": [
					{ "time": 0, "name": null }
				]
			},
			"images/bird_stone_7": {
				"color": [
					{ "time": 0, "color": "ffffffff" }
				],
				"attachment": [
					{ "time": 0, "name": null }
				]
			},
			"images/images/bird_stone_60": {
				"color": [
					{ "time": 0, "color": "ffffffff" }
				],
				"attachment": [
					{ "time": 0, "name": null }
				]
			},
			"images/images/bird_stone_62": {
				"color": [
					{ "time": 0, "color": "ffffffff" }
				],
				"attachment": [
					{ "time": 0, "name": null }
				]
			},
			"images/images/bird_stone_63": {
				"color": [
					{ "time": 0, "color": "ffffffff" }
				],
				"attachment": [
					{ "time": 0, "name": null }
				]
			},
			"images/images/bird_stone_73": {
				"color": [
					{ "time": 0, "color": "ffffffff" }
				],
				"attachment": [
					{ "time": 0, "name": null }
				]
			},
			"images/images/bird_stone_74": {
				"color": [
					{ "time": 0, "color": "ffffffff" }
				],
				"attachment": [
					{ "time": 0, "name": null }
				]
			},
			"images/images/bird_stone_75": {
				"color": [
					{ "time": 0, "color": "ffffffff" }
				],
				"attachment": [
					{ "time": 0, "name": null }
				]
			},
			"images/images/bird_stone_83": {
				"color": [
					{ "time": 0, "color": "ffffffff" }
				],
				"attachment": [
					{ "time": 0, "name": null }
				]
			},
			"images/images/bird_stone_85": {
				"color": [
					{ "time": 0, "color": "ffffffff" }
				],
				"attachment": [
					{ "time": 0, "name": null }
				]
			},
			"images/images/bird_stone_86": {
				"color": [
					{ "time": 0, "color": "ffffffff" }
				],
				"attachment": [
					{ "time": 0, "name": null }
				]
			},
			"images/images/bird_stone_93": {
				"color": [
					{ "time": 0, "color": "ffffffff" }
				],
				"attachment": [
					{ "time": 0, "name": null }
				]
			},
			"images/qs1": {
				"color": [
					{ "time": 0, "color": "ffffffff" }
				],
				"attachment": [
					{ "time": 0, "name": "images/qw1" }
				]
			},
			"images/qs2": {
				"color": [
					{ "time": 0, "color": "ffffffff" }
				],
				"attachment": [
					{ "time": 0, "name": null }
				]
			},
			"images/qs3": {
				"color": [
					{ "time": 0, "color": "ffffffff" }
				],
				"attachment": [
					{ "time": 0, "name": null }
				]
			}
		},
		"bones": {
			"root": {
				"rotate": [
					{ "time": 0, "angle": 0 }
				],
				"translate": [
					{ "time": 0, "x": 0, "y": 0 }
				],
				"scale": [
					{ "time": 0, "x": 1, "y": 1 }
				]
			},
			"images/images/bird_stone_62": {
				"rotate": [
					{ "time": 0, "angle": 0 }
				],
				"translate": [
					{ "time": 0, "x": 0, "y": 0 }
				],
				"scale": [
					{ "time": 0, "x": 1, "y": 1 }
				]
			},
			"images/images/bird_stone_73": {
				"rotate": [
					{ "time": 0, "angle": 0 }
				],
				"translate": [
					{ "time": 0, "x": 0, "y": 0 }
				],
				"scale": [
					{ "time": 0, "x": 1, "y": 1 }
				]
			},
			"images/images/bird_stone_83": {
				"rotate": [
					{ "time": 0, "angle": 0 }
				],
				"translate": [
					{ "time": 0, "x": 0, "y": 0 }
				],
				"scale": [
					{ "time": 0, "x": 1, "y": 1 }
				]
			},
			"images/images/bird_stone_85": {
				"rotate": [
					{ "time": 0, "angle": 0 }
				],
				"translate": [
					{ "time": 0, "x": 0, "y": 0 }
				],
				"scale": [
					{ "time": 0, "x": 1, "y": 1 }
				]
			},
			"images/images/bird_stone_93": {
				"rotate": [
					{ "time": 0, "angle": 0 }
				],
				"translate": [
					{ "time": 0, "x": 0, "y": 0 }
				],
				"scale": [
					{ "time": 0, "x": 1, "y": 1 }
				]
			},
			"bone": {
				"rotate": [
					{ "time": 0, "angle": 0 }
				],
				"translate": [
					{ "time": 0, "x": 0, "y": 0 }
				],
				"scale": [
					{ "time": 0, "x": 1, "y": 1 }
				]
			},
			"images/images/bird_stone_75": {
				"rotate": [
					{ "time": 0, "angle": 0 }
				],
				"translate": [
					{ "time": 0, "x": 0, "y": 0 }
				],
				"scale": [
					{ "time": 0, "x": 1, "y": 1 }
				]
			},
			"images/images/bird_stone_74": {
				"rotate": [
					{ "time": 0, "angle": 0 }
				],
				"translate": [
					{ "time": 0, "x": 0, "y": 0 }
				],
				"scale": [
					{ "time": 0, "x": 1, "y": 1 }
				]
			},
			"images/bird_stone_6": {
				"rotate": [
					{ "time": 0, "angle": 0 }
				],
				"translate": [
					{ "time": 0, "x": 0, "y": 0 }
				],
				"scale": [
					{ "time": 0, "x": 1, "y": 1 }
				]
			},
			"images/bird_stone_5": {
				"rotate": [
					{ "time": 0, "angle": 0 }
				],
				"translate": [
					{ "time": 0, "x": 0, "y": 0 }
				],
				"scale": [
					{ "time": 0, "x": 1, "y": 1 }
				]
			},
			"images/bird_stone_3": {
				"rotate": [
					{ "time": 0, "angle": 0 }
				],
				"translate": [
					{ "time": 0, "x": 0, "y": 0 }
				],
				"scale": [
					{ "time": 0, "x": 1, "y": 1 }
				]
			},
			"images/bird_stone_7": {
				"rotate": [
					{ "time": 0, "angle": 0 }
				],
				"translate": [
					{ "time": 0, "x": 0, "y": 0 }
				],
				"scale": [
					{ "time": 0, "x": 1, "y": 1 }
				]
			},
			"images/bird_stone_4": {
				"rotate": [
					{ "time": 0, "angle": 0 }
				],
				"translate": [
					{ "time": 0, "x": 0, "y": 0 }
				],
				"scale": [
					{ "time": 0, "x": 1, "y": 1 }
				]
			},
			"images/images/bird_stone_63": {
				"rotate": [
					{ "time": 0, "angle": 0 }
				],
				"translate": [
					{ "time": 0, "x": 0, "y": 0 }
				],
				"scale": [
					{ "time": 0, "x": 1, "y": 1 }
				]
			},
			"images/images/bird_stone_86": {
				"rotate": [
					{ "time": 0, "angle": 0 }
				],
				"translate": [
					{ "time": 0, "x": 0, "y": 0 }
				],
				"scale": [
					{ "time": 0, "x": 1, "y": 1 }
				]
			},
			"shadow/stone": {
				"rotate": [
					{ "time": 0, "angle": 0 }
				],
				"translate": [
					{ "time": 0, "x": 0, "y": 0 }
				],
				"scale": [
					{ "time": 0, "x": 1, "y": 1 }
				]
			}
		},
		"drawOrder": [
			{ "time": 0 }
		]
	},
	"run": {
		"slots": {
			"images/bird_stone_3": {
				"color": [
					{ "time": 0, "color": "ffffffff", "curve": "stepped" },
					{ "time": 0.0333, "color": "ffffffff" },
					{ "time": 0.6666, "color": "ffffff00", "curve": "stepped" },
					{ "time": 1, "color": "ffffff00" }
				],
				"attachment": [
					{ "time": 0, "name": null },
					{ "time": 0.0333, "name": "images/bird_stone_03" },
					{ "time": 1, "name": "images/bird_stone_03" }
				]
			},
			"images/bird_stone_4": {
				"color": [
					{ "time": 0, "color": "ffffffff", "curve": "stepped" },
					{ "time": 0.0333, "color": "ffffffff" },
					{ "time": 0.6666, "color": "ffffff00", "curve": "stepped" },
					{ "time": 1, "color": "ffffff00" }
				],
				"attachment": [
					{ "time": 0, "name": null },
					{ "time": 0.0333, "name": "images/bird_stone_03" },
					{ "time": 1, "name": "images/bird_stone_03" }
				]
			},
			"images/bird_stone_5": {
				"color": [
					{ "time": 0, "color": "ffffffff", "curve": "stepped" },
					{ "time": 0.0333, "color": "ffffffff" },
					{ "time": 0.6666, "color": "ffffff00", "curve": "stepped" },
					{ "time": 1, "color": "ffffff00" }
				],
				"attachment": [
					{ "time": 0, "name": null },
					{ "time": 0.0333, "name": "images/bird_stone_03" },
					{ "time": 1, "name": "images/bird_stone_03" }
				]
			},
			"images/bird_stone_6": {
				"color": [
					{ "time": 0, "color": "ffffffff", "curve": "stepped" },
					{ "time": 0.0333, "color": "ffffffff" },
					{ "time": 0.6666, "color": "ffffff00", "curve": "stepped" },
					{ "time": 1, "color": "ffffff00" }
				],
				"attachment": [
					{ "time": 0, "name": null },
					{ "time": 0.0333, "name": "images/bird_stone_03" },
					{ "time": 1, "name": "images/bird_stone_03" }
				]
			},
			"images/bird_stone_7": {
				"color": [
					{ "time": 0, "color": "ffffffff", "curve": "stepped" },
					{ "time": 0.0333, "color": "ffffffff" },
					{ "time": 0.6666, "color": "ffffff00", "curve": "stepped" },
					{ "time": 1, "color": "ffffff00" }
				],
				"attachment": [
					{ "time": 0, "name": null },
					{ "time": 0.0333, "name": "images/bird_stone_03" },
					{ "time": 1, "name": "images/bird_stone_03" }
				]
			},
			"images/images/bird_stone_60": {
				"color": [
					{ "time": 0, "color": "ffffffff", "curve": "stepped" },
					{ "time": 0.8333, "color": "ffffffff" },
					{ "time": 1, "color": "ffffff00" }
				],
				"attachment": [
					{ "time": 0, "name": null },
					{ "time": 0.0333, "name": "images/w3" },
					{ "time": 1, "name": "images/w3" }
				]
			},
			"images/images/bird_stone_62": {
				"color": [
					{ "time": 0, "color": "ffffffff", "curve": "stepped" },
					{ "time": 0.7333, "color": "ffffffff" },
					{ "time": 0.9, "color": "ffffff00", "curve": "stepped" },
					{ "time": 1, "color": "ffffff00" }
				],
				"attachment": [
					{ "time": 0, "name": null },
					{ "time": 0.0333, "name": "images/w2" },
					{ "time": 0.9, "name": "images/w2" },
					{ "time": 1, "name": "images/w2" }
				]
			},
			"images/images/bird_stone_63": {
				"color": [
					{ "time": 0, "color": "ffffffff", "curve": "stepped" },
					{ "time": 0.6666, "color": "ffffffff" },
					{ "time": 0.8333, "color": "ffffff00", "curve": "stepped" },
					{ "time": 1, "color": "ffffff00" }
				],
				"attachment": [
					{ "time": 0, "name": null },
					{ "time": 0.0333, "name": "images/w7" },
					{ "time": 0.8333, "name": "images/w7" },
					{ "time": 1, "name": "images/w7" }
				]
			},
			"images/images/bird_stone_73": {
				"color": [
					{ "time": 0, "color": "ffffffff", "curve": "stepped" },
					{ "time": 0.6, "color": "ffffffff" },
					{ "time": 0.7666, "color": "ffffff00", "curve": "stepped" },
					{ "time": 1, "color": "ffffff00" }
				],
				"attachment": [
					{ "time": 0, "name": null },
					{ "time": 0.0333, "name": "images/w4" },
					{ "time": 0.7666, "name": "images/w4" },
					{ "time": 1, "name": "images/w4" }
				]
			},
			"images/images/bird_stone_74": {
				"color": [
					{ "time": 0, "color": "ffffffff", "curve": "stepped" },
					{
						"time": 0.8333,
						"color": "ffffffff",
						"curve": [ 0.204, 0.17, 0.907, 0.69 ]
					},
					{ "time": 1, "color": "ffffff00" }
				],
				"attachment": [
					{ "time": 0, "name": null },
					{ "time": 0.0333, "name": "images/w2" },
					{ "time": 1, "name": "images/w2" }
				]
			},
			"images/images/bird_stone_75": {
				"color": [
					{ "time": 0, "color": "ffffffff", "curve": "stepped" },
					{ "time": 0.8333, "color": "ffffffff" },
					{ "time": 1, "color": "ffffff00" }
				],
				"attachment": [
					{ "time": 0, "name": null },
					{ "time": 0.0333, "name": "images/w6" },
					{ "time": 0.2, "name": "images/w6" },
					{ "time": 1, "name": "images/w6" }
				]
			},
			"images/images/bird_stone_83": {
				"color": [
					{ "time": 0, "color": "ffffffff", "curve": "stepped" },
					{ "time": 0.7666, "color": "ffffffff" },
					{ "time": 0.9333, "color": "ffffff00", "curve": "stepped" },
					{ "time": 1, "color": "ffffff00" }
				],
				"attachment": [
					{ "time": 0, "name": null },
					{ "time": 0.0333, "name": "images/w4" },
					{ "time": 0.9333, "name": "images/w4" },
					{ "time": 1, "name": "images/w4" }
				]
			},
			"images/images/bird_stone_85": {
				"color": [
					{ "time": 0, "color": "ffffffff", "curve": "stepped" },
					{ "time": 0.8333, "color": "ffffffff" },
					{ "time": 1, "color": "ffffff00" }
				],
				"attachment": [
					{ "time": 0, "name": null },
					{ "time": 0.0333, "name": "images/w6" },
					{ "time": 1, "name": "images/w6" }
				]
			},
			"images/images/bird_stone_86": {
				"color": [
					{ "time": 0, "color": "ffffffff", "curve": "stepped" },
					{ "time": 0.8, "color": "ffffffff" },
					{ "time": 0.9333, "color": "ffffff00", "curve": "stepped" },
					{ "time": 1, "color": "ffffff00" }
				],
				"attachment": [
					{ "time": 0, "name": null },
					{ "time": 0.0333, "name": "images/w4" },
					{ "time": 0.9333, "name": "images/w4" },
					{ "time": 1, "name": "images/w4" }
				]
			},
			"images/images/bird_stone_93": {
				"color": [
					{ "time": 0, "color": "ffffffff", "curve": "stepped" },
					{ "time": 0.8333, "color": "ffffffff" },
					{ "time": 1, "color": "ffffff00" }
				],
				"attachment": [
					{ "time": 0, "name": null },
					{ "time": 0.0333, "name": "images/w5" },
					{ "time": 1, "name": "images/w5" }
				]
			},
			"images/qs1": {
				"color": [
					{ "time": 0, "color": "ffffffff", "curve": "stepped" },
					{ "time": 1, "color": "ffffffff" }
				],
				"attachment": [
					{ "time": 0, "name": null },
					{ "time": 0.0333, "name": null },
					{ "time": 1, "name": null }
				]
			},
			"images/qs2": {
				"color": [
					{ "time": 0, "color": "ffffffff", "curve": "stepped" },
					{ "time": 1, "color": "ffffffff" }
				],
				"attachment": [
					{ "time": 0, "name": null },
					{ "time": 0.0333, "name": null },
					{ "time": 1, "name": null }
				]
			},
			"images/qs3": {
				"color": [
					{ "time": 0, "color": "ffffffff", "curve": "stepped" },
					{ "time": 1, "color": "ffffffff" }
				],
				"attachment": [
					{ "time": 0, "name": "images/qw3" },
					{ "time": 0.0333, "name": null },
					{ "time": 1, "name": null }
				]
			}
		},
		"bones": {
			"root": {
				"rotate": [
					{ "time": 0, "angle": 0, "curve": "stepped" },
					{ "time": 1, "angle": 0 }
				],
				"translate": [
					{ "time": 0, "x": 0, "y": 0, "curve": "stepped" },
					{ "time": 1, "x": 0, "y": 0 }
				],
				"scale": [
					{ "time": 0, "x": 1, "y": 1, "curve": "stepped" },
					{ "time": 1, "x": 1, "y": 1 }
				]
			},
			"images/images/bird_stone_62": {
				"rotate": [
					{ "time": 0, "angle": 0, "curve": "stepped" },
					{ "time": 0.0333, "angle": 0 },
					{ "time": 0.1666, "angle": 53.55 },
					{ "time": 0.9, "angle": 82.36, "curve": "stepped" },
					{ "time": 1, "angle": 82.36 }
				],
				"translate": [
					{ "time": 0, "x": 0, "y": 0 },
					{
						"time": 0.0333,
						"x": -382.51,
						"y": -513.61,
						"curve": [ 0.25, 0, 0.75, 1 ]
					},
					{
						"time": 0.1666,
						"x": -444.6,
						"y": -541.75,
						"curve": [ 0.324, 0.12, 0.776, 0.49 ]
					},
					{ "time": 0.9, "x": -475.01, "y": -1332.8 },
					{ "time": 1, "x": -475.01, "y": -802.8 }
				],
				"scale": [
					{ "time": 0, "x": 1, "y": 1, "curve": "stepped" },
					{ "time": 0.9, "x": 1, "y": 1, "curve": "stepped" },
					{ "time": 1, "x": 1, "y": 1 }
				]
			},
			"images/images/bird_stone_73": {
				"rotate": [
					{ "time": 0, "angle": 0 },
					{ "time": 0.0333, "angle": -86.06 },
					{ "time": 0.2, "angle": 24.81 },
					{ "time": 0.7666, "angle": 155.97, "curve": "stepped" },
					{ "time": 1, "angle": 155.97 }
				],
				"translate": [
					{ "time": 0, "x": 0, "y": 0 },
					{
						"time": 0.0333,
						"x": -499.69,
						"y": -542.38,
						"curve": [ 0.25, 0, 0.75, 1 ]
					},
					{
						"time": 0.2,
						"x": -573.61,
						"y": -475.14,
						"curve": [ 0.456, 0.18, 0.817, 0.56 ]
					},
					{ "time": 0.7666, "x": -615.72, "y": -777.66 },
					{ "time": 1, "x": -615.72, "y": -657.66 }
				],
				"scale": [
					{ "time": 0, "x": 1, "y": 1, "curve": "stepped" },
					{ "time": 0.7666, "x": 1, "y": 1, "curve": "stepped" },
					{ "time": 1, "x": 1, "y": 1 }
				]
			},
			"images/images/bird_stone_83": {
				"rotate": [
					{ "time": 0, "angle": 0, "curve": "stepped" },
					{ "time": 0.0333, "angle": 0 },
					{ "time": 0.2, "angle": -45.89 },
					{ "time": 0.9333, "angle": 137.61, "curve": "stepped" },
					{ "time": 1, "angle": 137.61 }
				],
				"translate": [
					{ "time": 0, "x": 0, "y": 0 },
					{
						"time": 0.0333,
						"x": -140.17,
						"y": -288,
						"curve": [ 0.25, 0, 0.75, 1 ]
					},
					{
						"time": 0.2,
						"x": -28.83,
						"y": -270.69,
						"curve": [ 0.546, 0.17, 0.807, 0.5 ]
					},
					{ "time": 0.9333, "x": 74.79, "y": -775.04 },
					{ "time": 1, "x": 74.79, "y": -445.04 }
				],
				"scale": [
					{ "time": 0, "x": 1, "y": 1, "curve": "stepped" },
					{ "time": 0.9333, "x": 1, "y": 1, "curve": "stepped" },
					{ "time": 1, "x": 1, "y": 1 }
				]
			},
			"images/images/bird_stone_85": {
				"rotate": [
					{ "time": 0, "angle": 0, "curve": "stepped" },
					{ "time": 0.0333, "angle": 0 },
					{ "time": 0.2, "angle": 99.33 },
					{ "time": 1, "angle": -97.28 }
				],
				"translate": [
					{ "time": 0, "x": 0, "y": 0 },
					{
						"time": 0.0333,
						"x": -402.73,
						"y": -310.37,
						"curve": [ 0.25, 0, 0.75, 1 ]
					},
					{
						"time": 0.2,
						"x": -499.79,
						"y": -222.76,
						"curve": [ 0.53, 0.22, 0.793, 0.49 ]
					},
					{ "time": 1, "x": -596.25, "y": -965.4 }
				],
				"scale": [
					{ "time": 0, "x": 1, "y": 1, "curve": "stepped" },
					{ "time": 1, "x": 1, "y": 1 }
				]
			},
			"images/images/bird_stone_93": {
				"rotate": [
					{ "time": 0, "angle": 0 },
					{ "time": 0.0333, "angle": -52.76 },
					{ "time": 0.2, "angle": 18.07 },
					{ "time": 1, "angle": 139.22 }
				],
				"translate": [
					{ "time": 0, "x": 0, "y": 0 },
					{
						"time": 0.0333,
						"x": -408.51,
						"y": -432.18,
						"curve": [ 0.25, 0, 0.75, 1 ]
					},
					{
						"time": 0.2,
						"x": -505.66,
						"y": -470.75,
						"curve": [ 0.451, 0.2, 0.793, 0.45 ]
					},
					{ "time": 1, "x": -625.14, "y": -1365.94 }
				],
				"scale": [
					{ "time": 0, "x": 1, "y": 1, "curve": "stepped" },
					{ "time": 1, "x": 1, "y": 1 }
				]
			},
			"bone": {
				"rotate": [
					{ "time": 0, "angle": 0, "curve": "stepped" },
					{ "time": 0.0333, "angle": 0 },
					{ "time": 0.2, "angle": -69.78 },
					{ "time": 1, "angle": -177.89 }
				],
				"translate": [
					{ "time": 0, "x": 0, "y": 0 },
					{
						"time": 0.0333,
						"x": -224.35,
						"y": -184.17,
						"curve": [ 0.25, 0, 0.75, 1 ]
					},
					{
						"time": 0.2,
						"x": -138.14,
						"y": -70.12,
						"curve": [ 0.579, 0.2, 0.825, 0.52 ]
					},
					{ "time": 1, "x": -48, "y": -711.63 }
				],
				"scale": [
					{ "time": 0, "x": 1, "y": 1, "curve": "stepped" },
					{ "time": 1, "x": 1, "y": 1 }
				]
			},
			"images/images/bird_stone_75": {
				"rotate": [
					{ "time": 0, "angle": 0, "curve": "stepped" },
					{ "time": 0.0333, "angle": 0 },
					{ "time": 0.2, "angle": -121.46, "curve": "stepped" },
					{ "time": 1, "angle": -121.46 }
				],
				"translate": [
					{ "time": 0, "x": 0, "y": 0 },
					{
						"time": 0.0333,
						"x": -217.17,
						"y": -599.14,
						"curve": [ 0.25, 0, 0.75, 1 ]
					},
					{
						"time": 0.2,
						"x": -156.59,
						"y": -673.08,
						"curve": [ 0.475, 0.18, 0.793, 0.49 ]
					},
					{ "time": 1, "x": -104.61, "y": -1496.33 }
				],
				"scale": [
					{ "time": 0, "x": 1, "y": 1, "curve": "stepped" },
					{ "time": 1, "x": 1, "y": 1 }
				]
			},
			"images/images/bird_stone_74": {
				"rotate": [
					{ "time": 0, "angle": 0, "curve": "stepped" },
					{ "time": 0.0333, "angle": 0 },
					{
						"time": 0.2,
						"angle": 111.59,
						"curve": [ 0.204, 0.17, 0.907, 0.69 ]
					},
					{ "time": 1, "angle": -145.17 }
				],
				"translate": [
					{ "time": 0, "x": 0, "y": 0 },
					{
						"time": 0.0333,
						"x": -324.56,
						"y": -234.95,
						"curve": [ 0.25, 0, 0.75, 1 ]
					},
					{
						"time": 0.2,
						"x": -372.21,
						"y": -145.82,
						"curve": [ 0.48, 0.18, 0.845, 0.52 ]
					},
					{ "time": 1, "x": -461.68, "y": -792.94 }
				],
				"scale": [
					{ "time": 0, "x": 1, "y": 1 },
					{ "time": 1, "x": 1, "y": 0.058 }
				]
			},
			"images/bird_stone_6": {
				"rotate": [
					{ "time": 0, "angle": 0 },
					{ "time": 0.0333, "angle": -36.11, "curve": "stepped" },
					{ "time": 1, "angle": -36.11 }
				],
				"translate": [
					{ "time": 0, "x": 0, "y": 0 },
					{ "time": 0.0333, "x": -129.53, "y": -98.47 },
					{ "time": 0.6666, "x": -31.93, "y": -169.63, "curve": "stepped" },
					{ "time": 1, "x": -31.93, "y": -169.63 }
				],
				"scale": [
					{ "time": 0, "x": 1, "y": 1, "curve": "stepped" },
					{ "time": 0.0333, "x": 1, "y": 1 },
					{ "time": 0.6666, "x": 0.2, "y": 0.39, "curve": "stepped" },
					{ "time": 1, "x": 0.199, "y": 0.39 }
				]
			},
			"images/bird_stone_5": {
				"rotate": [
					{ "time": 0, "angle": 0 },
					{ "time": 0.0333, "angle": 25.37, "curve": "stepped" },
					{ "time": 1, "angle": 25.37 }
				],
				"translate": [
					{ "time": 0, "x": 0, "y": 0 },
					{ "time": 0.0333, "x": -104.01, "y": 26.12 },
					{ "time": 0.6666, "x": -26.58, "y": 62.83, "curve": "stepped" },
					{ "time": 1, "x": -26.58, "y": 62.83 }
				],
				"scale": [
					{ "time": 0, "x": 1, "y": 1, "curve": "stepped" },
					{ "time": 0.0333, "x": 1, "y": 1 },
					{ "time": 0.6666, "x": 0.2, "y": 0.39, "curve": "stepped" },
					{ "time": 1, "x": 0.199, "y": 0.39 }
				]
			},
			"images/bird_stone_3": {
				"rotate": [
					{ "time": 0, "angle": 0 },
					{ "time": 0.0333, "angle": 143.6, "curve": "stepped" },
					{ "time": 1, "angle": 143.6 }
				],
				"translate": [
					{ "time": 0, "x": 0, "y": 0 },
					{ "time": 0.0333, "x": -426.41, "y": 13.12 },
					{ "time": 0.6666, "x": -486.23, "y": 57.22, "curve": "stepped" },
					{ "time": 1, "x": -486.23, "y": 57.22 }
				],
				"scale": [
					{ "time": 0, "x": 1, "y": 1, "curve": "stepped" },
					{ "time": 0.0333, "x": 1, "y": 1 },
					{ "time": 0.6666, "x": 0.2, "y": 0.39, "curve": "stepped" },
					{ "time": 1, "x": 0.199, "y": 0.39 }
				]
			},
			"images/bird_stone_7": {
				"rotate": [
					{ "time": 0, "angle": 0 },
					{ "time": 0.0333, "angle": -127.07, "curve": "stepped" },
					{ "time": 1, "angle": -127.07 }
				],
				"translate": [
					{ "time": 0, "x": 0, "y": 0 },
					{ "time": 0.0333, "x": -381.04, "y": -161.1 },
					{ "time": 0.6666, "x": -439.32, "y": -238.29, "curve": "stepped" },
					{ "time": 1, "x": -439.32, "y": -238.29 }
				],
				"scale": [
					{ "time": 0, "x": 1, "y": 1, "curve": "stepped" },
					{ "time": 0.0333, "x": 1, "y": 1 },
					{ "time": 0.6666, "x": 0.203, "y": 0.392, "curve": "stepped" },
					{ "time": 1, "x": 0.203, "y": 0.392 }
				]
			},
			"images/bird_stone_4": {
				"rotate": [
					{ "time": 0, "angle": 0 },
					{ "time": 0.0333, "angle": 72.42, "curve": "stepped" },
					{ "time": 1, "angle": 72.42 }
				],
				"translate": [
					{ "time": 0, "x": 0, "y": 0 },
					{ "time": 0.0333, "x": -206.57, "y": -23.72 },
					{ "time": 0.6666, "x": -190.03, "y": 28.47, "curve": "stepped" },
					{ "time": 1, "x": -190.03, "y": 28.47 }
				],
				"scale": [
					{ "time": 0, "x": 1, "y": 1, "curve": "stepped" },
					{ "time": 0.0333, "x": 1, "y": 1 },
					{ "time": 0.6666, "x": 0.2, "y": 0.39, "curve": "stepped" },
					{ "time": 1, "x": 0.199, "y": 0.39 }
				]
			},
			"images/images/bird_stone_63": {
				"rotate": [
					{ "time": 0, "angle": 0, "curve": "stepped" },
					{ "time": 0.0333, "angle": 0 },
					{ "time": 0.1666, "angle": -55.04 },
					{ "time": 0.8333, "angle": -152.02, "curve": "stepped" },
					{ "time": 1, "angle": -152.02 }
				],
				"translate": [
					{ "time": 0, "x": 0, "y": 0 },
					{
						"time": 0.0333,
						"x": -407.93,
						"y": -347.19,
						"curve": [ 0.25, 0, 0.75, 1 ]
					},
					{
						"time": 0.1666,
						"x": -421.84,
						"y": -421.95,
						"curve": [ 0.559, 0.17, 0.802, 0.42 ]
					},
					{ "time": 0.8333, "x": -450.55, "y": -916.71 },
					{ "time": 1, "x": -450.55, "y": -696.71 }
				],
				"scale": [
					{ "time": 0, "x": 1, "y": 1, "curve": "stepped" },
					{ "time": 0.8333, "x": 1, "y": 1, "curve": "stepped" },
					{ "time": 1, "x": 1, "y": 1 }
				]
			},
			"images/images/bird_stone_86": {
				"rotate": [
					{ "time": 0, "angle": 0 },
					{ "time": 0.0333, "angle": 23.7 },
					{ "time": 0.1666, "angle": -35.92 },
					{ "time": 0.9333, "angle": -138.93, "curve": "stepped" },
					{ "time": 1, "angle": -138.93 }
				],
				"translate": [
					{ "time": 0, "x": 0, "y": 0 },
					{
						"time": 0.0333,
						"x": -371.73,
						"y": -286.68,
						"curve": [ 0.25, 0, 0.75, 1 ]
					},
					{
						"time": 0.1666,
						"x": -294.86,
						"y": -279.79,
						"curve": [ 0.578, 0.25, 0.837, 0.52 ]
					},
					{ "time": 0.9333, "x": -219.57, "y": -911.04 },
					{ "time": 1, "x": -219.57, "y": -641.04 }
				],
				"scale": [
					{ "time": 0, "x": 1, "y": 1, "curve": "stepped" },
					{ "time": 0.9333, "x": 1, "y": 1, "curve": "stepped" },
					{ "time": 1, "x": 1, "y": 1 }
				]
			},
			"shadow/stone": {
				"rotate": [
					{ "time": 0, "angle": 0, "curve": "stepped" },
					{ "time": 1, "angle": 0 }
				],
				"translate": [
					{ "time": 0, "x": 0, "y": 0, "curve": "stepped" },
					{ "time": 1, "x": 0, "y": 0 }
				],
				"scale": [
					{ "time": 0, "x": 1, "y": 1, "curve": "stepped" },
					{ "time": 1, "x": 1, "y": 1 }
				]
			}
		},
		"drawOrder": [
			{ "time": 0 },
			{ "time": 0.8333 },
			{ "time": 1 }
		]
	}
}
}