{
"skeleton": { "hash": "KGZUhFN/EnmS3EULNNQuIVyDrOg", "spine": "3.4.02", "width": 109, "height": 109, "images": "" },
"bones": [
	{ "name": "root", "rotation": -90 },
	{ "name": "images/chuansongdai_back2", "parent": "root", "x": -0.8, "y": -0.15 },
	{ "name": "images/DIS5", "parent": "images/chuansongdai_back2", "x": 38.72, "y": -0.42 },
	{ "name": "images/DIS6", "parent": "images/chuansongdai_back2", "x": -34.74, "y": -0.42 },
	{ "name": "images/DIS7", "parent": "images/chuansongdai_back2", "x": 2.16, "y": -0.42 }
],
"slots": [
	{ "name": "images/chuansongdai_back2", "bone": "images/chuansongdai_back2", "attachment": "images/chuansongdai_back1" },
	{ "name": "images/line", "bone": "images/DIS5", "attachment": "images/line" },
	{ "name": "images/line2", "bone": "images/DIS6", "attachment": "images/line" },
	{ "name": "images/line3", "bone": "images/DIS7", "attachment": "images/line" }
],
"skins": {
	"default": {
		"images/chuansongdai_back2": {
			"images/chuansongdai_back1": { "x": 1.86, "y": -0.25, "rotation": -90, "width": 109, "height": 109 }
		},
		"images/line": {
			"images/line": { "x": -0.14, "y": -0.16, "width": 5, "height": 78 }
		},
		"images/line2": {
			"images/line": { "x": -0.14, "y": -0.16, "width": 5, "height": 78 }
		},
		"images/line3": {
			"images/line": { "x": -0.14, "y": -0.16, "width": 5, "height": 78 }
		}
	}
},
"animations": {
	"run": {
		"slots": {
			"images/chuansongdai_back2": {
				"color": [
					{ "time": 0, "color": "ffffffff", "curve": "stepped" },
					{ "time": 1, "color": "ffffffff" }
				],
				"attachment": [
					{ "time": 0, "name": "images/chuansongdai_back1" },
					{ "time": 1, "name": "images/chuansongdai_back1" }
				]
			},
			"images/line": {
				"color": [
					{ "time": 0, "color": "ffffffff", "curve": "stepped" },
					{ "time": 1, "color": "ffffffff" }
				],
				"attachment": [
					{ "time": 0, "name": "images/line" },
					{ "time": 0.1666, "name": "images/line" },
					{ "time": 0.2333, "name": "images/line" },
					{ "time": 1, "name": "images/line" }
				]
			},
			"images/line2": {
				"color": [
					{ "time": 0, "color": "ffffffff", "curve": "stepped" },
					{ "time": 1, "color": "ffffffff" }
				],
				"attachment": [
					{ "time": 0, "name": "images/line" },
					{ "time": 0.8, "name": "images/line" },
					{ "time": 0.8666, "name": "images/line" },
					{ "time": 1, "name": "images/line" }
				]
			},
			"images/line3": {
				"color": [
					{ "time": 0, "color": "ffffffff", "curve": "stepped" },
					{ "time": 1, "color": "ffffffff" }
				],
				"attachment": [
					{ "time": 0, "name": "images/line" },
					{ "time": 0.5, "name": "images/line" },
					{ "time": 0.5666, "name": "images/line" },
					{ "time": 1, "name": "images/line" }
				]
			}
		},
		"bones": {
			"images/chuansongdai_back2": {
				"rotate": [
					{ "time": 0, "angle": 0, "curve": "stepped" },
					{ "time": 1, "angle": 0 }
				],
				"translate": [
					{ "time": 0, "x": 0.06, "y": 0, "curve": "stepped" },
					{ "time": 1, "x": 0.06, "y": 0 }
				],
				"scale": [
					{ "time": 0, "x": 1, "y": 1, "curve": "stepped" },
					{ "time": 1, "x": 1, "y": 1 }
				]
			},
			"images/DIS5": {
				"rotate": [
					{ "time": 0, "angle": 0, "curve": "stepped" },
					{ "time": 0.2, "angle": 0, "curve": "stepped" },
					{ "time": 1, "angle": 0 }
				],
				"translate": [
					{ "time": 0, "x": -0.24, "y": 0 },
					{ "time": 0.2, "x": 21.26, "y": 0, "curve": "stepped" },
					{ "time": 0.2333, "x": -86.33, "y": 0 },
					{ "time": 0.2666, "x": -80.98, "y": 0 },
					{ "time": 1, "x": -0.24, "y": 0 }
				],
				"scale": [
					{ "time": 0, "x": 1, "y": 1, "curve": "stepped" },
					{ "time": 0.2, "x": 1, "y": 1, "curve": "stepped" },
					{ "time": 1, "x": 1, "y": 1 }
				]
			},
			"images/DIS6": {
				"rotate": [
					{ "time": 0, "angle": 0, "curve": "stepped" },
					{ "time": 0.8333, "angle": 0, "curve": "stepped" },
					{ "time": 1, "angle": 0 }
				],
				"translate": [
					{ "time": 0, "x": 0.47, "y": 0 },
					{ "time": 0.8333, "x": 90.89, "y": 0, "curve": "stepped" },
					{ "time": 0.8666, "x": -14.54, "y": 0 },
					{ "time": 1, "x": 0.47, "y": 0 }
				],
				"scale": [
					{ "time": 0, "x": 1, "y": 1, "curve": "stepped" },
					{ "time": 0.8333, "x": 1, "y": 1, "curve": "stepped" },
					{ "time": 1, "x": 1, "y": 1 }
				]
			},
			"images/DIS7": {
				"rotate": [
					{ "time": 0, "angle": 0, "curve": "stepped" },
					{ "time": 0.5333, "angle": 0, "curve": "stepped" },
					{ "time": 1, "angle": 0 }
				],
				"translate": [
					{ "time": 0, "x": 0, "y": 0 },
					{ "time": 0.5333, "x": 56.72, "y": 0, "curve": "stepped" },
					{ "time": 0.5666, "x": -49.42, "y": 0 },
					{ "time": 1, "x": 0, "y": 0 }
				],
				"scale": [
					{ "time": 0, "x": 1, "y": 1, "curve": "stepped" },
					{ "time": 0.5333, "x": 1, "y": 1, "curve": "stepped" },
					{ "time": 1, "x": 1, "y": 1 }
				]
			}
		},
		"drawOrder": [
			{ "time": 0 },
			{ "time": 1 }
		]
	},
	"stop": {
		"slots": {
			"images/chuansongdai_back2": {
				"color": [
					{ "time": 0, "color": "ffffffff" }
				],
				"attachment": [
					{ "time": 0, "name": "images/chuansongdai_back1" }
				]
			},
			"images/line": {
				"color": [
					{ "time": 0, "color": "ffffffff" }
				],
				"attachment": [
					{ "time": 0, "name": "images/line" }
				]
			},
			"images/line2": {
				"color": [
					{ "time": 0, "color": "ffffffff" }
				],
				"attachment": [
					{ "time": 0, "name": "images/line" }
				]
			},
			"images/line3": {
				"color": [
					{ "time": 0, "color": "ffffffff" }
				],
				"attachment": [
					{ "time": 0, "name": "images/line" }
				]
			}
		},
		"bones": {
			"images/chuansongdai_back2": {
				"rotate": [
					{ "time": 0, "angle": 0 }
				],
				"translate": [
					{ "time": 0, "x": 0.06, "y": 0 }
				],
				"scale": [
					{ "time": 0, "x": 1, "y": 1 }
				]
			},
			"images/DIS5": {
				"rotate": [
					{ "time": 0, "angle": 0 }
				],
				"translate": [
					{ "time": 0, "x": -0.24, "y": 0 }
				],
				"scale": [
					{ "time": 0, "x": 1, "y": 1 }
				]
			},
			"images/DIS6": {
				"rotate": [
					{ "time": 0, "angle": 0 }
				],
				"translate": [
					{ "time": 0, "x": 0.47, "y": 0 }
				],
				"scale": [
					{ "time": 0, "x": 1, "y": 1 }
				]
			},
			"images/DIS7": {
				"rotate": [
					{ "time": 0, "angle": 0 }
				],
				"translate": [
					{ "time": 0, "x": 0, "y": 0 }
				],
				"scale": [
					{ "time": 0, "x": 1, "y": 1 }
				]
			}
		},
		"drawOrder": [
			{ "time": 0 }
		]
	}
}
}