{
"skeleton": { "hash": "YToL50Mw5OMOtjhwqTD3/TXBBz4", "spine": "3.4.02", "width": 0, "height": 0, "images": "" },
"bones": [
	{ "name": "root" },
	{ "name": "images/chuansongdai_back4", "parent": "root" },
	{
		"name": "images/chuansongdai_back3",
		"parent": "images/chuansongdai_back4",
		"length": 44.73,
		"rotation": -43.46,
		"x": -45.92,
		"y": 44.92
	},
	{ "name": "images/line_1", "parent": "images/chuansongdai_back4", "length": 40.67, "rotation": -21.22, "x": -45.92, "y": 44.92 },
	{ "name": "images/line_3", "parent": "images/chuansongdai_back4", "length": 38.34, "rotation": -68.42, "x": -45.92, "y": 44.92 },
	{ "name": "tishen", "parent": "images/chuansongdai_back4", "length": 40.67, "rotation": -21.22, "x": -45.92, "y": 44.92 }
],
"slots": [
	{ "name": "images/chuansongdai_back3", "bone": "images/chuansongdai_back4", "attachment": "images/chuansongdai_back3" },
	{ "name": "images/line_5", "bone": "images/line_3", "attachment": "images/line_1" },
	{ "name": "images/line_6", "bone": "images/chuansongdai_back3", "attachment": "images/line_2" },
	{ "name": "images/line_7", "bone": "images/line_1", "attachment": "images/line_3" },
	{ "name": "tishen", "bone": "tishen" }
],
"skins": {
	"default": {
		"images/chuansongdai_back3": {
			"images/chuansongdai_back3": { "x": 0.47, "y": -0.94, "width": 109, "height": 109 }
		},
		"images/line_5": {
			"images/line_1": {
				"type": "mesh",
				"uvs": [ 0.95205, 0.87504, 0, 0.80355, 0.07765, 0.11913, 0.98067, 0.17547 ],
				"triangles": [ 0, 2, 3, 1, 2, 0 ],
				"vertices": [ 83.49, -2.69, -1.76, -0.76, 5.29, 6.71, 86.16, 5.01 ],
				"hull": 4,
				"edges": [ 0, 2, 2, 4, 4, 6, 0, 6 ],
				"width": 89,
				"height": 11
			}
		},
		"images/line_6": {
			"images/line_2": {
				"type": "mesh",
				"uvs": [ 0.97809, 0.77778, 0.01404, 0.74907, 0.01333, 0.09892, 0.97659, 0.12722 ],
				"triangles": [ 1, 2, 3, 1, 3, 0 ],
				"vertices": [ 108.33, -6.16, 5.23, -2.96, 5.37, 4.83, 108.39, 1.64 ],
				"hull": 4,
				"edges": [ 0, 2, 2, 4, 4, 6, 0, 6 ],
				"width": 107,
				"height": 12
			}
		},
		"images/line_7": {
			"images/line_3": {
				"type": "mesh",
				"uvs": [ 0.98896, 0.82082, 0.05486, 0.84402, 0.00413, 0.21068, 0.96959, 0.15647 ],
				"triangles": [ 1, 2, 3, 0, 1, 3 ],
				"vertices": [ 85.95, -3.5, 3.76, -5.15, -0.81, 1.73, 84.12, 3.76 ],
				"hull": 4,
				"edges": [ 0, 2, 2, 4, 4, 6, 0, 6 ],
				"width": 88,
				"height": 11
			}
		},
		"tishen": {
			"images/line_3": {
				"type": "mesh",
				"uvs": [ 0.98896, 0.82082, 0.05486, 0.84402, 0.00413, 0.21068, 0.96959, 0.15647 ],
				"triangles": [ 1, 2, 3, 0, 1, 3 ],
				"vertices": [ 85.95, -3.5, 3.76, -5.15, -0.81, 1.73, 84.12, 3.76 ],
				"hull": 4,
				"edges": [ 0, 2, 2, 4, 4, 6, 0, 6 ],
				"width": 88,
				"height": 11
			}
		}
	}
},
"animations": {
	"run": {
		"slots": {
			"images/chuansongdai_back3": {
				"color": [
					{ "time": 0, "color": "ffffffff", "curve": "stepped" },
					{ "time": 1, "color": "ffffffff" }
				],
				"attachment": [
					{ "time": 0, "name": "images/chuansongdai_back3" },
					{ "time": 1, "name": "images/chuansongdai_back3" }
				]
			},
			"images/line_5": {
				"color": [
					{ "time": 0, "color": "ffffffff", "curve": "stepped" },
					{ "time": 1, "color": "ffffffff" }
				],
				"attachment": [
					{ "time": 0, "name": "images/line_1" },
					{ "time": 0.7666, "name": "images/line_1" },
					{ "time": 0.8, "name": null },
					{ "time": 0.8666, "name": "images/line_1" },
					{ "time": 1, "name": "images/line_1" }
				]
			},
			"images/line_6": {
				"color": [
					{ "time": 0, "color": "ffffffff", "curve": "stepped" },
					{ "time": 1, "color": "ffffffff" }
				],
				"attachment": [
					{ "time": 0, "name": "images/line_2" },
					{ "time": 0.4, "name": "images/line_2" },
					{ "time": 0.4333, "name": null },
					{ "time": 0.5666, "name": "images/line_2" },
					{ "time": 1, "name": "images/line_2" }
				]
			},
			"images/line_7": {
				"color": [
					{ "time": 0, "color": "ffffffff", "curve": "stepped" },
					{ "time": 1, "color": "ffffffff" }
				],
				"attachment": [
					{ "time": 0, "name": "images/line_3" },
					{ "time": 0.1, "name": null },
					{ "time": 0.2333, "name": "images/line_3" },
					{ "time": 1, "name": "images/line_3" }
				]
			},
			"tishen": {
				"color": [
					{ "time": 0, "color": "ffffffff", "curve": "stepped" },
					{ "time": 1, "color": "ffffffff" }
				],
				"attachment": [
					{ "time": 0, "name": null },
					{ "time": 0.1, "name": "images/line_3" },
					{ "time": 0.2333, "name": null },
					{ "time": 0.4333, "name": "images/line_3" },
					{ "time": 0.5666, "name": null },
					{ "time": 0.7666, "name": "images/line_3" },
					{ "time": 0.8666, "name": null },
					{ "time": 1, "name": null }
				]
			}
		},
		"bones": {
			"root": {
				"rotate": [
					{ "time": 0, "angle": 0, "curve": "stepped" },
					{ "time": 1, "angle": 0 }
				],
				"scale": [
					{ "time": 0, "x": 1, "y": 1, "curve": "stepped" },
					{ "time": 1, "x": 1, "y": 1 }
				]
			},
			"images/chuansongdai_back4": {
				"rotate": [
					{ "time": 0, "angle": 0, "curve": "stepped" },
					{ "time": 1, "angle": 0 }
				],
				"translate": [
					{ "time": 0, "x": 0, "y": 0, "curve": "stepped" },
					{ "time": 1, "x": 0, "y": 0 }
				],
				"scale": [
					{ "time": 0, "x": 1, "y": 1, "curve": "stepped" },
					{ "time": 1, "x": 1, "y": 1 }
				]
			},
			"images/chuansongdai_back3": {
				"rotate": [
					{ "time": 0, "angle": 0 },
					{ "time": 0.3333, "angle": 22.74 },
					{ "time": 0.4333, "angle": 33.01 },
					{ "time": 0.4666, "angle": 44.71 },
					{ "time": 0.5, "angle": -44.61 },
					{ "time": 0.6666, "angle": -24.21 },
					{ "time": 1, "angle": 0 }
				],
				"translate": [
					{ "time": 0, "x": 0, "y": 0, "curve": "stepped" },
					{ "time": 1, "x": 0, "y": 0 }
				],
				"scale": [
					{ "time": 0, "x": 1, "y": 1, "curve": "stepped" },
					{ "time": 1, "x": 1, "y": 1 }
				]
			},
			"images/line_1": {
				"rotate": [
					{ "time": 0, "angle": 0 },
					{ "time": 0.1, "angle": 12.46 },
					{ "time": 0.1333, "angle": 20.17 },
					{ "time": 0.2, "angle": -69.3 },
					{ "time": 0.3333, "angle": -47.42 },
					{ "time": 0.6666, "angle": -23.78 },
					{ "time": 1, "angle": 0 }
				],
				"translate": [
					{ "time": 0, "x": 0, "y": 0, "curve": "stepped" },
					{ "time": 1, "x": 0, "y": 0 }
				],
				"scale": [
					{ "time": 0, "x": 1, "y": 1, "curve": "stepped" },
					{ "time": 1, "x": 1, "y": 1 }
				]
			},
			"images/line_3": {
				"rotate": [
					{ "time": 0, "angle": 0 },
					{ "time": 0.3333, "angle": 25.62 },
					{ "time": 0.6666, "angle": 49.98 },
					{ "time": 0.7666, "angle": 60.98 },
					{ "time": 0.8, "angle": 69.48 },
					{ "time": 0.8333, "angle": -20.02 },
					{ "time": 1, "angle": 0 }
				],
				"translate": [
					{ "time": 0, "x": 0, "y": 0, "curve": "stepped" },
					{ "time": 1, "x": 0, "y": 0 }
				],
				"scale": [
					{ "time": 0, "x": 1, "y": 1, "curve": "stepped" },
					{ "time": 1, "x": 1, "y": 1 }
				]
			},
			"tishen": {
				"rotate": [
					{ "time": 0, "angle": 0 },
					{ "time": 0.1, "angle": 12.66 },
					{ "time": 0.1333, "angle": 16.03 },
					{ "time": 0.1666, "angle": 18.65 },
					{ "time": 0.4333, "angle": 10.79 },
					{ "time": 0.4666, "angle": 15.69 },
					{ "time": 0.5, "angle": 18.67 },
					{ "time": 0.7666, "angle": 13.38 },
					{ "time": 0.8333, "angle": 19.66 },
					{ "time": 1, "angle": 0 }
				],
				"translate": [
					{ "time": 0, "x": 0, "y": 0 },
					{ "time": 0.1, "x": 7.18, "y": -0.06 },
					{ "time": 1, "x": 0, "y": 0 }
				],
				"scale": [
					{ "time": 0, "x": 1, "y": 1, "curve": "stepped" },
					{ "time": 1, "x": 1, "y": 1 }
				]
			}
		},
		"deform": {
			"default": {
				"images/line_5": {
					"images/line_1": [
						{
							"time": 0,
							"vertices": [ 9.23665, 1.47628, 6.76433, -0.37045, 2.23716, -0.44564, 9.23665, 1.47628 ]
						},
						{
							"time": 0.3333,
							"vertices": [ 33.37702, -6.17037, 6.81072, -1.39376, 2.73088, -3.39076, 38.22035, -6.9183 ]
						},
						{
							"time": 0.4666,
							"vertices": [ 26.3503, -6.70508, 6.99611, -2.32112, 2.04838, -4.11604, 19.87663, -8.17372 ]
						},
						{
							"time": 0.6666,
							"vertices": [ 12.11539, -5.70476, 7.27419, -3.71217, 1.02462, -5.20395, 6.71941, -6.31386 ]
						},
						{
							"time": 0.7666,
							"vertices": [ 5.25689, -0.55652, 8.1419, -3.47582, -0.23731, -4.19512, 1.39495, -1.02616 ]
						},
						{ "time": 0.8 },
						{
							"time": 0.8333,
							"vertices": [ 1.64184, -7.57706, 6.45768, -7.44461, -0.19895, -7.3686, -0.45172, -7.57705 ]
						},
						{
							"time": 0.8666,
							"vertices": [ 2.56809, -11.86904, 6.03316, -7.19439, 0.13582, -7.55379, 0.41004, -13.00569 ]
						},
						{
							"time": 1,
							"vertices": [ 9.23665, 1.47628, 6.76433, -0.37045, 2.23716, -0.44564, 9.23665, 1.47628 ]
						}
					]
				},
				"images/line_6": {
					"images/line_2": [
						{
							"time": 0,
							"vertices": [ 12.89709, -0.50991, 1.23547, 0.32761, 1.7969, -0.26478, 12.89709, -0.50991 ]
						},
						{
							"time": 0.1666,
							"vertices": [ -2.06494, -0.88518, -0.11054, -1.16113, 0.26146, -1.06732, -4.90817, -1.37742 ]
						},
						{
							"time": 0.3333,
							"vertices": [ -12.40711, -2.03322, -0.22108, -2.32226, 0.52293, -2.13464, -14.93507, -2.44514 ]
						},
						{
							"time": 0.4333,
							"vertices": [ -19.79258, 3.9166, 1.686, -2.19824, 1.09037, -3.88024, -20.10001, 3.05391 ]
						},
						{
							"time": 0.5,
							"vertices": [ -21.90856, -8.46651, 0.42689, -8.96909, 0.427, -9.68853, -22.69705, -8.46652 ]
						},
						{
							"time": 0.5666,
							"vertices": [ -24.09881, -13.37021, -0.82182, -3.71554, -0.22661, -5.7153, -23.29745, -14.5792 ]
						},
						{
							"time": 0.6666,
							"vertices": [ -21.46306, -10.85597, -1.71604, 0.21104, 0.13037, -1.1328, -18.92476, -11.9737 ]
						},
						{
							"time": 1,
							"vertices": [ 12.89709, -0.50991, 1.23547, 0.32761, 1.7969, -0.26478, 12.89709, -0.50991 ]
						}
					]
				},
				"images/line_7": {
					"images/line_3": [
						{
							"time": 0,
							"vertices": [ 8.41077, -1.04846, 3.80826, 0.05442, 6.19573, 0.10496, 8.41077, -1.04846 ]
						},
						{
							"time": 0.1,
							"vertices": [ 2.92586, -1.72192, 3.96531, -0.943, 6.14441, -1.84755, 3.78461, -2.33187 ]
						},
						{
							"time": 0.2333,
							"vertices": [ -0.89021, -7.49945, 0.74436, -0.45286, 6.16182, -0.80598, 2.2818, -7.4214 ]
						},
						{
							"time": 0.2666,
							"vertices": [ 0.08884, -7.10475, 0.3088, 0.83022, 6.55043, 0.3513, 3.68629, -7.52692 ]
						},
						{
							"time": 0.3333,
							"vertices": [ -1.48695, -17.3218, -0.56233, 3.39639, 7.32765, 2.66587, 3.51976, -17.79361 ]
						},
						{
							"time": 0.4666,
							"vertices": [ 12.85465, 1.47695, -1.61315, 0.9654, 6.36356, 0.665, 18.84653, 1.47708 ]
						},
						{
							"time": 0.6666,
							"vertices": [ 35.34581, 0.62647, 1.3463, 2.28855, 6.63631, 1.23047, 36.693, 0.74879 ]
						},
						{
							"time": 1,
							"vertices": [ 8.41077, -1.04846, 3.80826, 0.05442, 6.19573, 0.10496, 8.41077, -1.04846 ]
						}
					]
				},
				"tishen": {
					"images/line_3": [
						{
							"time": 0.1,
							"vertices": [ -5.11552, 2.9124, -3.73666, 0.08111, 0.00635, -0.8981, -4.54294, 1.90011 ]
						},
						{
							"time": 0.1333,
							"vertices": [ -6.22569, 7.39821, -5.13926, 5.53831, -1.20719, 4.88043, -4.36978, 7.03024 ]
						},
						{
							"time": 0.2,
							"vertices": [ -6.34329, 12.7393, -6.58839, 10.66691, -2.22476, 10.363, -4.70409, 12.45344 ]
						},
						{
							"time": 0.4333,
							"vertices": [ -1.49303, 0.7115, -0.89076, 0.44346, 3.34, -0.56502, -0.8798, 0.18041 ]
						},
						{
							"time": 0.4666,
							"vertices": [ -3.00928, -1.49896, -2.63743, 3.24218, 1.41523, 2.53955, -1.13585, -1.25604 ]
						},
						{
							"time": 0.5,
							"vertices": [ -3.00087, 5.66478, -2.69614, 3.82968, 0.9163, 4.48973, -2.00329, 6.10564 ]
						},
						{
							"time": 0.5333,
							"vertices": [ -3.79651, 11.00415, -4.19644, 9.20918, 0.26513, 9.90456, -2.46863, 11.17855 ]
						},
						{
							"time": 0.7666,
							"vertices": [ 0.22732, 0.66919, 0, 0, 3.93517, 0.38039, 0.5681, 1.67285 ]
						},
						{
							"time": 0.8333,
							"vertices": [ 0.1365, 10.68133, -0.31332, 10.02129, 3.30763, 10.55475, 1.8886, 11.39538 ]
						}
					]
				}
			}
		},
		"drawOrder": [
			{ "time": 0 },
			{ "time": 1 }
		]
	},
	"stop": {
		"slots": {
			"images/chuansongdai_back3": {
				"color": [
					{ "time": 0, "color": "ffffffff" }
				],
				"attachment": [
					{ "time": 0, "name": "images/chuansongdai_back3" }
				]
			},
			"images/line_5": {
				"color": [
					{ "time": 0, "color": "ffffffff" }
				],
				"attachment": [
					{ "time": 0, "name": "images/line_1" }
				]
			},
			"images/line_6": {
				"color": [
					{ "time": 0, "color": "ffffffff" }
				],
				"attachment": [
					{ "time": 0, "name": "images/line_2" }
				]
			},
			"images/line_7": {
				"color": [
					{ "time": 0, "color": "ffffffff" }
				],
				"attachment": [
					{ "time": 0, "name": "images/line_3" }
				]
			},
			"tishen": {
				"color": [
					{ "time": 0, "color": "ffffffff" }
				],
				"attachment": [
					{ "time": 0, "name": null }
				]
			}
		},
		"bones": {
			"images/chuansongdai_back4": {
				"rotate": [
					{ "time": 0, "angle": 0 }
				],
				"translate": [
					{ "time": 0, "x": 0, "y": 0 }
				],
				"scale": [
					{ "time": 0, "x": 1, "y": 1 }
				]
			},
			"root": {
				"rotate": [
					{ "time": 0, "angle": 0 }
				],
				"translate": [
					{ "time": 0, "x": 0, "y": 0.69 }
				],
				"scale": [
					{ "time": 0, "x": 1, "y": 1 }
				]
			},
			"images/chuansongdai_back3": {
				"rotate": [
					{ "time": 0, "angle": 0 }
				],
				"translate": [
					{ "time": 0, "x": 0, "y": 0 }
				],
				"scale": [
					{ "time": 0, "x": 1, "y": 1 }
				]
			},
			"images/line_1": {
				"rotate": [
					{ "time": 0, "angle": 0 }
				],
				"translate": [
					{ "time": 0, "x": 0, "y": 0 }
				],
				"scale": [
					{ "time": 0, "x": 1, "y": 1 }
				]
			},
			"images/line_3": {
				"rotate": [
					{ "time": 0, "angle": 0 }
				],
				"translate": [
					{ "time": 0, "x": 0, "y": 0 }
				],
				"scale": [
					{ "time": 0, "x": 1, "y": 1 }
				]
			},
			"tishen": {
				"rotate": [
					{ "time": 0, "angle": 0 }
				],
				"translate": [
					{ "time": 0, "x": 0, "y": 0 }
				],
				"scale": [
					{ "time": 0, "x": 1, "y": 1 }
				]
			}
		},
		"deform": {
			"default": {
				"images/line_5": {
					"images/line_1": [
						{
							"time": 0,
							"vertices": [ 9.23665, 1.47628, 6.76433, -0.37045, 2.23716, -0.44564, 9.23665, 1.47628 ]
						}
					]
				},
				"images/line_6": {
					"images/line_2": [
						{
							"time": 0,
							"vertices": [ 12.89709, -0.50991, 1.23547, 0.32761, 1.7969, -0.26478, 12.89709, -0.50991 ]
						}
					]
				},
				"images/line_7": {
					"images/line_3": [
						{
							"time": 0,
							"vertices": [ 8.41077, -1.04846, 3.80826, 0.05442, 6.19573, 0.10496, 8.41077, -1.04846 ]
						}
					]
				}
			}
		},
		"drawOrder": [
			{ "time": 0 }
		]
	}
}
}