{
"skeleton": { "hash": "5nIxLZfDNDLvFv6+73Bh0iIhVO4", "spine": "3.4.02", "width": 137.82, "height": 135.45, "images": "" },
"bones": [
	{ "name": "root" },
	{ "name": "door", "parent": "root" },
	{ "name": "bone2", "parent": "door", "x": -71.47, "y": 16.2 },
	{ "name": "bone", "parent": "bone2", "x": 59.91, "y": 91.54, "scaleX": 0.362, "scaleY": 0.362 },
	{ "name": "other", "parent": "root" },
	{ "name": "bone4", "parent": "other", "x": -71.47, "y": 16.2 },
	{ "name": "bone3", "parent": "bone4", "x": -89.09, "y": 196.13, "scaleX": 0.451, "scaleY": 0.451 },
	{ "name": "bone8", "parent": "bone2", "rotation": -121.78, "x": 129.78, "y": 55.96, "scaleX": 0.325, "scaleY": 0.325 },
	{ "name": "bone9", "parent": "bone2", "x": 65.05, "y": 83.28, "scaleX": 0.265, "scaleY": 0.265 },
	{ "name": "bone10", "parent": "bone2", "rotation": -152.16, "x": 163.3, "y": 31.4, "scaleX": 1.084, "scaleY": 1.084 },
	{ "name": "bone11", "parent": "bone2", "rotation": 42.7, "x": -20.59, "y": 59.94, "scaleX": 1.254, "scaleY": 1.254 },
	{ "name": "bone12", "parent": "bone2", "x": -31.42, "y": 73.63, "scaleX": 0.265, "scaleY": 0.265 },
	{ "name": "bone13", "parent": "bone4", "rotation": -63.42, "x": -101.78, "y": 202.48, "scaleX": 0.451, "scaleY": 0.451 },
	{ "name": "bone14", "parent": "bone4", "rotation": -63.42, "x": -29.99, "y": 666.12, "scaleX": 0.451, "scaleY": 0.451 },
	{ "name": "bone15", "parent": "bone4", "rotation": -109.24, "x": 296.27, "y": 555.45, "scaleX": 0.345, "scaleY": 0.345 },
	{ "name": "bone16", "parent": "bone4", "rotation": -130.69, "x": 286.57, "y": 129.45, "scaleX": 0.345, "scaleY": 0.345 },
	{ "name": "bone17", "parent": "bone2", "rotation": -121.78, "x": 149.72, "y": 7.99, "scaleX": 0.325, "scaleY": 0.325 },
	{ "name": "bone18", "parent": "bone2", "rotation": -121.78, "x": 233.82, "y": -51.8, "scaleX": 0.325, "scaleY": 0.325 },
	{ "name": "bone19", "parent": "bone2", "rotation": -121.78, "x": 74.96, "y": -3.21, "scaleX": 0.325, "scaleY": 0.325 },
	{ "name": "bone20", "parent": "bone2", "rotation": -121.78, "x": -116.29, "y": -68.63, "scaleX": 0.325, "scaleY": 0.325 },
	{ "name": "bone21", "parent": "bone2", "rotation": -121.78, "x": -72.06, "y": -112.86, "scaleX": 0.325, "scaleY": 0.325 }
],
"slots": [
	{ "name": "picture/penquan/gaoguang/gaoguang8", "bone": "bone11", "color": "ffffff4d", "blend": "additive" },
	{ "name": "picture/penquan/gaoguang/gaoguang9", "bone": "bone11", "color": "ffffff4d", "blend": "additive" },
	{ "name": "picture/penquan/gaoguang/gaoguang10", "bone": "bone11", "color": "ffffff4d", "blend": "additive" },
	{ "name": "picture/penquan/gaoguang/gaoguang11", "bone": "bone11", "color": "ffffff4d", "blend": "additive" },
	{ "name": "picture/penquan/gaoguang/gaoguang12", "bone": "bone11", "color": "ffffff4d", "blend": "additive" },
	{ "name": "picture/penquan/gaoguang/gaoguang13", "bone": "bone11", "color": "ffffff4d", "blend": "additive" },
	{ "name": "picture/penquan/gaoguang/gaoguang14", "bone": "bone11", "color": "ffffff4d", "blend": "additive" },
	{ "name": "./picture/egg", "bone": "bone2", "attachment": "./picture/egg" },
	{ "name": "picture/penquan/gaoguang", "bone": "bone", "attachment": "picture/penquan/gaoguang" },
	{ "name": "picture/penquan/gaoguang4", "bone": "bone9", "attachment": "picture/penquan/gaoguang" },
	{ "name": "picture/penquan/gaoguang5", "bone": "bone12" },
	{ "name": "picture/penquan/gaoguang3", "bone": "bone8" },
	{ "name": "picture/penquan/gaoguang10", "bone": "bone17", "attachment": "picture/penquan/gaoguang" },
	{ "name": "picture/penquan/gaoguang11", "bone": "bone18" },
	{ "name": "picture/penquan/gaoguang12", "bone": "bone19", "attachment": "picture/penquan/gaoguang" },
	{ "name": "picture/penquan/gaoguang13", "bone": "bone20" },
	{ "name": "picture/penquan/gaoguang14", "bone": "bone21" },
	{ "name": "picture/penquan/gaoguang2", "bone": "bone3" },
	{ "name": "picture/penquan/gaoguang6", "bone": "bone13" },
	{ "name": "picture/penquan/gaoguang7", "bone": "bone14" },
	{ "name": "picture/penquan/gaoguang8", "bone": "bone15" },
	{ "name": "picture/penquan/gaoguang9", "bone": "bone16" },
	{ "name": "picture/penquan/gaoguang/gaoguang0", "bone": "bone10", "color": "ffffff4d", "blend": "additive" },
	{ "name": "picture/penquan/gaoguang/gaoguang1", "bone": "bone10", "color": "ffffff4d", "blend": "additive" },
	{ "name": "picture/penquan/gaoguang/gaoguang5", "bone": "bone10", "color": "ffffff4d", "blend": "additive" },
	{ "name": "picture/penquan/gaoguang/gaoguang2", "bone": "bone10", "color": "ffffff4d", "blend": "additive" },
	{ "name": "picture/penquan/gaoguang/gaoguang6", "bone": "bone10", "color": "ffffff4d", "blend": "additive" },
	{ "name": "picture/penquan/gaoguang/gaoguang4", "bone": "bone10", "color": "ffffff4d", "blend": "additive" },
	{ "name": "picture/penquan/gaoguang/gaoguang7", "bone": "bone10", "color": "ffffff4d", "blend": "additive" }
],
"skins": {
	"default": {
		"./picture/egg": {
			"./picture/egg": { "x": 112.29, "y": 37.13, "scaleX": 1.065, "scaleY": 1.065, "width": 75, "height": 97 }
		},
		"picture/penquan/gaoguang": {
			"picture/penquan/gaoguang": { "x": -6.03, "y": 2.54, "width": 117, "height": 93 }
		},
		"picture/penquan/gaoguang/gaoguang0": {
			"picture/penquan/gaoguang/gaoguang0": { "x": 38.93, "y": -20.55, "rotation": -40.47, "width": 80, "height": 91 }
		},
		"picture/penquan/gaoguang/gaoguang1": {
			"picture/penquan/gaoguang/gaoguang1": { "x": 45.54, "y": -21.85, "scaleX": 0.955, "scaleY": 0.955, "width": 80, "height": 91 }
		},
		"picture/penquan/gaoguang/gaoguang10": {
			"picture/penquan/gaoguang/gaoguang2": { "x": 41.15, "y": -15.9, "scaleX": 0.692, "scaleY": 0.822, "rotation": 24.84, "width": 80, "height": 91 }
		},
		"picture/penquan/gaoguang/gaoguang11": {
			"picture/penquan/gaoguang/gaoguang3": {
				"type": "mesh",
				"uvs": [ 1, 1, 0, 1, 0, 0, 1, 0 ],
				"triangles": [ 1, 2, 3, 1, 3, 0 ],
				"vertices": [ 79.32, -45.94, 28.65, -77.67, -4.44999, 2.10999, 54.07, 31.76 ],
				"hull": 4,
				"edges": [ 0, 2, 2, 4, 4, 6, 0, 6 ],
				"width": 80,
				"height": 91
			}
		},
		"picture/penquan/gaoguang/gaoguang12": {
			"picture/penquan/gaoguang/gaoguang4": {
				"type": "mesh",
				"uvs": [ 0.8073, 0.7524, 0.44082, 1, 0, 1, 0, 0.58544, 0.32312, 0 ],
				"triangles": [ 3, 4, 0, 1, 2, 3, 0, 1, 3 ],
				"vertices": [ 61.51, -51.51, 32.43, -87.34, -3.06, -83.79, -6.7, -46.09, 13.14, 7.36 ],
				"hull": 5,
				"edges": [ 4, 6, 8, 6, 8, 0, 2, 4, 0, 2 ],
				"width": 80,
				"height": 91
			}
		},
		"picture/penquan/gaoguang/gaoguang13": {
			"picture/penquan/gaoguang/gaoguang5": {
				"type": "mesh",
				"uvs": [ 1, 1, 0, 1, 0, 0, 1, 0 ],
				"triangles": [ 1, 2, 3, 1, 3, 0 ],
				"vertices": [ 71.49, -87.99, -2.83, -86.21, -12.46, 4.27, 67.08, 12.73 ],
				"hull": 4,
				"edges": [ 0, 2, 2, 4, 4, 6, 0, 6 ],
				"width": 80,
				"height": 91
			}
		},
		"picture/penquan/gaoguang/gaoguang14": {
			"picture/penquan/gaoguang/gaoguang6": { "x": 29.3, "y": -39.82, "scaleX": 0.929, "scaleY": 0.939, "rotation": 23.39, "width": 80, "height": 91 }
		},
		"picture/penquan/gaoguang/gaoguang2": {
			"picture/penquan/gaoguang/gaoguang2": { "x": 50.94, "y": -18.7, "scaleX": 0.867, "scaleY": 0.867, "rotation": 21.33, "width": 80, "height": 91 }
		},
		"picture/penquan/gaoguang/gaoguang4": {
			"picture/penquan/gaoguang/gaoguang4": {
				"type": "mesh",
				"uvs": [ 0.81712, 0.77082, 0.45225, 1, 0, 1, 0, 0, 0.40012, 0 ],
				"triangles": [ 2, 3, 4, 1, 2, 4, 0, 1, 4 ],
				"vertices": [ 21.54, 5.39, 43.91, 20.91, 74.64, 27.56, 91.51, -50.43, 64.32, -56.31 ],
				"hull": 5,
				"edges": [ 4, 6, 2, 4, 2, 0, 6, 8, 0, 8 ],
				"width": 80,
				"height": 91
			}
		},
		"picture/penquan/gaoguang/gaoguang5": {
			"picture/penquan/gaoguang/gaoguang1": { "x": 38.33, "y": -42.57, "scaleX": 0.725, "scaleY": 0.725, "rotation": -151.27, "width": 80, "height": 91 }
		},
		"picture/penquan/gaoguang/gaoguang6": {
			"picture/penquan/gaoguang/gaoguang2": { "x": 39.66, "y": -42.08, "scaleX": 0.754, "scaleY": 0.684, "rotation": -150.11, "width": 80, "height": 91 }
		},
		"picture/penquan/gaoguang/gaoguang7": {
			"picture/penquan/gaoguang/gaoguang4": {
				"type": "mesh",
				"uvs": [ 0.81712, 0.77082, 0.45225, 1, 0, 1, 0, 0, 0.40012, 0 ],
				"triangles": [ 2, 3, 4, 1, 2, 4, 0, 1, 4 ],
				"vertices": [ 72.12, -49.9, 43.78, -78.9, 13.55, -74.93, 11.59, 6.09, 27.54, 6.69 ],
				"hull": 5,
				"edges": [ 4, 6, 2, 4, 2, 0, 6, 8, 0, 8 ],
				"width": 80,
				"height": 91
			}
		},
		"picture/penquan/gaoguang/gaoguang8": {
			"picture/penquan/gaoguang/gaoguang0": { "x": 29.19, "y": -20.69, "scaleX": 0.895, "scaleY": 0.895, "rotation": -25.41, "width": 80, "height": 91 }
		},
		"picture/penquan/gaoguang/gaoguang9": {
			"picture/penquan/gaoguang/gaoguang1": { "x": 34.86, "y": -19.8, "scaleX": 0.888, "scaleY": 0.888, "rotation": 16.07, "width": 80, "height": 91 }
		},
		"picture/penquan/gaoguang10": {
			"picture/penquan/gaoguang": { "x": -6.03, "y": 2.54, "width": 117, "height": 93 }
		},
		"picture/penquan/gaoguang11": {
			"picture/penquan/gaoguang": { "x": -6.03, "y": 2.54, "width": 117, "height": 93 }
		},
		"picture/penquan/gaoguang12": {
			"picture/penquan/gaoguang": { "x": -6.03, "y": 2.54, "width": 117, "height": 93 }
		},
		"picture/penquan/gaoguang13": {
			"picture/penquan/gaoguang": { "x": -6.03, "y": 2.54, "width": 117, "height": 93 }
		},
		"picture/penquan/gaoguang14": {
			"picture/penquan/gaoguang": { "x": -6.03, "y": 2.54, "width": 117, "height": 93 }
		},
		"picture/penquan/gaoguang2": {
			"picture/penquan/gaoguang": { "x": -6.03, "y": 2.54, "width": 117, "height": 93 }
		},
		"picture/penquan/gaoguang3": {
			"picture/penquan/gaoguang": { "x": -6.03, "y": 2.54, "width": 117, "height": 93 }
		},
		"picture/penquan/gaoguang4": {
			"picture/penquan/gaoguang": { "x": -6.03, "y": 2.54, "width": 117, "height": 93 }
		},
		"picture/penquan/gaoguang5": {
			"picture/penquan/gaoguang": { "x": -6.03, "y": 2.54, "width": 117, "height": 93 }
		},
		"picture/penquan/gaoguang6": {
			"picture/penquan/gaoguang": { "x": -6.03, "y": 2.54, "width": 117, "height": 93 }
		},
		"picture/penquan/gaoguang7": {
			"picture/penquan/gaoguang": { "x": -6.03, "y": 2.54, "width": 117, "height": 93 }
		},
		"picture/penquan/gaoguang8": {
			"picture/penquan/gaoguang": { "x": -6.03, "y": 2.54, "width": 117, "height": 93 }
		},
		"picture/penquan/gaoguang9": {
			"picture/penquan/gaoguang": { "x": -6.03, "y": 2.54, "width": 117, "height": 93 }
		}
	}
},
"animations": {
	"stop_animation1": {
		"slots": {
			"./picture/egg": {
				"attachment": [
					{ "time": 0, "name": "./picture/egg" }
				]
			},
			"picture/penquan/gaoguang": {
				"attachment": [
					{ "time": 0, "name": null },
					{ "time": 2, "name": "picture/penquan/gaoguang" },
					{ "time": 3.5666, "name": null }
				]
			},
			"picture/penquan/gaoguang2": {
				"attachment": [
					{ "time": 0, "name": null }
				]
			},
			"picture/penquan/gaoguang3": {
				"attachment": [
					{ "time": 0, "name": null },
					{ "time": 1.0333, "name": "picture/penquan/gaoguang" },
					{ "time": 2.3666, "name": null }
				]
			},
			"picture/penquan/gaoguang4": {
				"attachment": [
					{ "time": 0, "name": null },
					{ "time": 2.4666, "name": "picture/penquan/gaoguang" },
					{ "time": 3.8333, "name": null }
				]
			},
			"picture/penquan/gaoguang5": {
				"attachment": [
					{ "time": 0, "name": null },
					{ "time": 0.1666, "name": "picture/penquan/gaoguang" },
					{ "time": 0.9666, "name": null }
				]
			},
			"picture/penquan/gaoguang6": {
				"attachment": [
					{ "time": 0, "name": null }
				]
			},
			"picture/penquan/gaoguang7": {
				"attachment": [
					{ "time": 0, "name": null }
				]
			},
			"picture/penquan/gaoguang8": {
				"attachment": [
					{ "time": 0, "name": null }
				]
			},
			"picture/penquan/gaoguang9": {
				"attachment": [
					{ "time": 0, "name": null }
				]
			},
			"picture/penquan/gaoguang10": {
				"attachment": [
					{ "time": 0, "name": null },
					{ "time": 2.6, "name": "picture/penquan/gaoguang" },
					{ "time": 4.9333, "name": null },
					{ "time": 10.4666, "name": "picture/penquan/gaoguang" },
					{ "time": 12.8, "name": null }
				]
			},
			"picture/penquan/gaoguang11": {
				"attachment": [
					{ "time": 0, "name": null },
					{ "time": 0.1666, "name": "picture/penquan/gaoguang" },
					{ "time": 2.8333, "name": null },
					{ "time": 9.5, "name": "picture/penquan/gaoguang" },
					{ "time": 12.1666, "name": null }
				]
			},
			"picture/penquan/gaoguang12": {
				"attachment": [
					{ "time": 0, "name": null },
					{ "time": 2.0333, "name": "picture/penquan/gaoguang" },
					{ "time": 4.5666, "name": null },
					{ "time": 8.8, "name": "picture/penquan/gaoguang" },
					{ "time": 11.3666, "name": null },
					{ "time": 12.4333, "name": "picture/penquan/gaoguang" },
					{ "time": 15, "name": null }
				]
			},
			"picture/penquan/gaoguang13": {
				"attachment": [
					{ "time": 0, "name": null },
					{ "time": 0.8, "name": "picture/penquan/gaoguang" },
					{ "time": 3, "name": null }
				]
			},
			"picture/penquan/gaoguang14": {
				"attachment": [
					{ "time": 0, "name": null },
					{ "time": 4.6333, "name": "picture/penquan/gaoguang" }
				]
			},
			"picture/penquan/gaoguang/gaoguang0": {
				"attachment": [
					{ "time": 0, "name": null },
					{ "time": 1.5333, "name": null },
					{ "time": 1.9666, "name": "picture/penquan/gaoguang/gaoguang0" },
					{ "time": 2.0333, "name": null }
				]
			},
			"picture/penquan/gaoguang/gaoguang1": {
				"attachment": [
					{ "time": 0, "name": null },
					{ "time": 1.9, "name": "picture/penquan/gaoguang/gaoguang1" },
					{ "time": 1.9666, "name": null }
				]
			},
			"picture/penquan/gaoguang/gaoguang2": {
				"attachment": [
					{ "time": 0, "name": null },
					{ "time": 1.8333, "name": "picture/penquan/gaoguang/gaoguang2" },
					{ "time": 1.9, "name": null }
				]
			},
			"picture/penquan/gaoguang/gaoguang4": {
				"attachment": [
					{ "time": 0, "name": null },
					{ "time": 1.7666, "name": "picture/penquan/gaoguang/gaoguang4" },
					{ "time": 1.8333, "name": null }
				]
			},
			"picture/penquan/gaoguang/gaoguang5": {
				"attachment": [
					{ "time": 0, "name": null },
					{ "time": 1.5333, "name": "picture/penquan/gaoguang/gaoguang1" },
					{ "time": 1.6, "name": null }
				]
			},
			"picture/penquan/gaoguang/gaoguang6": {
				"attachment": [
					{ "time": 0, "name": null },
					{ "time": 1.6, "name": "picture/penquan/gaoguang/gaoguang2" },
					{ "time": 1.6666, "name": null }
				]
			},
			"picture/penquan/gaoguang/gaoguang7": {
				"attachment": [
					{ "time": 0, "name": null },
					{ "time": 1.5333, "name": null },
					{ "time": 1.6666, "name": "picture/penquan/gaoguang/gaoguang4" },
					{ "time": 1.8, "name": null }
				]
			},
			"picture/penquan/gaoguang/gaoguang8": {
				"attachment": [
					{ "time": 0, "name": null },
					{ "time": 2.4333, "name": "picture/penquan/gaoguang/gaoguang0" },
					{ "time": 2.5, "name": null }
				]
			},
			"picture/penquan/gaoguang/gaoguang9": {
				"attachment": [
					{ "time": 0, "name": null },
					{ "time": 2.3666, "name": "picture/penquan/gaoguang/gaoguang1" },
					{ "time": 2.4333, "name": null }
				]
			},
			"picture/penquan/gaoguang/gaoguang10": {
				"attachment": [
					{ "time": 0, "name": null },
					{ "time": 2.3, "name": "picture/penquan/gaoguang/gaoguang2" },
					{ "time": 2.3666, "name": null }
				]
			},
			"picture/penquan/gaoguang/gaoguang11": {
				"attachment": [
					{ "time": 0, "name": null },
					{ "time": 2.1666, "name": "picture/penquan/gaoguang/gaoguang3" },
					{ "time": 2.3, "name": null }
				]
			},
			"picture/penquan/gaoguang/gaoguang12": {
				"attachment": [
					{ "time": 0, "name": null },
					{ "time": 2.1, "name": "picture/penquan/gaoguang/gaoguang4" },
					{ "time": 2.2333, "name": null }
				]
			},
			"picture/penquan/gaoguang/gaoguang13": {
				"attachment": [
					{ "time": 0, "name": null },
					{ "time": 2.0333, "name": "picture/penquan/gaoguang/gaoguang5" },
					{ "time": 2.1, "name": null }
				]
			},
			"picture/penquan/gaoguang/gaoguang14": {
				"attachment": [
					{ "time": 0, "name": null },
					{ "time": 1.9666, "name": "picture/penquan/gaoguang/gaoguang6" },
					{ "time": 2.0333, "name": null }
				]
			}
		},
		"bones": {
			"bone": {
				"rotate": [
					{ "time": 2, "angle": 0 },
					{
						"time": 2.5,
						"angle": 73.31,
						"curve": [ 0.161, 0.55, 0.75, 1 ]
					},
					{ "time": 3.5666, "angle": -121.49 }
				],
				"scale": [
					{
						"time": 2,
						"x": 0.318,
						"y": 0.318,
						"curve": [ 0.157, 0.6, 0.634, 1 ]
					},
					{
						"time": 2.5,
						"x": 1.295,
						"y": 1.295,
						"curve": [ 0.238, 0.65, 0.75, 1 ]
					},
					{ "time": 3.5666, "x": 0.297, "y": 0.297 }
				]
			},
			"bone8": {
				"rotate": [
					{
						"time": 1.0333,
						"angle": 47.04,
						"curve": [ 0.25, 0, 0.773, 0.38 ]
					},
					{
						"time": 1.3333,
						"angle": 292.53,
						"curve": [ 0.25, 0, 0.75, 1 ]
					},
					{ "time": 1.5333, "angle": 174.03 },
					{
						"time": 1.7666,
						"angle": 95.11,
						"curve": [ 0.25, 0, 0.75, 1 ]
					},
					{ "time": 2.3666, "angle": 281.51 }
				],
				"translate": [
					{
						"time": 1.0333,
						"x": -18.61,
						"y": 23.68,
						"curve": [ 0.25, 0, 0.845, 0.5 ]
					},
					{ "time": 1.3333, "x": -15.23, "y": 21.1 },
					{
						"time": 1.7666,
						"x": -4.75,
						"y": 8.38,
						"curve": [ 0.25, 0, 0.75, 1 ]
					},
					{ "time": 2.3666, "x": -2.18, "y": 2.92 }
				],
				"scale": [
					{
						"time": 1.0333,
						"x": 0.187,
						"y": 0.187,
						"curve": [ 0.142, 0.7, 0.75, 1 ]
					},
					{
						"time": 1.3333,
						"x": 0.999,
						"y": 0.999,
						"curve": [ 0.231, 0.98, 0.712, 1 ]
					},
					{
						"time": 1.7666,
						"x": 1.368,
						"y": 1.368,
						"curve": [ 0.25, 0, 0.75, 1 ]
					},
					{ "time": 2.3666, "x": 0.382, "y": 0.382 }
				]
			},
			"bone9": {
				"rotate": [
					{ "time": 2.4666, "angle": 0 },
					{
						"time": 2.8,
						"angle": 72.56,
						"curve": [ 0.269, 0.63, 0.75, 1 ]
					},
					{ "time": 3.8333, "angle": -168.93 }
				],
				"translate": [
					{ "time": 2.4666, "x": -29.73, "y": 29.3 }
				],
				"scale": [
					{ "time": 2.4666, "x": 0.882, "y": 0.882 },
					{
						"time": 2.8,
						"x": 1.298,
						"y": 1.298,
						"curve": [ 0.177, 0.72, 0.75, 1 ]
					},
					{ "time": 3.8333, "x": 0.388, "y": 0.388 }
				]
			},
			"bone12": {
				"rotate": [
					{
						"time": 0.1666,
						"angle": 0,
						"curve": [ 0.25, 0, 0.75, 1 ]
					},
					{ "time": 0.9666, "angle": -176.29 }
				],
				"scale": [
					{
						"time": 0.1666,
						"x": 0.469,
						"y": 0.469,
						"curve": [ 0.134, 0.7, 0.75, 1 ]
					},
					{
						"time": 0.5666,
						"x": 1,
						"y": 1,
						"curve": [ 0.25, 0, 0.953, 0.22 ]
					},
					{ "time": 0.9666, "x": 0.469, "y": 0.469 }
				]
			},
			"bone17": {
				"rotate": [
					{ "time": 2.6, "angle": 128.56 },
					{ "time": 2.8666, "angle": 89.15 },
					{
						"time": 3.1333,
						"angle": 0,
						"curve": [ 0.25, 0, 0.853, 0.36 ]
					},
					{ "time": 3.6666, "angle": 199.1 },
					{
						"time": 4.1,
						"angle": 55.38,
						"curve": [ 0.253, 0.6, 0.75, 1 ]
					},
					{ "time": 4.9333, "angle": 265.56 },
					{ "time": 10.4666, "angle": 128.56 },
					{ "time": 10.7333, "angle": 89.15 },
					{
						"time": 11,
						"angle": 0,
						"curve": [ 0.25, 0, 0.853, 0.36 ]
					},
					{ "time": 11.5333, "angle": 199.1 },
					{
						"time": 11.9666,
						"angle": 55.38,
						"curve": [ 0.253, 0.6, 0.75, 1 ]
					},
					{ "time": 12.8, "angle": 265.56 }
				],
				"translate": [
					{ "time": 2.6, "x": 13.32, "y": -0.71 },
					{
						"time": 3.1333,
						"x": 35.27,
						"y": -10.43,
						"curve": [ 0.25, 0, 0.75, 0.55 ]
					},
					{ "time": 3.6666, "x": 58.31, "y": -20.15 },
					{
						"time": 4.1,
						"x": 83.87,
						"y": -55.07,
						"curve": [ 0.234, 0.45, 0.75, 1 ]
					},
					{ "time": 4.9333, "x": 89.27, "y": -86.39 },
					{ "time": 10.4666, "x": 13.32, "y": -0.71 },
					{
						"time": 11,
						"x": 35.27,
						"y": -10.43,
						"curve": [ 0.25, 0, 0.75, 0.55 ]
					},
					{ "time": 11.5333, "x": 58.31, "y": -20.15 },
					{
						"time": 11.9666,
						"x": 83.87,
						"y": -55.07,
						"curve": [ 0.234, 0.45, 0.75, 1 ]
					},
					{ "time": 12.8, "x": 89.27, "y": -86.39 }
				],
				"scale": [
					{
						"time": 2.6,
						"x": 0.104,
						"y": 0.104,
						"curve": [ 0.25, 0, 0.926, 0.2 ]
					},
					{
						"time": 3.6666,
						"x": 1,
						"y": 1,
						"curve": [ 0.242, 0.66, 0.75, 1 ]
					},
					{
						"time": 4.1,
						"x": 1.366,
						"y": 1.366,
						"curve": [ 0.25, 0, 0.75, 1 ]
					},
					{ "time": 4.9333, "x": 0.104, "y": 0.104, "curve": "stepped" },
					{
						"time": 10.4666,
						"x": 0.104,
						"y": 0.104,
						"curve": [ 0.25, 0, 0.926, 0.2 ]
					},
					{
						"time": 11.5333,
						"x": 1,
						"y": 1,
						"curve": [ 0.242, 0.66, 0.75, 1 ]
					},
					{
						"time": 11.9666,
						"x": 1.366,
						"y": 1.366,
						"curve": [ 0.25, 0, 0.75, 1 ]
					},
					{ "time": 12.8, "x": 0.104, "y": 0.104 }
				]
			},
			"bone18": {
				"rotate": [
					{
						"time": 0.1666,
						"angle": 0,
						"curve": [ 0.25, 0, 0.819, 0.43 ]
					},
					{
						"time": 1.4666,
						"angle": 241.4,
						"curve": [ 0.23, 0.77, 0.75, 1 ]
					},
					{
						"time": 2.8333,
						"angle": 100.92,
						"curve": [ 0.211, 0.58, 0.75, 1 ]
					},
					{
						"time": 9.5,
						"angle": 0,
						"curve": [ 0.25, 0, 0.819, 0.43 ]
					},
					{
						"time": 10.8,
						"angle": 241.4,
						"curve": [ 0.23, 0.77, 0.75, 1 ]
					},
					{ "time": 12.1666, "angle": 100.92 }
				],
				"translate": [
					{ "time": 0.1666, "x": -46.33, "y": -51.52, "curve": "stepped" },
					{ "time": 9.5, "x": -339.54, "y": 26.26 }
				],
				"scale": [
					{
						"time": 0.1666,
						"x": 0.169,
						"y": 0.169,
						"curve": [ 0.15, 0.74, 0.75, 1 ]
					},
					{
						"time": 1.4666,
						"x": 1.033,
						"y": 1.033,
						"curve": [ 0.25, 0, 0.899, 0.11 ]
					},
					{ "time": 2.8333, "x": 0.137, "y": 0.137 },
					{
						"time": 9.5,
						"x": 0.169,
						"y": 0.169,
						"curve": [ 0.15, 0.74, 0.75, 1 ]
					},
					{
						"time": 10.8,
						"x": 1.214,
						"y": 1.214,
						"curve": [ 0.25, 0, 0.899, 0.11 ]
					},
					{ "time": 12.1666, "x": 0.137, "y": 0.137 }
				]
			},
			"bone20": {
				"rotate": [
					{ "time": 0.8, "angle": 128.56 },
					{ "time": 1.0666, "angle": 89.07 },
					{
						"time": 1.3333,
						"angle": 0,
						"curve": [ 0.25, 0, 0.853, 0.36 ]
					},
					{ "time": 1.7333, "angle": 199.1 },
					{
						"time": 2.1666,
						"angle": 55.38,
						"curve": [ 0.253, 0.6, 0.75, 1 ]
					},
					{ "time": 3, "angle": 265.56 }
				],
				"translate": [
					{ "time": 0.8, "x": -5.76, "y": -15.86 },
					{ "time": 1.0666, "x": -2.88, "y": -1.44 },
					{ "time": 1.7333, "x": 7.54, "y": 37.02 },
					{ "time": 2.1666, "x": 21.77, "y": 51.43 },
					{ "time": 3, "x": 45.42, "y": 70.65 }
				],
				"scale": [
					{
						"time": 0.8,
						"x": 0.104,
						"y": 0.104,
						"curve": [ 0.307, 0, 0.738, 0.27 ]
					},
					{
						"time": 1.7333,
						"x": 1,
						"y": 1,
						"curve": [ 0.242, 0.66, 0.75, 1 ]
					},
					{
						"time": 2.1666,
						"x": 1.366,
						"y": 1.366,
						"curve": [ 0.25, 0, 0.75, 1 ]
					},
					{ "time": 3, "x": 0.104, "y": 0.104 }
				]
			},
			"bone21": {
				"rotate": [
					{ "time": 4.6333, "angle": 89.07 },
					{
						"time": 4.9,
						"angle": 0,
						"curve": [ 0.25, 0, 0.853, 0.36 ]
					},
					{ "time": 5.2333, "angle": 199.1 },
					{
						"time": 5.8,
						"angle": 55.38,
						"curve": [ 0.253, 0.6, 0.75, 1 ]
					},
					{ "time": 6.4, "angle": 265.56 }
				],
				"translate": [
					{ "time": 4.6333, "x": -1.36, "y": -8.16 },
					{ "time": 5.2333, "x": 4.84, "y": 25.79 },
					{ "time": 5.8, "x": 18.34, "y": 55.18 },
					{ "time": 6.4, "x": 28.55, "y": 66.38 }
				],
				"scale": [
					{
						"time": 4.6333,
						"x": 0.104,
						"y": 0.104,
						"curve": [ 0.418, 0, 0.926, 0.28 ]
					},
					{
						"time": 5.2333,
						"x": 1,
						"y": 1,
						"curve": [ 0.242, 0.66, 0.75, 1 ]
					},
					{
						"time": 5.8,
						"x": 0.815,
						"y": 0.815,
						"curve": [ 0.25, 0, 0.75, 1 ]
					},
					{ "time": 6.4, "x": 0.104, "y": 0.104 }
				]
			},
			"bone19": {
				"rotate": [
					{
						"time": 2.0333,
						"angle": 0,
						"curve": [ 0.25, 0, 0.891, 0.24 ]
					},
					{
						"time": 3.3,
						"angle": 241.4,
						"curve": [ 0.211, 0.68, 0.75, 1 ]
					},
					{
						"time": 4.5666,
						"angle": 100.92,
						"curve": [ 0.211, 0.58, 0.75, 1 ]
					},
					{
						"time": 8.8,
						"angle": 0,
						"curve": [ 0.25, 0, 0.926, 0.26 ]
					},
					{
						"time": 10.1,
						"angle": 241.4,
						"curve": [ 0.211, 0.68, 0.75, 1 ]
					},
					{
						"time": 11.3666,
						"angle": 100.92,
						"curve": [ 0.211, 0.58, 0.75, 1 ]
					},
					{
						"time": 12.4333,
						"angle": 0,
						"curve": [ 0.25, 0, 0.926, 0.26 ]
					},
					{
						"time": 13.7333,
						"angle": 241.4,
						"curve": [ 0.211, 0.68, 0.75, 1 ]
					},
					{ "time": 15, "angle": 100.92 }
				],
				"translate": [
					{ "time": 2.0333, "x": -5.57, "y": -8.19, "curve": "stepped" },
					{ "time": 8.8, "x": -120.76, "y": -43.35, "curve": "stepped" },
					{ "time": 12.4333, "x": 121.46, "y": -7.15 }
				],
				"scale": [
					{ "time": 2.0333, "x": 0.169, "y": 0.169 },
					{ "time": 2.6333, "x": 0.724, "y": 0.724 },
					{
						"time": 3.3333,
						"x": 1.068,
						"y": 1.068,
						"curve": [ 0.25, 0, 0.934, 0.32 ]
					},
					{ "time": 4.5666, "x": 0.137, "y": 0.137 },
					{ "time": 8.8, "x": 0.169, "y": 0.169 },
					{ "time": 9.4, "x": 0.724, "y": 0.724 },
					{
						"time": 10.1333,
						"x": 1.068,
						"y": 1.068,
						"curve": [ 0.25, 0, 0.934, 0.32 ]
					},
					{ "time": 11.3666, "x": 0.137, "y": 0.137 },
					{ "time": 12.4333, "x": 0.169, "y": 0.169 },
					{ "time": 13.0333, "x": 0.724, "y": 0.724 },
					{
						"time": 13.7666,
						"x": 1.068,
						"y": 1.068,
						"curve": [ 0.25, 0, 0.934, 0.32 ]
					},
					{ "time": 15, "x": 0.137, "y": 0.137 }
				]
			}
		},
		"deform": {
			"default": {
				"picture/penquan/gaoguang/gaoguang4": {
					"picture/penquan/gaoguang/gaoguang4": [
						{
							"time": 1.7666,
							"vertices": [ -1.40051, -2.65356, 0, 0, 0, 0, 0, 0, 0.39953, -2.09741 ]
						}
					]
				},
				"picture/penquan/gaoguang/gaoguang7": {
					"picture/penquan/gaoguang/gaoguang4": [
						{
							"time": 1.6666,
							"vertices": [ -10.61023, -12.16723, -0.67333, 0.70361, 0.99182, 1.21582, 1.11987, 0.80151, -3.51647, -9.29418 ]
						},
						{
							"time": 1.7666,
							"vertices": [ 0.67346, 3.39965, 0, 0, 0, 0, -4.85009, 2.93823, 1.74487, 4.71875 ]
						}
					]
				},
				"picture/penquan/gaoguang/gaoguang12": {
					"picture/penquan/gaoguang/gaoguang4": [
						{
							"time": 2.1,
							"vertices": [ -10.17724, -5.60778, -1.2E-4, 1.2E-4, -1.2E-4, 1.2E-4, -1.2E-4, 1.2E-4, -8.36889, -18.27868 ]
						},
						{
							"time": 2.1666,
							"vertices": [ 0.75512, -0.69104, -2.4E-4, 2.4E-4, -2.4E-4, 2.4E-4, -2.4E-4, 2.4E-4, -4.37976, -8.14074 ]
						}
					]
				}
			}
		}
	},
	"stop_animation2": {
		"slots": {
			"./picture/egg": {
				"attachment": [
					{ "time": 0, "name": "./picture/egg" }
				]
			},
			"picture/penquan/gaoguang": {
				"attachment": [
					{ "time": 0, "name": null }
				]
			},
			"picture/penquan/gaoguang2": {
				"attachment": [
					{ "time": 0, "name": null },
					{ "time": 2.9666, "name": "picture/penquan/gaoguang" },
					{ "time": 4.8666, "name": null },
					{ "time": 9, "name": "picture/penquan/gaoguang" },
					{ "time": 10.9, "name": null },
					{ "time": 13.1333, "name": "picture/penquan/gaoguang" },
					{ "time": 15, "name": null }
				]
			},
			"picture/penquan/gaoguang3": {
				"attachment": [
					{ "time": 0, "name": null }
				]
			},
			"picture/penquan/gaoguang4": {
				"attachment": [
					{ "time": 0, "name": null }
				]
			},
			"picture/penquan/gaoguang5": {
				"attachment": [
					{ "time": 0, "name": null }
				]
			},
			"picture/penquan/gaoguang6": {
				"attachment": [
					{ "time": 0, "name": null },
					{ "time": 3.1666, "name": "picture/penquan/gaoguang" },
					{ "time": 4.1333, "name": null },
					{ "time": 8.1, "name": "picture/penquan/gaoguang" },
					{ "time": 9.3666, "name": null }
				]
			},
			"picture/penquan/gaoguang7": {
				"attachment": [
					{ "time": 0, "name": null },
					{ "time": 1.9666, "name": "picture/penquan/gaoguang" },
					{ "time": 4.5333, "name": null },
					{ "time": 5.0666, "name": "picture/penquan/gaoguang" },
					{ "time": 7.6333, "name": null },
					{ "time": 12, "name": "picture/penquan/gaoguang" },
					{ "time": 13.2666, "name": null },
					{ "time": 13.5666, "name": "picture/penquan/gaoguang" },
					{ "time": 14.8333, "name": null }
				]
			},
			"picture/penquan/gaoguang8": {
				"color": [
					{ "time": 4.0666, "color": "ffffffff" }
				],
				"attachment": [
					{ "time": 0, "name": null },
					{ "time": 1.9, "name": "picture/penquan/gaoguang" },
					{ "time": 3.8, "name": null },
					{ "time": 4.0666, "name": "picture/penquan/gaoguang" },
					{ "time": 5.8, "name": null },
					{ "time": 8.2, "name": "picture/penquan/gaoguang" },
					{ "time": 9.4666, "name": null },
					{ "time": 11.1, "name": "picture/penquan/gaoguang" },
					{ "time": 13.6666, "name": null }
				]
			},
			"picture/penquan/gaoguang9": {
				"attachment": [
					{ "time": 0, "name": null },
					{ "time": 0.6333, "name": "picture/penquan/gaoguang" },
					{ "time": 3.2, "name": null },
					{ "time": 5.1333, "name": "picture/penquan/gaoguang" },
					{ "time": 6.4, "name": null },
					{ "time": 7.9666, "name": "picture/penquan/gaoguang" },
					{ "time": 9.2333, "name": null },
					{ "time": 12.3666, "name": "picture/penquan/gaoguang" },
					{ "time": 14.9333, "name": null }
				]
			},
			"picture/penquan/gaoguang10": {
				"attachment": [
					{ "time": 0, "name": null }
				]
			},
			"picture/penquan/gaoguang11": {
				"attachment": [
					{ "time": 0, "name": null }
				]
			},
			"picture/penquan/gaoguang12": {
				"attachment": [
					{ "time": 0, "name": null }
				]
			},
			"picture/penquan/gaoguang13": {
				"attachment": [
					{ "time": 0, "name": null }
				]
			},
			"picture/penquan/gaoguang14": {
				"attachment": [
					{ "time": 0, "name": null }
				]
			},
			"picture/penquan/gaoguang/gaoguang0": {
				"attachment": [
					{ "time": 0, "name": null }
				]
			},
			"picture/penquan/gaoguang/gaoguang1": {
				"attachment": [
					{ "time": 0, "name": null }
				]
			},
			"picture/penquan/gaoguang/gaoguang2": {
				"attachment": [
					{ "time": 0, "name": null }
				]
			},
			"picture/penquan/gaoguang/gaoguang4": {
				"attachment": [
					{ "time": 0, "name": null }
				]
			},
			"picture/penquan/gaoguang/gaoguang5": {
				"attachment": [
					{ "time": 0, "name": null }
				]
			},
			"picture/penquan/gaoguang/gaoguang6": {
				"attachment": [
					{ "time": 0, "name": null }
				]
			},
			"picture/penquan/gaoguang/gaoguang7": {
				"attachment": [
					{ "time": 0, "name": null }
				]
			},
			"picture/penquan/gaoguang/gaoguang8": {
				"attachment": [
					{ "time": 0, "name": null }
				]
			},
			"picture/penquan/gaoguang/gaoguang9": {
				"attachment": [
					{ "time": 0, "name": null }
				]
			},
			"picture/penquan/gaoguang/gaoguang10": {
				"attachment": [
					{ "time": 0, "name": null }
				]
			},
			"picture/penquan/gaoguang/gaoguang11": {
				"attachment": [
					{ "time": 0, "name": null }
				]
			},
			"picture/penquan/gaoguang/gaoguang12": {
				"attachment": [
					{ "time": 0, "name": null }
				]
			},
			"picture/penquan/gaoguang/gaoguang13": {
				"attachment": [
					{ "time": 0, "name": null }
				]
			},
			"picture/penquan/gaoguang/gaoguang14": {
				"attachment": [
					{ "time": 0, "name": null }
				]
			}
		},
		"bones": {
			"bone3": {
				"rotate": [
					{ "time": 2.9666, "angle": -83.96 },
					{ "time": 3.4666, "angle": -12.07 },
					{ "time": 3.7666, "angle": 140.11 },
					{
						"time": 4.1333,
						"angle": -65.48,
						"curve": [ 0.25, 0.49, 0.75, 1 ]
					},
					{ "time": 4.8666, "angle": 86.67 },
					{ "time": 9, "angle": -83.96 },
					{ "time": 9.5, "angle": -12.07 },
					{ "time": 9.8, "angle": 140.11 },
					{
						"time": 10.1666,
						"angle": -65.48,
						"curve": [ 0.25, 0.49, 0.75, 1 ]
					},
					{ "time": 10.9, "angle": 86.67 },
					{ "time": 13.1333, "angle": -83.96 },
					{ "time": 13.6, "angle": -12.07 },
					{ "time": 13.9333, "angle": 140.11 },
					{
						"time": 14.3,
						"angle": -65.48,
						"curve": [ 0.25, 0.49, 0.75, 1 ]
					},
					{ "time": 15, "angle": 86.67 }
				],
				"translate": [
					{
						"time": 2.9666,
						"x": -2.33,
						"y": -14.36,
						"curve": [ 0.418, 0, 0.926, 0.54 ]
					},
					{ "time": 3.4666, "x": 4.67, "y": 24.04 },
					{ "time": 3.7666, "x": 8.68, "y": 28.72 },
					{ "time": 4.1333, "x": 6.34, "y": 35.06, "curve": "stepped" },
					{
						"time": 9,
						"x": 366.23,
						"y": 378.97,
						"curve": [ 0.418, 0, 0.926, 0.54 ]
					},
					{ "time": 9.5, "x": 362.35, "y": 412.59 },
					{ "time": 9.8, "x": 364.25, "y": 419.24 },
					{ "time": 10.1666, "x": 358.55, "y": 423.52, "curve": "stepped" },
					{ "time": 13.1333, "x": 374.86, "y": -66.2 },
					{ "time": 13.6, "x": 398.33, "y": -25.78 },
					{ "time": 13.9333, "x": 404.16, "y": -22.1 },
					{ "time": 14.3, "x": 405.69, "y": -14.45 }
				],
				"scale": [
					{
						"time": 2.9666,
						"x": 0.187,
						"y": 0.187,
						"curve": [ 0.56, 0.01, 0.301, 1 ]
					},
					{ "time": 3.4666, "x": 0.7, "y": 0.7 },
					{ "time": 3.7666, "x": 1.096, "y": 1.096 },
					{ "time": 4.1333, "x": 0.809, "y": 0.809 },
					{ "time": 4.8666, "x": 0.232, "y": 0.232 },
					{
						"time": 9,
						"x": 0.187,
						"y": 0.187,
						"curve": [ 0.56, 0.01, 0.301, 1 ]
					},
					{ "time": 9.5, "x": 0.7, "y": 0.7 },
					{ "time": 9.8, "x": 1.096, "y": 1.096 },
					{ "time": 10.1666, "x": 0.809, "y": 0.809 },
					{ "time": 10.9, "x": 0.232, "y": 0.232 },
					{
						"time": 13.1333,
						"x": 0.187,
						"y": 0.187,
						"curve": [ 0.56, 0.01, 0.301, 1 ]
					},
					{ "time": 13.6, "x": 0.7, "y": 0.7 },
					{ "time": 13.9333, "x": 1.096, "y": 1.096 },
					{ "time": 14.3, "x": 0.809, "y": 0.809 },
					{ "time": 15, "x": 0.232, "y": 0.232 }
				]
			},
			"bone13": {
				"rotate": [
					{
						"time": 3.1666,
						"angle": 0,
						"curve": [ 0.25, 0, 0.815, 0.57 ]
					},
					{
						"time": 3.6,
						"angle": 80.3,
						"curve": [ 0.196, 0.7, 0.75, 1 ]
					},
					{ "time": 4.1333, "angle": 159.98 },
					{
						"time": 8.1,
						"angle": 0,
						"curve": [ 0.25, 0, 0.815, 0.57 ]
					},
					{
						"time": 8.6666,
						"angle": 80.3,
						"curve": [ 0.196, 0.7, 0.75, 1 ]
					},
					{ "time": 9.3666, "angle": 159.98 }
				],
				"translate": [
					{ "time": 3.1666, "x": 0, "y": 0, "curve": "stepped" },
					{ "time": 8.1, "x": 380.25, "y": 187.6 }
				],
				"scale": [
					{
						"time": 3.1666,
						"x": 0.135,
						"y": 0.135,
						"curve": [ 0.154, 0.79, 0.75, 1 ]
					},
					{
						"time": 3.6,
						"x": 0.542,
						"y": 0.542,
						"curve": [ 0.25, 0, 0.945, 0.19 ]
					},
					{ "time": 4.1333, "x": 0.142, "y": 0.142 },
					{
						"time": 8.1,
						"x": 0.135,
						"y": 0.135,
						"curve": [ 0.154, 0.79, 0.75, 1 ]
					},
					{
						"time": 8.6666,
						"x": 0.825,
						"y": 0.825,
						"curve": [ 0.25, 0, 0.945, 0.19 ]
					},
					{ "time": 9.3666, "x": 0.142, "y": 0.142 }
				]
			},
			"bone14": {
				"rotate": [
					{ "time": 1.9666, "angle": 0 },
					{
						"time": 3.1333,
						"angle": 152.95,
						"curve": [ 0.196, 0.7, 0.75, 1 ]
					},
					{ "time": 4.5333, "angle": -66.99 },
					{
						"time": 5.0666,
						"angle": 0,
						"curve": [ 0.25, 0, 0.815, 0.57 ]
					},
					{
						"time": 6.2,
						"angle": 80.3,
						"curve": [ 0.196, 0.7, 0.75, 1 ]
					},
					{ "time": 7.6333, "angle": 159.98 },
					{
						"time": 12,
						"angle": 0,
						"curve": [ 0.25, 0, 0.815, 0.57 ]
					},
					{
						"time": 12.5666,
						"angle": 80.3,
						"curve": [ 0.196, 0.7, 0.75, 1 ]
					},
					{ "time": 13.2666, "angle": 159.98 },
					{
						"time": 13.5666,
						"angle": 0,
						"curve": [ 0.25, 0, 0.815, 0.57 ]
					},
					{
						"time": 14.1333,
						"angle": 80.3,
						"curve": [ 0.196, 0.7, 0.75, 1 ]
					},
					{ "time": 14.8333, "angle": 159.98 }
				],
				"translate": [
					{ "time": 1.9666, "x": 310.66, "y": -566.24, "curve": "stepped" },
					{ "time": 5.0666, "x": 258.43, "y": -370.18, "curve": "stepped" },
					{ "time": 12, "x": 16.8, "y": -16.8, "curve": "stepped" },
					{ "time": 13.5666, "x": 0, "y": 0 }
				],
				"scale": [
					{
						"time": 1.9666,
						"x": 0.135,
						"y": 0.135,
						"curve": [ 0.154, 0.79, 0.75, 1 ]
					},
					{
						"time": 3.1333,
						"x": 0.853,
						"y": 0.853,
						"curve": [ 0.25, 0, 0.945, 0.19 ]
					},
					{ "time": 4.5333, "x": 0.142, "y": 0.142 },
					{
						"time": 5.0666,
						"x": 0.135,
						"y": 0.135,
						"curve": [ 0.154, 0.79, 0.75, 1 ]
					},
					{
						"time": 6.2,
						"x": 1.054,
						"y": 1.054,
						"curve": [ 0.25, 0, 0.945, 0.19 ]
					},
					{ "time": 7.6333, "x": 0.142, "y": 0.142 },
					{
						"time": 12,
						"x": 0.135,
						"y": 0.135,
						"curve": [ 0.154, 0.79, 0.75, 1 ]
					},
					{
						"time": 12.5666,
						"x": 0.72,
						"y": 0.72,
						"curve": [ 0.25, 0, 0.945, 0.19 ]
					},
					{ "time": 13.2666, "x": 0.142, "y": 0.142 },
					{
						"time": 13.5666,
						"x": 0.135,
						"y": 0.135,
						"curve": [ 0.154, 0.79, 0.75, 1 ]
					},
					{
						"time": 14.1333,
						"x": 0.944,
						"y": 0.944,
						"curve": [ 0.25, 0, 0.945, 0.19 ]
					},
					{ "time": 14.8333, "x": 0.142, "y": 0.142 }
				]
			},
			"bone15": {
				"rotate": [
					{ "time": 1.9, "angle": -83.96 },
					{ "time": 2.4, "angle": -12.07 },
					{ "time": 2.7, "angle": 140.11 },
					{
						"time": 3.0666,
						"angle": -65.48,
						"curve": [ 0.25, 0.49, 0.75, 1 ]
					},
					{ "time": 3.8, "angle": 86.67 },
					{
						"time": 4.0666,
						"angle": 81.42,
						"curve": [ 0.261, 0, 0.861, 0.45 ]
					},
					{
						"time": 4.9,
						"angle": -39.37,
						"curve": [ 0.2, 0.58, 0.75, 1 ]
					},
					{ "time": 5.8, "angle": 234 },
					{
						"time": 8.2,
						"angle": 0,
						"curve": [ 0.25, 0, 0.815, 0.57 ]
					},
					{
						"time": 8.7666,
						"angle": 80.3,
						"curve": [ 0.196, 0.7, 0.75, 1 ]
					},
					{ "time": 9.4666, "angle": 159.98 },
					{
						"time": 11.1,
						"angle": 0,
						"curve": [ 0.25, 0, 0.815, 0.57 ]
					},
					{
						"time": 12.2333,
						"angle": 80.3,
						"curve": [ 0.196, 0.7, 0.75, 1 ]
					},
					{ "time": 13.6666, "angle": 159.98 }
				],
				"translate": [
					{ "time": 1.9, "x": -395.82, "y": -128.09 },
					{ "time": 2.4, "x": -398.45, "y": -96.57 },
					{ "time": 2.7, "x": -396.88, "y": -88.69 },
					{ "time": 3.0666, "x": -402.15, "y": -84.51, "curve": "stepped" },
					{ "time": 4.0666, "x": -21.39, "y": -378.7, "curve": "stepped" },
					{ "time": 8.2, "x": 0, "y": 0, "curve": "stepped" },
					{ "time": 11.1, "x": -369.6, "y": -181.11 }
				],
				"scale": [
					{
						"time": 1.9,
						"x": 0.187,
						"y": 0.187,
						"curve": [ 0.56, 0.01, 0.301, 1 ]
					},
					{ "time": 2.4, "x": 0.626, "y": 0.626 },
					{ "time": 2.7, "x": 1.172, "y": 1.172 },
					{ "time": 3.0666, "x": 0.652, "y": 0.652 },
					{ "time": 3.8, "x": 0.232, "y": 0.232 },
					{
						"time": 4.0666,
						"x": 0.13,
						"y": 0.13,
						"curve": [ 0.18, 0.72, 0.75, 1 ]
					},
					{
						"time": 4.9,
						"x": 1.409,
						"y": 1.409,
						"curve": [ 0.25, 0, 0.903, 0.22 ]
					},
					{ "time": 5.8, "x": 0.097, "y": 0.097 },
					{
						"time": 8.2,
						"x": 0.135,
						"y": 0.135,
						"curve": [ 0.154, 0.79, 0.75, 1 ]
					},
					{
						"time": 8.7666,
						"x": 0.916,
						"y": 0.916,
						"curve": [ 0.25, 0, 0.945, 0.19 ]
					},
					{ "time": 9.4666, "x": 0.142, "y": 0.142 },
					{
						"time": 11.1,
						"x": 0.135,
						"y": 0.135,
						"curve": [ 0.154, 0.79, 0.75, 1 ]
					},
					{
						"time": 12.2333,
						"x": 1.208,
						"y": 1.208,
						"curve": [ 0.25, 0, 0.945, 0.19 ]
					},
					{ "time": 13.6666, "x": 0.142, "y": 0.142 }
				]
			},
			"bone16": {
				"rotate": [
					{
						"time": 0.6333,
						"angle": 0,
						"curve": [ 0.25, 0, 0.815, 0.57 ]
					},
					{
						"time": 1.7666,
						"angle": 245.2,
						"curve": [ 0.196, 0.7, 0.75, 1 ]
					},
					{
						"time": 3.2,
						"angle": 137.08,
						"curve": [ 0.196, 0.7, 0.75, 1 ]
					},
					{
						"time": 5.1333,
						"angle": 0,
						"curve": [ 0.25, 0, 0.815, 0.57 ]
					},
					{
						"time": 5.7,
						"angle": 245.2,
						"curve": [ 0.196, 0.7, 0.75, 1 ]
					},
					{
						"time": 6.4,
						"angle": 137.08,
						"curve": [ 0.196, 0.7, 0.75, 1 ]
					},
					{
						"time": 7.9666,
						"angle": 0,
						"curve": [ 0.25, 0, 0.815, 0.57 ]
					},
					{
						"time": 8.5333,
						"angle": 245.2,
						"curve": [ 0.196, 0.7, 0.75, 1 ]
					},
					{
						"time": 9.2333,
						"angle": 137.08,
						"curve": [ 0.196, 0.7, 0.75, 1 ]
					},
					{
						"time": 12.3666,
						"angle": 0,
						"curve": [ 0.25, 0, 0.815, 0.57 ]
					},
					{
						"time": 13.5,
						"angle": 245.2,
						"curve": [ 0.196, 0.7, 0.75, 1 ]
					},
					{ "time": 14.9333, "angle": 137.08 }
				],
				"translate": [
					{ "time": 0.6333, "x": -20.92, "y": 189.6, "curve": "stepped" },
					{ "time": 5.1333, "x": 0, "y": 0, "curve": "stepped" },
					{ "time": 7.9666, "x": -375.43, "y": 311.04, "curve": "stepped" },
					{ "time": 12.3666, "x": -343.84, "y": 432.13 }
				],
				"scale": [
					{
						"time": 0.6333,
						"x": 0.135,
						"y": 0.135,
						"curve": [ 0.154, 0.79, 0.75, 1 ]
					},
					{
						"time": 1.7666,
						"x": 1.031,
						"y": 1.031,
						"curve": [ 0.25, 0, 0.945, 0.19 ]
					},
					{ "time": 3.2, "x": 0.142, "y": 0.142 },
					{
						"time": 5.1333,
						"x": 0.135,
						"y": 0.135,
						"curve": [ 0.154, 0.79, 0.75, 1 ]
					},
					{
						"time": 5.7,
						"x": 1.349,
						"y": 1.349,
						"curve": [ 0.25, 0, 0.945, 0.19 ]
					},
					{ "time": 6.4, "x": 0.142, "y": 0.142 },
					{
						"time": 7.9666,
						"x": 0.135,
						"y": 0.135,
						"curve": [ 0.154, 0.79, 0.75, 1 ]
					},
					{
						"time": 8.5333,
						"x": 0.708,
						"y": 0.708,
						"curve": [ 0.25, 0, 0.945, 0.19 ]
					},
					{ "time": 9.2333, "x": 0.142, "y": 0.142 },
					{
						"time": 12.3666,
						"x": 0.135,
						"y": 0.135,
						"curve": [ 0.154, 0.79, 0.75, 1 ]
					},
					{
						"time": 13.5,
						"x": 1.264,
						"y": 1.264,
						"curve": [ 0.25, 0, 0.945, 0.19 ]
					},
					{ "time": 14.9333, "x": 0.142, "y": 0.142 }
				]
			}
		}
	}
}
}