{
"skeleton": { "hash": "+/TTaFEhdCOYnAURaBlk6tSJcow", "spine": "3.4.02", "width": 447.84, "height": 104, "images": "./picture/" },
"bones": [
	{ "name": "root" },
	{ "name": "flag", "parent": "root" }
],
"slots": [
	{ "name": "flag", "bone": "flag", "attachment": "flag/56" },
	{ "name": "flag2", "bone": "flag", "attachment": "flag" }
],
"skins": {
	"default": {
		"flag": {
			"flag/01": { "x": -219.88, "y": -29.11, "scaleX": 2, "scaleY": 2, "width": 220, "height": 46 },
			"flag/02": { "x": -219.83, "y": -26.25, "scaleX": 2, "scaleY": 2, "width": 220, "height": 45 },
			"flag/03": { "x": -214.98, "y": -14.89, "scaleX": 2, "scaleY": 2, "width": 215, "height": 42 },
			"flag/04": { "x": -208.94, "y": -5.92, "scaleX": 2, "scaleY": 2, "width": 209, "height": 40 },
			"flag/05": { "x": -201.88, "y": -1.14, "scaleX": 2, "scaleY": 2, "width": 202, "height": 43 },
			"flag/06": { "x": -209, "y": -1.53, "scaleX": 2, "scaleY": 2, "width": 209, "height": 44 },
			"flag/07": { "x": -213.85, "y": -0.4, "scaleX": 2, "scaleY": 2, "width": 214, "height": 43 },
			"flag/08": { "x": -214.98, "y": -0.71, "scaleX": 2, "scaleY": 2, "width": 215, "height": 44 },
			"flag/09": { "x": -215.78, "y": -2.64, "scaleX": 2, "scaleY": 2, "width": 216, "height": 46 },
			"flag/10": { "x": -220.94, "y": -6.77, "scaleX": 2, "scaleY": 2, "width": 221, "height": 51 },
			"flag/11": { "x": -231.87, "y": -8.35, "scaleX": 2, "scaleY": 2, "width": 232, "height": 42 },
			"flag/12": { "x": -231.79, "y": -6.01, "scaleX": 2, "scaleY": 2, "width": 232, "height": 41 },
			"flag/13": { "x": -239.67, "y": -6.47, "scaleX": 2, "scaleY": 2, "width": 240, "height": 41 },
			"flag/14": { "x": -238.69, "y": -17.81, "scaleX": 2, "scaleY": 2, "width": 239, "height": 44 },
			"flag/15": { "x": -233.76, "y": -22.28, "scaleX": 2, "scaleY": 2, "width": 234, "height": 47 },
			"flag/16": { "x": -232.78, "y": -24.79, "scaleX": 2, "scaleY": 2, "width": 233, "height": 49 },
			"flag/17": { "x": -229.82, "y": -28.36, "scaleX": 2, "scaleY": 2, "width": 230, "height": 61 },
			"flag/18": { "x": -227.85, "y": -30.56, "scaleX": 2, "scaleY": 2, "width": 228, "height": 73 },
			"flag/19": { "x": -223.91, "y": -37.87, "scaleX": 2, "scaleY": 2, "width": 224, "height": 91 },
			"flag/20": { "x": -220.96, "y": -42.85, "scaleX": 2, "scaleY": 2, "width": 221, "height": 104 },
			"flag/21": { "x": -207.97, "y": -57.21, "scaleX": 2, "scaleY": 2, "width": 208, "height": 118 },
			"flag/22": { "x": -189.84, "y": -72.03, "scaleX": 2, "scaleY": 2, "width": 190, "height": 128 },
			"flag/23": { "x": -187.02, "y": -64.17, "scaleX": 2, "scaleY": 2, "width": 187, "height": 117 },
			"flag/24": { "x": -183.96, "y": -58.72, "scaleX": 2, "scaleY": 2, "width": 184, "height": 110 },
			"flag/25": { "x": -185.92, "y": -54.32, "scaleX": 2, "scaleY": 2, "width": 186, "height": 110 },
			"flag/26": { "x": -189.19, "y": -51.36, "scaleX": 2, "scaleY": 2, "width": 189, "height": 108 },
			"flag/27": { "x": -192.07, "y": -36.99, "scaleX": 2, "scaleY": 2, "width": 192, "height": 112 },
			"flag/28": { "x": -196.08, "y": -38.4, "scaleX": 2, "scaleY": 2, "width": 196, "height": 110 },
			"flag/29": { "x": -197.99, "y": -32.59, "scaleX": 2, "scaleY": 2, "width": 198, "height": 105 },
			"flag/30": { "x": -201.1, "y": -29, "scaleX": 2, "scaleY": 2, "width": 201, "height": 101 },
			"flag/31": { "x": -199.24, "y": -38.74, "scaleX": 2, "scaleY": 2, "width": 199, "height": 77 },
			"flag/32": { "x": -199.92, "y": -37.25, "scaleX": 2, "scaleY": 2, "width": 200, "height": 77 },
			"flag/33": { "x": -200.91, "y": -33.28, "scaleX": 2, "scaleY": 2, "width": 201, "height": 78 },
			"flag/34": { "x": -205.07, "y": -21.7, "scaleX": 2, "scaleY": 2, "width": 205, "height": 75 },
			"flag/35": { "x": -209.92, "y": -12.53, "scaleX": 2, "scaleY": 2, "width": 210, "height": 67 },
			"flag/36": { "x": -211.02, "y": -13.86, "scaleX": 2, "scaleY": 2, "width": 211, "height": 68 },
			"flag/37": { "x": -212.16, "y": -16.6, "scaleX": 2, "scaleY": 2, "width": 212, "height": 71 },
			"flag/38": { "x": -216.09, "y": -21.21, "scaleX": 2, "scaleY": 2, "width": 216, "height": 71 },
			"flag/39": { "x": -212.16, "y": -18.76, "scaleX": 2, "scaleY": 2, "width": 212, "height": 68 },
			"flag/40": { "x": -198.03, "y": -36.57, "scaleX": 2, "scaleY": 2, "width": 198, "height": 62 },
			"flag/41": { "x": -202.26, "y": -43.4, "scaleX": 2, "scaleY": 2, "width": 202, "height": 64 },
			"flag/42": { "x": -211.25, "y": -48.02, "scaleX": 2, "scaleY": 2, "width": 211, "height": 63 },
			"flag/43": { "x": -208.16, "y": -46.86, "scaleX": 2, "scaleY": 2, "width": 208, "height": 63 },
			"flag/44": { "x": -206.78, "y": -47.85, "scaleX": 2, "scaleY": 2, "width": 207, "height": 63 },
			"flag/45": { "x": -208.82, "y": -44.96, "scaleX": 2, "scaleY": 2, "width": 209, "height": 66 },
			"flag/46": { "x": -211.98, "y": -46.2, "scaleX": 2, "scaleY": 2, "width": 212, "height": 69 },
			"flag/47": { "x": -216.56, "y": -48.94, "scaleX": 2, "scaleY": 2, "width": 217, "height": 69 },
			"flag/48": { "x": -223.94, "y": -55.81, "scaleX": 2, "scaleY": 2, "width": 224, "height": 74 },
			"flag/49": { "x": -233.62, "y": -63.83, "scaleX": 2, "scaleY": 2, "width": 234, "height": 80 },
			"flag/50": { "x": -219.95, "y": -71, "scaleX": 2, "scaleY": 2, "width": 220, "height": 93 },
			"flag/51": { "x": -205.76, "y": -63.57, "scaleX": 2, "scaleY": 2, "width": 206, "height": 94 },
			"flag/52": { "x": -200.64, "y": -60.87, "scaleX": 2, "scaleY": 2, "width": 201, "height": 82 },
			"flag/53": { "x": -204.62, "y": -47.22, "scaleX": 2, "scaleY": 2, "width": 205, "height": 80 },
			"flag/54": { "x": -208.61, "y": -37.66, "scaleX": 2, "scaleY": 2, "width": 209, "height": 76 },
			"flag/55": { "x": -219.97, "y": -17.56, "scaleX": 2, "scaleY": 2, "width": 220, "height": 63 },
			"flag/56": { "x": -218.84, "y": -20.89, "scaleX": 2, "scaleY": 2, "width": 219, "height": 52 }
		},
		"flag2": {
			"flag": { "scaleX": 2, "scaleY": 2, "width": 10, "height": 14 }
		}
	}
},
"animations": {
	"run": {
		"slots": {
			"flag": {
				"attachment": [
					{ "time": 0, "name": "flag/01" },
					{ "time": 0.0666, "name": "flag/02" },
					{ "time": 0.1333, "name": "flag/03" },
					{ "time": 0.2, "name": "flag/04" },
					{ "time": 0.2666, "name": "flag/05" },
					{ "time": 0.3333, "name": "flag/06" },
					{ "time": 0.4, "name": "flag/07" },
					{ "time": 0.4666, "name": "flag/08" },
					{ "time": 0.5333, "name": "flag/09" },
					{ "time": 0.6, "name": "flag/10" },
					{ "time": 0.6666, "name": "flag/11" },
					{ "time": 0.7333, "name": "flag/12" },
					{ "time": 0.8, "name": "flag/13" },
					{ "time": 0.8666, "name": "flag/14" },
					{ "time": 0.9333, "name": "flag/15" },
					{ "time": 1, "name": "flag/16" },
					{ "time": 1.0666, "name": "flag/17" },
					{ "time": 1.1333, "name": "flag/18" },
					{ "time": 1.2, "name": "flag/19" },
					{ "time": 1.2666, "name": "flag/20" },
					{ "time": 1.3333, "name": "flag/21" },
					{ "time": 1.4, "name": "flag/22" },
					{ "time": 1.4666, "name": "flag/23" },
					{ "time": 1.5333, "name": "flag/24" },
					{ "time": 1.6, "name": "flag/25" },
					{ "time": 1.6666, "name": "flag/26" },
					{ "time": 1.7333, "name": "flag/27" },
					{ "time": 1.8, "name": "flag/28" },
					{ "time": 1.8666, "name": "flag/29" },
					{ "time": 1.9333, "name": "flag/30" },
					{ "time": 2, "name": "flag/31" },
					{ "time": 2.0666, "name": "flag/32" },
					{ "time": 2.1333, "name": "flag/33" },
					{ "time": 2.2, "name": "flag/34" },
					{ "time": 2.2666, "name": "flag/35" },
					{ "time": 2.3333, "name": "flag/36" },
					{ "time": 2.4, "name": "flag/37" },
					{ "time": 2.4666, "name": "flag/38" },
					{ "time": 2.5333, "name": "flag/39" },
					{ "time": 2.6, "name": "flag/40" },
					{ "time": 2.6666, "name": "flag/41" },
					{ "time": 2.7333, "name": "flag/42" },
					{ "time": 2.8, "name": "flag/43" },
					{ "time": 2.8666, "name": "flag/44" },
					{ "time": 2.9333, "name": "flag/45" },
					{ "time": 3, "name": "flag/46" },
					{ "time": 3.0666, "name": "flag/47" },
					{ "time": 3.1333, "name": "flag/48" },
					{ "time": 3.2, "name": "flag/49" },
					{ "time": 3.2666, "name": "flag/50" },
					{ "time": 3.3333, "name": "flag/51" },
					{ "time": 3.4, "name": "flag/52" },
					{ "time": 3.4666, "name": "flag/53" },
					{ "time": 3.5333, "name": "flag/54" },
					{ "time": 3.6, "name": "flag/55" },
					{ "time": 3.6666, "name": "flag/56" },
					{ "time": 3.7333, "name": "flag/01" }
				]
			},
			"flag2": {
				"attachment": [
					{ "time": 0, "name": "flag" }
				]
			}
		},
		"bones": {
			"root": {
				"rotate": [
					{ "time": 0, "angle": 0 }
				],
				"translate": [
					{ "time": 0, "x": 0, "y": 0 }
				],
				"scale": [
					{ "time": 0, "x": 1, "y": 1 }
				]
			},
			"flag": {
				"rotate": [
					{ "time": 0, "angle": 0 }
				],
				"translate": [
					{ "time": 0, "x": 0, "y": 0 }
				],
				"scale": [
					{ "time": 0, "x": 1, "y": 1 }
				]
			}
		}
	}
}
}