{
"skeleton": { "hash": "eJASLslmyoxTUyKTEKuUM+hkf6w", "spine": "3.4.02", "width": 72.86, "height": 201.1, "images": "./pictures/" },
"bones": [
	{ "name": "root" },
	{ "name": "root2", "parent": "root" },
	{ "name": "ewr_07", "parent": "root2", "length": 133.13, "rotation": 95.02, "x": -211.2, "y": -341.06 }
],
"slots": [
	{ "name": "ewr_07", "bone": "ewr_07", "attachment": "ewr_07" }
],
"skins": {
	"default": {
		"ewr_07": {
			"ewr_07": {
				"type": "mesh",
				"uvs": [ 1, 0.37571, 1, 0.63676, 1, 0.93477, 0.73299, 0.81695, 0.40572, 1, 0.27672, 0.73025, 0.17066, 0.5085, 0, 0.15163, 0, 0, 1, 0 ],
				"triangles": [ 7, 8, 9, 6, 7, 9, 0, 6, 9, 5, 6, 0, 1, 5, 0, 3, 5, 1, 3, 1, 2, 4, 5, 3 ],
				"vertices": [ 94.64, -31.77, 42.4, -26.86, -15.36, -20.36, 11.09, -4.13, -25.48, 22.9, 28.69, 26.87, 76.66, 30.5, 145.98, 36.84999, 177.18, 31.87, 168.85, -38.02 ],
				"hull": 10,
				"edges": [ 16, 18, 14, 16, 8, 6, 6, 4, 12, 14, 0, 18, 12, 0, 8, 10, 10, 12, 0, 2, 2, 4, 10, 2 ],
				"width": 66,
				"height": 187
			}
		}
	}
},
"animations": {
	"tree": {
		"slots": {
			"ewr_07": {
				"attachment": [
					{ "time": 0, "name": "ewr_07" }
				]
			}
		},
		"bones": {
			"ewr_07": {
				"rotate": [
					{ "time": 0, "angle": 0, "curve": "stepped" },
					{ "time": 8.1333, "angle": 0, "curve": "stepped" },
					{ "time": 22.9666, "angle": 0, "curve": "stepped" },
					{ "time": 29.9333, "angle": 0, "curve": "stepped" },
					{ "time": 50.1666, "angle": 0 }
				],
				"translate": [
					{ "time": 0, "x": 0, "y": 0, "curve": "stepped" },
					{ "time": 8.1333, "x": 0, "y": 0, "curve": "stepped" },
					{ "time": 22.9666, "x": 0, "y": 0, "curve": "stepped" },
					{ "time": 29.9333, "x": 0, "y": 0, "curve": "stepped" },
					{ "time": 50.1666, "x": 0, "y": 0 }
				],
				"scale": [
					{ "time": 0, "x": 1, "y": 1, "curve": "stepped" },
					{ "time": 8.1333, "x": 1, "y": 1, "curve": "stepped" },
					{ "time": 22.9666, "x": 1, "y": 1, "curve": "stepped" },
					{ "time": 29.9333, "x": 1, "y": 1, "curve": "stepped" },
					{ "time": 50.1666, "x": 1, "y": 1 }
				],
				"shear": [
					{ "time": 0, "x": 0, "y": 0 }
				]
			}
		},
		"deform": {
			"default": {
				"ewr_07": {
					"ewr_07": [
						{
							"time": 0,
							"vertices": [ 16.78916, 0.64653, 14.02426, 0.6166, 0.88711, -0.41061, -3.18, -0.62238, 0.56864, 1.07597, 1.87905, 0.36738, 10.77556, 1.12773, 0, 0, 0, 0, -1.06943, 2.70949 ],
							"curve": [ 0.332, 0.31, 0.666, 0.64 ]
						},
						{
							"time": 1.6,
							"vertices": [ 16.02634, -0.01384, 12.03307, -1.37764, -1.84052, -6.22331, -2.78331, -3.095, 1.57631, -3.62036, 2.89389, -2.1932, 10.97589, -1.42857, 0, 0, 0, 0, -0.97497, 2.47018 ],
							"curve": [ 0.332, 0.31, 0.666, 0.65 ]
						},
						{
							"time": 3.3333,
							"vertices": [ 15.33257, 0.97732, 11.27317, 0.93765, 0.5059, 5.33707, -2.44949, 2.04444, 0.46426, 4.45188, 3.03979, 1.96952, 10.82007, 0.77407, 0, 0, 0, 0, -0.85922, 2.17691 ],
							"curve": [ 0.332, 0.32, 0.666, 0.65 ]
						},
						{
							"time": 4.6666,
							"vertices": [ 12.93416, 0.21882, 11.29313, 0.16068, 0.76713, -3.64785, -2.78058, -0.65186, 0.232, -1.14939, 2.70857, 0.1923, 10.54665, 0.83034, 0, 0, 0, 0, -0.76713, 1.94359 ],
							"curve": [ 0.332, 0.31, 0.665, 0.64 ]
						},
						{
							"time": 5.9666,
							"vertices": [ 9.53019, -0.15884, 8.88154, -0.24189, 0.14314, 2.66727, -2.37598, -0.08925, 0.33311, 1.41442, 3.44103, 0.0377, 10.34452, 0.56774, 0, 0, 0, 0, -0.5002, 1.2673 ],
							"curve": [ 0.332, 0.31, 0.665, 0.65 ]
						},
						{
							"time": 7.5,
							"vertices": [ 5.08208, -0.65236, 5.78194, -0.1792, 0.54623, -2.25925, 0.99341, -0.79299, -0.36414, -4.66419, 4.2949, -1.34186, 10.08039, 0.22459, 0, 0, 0, 0, -0.15139, 0.38356 ],
							"curve": [ 0.332, 0.32, 0.666, 0.66 ]
						},
						{
							"time": 8.1333,
							"vertices": [ 3.15148, -0.86656, 4.36245, -0.99627, -0.52325, 0.81697, -1.76699, -0.72666, -0.07391, -0.5482, 4.81359, -0.25199, 9.96575, 0.07565 ],
							"curve": [ 0.332, 0.33, 0.666, 0.66 ]
						},
						{
							"time": 8.4333,
							"vertices": [ 7.0071, -7.36772, 7.33177, -8.72368, -0.199, -3.80092, 0.29408, -4.56038, 3.41469, -4.84605, 8.0483, -7.35094, 12.59664, -5.72062, 0, 0, 0, 0, -0.0083, 0.02103 ],
							"curve": [ 0.332, 0.33, 0.665, 0.66 ]
						},
						{
							"time": 8.8666,
							"vertices": [ 9.53145, -10.28045, 12.07898, -21.07788, 2.9993, -27.05748, 3.9358, -26.80408, 1.80836, -28.27256, 8.58068, -22.58917, 14.20948, -11.8951, 0, 0, 0, 0, -0.02157, 0.05465 ],
							"curve": [ 0.377, 0.27, 0.729, 0.65 ]
						},
						{
							"time": 9.3333,
							"vertices": [ 20.59403, -10.65192, 16.76971, -28.98329, 10.26172, -59.22837, 9.14223, -43.75262, 3.74163, -59.40172, 6.47006, -35.02972, 12.90719, -18.61491, 0, 0, 0, 0, -0.03315, 0.084 ],
							"curve": [ 0.333, 0.33, 0.666, 0.66 ]
						},
						{
							"time": 9.9,
							"vertices": [ 20.39253, -10.42508, 14.92159, -19.40403, 10.02893, -35.14537, 5.84493, -28.06266, 6.60154, -34.70993, 5.22979, -24.63152, 12.90495, -18.13517, 0, 0, 0, 0, -0.03719, 0.09422 ],
							"curve": [ 0.333, 0.33, 0.666, 0.66 ]
						},
						{
							"time": 10.4333,
							"vertices": [ 20.3746, -8.60194, 16.47928, -26.34686, -0.08914, -35.2657, 9.2384, -36.68881, 1.73368, -45.8971, 10.82267, -37.26213, 14.8029, -21.22297, 0, 0, 0, 0, -0.04043, 0.10244 ],
							"curve": [ 0.333, 0.33, 0.666, 0.66 ]
						},
						{
							"time": 10.7,
							"vertices": [ 21.4431, -17.07152, 19.48128, -31.06374, 4.34553, -41.92305, 12.08974, -39.65578, 12.39022, -44.36174, 10.92482, -35.38829, 15.01796, -17.74149, 0, 0, 0, 0, -0.04392, 0.11129 ],
							"curve": [ 0.333, 0.33, 0.666, 0.66 ]
						},
						{
							"time": 11.0666,
							"vertices": [ 22.6762, -21.56221, 21.23292, -38.17548, 8.60602, -58.88367, 14.36207, -49.38393, 8.62409, -65.6326, 12.83871, -42.52562, 16.15411, -22.65462, 0, 0, 0, 0, -0.04721, 0.11962 ],
							"curve": [ 0.333, 0.33, 0.666, 0.66 ]
						},
						{
							"time": 11.3333,
							"vertices": [ 21.54995, -17.91849, 20.03957, -34.86464, 3.97169, -51.88577, 12.37451, -39.95232, 12.54131, -47.96466, 10.93503, -35.2009, 15.03947, -17.39334, 0, 0, 0, 0, -0.04427, 0.11217 ],
							"curve": [ 0.333, 0.33, 0.666, 0.66 ]
						},
						{
							"time": 11.7,
							"vertices": [ 21.6123, -14.85539, 20.36104, -29.28107, 8.85584, -45.27043, 12.3365, -41.95885, 6.74049, -53.88051, 12.00991, -41.18987, 15.70312, -21.51274, 0, 0, 0, 0, -0.04721, 0.11962 ],
							"curve": [ 0.333, 0.33, 0.666, 0.66 ]
						},
						{
							"time": 11.8666,
							"vertices": [ 21.54995, -17.91849, 20.03957, -34.86464, 3.97169, -51.88577, 10.78272, -39.26173, 13.64037, -41.59759, 10.82077, -30.23088, 15.03947, -17.39334, 0, 0, 0, 0, -0.04427, 0.11217 ],
							"curve": [ 0.333, 0.33, 0.666, 0.66 ]
						},
						{
							"time": 12.2666,
							"vertices": [ 20.02672, -15.64041, 16.76716, -27.6683, 2.30007, -29.03138, 7.00068, -28.5517, 5.93208, -33.75938, 11.15251, -21.79875, 18.44073, -14.94414, 0, 0, 0, 0, -0.05579, 0.14135 ],
							"curve": [ 0.333, 0.33, 0.666, 0.66 ]
						},
						{
							"time": 12.9,
							"vertices": [ 11.45072, -6.55077, 15.91535, -13.1535, 2.64153, -21.59406, 3.44713, -13.38737, 1.79452, -15.98463, 7.30315, -8.63849, 14.21431, -7.49178, 0, 0, 0, 0, -0.06161, 0.15611 ],
							"curve": [ 0.279, 0.12, 0.679, 0.91 ]
						},
						{
							"time": 13.6,
							"vertices": [ 11.77812, 9.89056, 14.99252, 10.93703, 2.00518, 5.70596, -0.29071, 9.79911, 3.02348, 6.24724, 15.68091, 9.96516, 12.51671, 6.99241, 0, 0, 0, 0, -0.09809, 0.24853 ],
							"curve": [ 0.33, 0.18, 0.682, 0.55 ]
						},
						{
							"time": 13.9666,
							"vertices": [ 12.15551, 3.41422, 13.39581, 3.14705, 4.81894, 6.25481, 0.50911, 1.81004, 4.95393, 4.9928, 15.00251, 1.65386, 14.35686, 0.95059, 0, 0, 0, 0, -0.13783, 0.34921 ],
							"curve": [ 0.314, 0.23, 0.669, 0.57 ]
						},
						{
							"time": 14.5333,
							"vertices": [ 13.44752, -8.80451, 14.18017, -9.63649, 1.70071, -2.92632, 1.48668, -7.9543, 1.69623, -6.47391, 15.00437, -12.80774, 16.41344, -8.62734, 0, 0, 0, 0, -0.1864, 0.47227 ],
							"curve": [ 0.292, 0.31, 0.761, 0.88 ]
						},
						{
							"time": 15.2666,
							"vertices": [ 14.87797, -13.16041, 12.64629, -27.10141, 1.12607, -48.64892, 4.66179, -36.80516, -0.33318, -48.54446, 13.2919, -27.96113, 13.03838, -15.62028, 0, 0, 0, 0, -0.1864, 0.47227 ],
							"curve": [ 0.276, 0.09, 0.793, 0.89 ]
						},
						{
							"time": 15.8333,
							"vertices": [ 12.80074, -3.82353, 16.28596, -7.94403, 4.70494, -24.09853, 2.86373, -15.04126, 0.66049, -23.68441, 10.77835, -10.72306, 13.19281, -4.91958, 0, 0, 0, 0, -0.20508, 0.51959 ],
							"curve": [ 0.308, 0.42, 0.685, 0.75 ]
						},
						{
							"time": 16.8666,
							"vertices": [ 11.43638, 7.02454, 20.65173, 11.00046, -1.55782, 20.73559, 9.09233, 8.27889, 6.02224, 9.41818, 19.01884, 3.5308, 12.12586, -0.90434, 0, 0, 0, 0, -0.22002, 0.55745 ],
							"curve": [ 0.273, 0.29, 0.688, 0.79 ]
						},
						{
							"time": 17.7666,
							"vertices": [ 9.32581, -4.77838, 9.83696, -7.93147, -1.24129, -5.06769, -3.36533, -9.30471, -1.04807, -5.51017, 5.36927, -7.51591, 11.39941, -6.48612, 0, 0, 0, 0, -0.10976, 0.27808 ],
							"curve": [ 0.326, 0.37, 0.723, 0.91 ]
						},
						{
							"time": 19,
							"vertices": [ 9.6217, -7.532, 8.52711, -14.4092, -1.26086, -22.34073, -2.84851, -17.39837, -3.60327, -18.78184, 4.36615, -12.34583, 10.82382, -6.89143, 0, 0, 0, 0, -0.11963, 0.23814 ],
							"curve": [ 0.36, 0.2, 0.78, 0.91 ]
						},
						{
							"time": 20.7,
							"vertices": [ 11.87917, 2.37245, 7.55627, 3.08233, -1.19806, 6.4424, -0.00322, 5.28332, 0.9583, 11.13179, 9.63037, 2.84207, 10.76959, -0.79245, 0, 0, 0, 0, -0.6754, 1.71119 ],
							"curve": [ 0.333, 0.33, 0.666, 0.66 ]
						},
						{
							"time": 22.1333,
							"vertices": [ 14.98474, 0.21443, 12.77739, -2.57356, -0.28981, -8.01492, 1.46509, -7.7212, -0.83141, -12.39639, 1.92886, -8.00013, 9.41601, -4.42343, 0, 0, 0, 0, -0.87241, 2.21033 ],
							"curve": [ 0.333, 0.33, 0.666, 0.66 ]
						},
						{
							"time": 22.9666,
							"vertices": [ 9.06263, 2.90833, 6.31933, 3.92885, -1.77697, 0.73501, 0.78673, 1.5676, -1.65346, 1.53153, 10.63506, -1.18238, 12.80645, -3.18581, 0, 0, 0, 0, -1.06943, 2.70949 ],
							"curve": [ 0.332, 0.31, 0.666, 0.64 ]
						},
						{
							"time": 23.7,
							"vertices": [ 15.32553, 6.55266, 17.0538, 9.88523, 5.26519, 12.30672, -1.76299, 9.82352, 2.4615, 8.30183, 1.03778, 4.41094, 10.72946, -0.32974, 0, 0, 0, 0, -0.86152, 2.18272 ],
							"curve": [ 0.332, 0.32, 0.666, 0.65 ]
						},
						{
							"time": 25.3,
							"vertices": [ 13.19405, -3.13493, 12.267, -7.69701, 5.30616, -15.15006, -2.0011, -10.71306, -2.13023, -15.37513, 3.53672, -9.31802, 11.26061, -3.67359, 0, 0, 0, 0, -0.76713, 1.94359 ],
							"curve": [ 0.332, 0.31, 0.665, 0.64 ]
						},
						{
							"time": 27.0666,
							"vertices": [ 8.87428, 0.78677, 13.15087, 4.02245, 18.69825, 9.68913, 10.30937, 3.93486, 19.6136, 4.27259, 5.491, -0.77599, 10.55147, -2.75077, 0, 0, 0, 0, -0.48566, 1.23047 ],
							"curve": [ 0.332, 0.31, 0.665, 0.65 ]
						},
						{
							"time": 29.3,
							"vertices": [ 5.08208, -0.65236, 5.78194, -0.1792, 0.54623, -2.25925, 0.99341, -0.79299, -0.36414, -4.66419, 4.2949, -1.34186, 10.08039, 0.22459, 0, 0, 0, 0, -0.15139, 0.38356 ],
							"curve": [ 0.332, 0.32, 0.666, 0.66 ]
						},
						{
							"time": 29.9333,
							"vertices": [ 3.15148, -0.86656, 4.36245, -0.99627, -0.52325, 0.81697, -1.76699, -0.72666, -0.07391, -0.5482, 4.81359, -0.25199, 9.96575, 0.07565 ],
							"curve": [ 0.332, 0.33, 0.666, 0.66 ]
						},
						{
							"time": 30.2333,
							"vertices": [ 7.0071, -7.36772, 7.33177, -8.72368, -0.199, -3.80092, 0.29408, -4.56038, 3.41469, -4.84605, 8.0483, -7.35094, 12.59664, -5.72062, 0, 0, 0, 0, -0.0083, 0.02103 ],
							"curve": [ 0.332, 0.33, 0.665, 0.66 ]
						},
						{
							"time": 30.6666,
							"vertices": [ 9.53145, -10.28045, 12.07898, -21.07788, 2.9993, -27.05748, 3.9358, -26.80408, 1.80836, -28.27256, 8.58068, -22.58917, 14.20948, -11.8951, 0, 0, 0, 0, -0.02157, 0.05465 ],
							"curve": [ 0.377, 0.27, 0.729, 0.65 ]
						},
						{
							"time": 31.1333,
							"vertices": [ 20.59403, -10.65192, 16.11941, -25.61504, 7.74301, -44.81645, 8.69811, -38.03739, 3.8586, -41.91028, 6.46945, -35.02941, 12.90719, -18.61491, 0, 0, 0, 0, -0.03315, 0.084 ],
							"curve": [ 0.333, 0.33, 0.666, 0.66 ]
						},
						{
							"time": 31.7,
							"vertices": [ 20.39253, -10.42508, 14.92159, -19.40403, 10.02893, -35.14537, 5.84493, -28.06266, 6.60154, -34.70993, 5.22979, -24.63152, 12.90495, -18.13517, 0, 0, 0, 0, -0.03719, 0.09422 ],
							"curve": [ 0.333, 0.33, 0.666, 0.66 ]
						},
						{
							"time": 32.2333,
							"vertices": [ 20.3746, -8.60194, 16.47928, -26.34686, -0.08914, -35.2657, 9.2384, -36.68881, 1.73368, -45.8971, 10.82267, -37.26213, 14.8029, -21.22297, 0, 0, 0, 0, -0.04043, 0.10244 ],
							"curve": [ 0.333, 0.33, 0.666, 0.66 ]
						},
						{
							"time": 32.8666,
							"vertices": [ 22.6762, -21.56221, 21.23292, -38.17548, 8.61533, -48.00495, 14.1399, -46.52628, 7.14277, -55.56902, 12.10586, -40.09607, 16.15411, -22.65462, 0, 0, 0, 0, -0.04721, 0.11962 ],
							"curve": [ 0.333, 0.33, 0.666, 0.66 ]
						},
						{
							"time": 33.2333,
							"vertices": [ 21.6123, -14.85539, 20.36104, -29.28107, 8.85584, -45.27043, 12.3365, -41.95885, 6.74049, -53.88051, 12.00991, -41.18987, 15.70312, -21.51274, 0, 0, 0, 0, -0.04721, 0.11962 ],
							"curve": [ 0.333, 0.33, 0.666, 0.66 ]
						},
						{
							"time": 33.6666,
							"vertices": [ 21.54995, -17.91849, 20.03957, -34.86464, 3.97169, -51.88577, 10.78272, -39.26173, 13.64037, -41.59759, 10.82077, -30.23088, 15.03947, -17.39334, 0, 0, 0, 0, -0.04427, 0.11217 ],
							"curve": [ 0.333, 0.33, 0.666, 0.66 ]
						},
						{
							"time": 34.0666,
							"vertices": [ 20.02672, -15.64041, 16.76716, -27.6683, 2.30007, -29.03138, 7.00068, -28.5517, 5.93208, -33.75938, 11.15251, -21.79875, 18.44073, -14.94414, 0, 0, 0, 0, -0.05579, 0.14135 ],
							"curve": [ 0.333, 0.33, 0.666, 0.66 ]
						},
						{
							"time": 34.4666,
							"vertices": [ 13.05735, -2.51805, 13.52728, -7.10133, 6.91594, -15.70946, 2.76484, -11.65817, -1.17703, -16.55873, 4.94127, -11.77028, 14.21431, -7.49178, 0, 0, 0, 0, -0.06161, 0.15611 ],
							"curve": [ 0.383, 0.27, 0.714, 0.87 ]
						},
						{
							"time": 35.3666,
							"vertices": [ 8.98789, 5.09487, 12.22836, 8.38281, 22.78249, 14.97482, 15.62905, 2.9647, 24.34007, -7.82874, 20.90738, -1.91607, 18.84661, -0.79945, 0, 0, 0, 0, -0.09809, 0.24853 ],
							"curve": [ 0.245, 0.31, 0.636, 0.82 ]
						},
						{
							"time": 35.8666,
							"vertices": [ 8.62409, 0.95286, 9.16137, 1.97386, 12.7105, 9.59833, 15.62905, 2.9647, 30.12523, -3.74578, 20.57996, -5.6439, 19.45678, -3.35746, 0, 0, 0, 0, -0.09809, 0.24853 ],
							"curve": [ 0.258, 0.3, 0.623, 0.66 ]
						},
						{
							"time": 36.4666,
							"vertices": [ 13.5965, -2.95355, 16.12624, -5.98776, 6.18812, -7.47329, 2.27227, -8.85695, 1.93113, -10.99595, 11.35076, -6.50411, 13.37362, -2.52139, 0, 0, 0, 0, -0.15667, 0.39693 ],
							"curve": [ 0.356, 0.4, 0.724, 0.83 ]
						},
						{
							"time": 37.4333,
							"vertices": [ 16.79247, -4.87834, 16.44291, -17.52047, 1.3779, -35.2719, -1.22566, -24.99836, -3.23494, -34.32333, 11.48604, -15.20296, 13.70391, -6.45615, 0, 0, 0, 0, -0.20576, 0.52131 ],
							"curve": [ 0.317, 0.15, 0.79, 0.97 ]
						},
						{
							"time": 38.8666,
							"vertices": [ 9.63794, 5.76446, 9.65467, 12.44908, 6.95795, 15.966, 11.60058, 11.25032, 4.80617, 9.95496, 12.44033, 4.32704, 17.46316, 0.1509, 0, 0, 0, 0, -0.09843, 0.24939 ],
							"curve": [ 0.296, 0.17, 0.677, 0.88 ]
						},
						{
							"time": 39.7666,
							"vertices": [ 11.26326, -4.73512, 8.36476, -6.4934, 3.54142, -1.32722, -2.41904, -6.37435, 3.69813, -3.39236, 12.72512, -5.26933, 16.3818, -3.35902, 0, 0, 0, 0, -0.07266, 0.18409 ],
							"curve": [ 0.287, 0.16, 0.767, 0.92 ]
						},
						{
							"time": 40.7333,
							"vertices": [ 10.26737, -6.76668, 10.41864, -14.62399, 0.48368, -26.95, 0.92158, -13.29955, -3.14572, -13.98837, 13.14509, -5.70113, 15.6572, -1.88242, 0, 0, 0, 0, -0.06614, 0.16758 ],
							"curve": [ 0.28, 0.28, 0.621, 0.63 ]
						},
						{
							"time": 41.8,
							"vertices": [ 8.02334, -1.58611, 7.48307, -1.80633, -0.88401, -5.84297, 0.91187, -3.34422, 0.8806, -5.26008, 5.33822, -2.46085, 13.00812, -0.62911, 0, 0, 0, 0, -0.05574, 0.14122 ],
							"curve": [ 0.262, 0.13, 0.772, 0.94 ]
						},
						{
							"time": 43.2666,
							"vertices": [ 13.26652, 1.98706, 11.92786, 3.37508, 6.72497, 8.02831, 7.41283, 1.58325, 11.04427, -1.77329, 9.78709, -0.67109, 14.32209, -1.28338, 0, 0, 0, 0, -0.22002, 0.55745 ],
							"curve": [ 0.26, 0.27, 0.783, 0.87 ]
						},
						{
							"time": 44.3333,
							"vertices": [ 9.93715, -2.13087, 8.4779, -1.22908, -0.90498, 7.15897, -1.08021, -1.47132, -1.06957, -4.05992, 13.08261, -2.82479, 13.54308, -4.06697, 0, 0, 0, 0, -0.14793, 0.3748 ],
							"curve": [ 0.327, 0.33, 0.661, 0.66 ]
						},
						{
							"time": 45.3,
							"vertices": [ 9.66394, -5.71591, 8.76539, -9.16178, -2.30337, -15.46523, -6.81319, -13.69623, -3.71576, -21.14904, 10.50416, -10.4151, 14.58199, -6.03214, 0, 0, 0, 0, -0.21461, 0.54373 ],
							"curve": [ 0.324, 0.33, 0.66, 0.67 ]
						},
						{
							"time": 46.6333,
							"vertices": [ 10.43053, 0.71501, 12.20442, 1.28034, 0.94387, 4.33179, 0.47568, 0.70516, 5.37666, -1.45913, 10.8784, -1.05263, 12.58308, -0.94577, 0, 0, 0, 0, -0.3855, 0.9767 ],
							"curve": [ 0.333, 0.33, 0.666, 0.66 ]
						},
						{
							"time": 48.1666,
							"vertices": [ 12.41692, 0.05364, 10.63116, -1.4977, -1.05582, -3.0522, -2.44368, -2.66078, -0.73929, -6.31694, 2.27185, -4.06526, 10.27057, -1.72052, 0, 0, 0, 0, -0.6754, 1.71119 ],
							"curve": [ 0.333, 0.33, 0.666, 0.66 ]
						},
						{
							"time": 50.1666,
							"vertices": [ 16.78916, 0.64653, 14.02426, 0.6166, 0.88711, -0.41061, -3.18, -0.62238, 0.56864, 1.07597, 1.87905, 0.36738, 10.77556, 1.12773, 0, 0, 0, 0, -1.06943, 2.70949 ]
						}
					]
				}
			}
		},
		"drawOrder": [
			{ "time": 0 }
		]
	}
}
}