{
"skeleton": { "hash": "bO6vrmmwSxzeXxQQ+mSft57cFRY", "spine": "3.4.02", "width": 495.22, "height": 598.95, "images": "" },
"bones": [
	{ "name": "root" },
	{ "name": "bone", "parent": "root", "x": 338.69, "y": 285.11 },
	{ "name": "images/bird_stone_3", "parent": "root", "x": 262.14, "y": 106.42 },
	{ "name": "images/bird_stone_4", "parent": "root", "x": 259.05, "y": 197.11 },
	{ "name": "images/bird_stone_5", "parent": "root", "x": 267.56, "y": 22.36 },
	{ "name": "images/bird_stone_6", "parent": "root", "x": 262.92, "y": -56.8 },
	{ "name": "images/bird_stone_7", "parent": "root", "x": 265.24, "y": -17.07 },
	{ "name": "images/images/bird_stone_62", "parent": "root", "x": 339.75, "y": 333.79 },
	{ "name": "images/images/bird_stone_63", "parent": "root", "x": 441.21, "y": 198.48 },
	{ "name": "images/images/bird_stone_64", "parent": "root", "x": 145.33, "y": 198.48 },
	{ "name": "images/images/bird_stone_73", "parent": "root", "x": 336.57, "y": 497.55 },
	{ "name": "images/images/bird_stone_74", "parent": "root", "x": 336.57, "y": 380.36 },
	{ "name": "images/images/bird_stone_75", "parent": "root", "x": 336.57, "y": 448.96 },
	{ "name": "images/images/bird_stone_76", "parent": "root", "x": 146.67, "y": 380.36 },
	{ "name": "images/images/bird_stone_83", "parent": "root", "x": 293.18, "y": 287.22 },
	{ "name": "images/images/bird_stone_84", "parent": "root", "x": 160.08, "y": 287.22 },
	{ "name": "images/images/bird_stone_85", "parent": "root", "x": 295.3, "y": 381.42 },
	{ "name": "images/images/bird_stone_86", "parent": "root", "x": 515.17, "y": 206.8 },
	{ "name": "images/images/bird_stone_93", "parent": "root", "x": 295.3, "y": 338.02 },
	{ "name": "images/images/bird_stone_94", "parent": "root", "x": 88.44, "y": 307.5 }
],
"slots": [
	{ "name": "images/images/bird_stone_60", "bone": "bone", "attachment": "images/w3" },
	{ "name": "images/images/bird_stone_62", "bone": "images/images/bird_stone_62", "attachment": "images/w2" },
	{ "name": "images/images/bird_stone_63", "bone": "images/images/bird_stone_63", "attachment": "images/bwo2" },
	{ "name": "images/images/bird_stone_64", "bone": "images/images/bird_stone_64", "attachment": "images/bwo2" },
	{ "name": "images/images/bird_stone_73", "bone": "images/images/bird_stone_73", "attachment": "images/w4" },
	{ "name": "images/images/bird_stone_74", "bone": "images/images/bird_stone_74", "attachment": "images/w2" },
	{ "name": "images/images/bird_stone_76", "bone": "images/images/bird_stone_76", "attachment": "images/w2" },
	{ "name": "images/images/bird_stone_75", "bone": "images/images/bird_stone_75", "attachment": "images/w6" },
	{ "name": "images/images/bird_stone_83", "bone": "images/images/bird_stone_83", "attachment": "images/w4" },
	{ "name": "images/images/bird_stone_84", "bone": "images/images/bird_stone_84", "attachment": "images/w4" },
	{ "name": "images/images/bird_stone_85", "bone": "images/images/bird_stone_85", "attachment": "images/w6" },
	{ "name": "images/images/bird_stone_86", "bone": "images/images/bird_stone_86", "attachment": "images/w4" },
	{ "name": "images/images/bird_stone_93", "bone": "images/images/bird_stone_93", "attachment": "images/w5" },
	{ "name": "images/images/bird_stone_94", "bone": "images/images/bird_stone_94", "attachment": "images/w5" },
	{ "name": "images/bird_stone_3", "bone": "images/bird_stone_3", "attachment": "images/bird_stone_03" },
	{ "name": "images/bird_stone_4", "bone": "images/bird_stone_4", "attachment": "images/bird_stone_03" },
	{ "name": "images/bird_stone_5", "bone": "images/bird_stone_5", "attachment": "images/bird_stone_03" },
	{ "name": "images/bird_stone_7", "bone": "images/bird_stone_7", "attachment": "images/bird_stone_03" },
	{ "name": "images/bird_stone_6", "bone": "images/bird_stone_6", "attachment": "images/bird_stone_03" },
	{ "name": "images/qs1", "bone": "root" },
	{ "name": "images/qs2", "bone": "root" }
],
"skins": {
	"default": {
		"images/bird_stone_3": {
			"images/bird_stone_03": { "x": -26.79, "y": 2.34, "width": 107, "height": 23 }
		},
		"images/bird_stone_4": {
			"images/bird_stone_03": { "x": -23.69, "y": 0.02, "width": 107, "height": 23 }
		},
		"images/bird_stone_5": {
			"images/bird_stone_03": { "x": -32.21, "y": 0.79, "width": 107, "height": 23 }
		},
		"images/bird_stone_6": {
			"images/bird_stone_03": { "x": -27.56, "y": 0.79, "width": 107, "height": 23 }
		},
		"images/bird_stone_7": {
			"images/bird_stone_03": { "x": -29.88, "y": 1.57, "width": 107, "height": 23 }
		},
		"images/images/bird_stone_60": {
			"images/w3": { "x": -1.5, "y": -0.35, "width": 64, "height": 48 }
		},
		"images/images/bird_stone_62": {
			"images/w2": { "x": -2.56, "y": 3.46, "width": 72, "height": 81 }
		},
		"images/images/bird_stone_63": {
			"images/bwo2": { "x": -2.56, "y": 3.46, "width": 80, "height": 98 }
		},
		"images/images/bird_stone_64": {
			"images/bwo2": { "x": -2.56, "y": 3.46, "width": 80, "height": 98 }
		},
		"images/images/bird_stone_73": {
			"images/w4": { "x": -0.88, "y": 1.39, "width": 57, "height": 65 }
		},
		"images/images/bird_stone_74": {
			"images/w2": { "x": -0.88, "y": 1.39, "width": 72, "height": 81 }
		},
		"images/images/bird_stone_75": {
			"images/w6": { "x": -0.88, "y": 1.39, "width": 72, "height": 69 }
		},
		"images/images/bird_stone_76": {
			"images/w2": { "x": -0.88, "y": 1.39, "width": 72, "height": 81 }
		},
		"images/images/bird_stone_83": {
			"images/w4": { "x": -0.49, "y": 2.02, "width": 57, "height": 65 }
		},
		"images/images/bird_stone_84": {
			"images/w4": { "x": -0.49, "y": 2.02, "width": 57, "height": 65 }
		},
		"images/images/bird_stone_85": {
			"images/w6": { "x": -3.11, "y": 2.33, "width": 72, "height": 69 }
		},
		"images/images/bird_stone_86": {
			"images/w4": { "x": -3.11, "y": 2.33, "width": 57, "height": 65 }
		},
		"images/images/bird_stone_93": {
			"images/w5": { "x": -1.11, "y": 1.22, "width": 84, "height": 76 }
		},
		"images/images/bird_stone_94": {
			"images/w5": { "x": -1.11, "y": 1.22, "width": 84, "height": 76 }
		},
		"images/qs2": {
			"images/8_1": { "x": -0.25, "y": -0.18, "width": 249, "height": 250 }
		}
	},
	"14": {
		"images/qs1": {
			"images/8": { "x": -0.28, "y": 0.18, "width": 248, "height": 247 }
		}
	}
},
"animations": {
	"lv1": {
		"slots": {
			"images/bird_stone_3": {
				"color": [
					{ "time": 0, "color": "ffffffff" }
				],
				"attachment": [
					{ "time": 0, "name": null }
				]
			},
			"images/bird_stone_4": {
				"color": [
					{ "time": 0, "color": "ffffffff" }
				],
				"attachment": [
					{ "time": 0, "name": null }
				]
			},
			"images/bird_stone_5": {
				"color": [
					{ "time": 0, "color": "ffffffff" }
				],
				"attachment": [
					{ "time": 0, "name": null }
				]
			},
			"images/bird_stone_6": {
				"color": [
					{ "time": 0, "color": "ffffffff" }
				],
				"attachment": [
					{ "time": 0, "name": null }
				]
			},
			"images/bird_stone_7": {
				"color": [
					{ "time": 0, "color": "ffffffff" }
				],
				"attachment": [
					{ "time": 0, "name": null }
				]
			},
			"images/images/bird_stone_60": {
				"color": [
					{ "time": 0, "color": "ffffffff" }
				],
				"attachment": [
					{ "time": 0, "name": null }
				]
			},
			"images/images/bird_stone_62": {
				"color": [
					{ "time": 0, "color": "ffffffff" }
				],
				"attachment": [
					{ "time": 0, "name": null }
				]
			},
			"images/images/bird_stone_63": {
				"color": [
					{ "time": 0, "color": "ffffffff" }
				],
				"attachment": [
					{ "time": 0, "name": null }
				]
			},
			"images/images/bird_stone_64": {
				"color": [
					{ "time": 0, "color": "ffffffff" }
				],
				"attachment": [
					{ "time": 0, "name": null }
				]
			},
			"images/images/bird_stone_73": {
				"color": [
					{ "time": 0, "color": "ffffffff" }
				],
				"attachment": [
					{ "time": 0, "name": null }
				]
			},
			"images/images/bird_stone_74": {
				"color": [
					{ "time": 0, "color": "ffffffff" }
				],
				"attachment": [
					{ "time": 0, "name": null }
				]
			},
			"images/images/bird_stone_75": {
				"color": [
					{ "time": 0, "color": "ffffffff" }
				],
				"attachment": [
					{ "time": 0, "name": null }
				]
			},
			"images/images/bird_stone_76": {
				"color": [
					{ "time": 0, "color": "ffffffff" }
				],
				"attachment": [
					{ "time": 0, "name": null }
				]
			},
			"images/images/bird_stone_83": {
				"color": [
					{ "time": 0, "color": "ffffffff" }
				],
				"attachment": [
					{ "time": 0, "name": null }
				]
			},
			"images/images/bird_stone_84": {
				"color": [
					{ "time": 0, "color": "ffffffff" }
				],
				"attachment": [
					{ "time": 0, "name": null }
				]
			},
			"images/images/bird_stone_85": {
				"color": [
					{ "time": 0, "color": "ffffffff" }
				],
				"attachment": [
					{ "time": 0, "name": null }
				]
			},
			"images/images/bird_stone_86": {
				"color": [
					{ "time": 0, "color": "ffffffff" }
				],
				"attachment": [
					{ "time": 0, "name": null }
				]
			},
			"images/images/bird_stone_93": {
				"color": [
					{ "time": 0, "color": "ffffffff" }
				],
				"attachment": [
					{ "time": 0, "name": null }
				]
			},
			"images/images/bird_stone_94": {
				"color": [
					{ "time": 0, "color": "ffffffff" }
				],
				"attachment": [
					{ "time": 0, "name": null }
				]
			},
			"images/qs1": {
				"color": [
					{ "time": 0, "color": "ffffffff" }
				],
				"attachment": [
					{ "time": 0, "name": null }
				]
			},
			"images/qs2": {
				"color": [
					{ "time": 0, "color": "ffffffff" }
				],
				"attachment": [
					{ "time": 0, "name": "images/8_1" }
				]
			}
		},
		"bones": {
			"root": {
				"rotate": [
					{ "time": 0, "angle": 0 }
				],
				"translate": [
					{ "time": 0, "x": 0, "y": 0 }
				],
				"scale": [
					{ "time": 0, "x": 1, "y": 1 }
				]
			},
			"images/images/bird_stone_62": {
				"rotate": [
					{ "time": 0, "angle": 0 }
				],
				"translate": [
					{ "time": 0, "x": -382.51, "y": -513.61 }
				],
				"scale": [
					{ "time": 0, "x": 1, "y": 1 }
				]
			},
			"images/images/bird_stone_73": {
				"rotate": [
					{ "time": 0, "angle": -86.06 }
				],
				"translate": [
					{ "time": 0, "x": -499.69, "y": -542.38 }
				],
				"scale": [
					{ "time": 0, "x": 1.257, "y": 1.257 }
				]
			},
			"images/images/bird_stone_83": {
				"rotate": [
					{ "time": 0, "angle": 0 }
				],
				"translate": [
					{ "time": 0, "x": -140.17, "y": -288 }
				],
				"scale": [
					{ "time": 0, "x": 1.351, "y": 1.351 }
				]
			},
			"images/images/bird_stone_85": {
				"rotate": [
					{ "time": 0, "angle": 0 }
				],
				"translate": [
					{ "time": 0, "x": -402.73, "y": -310.37 }
				],
				"scale": [
					{ "time": 0, "x": 1.345, "y": 1.345 }
				]
			},
			"images/images/bird_stone_93": {
				"rotate": [
					{ "time": 0, "angle": -86.85 }
				],
				"translate": [
					{ "time": 0, "x": -408.51, "y": -432.18 }
				],
				"scale": [
					{ "time": 0, "x": 1, "y": 1 }
				]
			},
			"bone": {
				"rotate": [
					{ "time": 0, "angle": 0 }
				],
				"translate": [
					{ "time": 0, "x": -224.35, "y": -184.17 }
				],
				"scale": [
					{ "time": 0, "x": 1.391, "y": 1.391 }
				]
			},
			"images/images/bird_stone_75": {
				"rotate": [
					{ "time": 0, "angle": 0 }
				],
				"translate": [
					{ "time": 0, "x": -236.78, "y": -585.41 }
				],
				"scale": [
					{ "time": 0, "x": 1.239, "y": 1.239 }
				]
			},
			"images/images/bird_stone_74": {
				"rotate": [
					{ "time": 0, "angle": 0 }
				],
				"translate": [
					{ "time": 0, "x": -324.56, "y": -234.95 }
				],
				"scale": [
					{ "time": 0, "x": 1.237, "y": 1.237 }
				]
			},
			"images/bird_stone_6": {
				"rotate": [
					{ "time": 0, "angle": -36.11 }
				],
				"translate": [
					{ "time": 0, "x": -129.53, "y": -98.47 }
				],
				"scale": [
					{ "time": 0, "x": 1, "y": 1 }
				]
			},
			"images/bird_stone_5": {
				"rotate": [
					{ "time": 0, "angle": 25.37 }
				],
				"translate": [
					{ "time": 0, "x": -104.01, "y": 26.12 }
				],
				"scale": [
					{ "time": 0, "x": 0.586, "y": 0.586 }
				]
			},
			"images/bird_stone_3": {
				"rotate": [
					{ "time": 0, "angle": 143.6 }
				],
				"translate": [
					{ "time": 0, "x": -426.41, "y": 13.12 }
				],
				"scale": [
					{ "time": 0, "x": 1, "y": 1 }
				]
			},
			"images/bird_stone_7": {
				"rotate": [
					{ "time": 0, "angle": -127.07 }
				],
				"translate": [
					{ "time": 0, "x": -381.04, "y": -161.1 }
				],
				"scale": [
					{ "time": 0, "x": 1, "y": 1 }
				]
			},
			"images/bird_stone_4": {
				"rotate": [
					{ "time": 0, "angle": 72.42 }
				],
				"translate": [
					{ "time": 0, "x": -206.57, "y": -23.72 }
				],
				"scale": [
					{ "time": 0, "x": 1, "y": 1 }
				]
			},
			"images/images/bird_stone_63": {
				"rotate": [
					{ "time": 0, "angle": 0 }
				],
				"translate": [
					{ "time": 0, "x": -407.93, "y": -347.19 }
				],
				"scale": [
					{ "time": 0, "x": 1, "y": 1 }
				]
			},
			"images/images/bird_stone_86": {
				"rotate": [
					{ "time": 0, "angle": 23.7 }
				],
				"translate": [
					{ "time": 0, "x": -371.73, "y": -286.68 }
				],
				"scale": [
					{ "time": 0, "x": 1.242, "y": 1.242 }
				]
			},
			"images/images/bird_stone_94": {
				"rotate": [
					{ "time": 0, "angle": 0 }
				],
				"translate": [
					{ "time": 0, "x": -129.78, "y": -339.05 }
				],
				"scale": [
					{ "time": 0, "x": 1, "y": 1 }
				]
			},
			"images/images/bird_stone_84": {
				"rotate": [
					{ "time": 0, "angle": 0 }
				],
				"translate": [
					{ "time": 0, "x": -94.09, "y": -322.82 }
				],
				"scale": [
					{ "time": 0, "x": 1.553, "y": 1.553 }
				]
			},
			"images/images/bird_stone_64": {
				"rotate": [
					{ "time": 0, "angle": 0 }
				],
				"translate": [
					{ "time": 0, "x": -162.22, "y": -141.13 }
				],
				"scale": [
					{ "time": 0, "x": 1, "y": 1 }
				]
			},
			"images/images/bird_stone_76": {
				"rotate": [
					{ "time": 0, "angle": -37.29 }
				],
				"translate": [
					{ "time": 0, "x": -81.11, "y": -384.18 }
				],
				"scale": [
					{ "time": 0, "x": 1, "y": 1 }
				]
			}
		},
		"drawOrder": [
			{ "time": 0 }
		]
	},
	"lv2": {
		"slots": {
			"images/bird_stone_3": {
				"color": [
					{ "time": 0, "color": "ffffffff" }
				],
				"attachment": [
					{ "time": 0, "name": null }
				]
			},
			"images/bird_stone_4": {
				"color": [
					{ "time": 0, "color": "ffffffff" }
				],
				"attachment": [
					{ "time": 0, "name": null }
				]
			},
			"images/bird_stone_5": {
				"color": [
					{ "time": 0, "color": "ffffffff" }
				],
				"attachment": [
					{ "time": 0, "name": null }
				]
			},
			"images/bird_stone_6": {
				"color": [
					{ "time": 0, "color": "ffffffff" }
				],
				"attachment": [
					{ "time": 0, "name": null }
				]
			},
			"images/bird_stone_7": {
				"color": [
					{ "time": 0, "color": "ffffffff" }
				],
				"attachment": [
					{ "time": 0, "name": null }
				]
			},
			"images/images/bird_stone_60": {
				"color": [
					{ "time": 0, "color": "ffffffff" }
				],
				"attachment": [
					{ "time": 0, "name": null }
				]
			},
			"images/images/bird_stone_62": {
				"color": [
					{ "time": 0, "color": "ffffffff" }
				],
				"attachment": [
					{ "time": 0, "name": null }
				]
			},
			"images/images/bird_stone_63": {
				"color": [
					{ "time": 0, "color": "ffffffff" }
				],
				"attachment": [
					{ "time": 0, "name": null }
				]
			},
			"images/images/bird_stone_64": {
				"color": [
					{ "time": 0, "color": "ffffffff" }
				],
				"attachment": [
					{ "time": 0, "name": null }
				]
			},
			"images/images/bird_stone_73": {
				"color": [
					{ "time": 0, "color": "ffffffff" }
				],
				"attachment": [
					{ "time": 0, "name": null }
				]
			},
			"images/images/bird_stone_74": {
				"color": [
					{ "time": 0, "color": "ffffffff" }
				],
				"attachment": [
					{ "time": 0, "name": null }
				]
			},
			"images/images/bird_stone_75": {
				"color": [
					{ "time": 0, "color": "ffffffff" }
				],
				"attachment": [
					{ "time": 0, "name": null }
				]
			},
			"images/images/bird_stone_76": {
				"color": [
					{ "time": 0, "color": "ffffffff" }
				],
				"attachment": [
					{ "time": 0, "name": null }
				]
			},
			"images/images/bird_stone_83": {
				"color": [
					{ "time": 0, "color": "ffffffff" }
				],
				"attachment": [
					{ "time": 0, "name": null }
				]
			},
			"images/images/bird_stone_84": {
				"color": [
					{ "time": 0, "color": "ffffffff" }
				],
				"attachment": [
					{ "time": 0, "name": null }
				]
			},
			"images/images/bird_stone_85": {
				"color": [
					{ "time": 0, "color": "ffffffff" }
				],
				"attachment": [
					{ "time": 0, "name": null }
				]
			},
			"images/images/bird_stone_86": {
				"color": [
					{ "time": 0, "color": "ffffffff" }
				],
				"attachment": [
					{ "time": 0, "name": null }
				]
			},
			"images/images/bird_stone_93": {
				"color": [
					{ "time": 0, "color": "ffffffff" }
				],
				"attachment": [
					{ "time": 0, "name": null }
				]
			},
			"images/images/bird_stone_94": {
				"color": [
					{ "time": 0, "color": "ffffffff" }
				],
				"attachment": [
					{ "time": 0, "name": null }
				]
			},
			"images/qs1": {
				"color": [
					{ "time": 0, "color": "ffffffff" }
				],
				"attachment": [
					{ "time": 0, "name": "images/8" }
				]
			},
			"images/qs2": {
				"color": [
					{ "time": 0, "color": "ffffffff" }
				],
				"attachment": [
					{ "time": 0, "name": null }
				]
			}
		},
		"bones": {
			"root": {
				"rotate": [
					{ "time": 0, "angle": 0 }
				],
				"translate": [
					{ "time": 0, "x": 0, "y": 0 }
				],
				"scale": [
					{ "time": 0, "x": 1, "y": 1 }
				]
			},
			"images/images/bird_stone_62": {
				"rotate": [
					{ "time": 0, "angle": 0 }
				],
				"translate": [
					{ "time": 0, "x": -382.51, "y": -513.61 }
				],
				"scale": [
					{ "time": 0, "x": 1, "y": 1 }
				]
			},
			"images/images/bird_stone_73": {
				"rotate": [
					{ "time": 0, "angle": -86.06 }
				],
				"translate": [
					{ "time": 0, "x": -499.69, "y": -542.38 }
				],
				"scale": [
					{ "time": 0, "x": 1.257, "y": 1.257 }
				]
			},
			"images/images/bird_stone_83": {
				"rotate": [
					{ "time": 0, "angle": 0 }
				],
				"translate": [
					{ "time": 0, "x": -140.17, "y": -288 }
				],
				"scale": [
					{ "time": 0, "x": 1.351, "y": 1.351 }
				]
			},
			"images/images/bird_stone_85": {
				"rotate": [
					{ "time": 0, "angle": 0 }
				],
				"translate": [
					{ "time": 0, "x": -402.73, "y": -310.37 }
				],
				"scale": [
					{ "time": 0, "x": 1.345, "y": 1.345 }
				]
			},
			"images/images/bird_stone_93": {
				"rotate": [
					{ "time": 0, "angle": -86.85 }
				],
				"translate": [
					{ "time": 0, "x": -408.51, "y": -432.18 }
				],
				"scale": [
					{ "time": 0, "x": 1, "y": 1 }
				]
			},
			"bone": {
				"rotate": [
					{ "time": 0, "angle": 0 }
				],
				"translate": [
					{ "time": 0, "x": -224.35, "y": -184.17 }
				],
				"scale": [
					{ "time": 0, "x": 1.391, "y": 1.391 }
				]
			},
			"images/images/bird_stone_75": {
				"rotate": [
					{ "time": 0, "angle": 0 }
				],
				"translate": [
					{ "time": 0, "x": -236.78, "y": -585.41 }
				],
				"scale": [
					{ "time": 0, "x": 1.239, "y": 1.239 }
				]
			},
			"images/images/bird_stone_74": {
				"rotate": [
					{ "time": 0, "angle": 0 }
				],
				"translate": [
					{ "time": 0, "x": -324.56, "y": -234.95 }
				],
				"scale": [
					{ "time": 0, "x": 1.237, "y": 1.237 }
				]
			},
			"images/bird_stone_6": {
				"rotate": [
					{ "time": 0, "angle": -36.11 }
				],
				"translate": [
					{ "time": 0, "x": -129.53, "y": -98.47 }
				],
				"scale": [
					{ "time": 0, "x": 1, "y": 1 }
				]
			},
			"images/bird_stone_5": {
				"rotate": [
					{ "time": 0, "angle": 25.37 }
				],
				"translate": [
					{ "time": 0, "x": -104.01, "y": 26.12 }
				],
				"scale": [
					{ "time": 0, "x": 0.586, "y": 0.586 }
				]
			},
			"images/bird_stone_3": {
				"rotate": [
					{ "time": 0, "angle": 143.6 }
				],
				"translate": [
					{ "time": 0, "x": -426.41, "y": 13.12 }
				],
				"scale": [
					{ "time": 0, "x": 1, "y": 1 }
				]
			},
			"images/bird_stone_7": {
				"rotate": [
					{ "time": 0, "angle": -127.07 }
				],
				"translate": [
					{ "time": 0, "x": -381.04, "y": -161.1 }
				],
				"scale": [
					{ "time": 0, "x": 1, "y": 1 }
				]
			},
			"images/bird_stone_4": {
				"rotate": [
					{ "time": 0, "angle": 72.42 }
				],
				"translate": [
					{ "time": 0, "x": -206.57, "y": -23.72 }
				],
				"scale": [
					{ "time": 0, "x": 1, "y": 1 }
				]
			},
			"images/images/bird_stone_63": {
				"rotate": [
					{ "time": 0, "angle": 0 }
				],
				"translate": [
					{ "time": 0, "x": -407.93, "y": -347.19 }
				],
				"scale": [
					{ "time": 0, "x": 1, "y": 1 }
				]
			},
			"images/images/bird_stone_86": {
				"rotate": [
					{ "time": 0, "angle": 23.7 }
				],
				"translate": [
					{ "time": 0, "x": -371.73, "y": -286.68 }
				],
				"scale": [
					{ "time": 0, "x": 1.242, "y": 1.242 }
				]
			},
			"images/images/bird_stone_94": {
				"rotate": [
					{ "time": 0, "angle": 0 }
				],
				"translate": [
					{ "time": 0, "x": -129.78, "y": -339.05 }
				],
				"scale": [
					{ "time": 0, "x": 1, "y": 1 }
				]
			},
			"images/images/bird_stone_84": {
				"rotate": [
					{ "time": 0, "angle": 0 }
				],
				"translate": [
					{ "time": 0, "x": -94.09, "y": -322.82 }
				],
				"scale": [
					{ "time": 0, "x": 1.553, "y": 1.553 }
				]
			},
			"images/images/bird_stone_64": {
				"rotate": [
					{ "time": 0, "angle": 0 }
				],
				"translate": [
					{ "time": 0, "x": -162.22, "y": -141.13 }
				],
				"scale": [
					{ "time": 0, "x": 1, "y": 1 }
				]
			},
			"images/images/bird_stone_76": {
				"rotate": [
					{ "time": 0, "angle": -37.29 }
				],
				"translate": [
					{ "time": 0, "x": -81.11, "y": -384.18 }
				],
				"scale": [
					{ "time": 0, "x": 1, "y": 1 }
				]
			}
		},
		"drawOrder": [
			{ "time": 0 }
		]
	},
	"run": {
		"slots": {
			"images/bird_stone_3": {
				"color": [
					{ "time": 0, "color": "ffffffff", "curve": "stepped" },
					{
						"time": 0.0333,
						"color": "ffffffff",
						"curve": [ 0.25, 0, 0.75, 1 ]
					},
					{
						"time": 0.3,
						"color": "ffffffdd",
						"curve": [ 0.25, 0, 0.75, 1 ]
					},
					{ "time": 0.4, "color": "ffffff00", "curve": "stepped" },
					{ "time": 1.0333, "color": "ffffff00" }
				],
				"attachment": [
					{ "time": 0, "name": null },
					{ "time": 0.0333, "name": "images/bird_stone_03" },
					{ "time": 1.0333, "name": "images/bird_stone_03" }
				]
			},
			"images/bird_stone_4": {
				"color": [
					{ "time": 0, "color": "ffffffff", "curve": "stepped" },
					{
						"time": 0.0333,
						"color": "ffffffff",
						"curve": [ 0.25, 0, 0.75, 1 ]
					},
					{
						"time": 0.3,
						"color": "ffffffdd",
						"curve": [ 0.25, 0, 0.75, 1 ]
					},
					{ "time": 0.4, "color": "ffffff00", "curve": "stepped" },
					{ "time": 1.0333, "color": "ffffff00" }
				],
				"attachment": [
					{ "time": 0, "name": null },
					{ "time": 0.0333, "name": "images/bird_stone_03" },
					{ "time": 1.0333, "name": "images/bird_stone_03" }
				]
			},
			"images/bird_stone_5": {
				"color": [
					{ "time": 0, "color": "ffffffff", "curve": "stepped" },
					{
						"time": 0.0333,
						"color": "ffffffff",
						"curve": [ 0.25, 0, 0.75, 1 ]
					},
					{
						"time": 0.3,
						"color": "ffffffdd",
						"curve": [ 0.25, 0, 0.75, 1 ]
					},
					{ "time": 0.4, "color": "ffffff00", "curve": "stepped" },
					{ "time": 1.0333, "color": "ffffff00" }
				],
				"attachment": [
					{ "time": 0, "name": null },
					{ "time": 0.0333, "name": "images/bird_stone_03" },
					{ "time": 1.0333, "name": "images/bird_stone_03" }
				]
			},
			"images/bird_stone_6": {
				"color": [
					{ "time": 0, "color": "ffffffff", "curve": "stepped" },
					{
						"time": 0.0333,
						"color": "ffffffff",
						"curve": [ 0.25, 0, 0.75, 1 ]
					},
					{
						"time": 0.3,
						"color": "ffffffdd",
						"curve": [ 0.25, 0, 0.75, 1 ]
					},
					{ "time": 0.4, "color": "ffffff00", "curve": "stepped" },
					{ "time": 1.0333, "color": "ffffff00" }
				],
				"attachment": [
					{ "time": 0, "name": null },
					{ "time": 0.0333, "name": "images/bird_stone_03" },
					{ "time": 1.0333, "name": "images/bird_stone_03" }
				]
			},
			"images/bird_stone_7": {
				"color": [
					{ "time": 0, "color": "ffffffff", "curve": "stepped" },
					{
						"time": 0.0333,
						"color": "ffffffff",
						"curve": [ 0.25, 0, 0.75, 1 ]
					},
					{
						"time": 0.3,
						"color": "ffffffdd",
						"curve": [ 0.25, 0, 0.75, 1 ]
					},
					{ "time": 0.4, "color": "ffffff00", "curve": "stepped" },
					{ "time": 1.0333, "color": "ffffff00" }
				],
				"attachment": [
					{ "time": 0, "name": null },
					{ "time": 0.0333, "name": "images/bird_stone_03" },
					{ "time": 1.0333, "name": "images/bird_stone_03" }
				]
			},
			"images/images/bird_stone_60": {
				"color": [
					{ "time": 0, "color": "ffffffff", "curve": "stepped" },
					{
						"time": 0.5666,
						"color": "ffffffff",
						"curve": [ 0.239, 1, 0.75, 1 ]
					},
					{ "time": 0.7, "color": "ffffff00", "curve": "stepped" },
					{ "time": 1.0333, "color": "ffffff00" }
				],
				"attachment": [
					{ "time": 0, "name": null },
					{ "time": 0.0333, "name": "images/w3" },
					{ "time": 1.0333, "name": "images/w3" }
				]
			},
			"images/images/bird_stone_62": {
				"color": [
					{ "time": 0, "color": "ffffffff", "curve": "stepped" },
					{
						"time": 0.8,
						"color": "ffffffff",
						"curve": [ 0.23, 0.78, 0.75, 1 ]
					},
					{ "time": 0.9666, "color": "ffffff00", "curve": "stepped" },
					{ "time": 1.0333, "color": "ffffff00" }
				],
				"attachment": [
					{ "time": 0, "name": null },
					{ "time": 0.0333, "name": "images/w2" },
					{ "time": 1.0333, "name": "images/w2" }
				]
			},
			"images/images/bird_stone_63": {
				"color": [
					{ "time": 0, "color": "ffffffff", "curve": "stepped" },
					{
						"time": 0.8666,
						"color": "ffffffff",
						"curve": [ 0.269, 0.78, 0.75, 1 ]
					},
					{ "time": 1.0333, "color": "ffffff00" }
				],
				"attachment": [
					{ "time": 0, "name": null },
					{ "time": 0.0333, "name": "images/bwo2" },
					{ "time": 1.0333, "name": "images/bwo2" }
				]
			},
			"images/images/bird_stone_64": {
				"color": [
					{ "time": 0, "color": "ffffffff", "curve": "stepped" },
					{
						"time": 0.6,
						"color": "ffffffff",
						"curve": [ 0.285, 0.89, 0.75, 1 ]
					},
					{ "time": 0.7666, "color": "ffffff00", "curve": "stepped" },
					{ "time": 1.0333, "color": "ffffff00" }
				],
				"attachment": [
					{ "time": 0, "name": null },
					{ "time": 0.0333, "name": "images/bwo2" },
					{ "time": 1.0333, "name": "images/bwo2" }
				]
			},
			"images/images/bird_stone_73": {
				"color": [
					{ "time": 0, "color": "ffffffff", "curve": "stepped" },
					{
						"time": 0.6666,
						"color": "ffffffff",
						"curve": [ 0.254, 0.71, 0.75, 1 ]
					},
					{ "time": 0.8333, "color": "ffffff00", "curve": "stepped" },
					{ "time": 1.0333, "color": "ffffff00" }
				],
				"attachment": [
					{ "time": 0, "name": null },
					{ "time": 0.0333, "name": "images/w4" },
					{ "time": 1.0333, "name": "images/w4" }
				]
			},
			"images/images/bird_stone_74": {
				"color": [
					{ "time": 0, "color": "ffffffff", "curve": "stepped" },
					{
						"time": 0.5333,
						"color": "ffffffff",
						"curve": [ 0.276, 0.83, 0.75, 1 ]
					},
					{ "time": 0.7, "color": "ffffff00", "curve": "stepped" },
					{ "time": 1.0333, "color": "ffffff00" }
				],
				"attachment": [
					{ "time": 0, "name": null },
					{ "time": 0.0333, "name": "images/w2" },
					{ "time": 1.0333, "name": "images/w2" }
				]
			},
			"images/images/bird_stone_75": {
				"color": [
					{ "time": 0, "color": "ffffffff", "curve": "stepped" },
					{
						"time": 0.8,
						"color": "ffffffff",
						"curve": [ 0.26, 0.8, 0.75, 1 ]
					},
					{ "time": 0.9666, "color": "ffffff00", "curve": "stepped" },
					{ "time": 1.0333, "color": "ffffff00" }
				],
				"attachment": [
					{ "time": 0, "name": null },
					{ "time": 0.0333, "name": "images/w6" },
					{ "time": 1.0333, "name": "images/w6" }
				]
			},
			"images/images/bird_stone_76": {
				"color": [
					{ "time": 0, "color": "ffffffff", "curve": "stepped" },
					{
						"time": 0.6,
						"color": "ffffffff",
						"curve": [ 0.267, 0.89, 0.75, 1 ]
					},
					{ "time": 0.7333, "color": "ffffff00", "curve": "stepped" },
					{ "time": 1.0333, "color": "ffffff00" }
				],
				"attachment": [
					{ "time": 0, "name": null },
					{ "time": 0.0333, "name": "images/w2" },
					{ "time": 1.0333, "name": "images/w2" }
				]
			},
			"images/images/bird_stone_83": {
				"color": [
					{ "time": 0, "color": "ffffffff", "curve": "stepped" },
					{
						"time": 0.7,
						"color": "ffffffff",
						"curve": [ 0.225, 0.96, 0.75, 1 ]
					},
					{ "time": 0.8666, "color": "ffffff00", "curve": "stepped" },
					{ "time": 1.0333, "color": "ffffff00" }
				],
				"attachment": [
					{ "time": 0, "name": null },
					{ "time": 0.0333, "name": "images/w4" },
					{ "time": 1.0333, "name": "images/w4" }
				]
			},
			"images/images/bird_stone_84": {
				"color": [
					{ "time": 0, "color": "ffffffff", "curve": "stepped" },
					{
						"time": 0.7,
						"color": "ffffffff",
						"curve": [ 0.304, 0.8, 0.75, 1 ]
					},
					{ "time": 0.8666, "color": "ffffff00", "curve": "stepped" },
					{ "time": 1.0333, "color": "ffffff00" }
				],
				"attachment": [
					{ "time": 0, "name": null },
					{ "time": 0.0333, "name": "images/w4" },
					{ "time": 1.0333, "name": "images/w4" }
				]
			},
			"images/images/bird_stone_85": {
				"color": [
					{ "time": 0, "color": "ffffffff", "curve": "stepped" },
					{
						"time": 0.8,
						"color": "ffffffff",
						"curve": [ 0.247, 0.8, 0.75, 1 ]
					},
					{ "time": 0.9666, "color": "ffffff00", "curve": "stepped" },
					{ "time": 1.0333, "color": "ffffff00" }
				],
				"attachment": [
					{ "time": 0, "name": null },
					{ "time": 0.0333, "name": "images/w6" },
					{ "time": 0.9666, "name": "images/w6" },
					{ "time": 1.0333, "name": "images/w6" }
				]
			},
			"images/images/bird_stone_86": {
				"color": [
					{ "time": 0, "color": "ffffffff", "curve": "stepped" },
					{
						"time": 0.6,
						"color": "ffffffff",
						"curve": [ 0.337, 0.84, 0.75, 1 ]
					},
					{ "time": 0.7666, "color": "ffffff00", "curve": "stepped" },
					{ "time": 1.0333, "color": "ffffff00" }
				],
				"attachment": [
					{ "time": 0, "name": null },
					{ "time": 0.0333, "name": "images/w4" },
					{ "time": 1.0333, "name": "images/w4" }
				]
			},
			"images/images/bird_stone_93": {
				"color": [
					{ "time": 0, "color": "ffffffff", "curve": "stepped" },
					{
						"time": 0.6666,
						"color": "ffffffff",
						"curve": [ 0.298, 0.96, 0.75, 1 ]
					},
					{ "time": 0.8333, "color": "ffffff00", "curve": "stepped" },
					{ "time": 1.0333, "color": "ffffff00" }
				],
				"attachment": [
					{ "time": 0, "name": null },
					{ "time": 0.0333, "name": "images/w5" },
					{ "time": 1.0333, "name": "images/w5" }
				]
			},
			"images/images/bird_stone_94": {
				"color": [
					{ "time": 0, "color": "ffffffff", "curve": "stepped" },
					{
						"time": 0.7666,
						"color": "ffffffff",
						"curve": [ 0.287, 0.89, 0.75, 1 ]
					},
					{ "time": 0.9333, "color": "ffffff00", "curve": "stepped" },
					{ "time": 1.0333, "color": "ffffff00" }
				],
				"attachment": [
					{ "time": 0, "name": null },
					{ "time": 0.0333, "name": "images/w5" },
					{ "time": 0.9333, "name": "images/w5" },
					{ "time": 1.0333, "name": "images/w5" }
				]
			},
			"images/qs1": {
				"color": [
					{ "time": 0, "color": "ffffffff", "curve": "stepped" },
					{ "time": 1.0333, "color": "ffffffff" }
				],
				"attachment": [
					{ "time": 0, "name": null },
					{ "time": 0.0333, "name": null },
					{ "time": 1.0333, "name": null }
				]
			},
			"images/qs2": {
				"color": [
					{ "time": 0, "color": "ffffffff", "curve": "stepped" },
					{ "time": 1.0333, "color": "ffffffff" }
				],
				"attachment": [
					{ "time": 0, "name": "images/8_1" },
					{ "time": 0.0333, "name": null },
					{ "time": 1.0333, "name": null }
				]
			}
		},
		"bones": {
			"root": {
				"rotate": [
					{ "time": 0, "angle": 0, "curve": "stepped" },
					{ "time": 1.0333, "angle": 0 }
				],
				"translate": [
					{ "time": 0, "x": 0, "y": 0, "curve": "stepped" },
					{ "time": 1.0333, "x": 0, "y": 0 }
				],
				"scale": [
					{ "time": 0, "x": 1, "y": 1, "curve": "stepped" },
					{ "time": 1.0333, "x": 1, "y": 1 }
				]
			},
			"images/images/bird_stone_62": {
				"rotate": [
					{ "time": 0, "angle": 0, "curve": "stepped" },
					{ "time": 0.0333, "angle": 0 },
					{ "time": 0.2333, "angle": 100.14 },
					{ "time": 0.9666, "angle": -121.57, "curve": "stepped" },
					{ "time": 1.0333, "angle": -121.57 }
				],
				"translate": [
					{ "time": 0, "x": -382.51, "y": -513.61, "curve": "stepped" },
					{
						"time": 0.0333,
						"x": -382.51,
						"y": -513.61,
						"curve": [ 0.227, 0, 0.855, 0.19 ]
					},
					{ "time": 0.9666, "x": -477.26, "y": -2180.35, "curve": "stepped" },
					{ "time": 1.0333, "x": -477.26, "y": -2180.35 }
				],
				"scale": [
					{ "time": 0, "x": 1, "y": 1, "curve": "stepped" },
					{ "time": 0.0333, "x": 1, "y": 1 },
					{ "time": 0.3, "x": 1.91, "y": 1.91 },
					{ "time": 0.9666, "x": 1, "y": 1, "curve": "stepped" },
					{ "time": 1.0333, "x": 1, "y": 1 }
				]
			},
			"images/images/bird_stone_73": {
				"rotate": [
					{ "time": 0, "angle": -86.06, "curve": "stepped" },
					{ "time": 0.0333, "angle": -86.06 },
					{ "time": 0.2333, "angle": -4.33 },
					{ "time": 0.8333, "angle": 112.81, "curve": "stepped" },
					{ "time": 1.0333, "angle": 112.81 }
				],
				"translate": [
					{ "time": 0, "x": -499.69, "y": -542.38, "curve": "stepped" },
					{
						"time": 0.0333,
						"x": -499.69,
						"y": -542.38,
						"curve": [ 0.218, 0, 0.777, 0.99 ]
					},
					{
						"time": 0.2333,
						"x": -540.88,
						"y": -510.11,
						"curve": [ 0.425, 0.19, 0.85, 0.4 ]
					},
					{ "time": 0.8333, "x": -823.87, "y": -1273.32, "curve": "stepped" },
					{ "time": 1.0333, "x": -823.87, "y": -1273.32 }
				],
				"scale": [
					{ "time": 0, "x": 1.257, "y": 1.257, "curve": "stepped" },
					{ "time": 0.0333, "x": 1.257, "y": 1.257 },
					{ "time": 0.3, "x": 2.489, "y": 2.489 },
					{ "time": 0.8333, "x": 1.257, "y": 1.257, "curve": "stepped" },
					{ "time": 1.0333, "x": 1.257, "y": 1.257 }
				]
			},
			"images/images/bird_stone_83": {
				"rotate": [
					{ "time": 0, "angle": 0, "curve": "stepped" },
					{ "time": 0.0333, "angle": 0 },
					{ "time": 0.2666, "angle": -59.13 },
					{ "time": 0.8666, "angle": -158.36, "curve": "stepped" },
					{ "time": 1.0333, "angle": -158.36 }
				],
				"translate": [
					{ "time": 0, "x": -140.17, "y": -288, "curve": "stepped" },
					{
						"time": 0.0333,
						"x": -140.17,
						"y": -288,
						"curve": [ 0.226, 0, 0.767, 1 ]
					},
					{
						"time": 0.2666,
						"x": -39.37,
						"y": -218.76,
						"curve": [ 0.413, 0.18, 0.853, 0.5 ]
					},
					{ "time": 0.8666, "x": 263, "y": -1151.63, "curve": "stepped" },
					{ "time": 1.0333, "x": 263, "y": -1151.63 }
				],
				"scale": [
					{ "time": 0, "x": 1.351, "y": 1.351, "curve": "stepped" },
					{ "time": 0.0333, "x": 1.351, "y": 1.351 },
					{ "time": 0.3333, "x": 2.377, "y": 2.377 },
					{ "time": 0.8666, "x": 1.351, "y": 1.351, "curve": "stepped" },
					{ "time": 1.0333, "x": 1.351, "y": 1.351 }
				]
			},
			"images/images/bird_stone_85": {
				"rotate": [
					{ "time": 0, "angle": 0, "curve": "stepped" },
					{ "time": 0.0333, "angle": 0 },
					{ "time": 0.2333, "angle": 99.33 },
					{ "time": 0.9666, "angle": -97.28, "curve": "stepped" },
					{ "time": 1.0333, "angle": -97.28 }
				],
				"translate": [
					{ "time": 0, "x": -402.73, "y": -310.37, "curve": "stepped" },
					{
						"time": 0.0333,
						"x": -402.73,
						"y": -310.37,
						"curve": [ 0.25, 0, 0.75, 1 ]
					},
					{
						"time": 0.2333,
						"x": -529.79,
						"y": -222.76,
						"curve": [ 0.234, 0.06, 0.85, 0.3 ]
					},
					{ "time": 0.9666, "x": -991.12, "y": -1221.93, "curve": "stepped" },
					{ "time": 1.0333, "x": -991.12, "y": -1221.93 }
				],
				"scale": [
					{ "time": 0, "x": 1.345, "y": 1.345, "curve": "stepped" },
					{ "time": 0.0333, "x": 1.345, "y": 1.345 },
					{ "time": 0.3, "x": 1.931, "y": 1.931 },
					{ "time": 0.9666, "x": 1.345, "y": 1.345, "curve": "stepped" },
					{ "time": 1.0333, "x": 1.345, "y": 1.345 }
				]
			},
			"images/images/bird_stone_93": {
				"rotate": [
					{ "time": 0, "angle": -86.85, "curve": "stepped" },
					{ "time": 0.0333, "angle": -86.85 },
					{ "time": 0.2333, "angle": -19.69 },
					{ "time": 0.8333, "angle": 139.22, "curve": "stepped" },
					{ "time": 1.0333, "angle": 139.22 }
				],
				"translate": [
					{ "time": 0, "x": -408.51, "y": -432.18, "curve": "stepped" },
					{
						"time": 0.0333,
						"x": -408.51,
						"y": -432.18,
						"curve": [ 0.236, 0, 0.855, 0.3 ]
					},
					{ "time": 0.8333, "x": -582.47, "y": -1519.51, "curve": "stepped" },
					{ "time": 1.0333, "x": -582.47, "y": -1519.51 }
				],
				"scale": [
					{ "time": 0, "x": 1, "y": 1, "curve": "stepped" },
					{ "time": 0.0333, "x": 1, "y": 1 },
					{ "time": 0.2666, "x": 1.947, "y": 1.947 },
					{ "time": 0.8333, "x": 1, "y": 1, "curve": "stepped" },
					{ "time": 1.0333, "x": 1, "y": 1 }
				]
			},
			"bone": {
				"rotate": [
					{ "time": 0, "angle": 0, "curve": "stepped" },
					{ "time": 0.0333, "angle": 0 },
					{ "time": 0.2, "angle": -80.52 },
					{ "time": 0.7, "angle": 178.77, "curve": "stepped" },
					{ "time": 1.0333, "angle": 178.77 }
				],
				"translate": [
					{ "time": 0, "x": -224.35, "y": -184.17, "curve": "stepped" },
					{
						"time": 0.0333,
						"x": -224.35,
						"y": -184.17,
						"curve": [ 0.221, 0, 0.773, 0.99 ]
					},
					{
						"time": 0.2,
						"x": -159.92,
						"y": -104.32,
						"curve": [ 0.425, 0.19, 0.849, 0.49 ]
					},
					{ "time": 0.7, "x": -23.43, "y": -545.02, "curve": "stepped" },
					{ "time": 1.0333, "x": -23.43, "y": -545.02 }
				],
				"scale": [
					{ "time": 0, "x": 1.391, "y": 1.391, "curve": "stepped" },
					{ "time": 0.0333, "x": 1.391, "y": 1.391 },
					{ "time": 0.2666, "x": 2.046, "y": 2.046 },
					{ "time": 0.7, "x": 1.391, "y": 1.391, "curve": "stepped" },
					{ "time": 1.0333, "x": 1.391, "y": 1.391 }
				]
			},
			"images/images/bird_stone_75": {
				"rotate": [
					{ "time": 0, "angle": 0, "curve": "stepped" },
					{ "time": 0.0333, "angle": 0 },
					{ "time": 0.2333, "angle": -65.91 },
					{ "time": 0.9666, "angle": -151.6, "curve": "stepped" },
					{ "time": 1.0333, "angle": -151.6 }
				],
				"translate": [
					{ "time": 0, "x": -236.78, "y": -585.41, "curve": "stepped" },
					{
						"time": 0.0333,
						"x": -236.78,
						"y": -585.41,
						"curve": [ 0.227, 0, 0.851, 0.29 ]
					},
					{ "time": 0.9666, "x": -51.02, "y": -1777.43, "curve": "stepped" },
					{ "time": 1.0333, "x": -51.02, "y": -1777.43 }
				],
				"scale": [
					{ "time": 0, "x": 1.239, "y": 1.239, "curve": "stepped" },
					{ "time": 0.0333, "x": 1.239, "y": 1.239 },
					{ "time": 0.3, "x": 2.15, "y": 2.15 },
					{ "time": 0.9666, "x": 1.239, "y": 1.239, "curve": "stepped" },
					{ "time": 1.0333, "x": 1.239, "y": 1.239 }
				]
			},
			"images/images/bird_stone_74": {
				"rotate": [
					{ "time": 0, "angle": 0, "curve": "stepped" },
					{ "time": 0.0333, "angle": 0 },
					{ "time": 0.2, "angle": 123.1 },
					{ "time": 0.7, "angle": -125.1, "curve": "stepped" },
					{ "time": 1.0333, "angle": -125.1 }
				],
				"translate": [
					{ "time": 0, "x": -324.56, "y": -234.95, "curve": "stepped" },
					{
						"time": 0.0333,
						"x": -324.56,
						"y": -234.95,
						"curve": [ 0.223, 0, 0.78, 1 ]
					},
					{
						"time": 0.2,
						"x": -379.46,
						"y": -124.04,
						"curve": [ 0.412, 0.15, 0.851, 0.49 ]
					},
					{ "time": 0.7, "x": -592.3, "y": -748.66, "curve": "stepped" },
					{ "time": 1.0333, "x": -592.3, "y": -748.66 }
				],
				"scale": [
					{ "time": 0, "x": 1.237, "y": 1.237, "curve": "stepped" },
					{ "time": 0.0333, "x": 1.237, "y": 1.237 },
					{ "time": 0.3, "x": 1.964, "y": 1.964 },
					{ "time": 0.7, "x": 1.237, "y": 1.237, "curve": "stepped" },
					{ "time": 1.0333, "x": 1.237, "y": 1.237 }
				]
			},
			"images/bird_stone_6": {
				"rotate": [
					{ "time": 0, "angle": -36.11, "curve": "stepped" },
					{ "time": 1.0333, "angle": -36.11 }
				],
				"translate": [
					{ "time": 0, "x": -129.53, "y": -98.47, "curve": "stepped" },
					{
						"time": 0.0333,
						"x": -129.53,
						"y": -98.47,
						"curve": [ 0.25, 0, 0.75, 1 ]
					},
					{ "time": 0.3, "x": -31.93, "y": -169.63, "curve": "stepped" },
					{ "time": 1.0333, "x": -31.93, "y": -169.63 }
				],
				"scale": [
					{ "time": 0, "x": 1, "y": 1, "curve": "stepped" },
					{
						"time": 0.0333,
						"x": 1,
						"y": 1,
						"curve": [ 0.25, 0, 0.75, 1 ]
					},
					{ "time": 0.3, "x": 0.2, "y": 0.39, "curve": "stepped" },
					{ "time": 1.0333, "x": 0.199, "y": 0.39 }
				]
			},
			"images/bird_stone_5": {
				"rotate": [
					{ "time": 0, "angle": 25.37, "curve": "stepped" },
					{ "time": 1.0333, "angle": 25.37 }
				],
				"translate": [
					{ "time": 0, "x": -104.01, "y": 26.12, "curve": "stepped" },
					{
						"time": 0.0333,
						"x": -104.01,
						"y": 26.12,
						"curve": [ 0.25, 0, 0.75, 1 ]
					},
					{ "time": 0.3, "x": -26.58, "y": 62.83, "curve": "stepped" },
					{ "time": 1.0333, "x": -26.58, "y": 62.83 }
				],
				"scale": [
					{ "time": 0, "x": 0.586, "y": 0.586, "curve": "stepped" },
					{
						"time": 0.0333,
						"x": 0.586,
						"y": 0.586,
						"curve": [ 0.25, 0, 0.75, 1 ]
					},
					{ "time": 0.3, "x": 0.2, "y": 0.39, "curve": "stepped" },
					{ "time": 1.0333, "x": 0.199, "y": 0.39 }
				]
			},
			"images/bird_stone_3": {
				"rotate": [
					{ "time": 0, "angle": 143.6, "curve": "stepped" },
					{ "time": 1.0333, "angle": 143.6 }
				],
				"translate": [
					{ "time": 0, "x": -426.41, "y": 13.12, "curve": "stepped" },
					{
						"time": 0.0333,
						"x": -426.41,
						"y": 13.12,
						"curve": [ 0.25, 0, 0.75, 1 ]
					},
					{ "time": 0.3, "x": -486.23, "y": 57.22, "curve": "stepped" },
					{ "time": 1.0333, "x": -486.23, "y": 57.22 }
				],
				"scale": [
					{ "time": 0, "x": 1, "y": 1, "curve": "stepped" },
					{
						"time": 0.0333,
						"x": 1,
						"y": 1,
						"curve": [ 0.25, 0, 0.75, 1 ]
					},
					{ "time": 0.3, "x": 0.2, "y": 0.39, "curve": "stepped" },
					{ "time": 1.0333, "x": 0.199, "y": 0.39 }
				]
			},
			"images/bird_stone_7": {
				"rotate": [
					{ "time": 0, "angle": -127.07, "curve": "stepped" },
					{ "time": 1.0333, "angle": -127.07 }
				],
				"translate": [
					{ "time": 0, "x": -381.04, "y": -161.1, "curve": "stepped" },
					{
						"time": 0.0333,
						"x": -381.04,
						"y": -161.1,
						"curve": [ 0.25, 0, 0.75, 1 ]
					},
					{ "time": 0.3, "x": -439.32, "y": -238.29, "curve": "stepped" },
					{ "time": 1.0333, "x": -439.32, "y": -238.29 }
				],
				"scale": [
					{ "time": 0, "x": 1, "y": 1, "curve": "stepped" },
					{
						"time": 0.0333,
						"x": 1,
						"y": 1,
						"curve": [ 0.25, 0, 0.75, 1 ]
					},
					{ "time": 0.3, "x": 0.203, "y": 0.392, "curve": "stepped" },
					{ "time": 1.0333, "x": 0.203, "y": 0.392 }
				]
			},
			"images/bird_stone_4": {
				"rotate": [
					{ "time": 0, "angle": 72.42, "curve": "stepped" },
					{ "time": 1.0333, "angle": 72.42 }
				],
				"translate": [
					{ "time": 0, "x": -206.57, "y": -23.72, "curve": "stepped" },
					{
						"time": 0.0333,
						"x": -206.57,
						"y": -23.72,
						"curve": [ 0.25, 0, 0.75, 1 ]
					},
					{ "time": 0.3, "x": -190.03, "y": 28.47, "curve": "stepped" },
					{ "time": 1.0333, "x": -190.03, "y": 28.47 }
				],
				"scale": [
					{ "time": 0, "x": 1, "y": 1, "curve": "stepped" },
					{
						"time": 0.0333,
						"x": 1,
						"y": 1,
						"curve": [ 0.25, 0, 0.75, 1 ]
					},
					{ "time": 0.3, "x": 0.2, "y": 0.39, "curve": "stepped" },
					{ "time": 1.0333, "x": 0.199, "y": 0.39 }
				]
			},
			"images/images/bird_stone_63": {
				"rotate": [
					{ "time": 0, "angle": 0, "curve": "stepped" },
					{ "time": 0.0333, "angle": 0 },
					{ "time": 0.2333, "angle": -92.58 },
					{ "time": 1.0333, "angle": 110.37 }
				],
				"translate": [
					{ "time": 0, "x": -407.93, "y": -347.19, "curve": "stepped" },
					{
						"time": 0.0333,
						"x": -407.93,
						"y": -347.19,
						"curve": [ 0.227, 0, 0.943, 0.09 ]
					},
					{ "time": 1.0333, "x": -442.63, "y": -2259.5 }
				],
				"scale": [
					{ "time": 0, "x": 1, "y": 1, "curve": "stepped" },
					{ "time": 0.0333, "x": 1, "y": 1 },
					{ "time": 0.3, "x": 1.898, "y": 1.898 },
					{ "time": 1.0333, "x": 1, "y": 1 }
				]
			},
			"images/images/bird_stone_86": {
				"rotate": [
					{ "time": 0, "angle": 23.7, "curve": "stepped" },
					{ "time": 0.0333, "angle": 23.7 },
					{ "time": 0.2333, "angle": -116.4 },
					{ "time": 0.7666, "angle": 147.9, "curve": "stepped" },
					{ "time": 1.0333, "angle": 147.9 }
				],
				"translate": [
					{ "time": 0, "x": -371.73, "y": -286.68, "curve": "stepped" },
					{
						"time": 0.0333,
						"x": -371.73,
						"y": -286.68,
						"curve": [ 0.227, 0, 0.855, 0.29 ]
					},
					{ "time": 0.7666, "x": -169.74, "y": -734.51, "curve": "stepped" },
					{ "time": 1.0333, "x": -169.74, "y": -734.51 }
				],
				"scale": [
					{ "time": 0, "x": 1.242, "y": 1.242, "curve": "stepped" },
					{ "time": 0.0333, "x": 1.242, "y": 1.242 },
					{ "time": 0.2666, "x": 2.299, "y": 2.299 },
					{ "time": 0.7666, "x": 1.242, "y": 1.242, "curve": "stepped" },
					{ "time": 1.0333, "x": 1.242, "y": 1.242 }
				]
			},
			"images/images/bird_stone_94": {
				"rotate": [
					{ "time": 0, "angle": 0, "curve": "stepped" },
					{ "time": 0.0333, "angle": 0 },
					{ "time": 0.2333, "angle": 87.37 },
					{ "time": 0.9333, "angle": -120.04, "curve": "stepped" },
					{ "time": 1.0333, "angle": -120.04 }
				],
				"translate": [
					{ "time": 0, "x": -129.78, "y": -339.05, "curve": "stepped" },
					{
						"time": 0.0333,
						"x": -129.78,
						"y": -339.05,
						"curve": [ 0.223, 0, 0.764, 0.99 ]
					},
					{
						"time": 0.2333,
						"x": -163.53,
						"y": -288.81,
						"curve": [ 0.41, 0.17, 0.849, 0.49 ]
					},
					{ "time": 0.9333, "x": -284.56, "y": -1335.53, "curve": "stepped" },
					{ "time": 1.0333, "x": -284.56, "y": -1335.53 }
				],
				"scale": [
					{ "time": 0, "x": 1, "y": 1, "curve": "stepped" },
					{ "time": 0.0333, "x": 1, "y": 1 },
					{ "time": 0.3, "x": 1.672, "y": 1.672 },
					{ "time": 0.9333, "x": 1, "y": 1, "curve": "stepped" },
					{ "time": 1.0333, "x": 1, "y": 1 }
				]
			},
			"images/images/bird_stone_84": {
				"rotate": [
					{ "time": 0, "angle": 0, "curve": "stepped" },
					{ "time": 0.0333, "angle": 0 },
					{ "time": 0.2666, "angle": -85.42 },
					{ "time": 0.8666, "angle": 176.64, "curve": "stepped" },
					{ "time": 1.0333, "angle": 176.64 }
				],
				"translate": [
					{ "time": 0, "x": -94.09, "y": -322.82, "curve": "stepped" },
					{
						"time": 0.0333,
						"x": -94.09,
						"y": -322.82,
						"curve": [ 0.227, 0, 0.855, 0.29 ]
					},
					{ "time": 0.8666, "x": -0.72, "y": -1016.64 },
					{ "time": 1.0333, "x": -0.72, "y": -1136.64 }
				],
				"scale": [
					{ "time": 0, "x": 1.553, "y": 1.553, "curve": "stepped" },
					{ "time": 0.0333, "x": 1.553, "y": 1.553 },
					{ "time": 0.3, "x": 2.539, "y": 2.539 },
					{ "time": 0.8666, "x": 1.553, "y": 1.553, "curve": "stepped" },
					{ "time": 1.0333, "x": 1.553, "y": 1.553 }
				]
			},
			"images/images/bird_stone_64": {
				"rotate": [
					{ "time": 0, "angle": 0, "curve": "stepped" },
					{ "time": 0.0333, "angle": 0 },
					{ "time": 0.2, "angle": 97.8 },
					{ "time": 0.7666, "angle": -125.22, "curve": "stepped" },
					{ "time": 1.0333, "angle": -125.22 }
				],
				"translate": [
					{ "time": 0, "x": -162.22, "y": -141.13, "curve": "stepped" },
					{
						"time": 0.0333,
						"x": -162.22,
						"y": -141.13,
						"curve": [ 0.226, 0, 0.776, 0.99 ]
					},
					{
						"time": 0.2,
						"x": -206.18,
						"y": -90.72,
						"curve": [ 0.404, 0.17, 0.846, 0.49 ]
					},
					{ "time": 0.7666, "x": -424.04, "y": -624.71 },
					{ "time": 1.0333, "x": -424.04, "y": -724.71 }
				],
				"scale": [
					{ "time": 0, "x": 1, "y": 1, "curve": "stepped" },
					{ "time": 0.0333, "x": 1, "y": 1 },
					{ "time": 0.2666, "x": 1.649, "y": 1.649 },
					{ "time": 0.7666, "x": 1, "y": 1, "curve": "stepped" },
					{ "time": 1.0333, "x": 1, "y": 1 }
				]
			},
			"images/images/bird_stone_76": {
				"rotate": [
					{ "time": 0, "angle": -37.29, "curve": "stepped" },
					{ "time": 0.0333, "angle": -37.29 },
					{ "time": 0.2333, "angle": -107.99 },
					{ "time": 0.7333, "angle": 161.08, "curve": "stepped" },
					{ "time": 1.0333, "angle": 161.08 }
				],
				"translate": [
					{ "time": 0, "x": -81.11, "y": -384.18, "curve": "stepped" },
					{
						"time": 0.0333,
						"x": -81.11,
						"y": -384.18,
						"curve": [ 0.215, 0, 0.766, 1 ]
					},
					{
						"time": 0.2333,
						"x": -53.87,
						"y": -273.52,
						"curve": [ 0.431, 0.21, 0.85, 0.5 ]
					},
					{ "time": 0.7333, "x": 118.52, "y": -825.93, "curve": "stepped" },
					{ "time": 1.0333, "x": 118.52, "y": -825.93 }
				],
				"scale": [
					{ "time": 0, "x": 1, "y": 1, "curve": "stepped" },
					{ "time": 0.0333, "x": 1, "y": 1 },
					{ "time": 0.2666, "x": 2.027, "y": 2.027 },
					{ "time": 0.7333, "x": 1, "y": 1, "curve": "stepped" },
					{ "time": 1.0333, "x": 1, "y": 1 }
				]
			}
		},
		"drawOrder": [
			{ "time": 0 },
			{ "time": 1.0333 }
		]
	}
}
}