{
"skeleton": { "hash": "DA/9sNLRikjLp4MlCo6kGHhrWFM", "spine": "3.4.02", "width": 248, "height": 246, "images": "" },
"bones": [
	{ "name": "root" },
	{ "name": "bone2", "parent": "root", "y": -0.78 },
	{ "name": "bone", "parent": "bone2", "x": 328.25, "y": 325.68 },
	{ "name": "bone3", "parent": "bone2", "x": 527.1, "y": 141.61 },
	{ "name": "bone4", "parent": "bone2", "x": 543.64, "y": 13.49 },
	{ "name": "bone5", "parent": "bone2", "x": 553.02, "y": -43.87 },
	{ "name": "bone7", "parent": "bone2", "x": 545.72, "y": -193.02 },
	{ "name": "images/bird_stone_3", "parent": "bone2", "x": 251.7, "y": 146.99 },
	{ "name": "images/bird_stone_4", "parent": "bone2", "x": 248.61, "y": 237.69 },
	{ "name": "images/bird_stone_5", "parent": "bone2", "x": 257.12, "y": 62.93 },
	{ "name": "images/bird_stone_6", "parent": "bone2", "x": 252.47, "y": -16.23 },
	{ "name": "images/bird_stone_7", "parent": "bone2", "x": 254.8, "y": 23.49 },
	{ "name": "images/images/bird_stone_62", "parent": "bone2", "x": 329.31, "y": 374.37 },
	{ "name": "images/images/bird_stone_73", "parent": "bone2", "x": 326.13, "y": 538.13 },
	{ "name": "images/images/bird_stone_74", "parent": "bone2", "x": 326.13, "y": 420.94 },
	{ "name": "images/images/bird_stone_75", "parent": "bone2", "x": 326.13, "y": 489.54 },
	{ "name": "images/images/bird_stone_76", "parent": "bone2", "x": 111.56, "y": 489.54 },
	{ "name": "images/images/bird_stone_83", "parent": "bone2", "x": 282.74, "y": 327.8 },
	{ "name": "images/images/bird_stone_84", "parent": "bone2", "x": 138.78, "y": 327.8 },
	{ "name": "images/images/bird_stone_85", "parent": "bone2", "x": 284.85, "y": 421.99 }
],
"slots": [
	{ "name": "images/bird_stone_51", "bone": "bone3" },
	{ "name": "images/bird_stone_56", "bone": "bone4" },
	{ "name": "images/bird_stone_65", "bone": "bone5" },
	{ "name": "images/bird_stone_70", "bone": "bone7" },
	{ "name": "images/images/bird_stone_60", "bone": "bone" },
	{ "name": "images/images/bird_stone_62", "bone": "images/images/bird_stone_62" },
	{ "name": "images/images/bird_stone_73", "bone": "images/images/bird_stone_73" },
	{ "name": "images/images/bird_stone_74", "bone": "images/images/bird_stone_74" },
	{ "name": "images/images/bird_stone_75", "bone": "images/images/bird_stone_75" },
	{ "name": "images/images/bird_stone_76", "bone": "images/images/bird_stone_76" },
	{ "name": "images/images/bird_stone_83", "bone": "images/images/bird_stone_83" },
	{ "name": "images/images/bird_stone_84", "bone": "images/images/bird_stone_84" },
	{ "name": "images/images/bird_stone_85", "bone": "images/images/bird_stone_85" },
	{ "name": "images/bird_stone_3", "bone": "images/bird_stone_3" },
	{ "name": "images/bird_stone_4", "bone": "images/bird_stone_4" },
	{ "name": "images/bird_stone_5", "bone": "images/bird_stone_5" },
	{ "name": "images/bird_stone_7", "bone": "images/bird_stone_7" },
	{ "name": "images/bird_stone_6", "bone": "images/bird_stone_6" },
	{ "name": "images/qs1", "bone": "bone2", "attachment": "images/7" },
	{ "name": "images/qs2", "bone": "bone2" },
	{ "name": "images/qs3", "bone": "bone2" }
],
"skins": {
	"default": {
		"images/bird_stone_3": {
			"images/bird_stone_03": { "x": -26.79, "y": 2.34, "width": 107, "height": 23 }
		},
		"images/bird_stone_4": {
			"images/bird_stone_03": { "x": -23.69, "y": 0.02, "width": 107, "height": 23 }
		},
		"images/bird_stone_5": {
			"images/bird_stone_03": { "x": -32.21, "y": 0.79, "width": 107, "height": 23 }
		},
		"images/bird_stone_51": {
			"images/s6": { "x": 5.97, "y": 5.8, "width": 88, "height": 58 }
		},
		"images/bird_stone_56": {
			"images/s3": { "x": -3.3, "y": 4.67, "width": 81, "height": 64 }
		},
		"images/bird_stone_6": {
			"images/bird_stone_03": { "x": -27.56, "y": 0.79, "width": 107, "height": 23 }
		},
		"images/bird_stone_65": {
			"images/s1": { "x": -5.18, "y": 0.03, "width": 63, "height": 66 }
		},
		"images/bird_stone_7": {
			"images/bird_stone_03": { "x": -29.88, "y": 1.57, "width": 107, "height": 23 }
		},
		"images/bird_stone_70": {
			"images/s1": { "x": 0.61, "y": -3.31, "width": 63, "height": 66 }
		},
		"images/images/bird_stone_60": {
			"images/s2": { "x": -1.5, "y": -0.35, "width": 67, "height": 57 }
		},
		"images/images/bird_stone_62": {
			"images/bst1": { "x": -2.56, "y": 3.46, "width": 84, "height": 70 }
		},
		"images/images/bird_stone_73": {
			"images/s2": { "x": -0.88, "y": 1.39, "width": 67, "height": 57 }
		},
		"images/images/bird_stone_74": {
			"images/s4": { "x": -0.88, "y": 1.39, "width": 67, "height": 49 }
		},
		"images/images/bird_stone_75": {
			"images/s5": { "x": -0.88, "y": 1.39, "width": 60, "height": 40 }
		},
		"images/images/bird_stone_76": {
			"images/s5": { "x": -0.88, "y": 1.39, "width": 60, "height": 40 }
		},
		"images/images/bird_stone_83": {
			"images/bst2": { "x": -0.49, "y": 2.02, "width": 122, "height": 81 }
		},
		"images/images/bird_stone_84": {
			"images/bst2": { "x": -0.49, "y": 2.02, "width": 122, "height": 81 }
		},
		"images/images/bird_stone_85": {
			"images/bst1": { "x": -3.11, "y": 2.33, "width": 84, "height": 70 }
		},
		"images/qs2": {
			"images/7_1": { "x": -0.02, "y": -0.49, "width": 248, "height": 249 }
		},
		"images/qs3": {
			"images/7_2": { "x": -0.02, "y": -0.58, "width": 248, "height": 249 }
		}
	},
	"14": {
		"images/qs1": {
			"images/7": { "x": -0.02, "y": 0.89, "width": 248, "height": 246 }
		}
	}
},
"animations": {
	"lv1": {
		"slots": {
			"images/bird_stone_3": {
				"color": [
					{ "time": 0, "color": "ffffffff" }
				],
				"attachment": [
					{ "time": 0, "name": null }
				]
			},
			"images/bird_stone_4": {
				"color": [
					{ "time": 0, "color": "ffffffff" }
				],
				"attachment": [
					{ "time": 0, "name": null }
				]
			},
			"images/bird_stone_5": {
				"color": [
					{ "time": 0, "color": "ffffffff" }
				],
				"attachment": [
					{ "time": 0, "name": null }
				]
			},
			"images/bird_stone_6": {
				"color": [
					{ "time": 0, "color": "ffffffff" }
				],
				"attachment": [
					{ "time": 0, "name": null }
				]
			},
			"images/bird_stone_7": {
				"color": [
					{ "time": 0, "color": "ffffffff" }
				],
				"attachment": [
					{ "time": 0, "name": null }
				]
			},
			"images/bird_stone_51": {
				"color": [
					{ "time": 0, "color": "ffffffff" }
				],
				"attachment": [
					{ "time": 0, "name": null }
				]
			},
			"images/bird_stone_56": {
				"color": [
					{ "time": 0, "color": "ffffffff" }
				],
				"attachment": [
					{ "time": 0, "name": null }
				]
			},
			"images/bird_stone_65": {
				"color": [
					{ "time": 0, "color": "ffffffff" }
				],
				"attachment": [
					{ "time": 0, "name": null }
				]
			},
			"images/bird_stone_70": {
				"color": [
					{ "time": 0, "color": "ffffffff" }
				],
				"attachment": [
					{ "time": 0, "name": null }
				]
			},
			"images/images/bird_stone_60": {
				"color": [
					{ "time": 0, "color": "ffffffff" }
				],
				"attachment": [
					{ "time": 0, "name": null }
				]
			},
			"images/images/bird_stone_62": {
				"color": [
					{ "time": 0, "color": "ffffffff" }
				],
				"attachment": [
					{ "time": 0, "name": null }
				]
			},
			"images/images/bird_stone_73": {
				"color": [
					{ "time": 0, "color": "ffffffff" }
				],
				"attachment": [
					{ "time": 0, "name": null }
				]
			},
			"images/images/bird_stone_74": {
				"color": [
					{ "time": 0, "color": "ffffffff" }
				],
				"attachment": [
					{ "time": 0, "name": null }
				]
			},
			"images/images/bird_stone_75": {
				"color": [
					{ "time": 0, "color": "ffffffff" }
				],
				"attachment": [
					{ "time": 0, "name": null }
				]
			},
			"images/images/bird_stone_76": {
				"color": [
					{ "time": 0, "color": "ffffffff" }
				],
				"attachment": [
					{ "time": 0, "name": null }
				]
			},
			"images/images/bird_stone_83": {
				"color": [
					{ "time": 0, "color": "ffffffff" }
				],
				"attachment": [
					{ "time": 0, "name": null }
				]
			},
			"images/images/bird_stone_84": {
				"color": [
					{ "time": 0, "color": "ffffffff" }
				],
				"attachment": [
					{ "time": 0, "name": null }
				]
			},
			"images/images/bird_stone_85": {
				"color": [
					{ "time": 0, "color": "ffffffff" }
				],
				"attachment": [
					{ "time": 0, "name": null }
				]
			},
			"images/qs1": {
				"color": [
					{ "time": 0, "color": "ffffffff" }
				],
				"attachment": [
					{ "time": 0, "name": null }
				]
			},
			"images/qs2": {
				"color": [
					{ "time": 0, "color": "ffffffff" }
				],
				"attachment": [
					{ "time": 0, "name": null }
				]
			},
			"images/qs3": {
				"color": [
					{ "time": 0, "color": "ffffffff" }
				],
				"attachment": [
					{ "time": 0, "name": "images/7_2" }
				]
			}
		},
		"bones": {
			"images/images/bird_stone_62": {
				"rotate": [
					{ "time": 0, "angle": 0 }
				],
				"translate": [
					{ "time": 0, "x": -382.51, "y": -513.61 }
				],
				"scale": [
					{ "time": 0, "x": 1.235, "y": 1.235 }
				]
			},
			"images/images/bird_stone_73": {
				"rotate": [
					{ "time": 0, "angle": 0 }
				],
				"translate": [
					{ "time": 0, "x": 0, "y": 0 }
				],
				"scale": [
					{ "time": 0, "x": 1, "y": 1 }
				]
			},
			"images/images/bird_stone_83": {
				"rotate": [
					{ "time": 0, "angle": 0 }
				],
				"translate": [
					{ "time": 0, "x": -140.17, "y": -288 }
				],
				"scale": [
					{ "time": 0, "x": 1, "y": 1 }
				]
			},
			"images/images/bird_stone_85": {
				"rotate": [
					{ "time": 0, "angle": 0 }
				],
				"translate": [
					{ "time": 0, "x": -430.84, "y": -343.17 }
				],
				"scale": [
					{ "time": 0, "x": 1, "y": 1 }
				]
			},
			"bone": {
				"rotate": [
					{ "time": 0, "angle": 0 }
				],
				"translate": [
					{ "time": 0, "x": -262.16, "y": -223.69 }
				],
				"scale": [
					{ "time": 0, "x": 1.469, "y": 1.469 }
				]
			},
			"images/images/bird_stone_75": {
				"rotate": [
					{ "time": 0, "angle": 0 }
				],
				"translate": [
					{ "time": 0, "x": -177.07, "y": -605.31 }
				],
				"scale": [
					{ "time": 0, "x": 1.914, "y": 1.914 }
				]
			},
			"images/images/bird_stone_74": {
				"rotate": [
					{ "time": 0, "angle": 0 }
				],
				"translate": [
					{ "time": 0, "x": -288.98, "y": -234.95 }
				],
				"scale": [
					{ "time": 0, "x": 1.861, "y": 1.861 }
				]
			},
			"images/bird_stone_6": {
				"rotate": [
					{ "time": 0, "angle": 0 }
				],
				"translate": [
					{ "time": 0, "x": 0, "y": 0 }
				],
				"scale": [
					{ "time": 0, "x": 1, "y": 1 }
				]
			},
			"images/bird_stone_5": {
				"rotate": [
					{ "time": 0, "angle": 0 }
				],
				"translate": [
					{ "time": 0, "x": 0, "y": 0 }
				],
				"scale": [
					{ "time": 0, "x": 1, "y": 1 }
				]
			},
			"images/bird_stone_3": {
				"rotate": [
					{ "time": 0, "angle": 0 }
				],
				"translate": [
					{ "time": 0, "x": 0, "y": 0 }
				],
				"scale": [
					{ "time": 0, "x": 1, "y": 1 }
				]
			},
			"images/bird_stone_7": {
				"rotate": [
					{ "time": 0, "angle": 0 }
				],
				"translate": [
					{ "time": 0, "x": 0, "y": 0 }
				],
				"scale": [
					{ "time": 0, "x": 1, "y": 1 }
				]
			},
			"images/bird_stone_4": {
				"rotate": [
					{ "time": 0, "angle": 0 }
				],
				"translate": [
					{ "time": 0, "x": 0, "y": 0 }
				],
				"scale": [
					{ "time": 0, "x": 1, "y": 1 }
				]
			},
			"images/images/bird_stone_76": {
				"rotate": [
					{ "time": 0, "angle": 0 }
				],
				"translate": [
					{ "time": 0, "x": 0, "y": 0 }
				],
				"scale": [
					{ "time": 0, "x": 1, "y": 1 }
				]
			},
			"images/images/bird_stone_84": {
				"rotate": [
					{ "time": 0, "angle": 0 }
				],
				"translate": [
					{ "time": 0, "x": 0, "y": 0 }
				],
				"scale": [
					{ "time": 0, "x": 1, "y": 1 }
				]
			},
			"bone2": {
				"rotate": [
					{ "time": 0, "angle": 0 }
				],
				"translate": [
					{ "time": 0, "x": 0, "y": 0 }
				],
				"scale": [
					{ "time": 0, "x": 1, "y": 1 }
				]
			},
			"root": {
				"rotate": [
					{ "time": 0, "angle": 0 }
				],
				"translate": [
					{ "time": 0, "x": 0, "y": 0 }
				],
				"scale": [
					{ "time": 0, "x": 1, "y": 1 }
				]
			},
			"bone3": {
				"rotate": [
					{ "time": 0, "angle": 0 }
				],
				"translate": [
					{ "time": 0, "x": -621.17, "y": 0 }
				],
				"scale": [
					{ "time": 0, "x": 1, "y": 1 }
				]
			},
			"bone4": {
				"rotate": [
					{ "time": 0, "angle": 0 }
				],
				"translate": [
					{ "time": 0, "x": -405.66, "y": 115.9 }
				],
				"scale": [
					{ "time": 0, "x": 1, "y": 1 }
				]
			},
			"bone5": {
				"rotate": [
					{ "time": 0, "angle": 0 }
				],
				"translate": [
					{ "time": 0, "x": -595.81, "y": 1.81 }
				],
				"scale": [
					{ "time": 0, "x": 1, "y": 1 }
				]
			},
			"bone7": {
				"rotate": [
					{ "time": 0, "angle": 0 }
				],
				"translate": [
					{ "time": 0, "x": -514.32, "y": 117.71 }
				],
				"scale": [
					{ "time": 0, "x": 1, "y": 1 }
				]
			}
		},
		"drawOrder": [
			{ "time": 0 }
		]
	},
	"lv2": {
		"slots": {
			"images/bird_stone_3": {
				"color": [
					{ "time": 0, "color": "ffffffff" }
				],
				"attachment": [
					{ "time": 0, "name": null }
				]
			},
			"images/bird_stone_4": {
				"color": [
					{ "time": 0, "color": "ffffffff" }
				],
				"attachment": [
					{ "time": 0, "name": null }
				]
			},
			"images/bird_stone_5": {
				"color": [
					{ "time": 0, "color": "ffffffff" }
				],
				"attachment": [
					{ "time": 0, "name": null }
				]
			},
			"images/bird_stone_6": {
				"color": [
					{ "time": 0, "color": "ffffffff" }
				],
				"attachment": [
					{ "time": 0, "name": null }
				]
			},
			"images/bird_stone_7": {
				"color": [
					{ "time": 0, "color": "ffffffff" }
				],
				"attachment": [
					{ "time": 0, "name": null }
				]
			},
			"images/bird_stone_51": {
				"color": [
					{ "time": 0, "color": "ffffffff" }
				],
				"attachment": [
					{ "time": 0, "name": null }
				]
			},
			"images/bird_stone_56": {
				"color": [
					{ "time": 0, "color": "ffffffff" }
				],
				"attachment": [
					{ "time": 0, "name": null }
				]
			},
			"images/bird_stone_65": {
				"color": [
					{ "time": 0, "color": "ffffffff" }
				],
				"attachment": [
					{ "time": 0, "name": null }
				]
			},
			"images/bird_stone_70": {
				"color": [
					{ "time": 0, "color": "ffffffff" }
				],
				"attachment": [
					{ "time": 0, "name": null }
				]
			},
			"images/images/bird_stone_60": {
				"color": [
					{ "time": 0, "color": "ffffffff" }
				],
				"attachment": [
					{ "time": 0, "name": null }
				]
			},
			"images/images/bird_stone_62": {
				"color": [
					{ "time": 0, "color": "ffffffff" }
				],
				"attachment": [
					{ "time": 0, "name": null }
				]
			},
			"images/images/bird_stone_73": {
				"color": [
					{ "time": 0, "color": "ffffffff" }
				],
				"attachment": [
					{ "time": 0, "name": null }
				]
			},
			"images/images/bird_stone_74": {
				"color": [
					{ "time": 0, "color": "ffffffff" }
				],
				"attachment": [
					{ "time": 0, "name": null }
				]
			},
			"images/images/bird_stone_75": {
				"color": [
					{ "time": 0, "color": "ffffffff" }
				],
				"attachment": [
					{ "time": 0, "name": null }
				]
			},
			"images/images/bird_stone_76": {
				"color": [
					{ "time": 0, "color": "ffffffff" }
				],
				"attachment": [
					{ "time": 0, "name": null }
				]
			},
			"images/images/bird_stone_83": {
				"color": [
					{ "time": 0, "color": "ffffffff" }
				],
				"attachment": [
					{ "time": 0, "name": null }
				]
			},
			"images/images/bird_stone_84": {
				"color": [
					{ "time": 0, "color": "ffffffff" }
				],
				"attachment": [
					{ "time": 0, "name": null }
				]
			},
			"images/images/bird_stone_85": {
				"color": [
					{ "time": 0, "color": "ffffffff" }
				],
				"attachment": [
					{ "time": 0, "name": null }
				]
			},
			"images/qs1": {
				"color": [
					{ "time": 0, "color": "ffffffff" }
				],
				"attachment": [
					{ "time": 0, "name": null }
				]
			},
			"images/qs2": {
				"color": [
					{ "time": 0, "color": "ffffffff" }
				],
				"attachment": [
					{ "time": 0, "name": "images/7_1" }
				]
			},
			"images/qs3": {
				"color": [
					{ "time": 0, "color": "ffffffff" }
				],
				"attachment": [
					{ "time": 0, "name": null }
				]
			}
		},
		"bones": {
			"images/images/bird_stone_62": {
				"rotate": [
					{ "time": 0, "angle": 0 }
				],
				"translate": [
					{ "time": 0, "x": -382.51, "y": -513.61 }
				],
				"scale": [
					{ "time": 0, "x": 1.235, "y": 1.235 }
				]
			},
			"images/images/bird_stone_73": {
				"rotate": [
					{ "time": 0, "angle": 0 }
				],
				"translate": [
					{ "time": 0, "x": 0, "y": 0 }
				],
				"scale": [
					{ "time": 0, "x": 1, "y": 1 }
				]
			},
			"images/images/bird_stone_83": {
				"rotate": [
					{ "time": 0, "angle": 0 }
				],
				"translate": [
					{ "time": 0, "x": -140.17, "y": -288 }
				],
				"scale": [
					{ "time": 0, "x": 1, "y": 1 }
				]
			},
			"images/images/bird_stone_85": {
				"rotate": [
					{ "time": 0, "angle": 0 }
				],
				"translate": [
					{ "time": 0, "x": -430.84, "y": -343.17 }
				],
				"scale": [
					{ "time": 0, "x": 1, "y": 1 }
				]
			},
			"bone": {
				"rotate": [
					{ "time": 0, "angle": 0 }
				],
				"translate": [
					{ "time": 0, "x": -262.16, "y": -223.69 }
				],
				"scale": [
					{ "time": 0, "x": 1.469, "y": 1.469 }
				]
			},
			"images/images/bird_stone_75": {
				"rotate": [
					{ "time": 0, "angle": 0 }
				],
				"translate": [
					{ "time": 0, "x": -177.07, "y": -605.31 }
				],
				"scale": [
					{ "time": 0, "x": 1.914, "y": 1.914 }
				]
			},
			"images/images/bird_stone_74": {
				"rotate": [
					{ "time": 0, "angle": 0 }
				],
				"translate": [
					{ "time": 0, "x": -288.98, "y": -234.95 }
				],
				"scale": [
					{ "time": 0, "x": 1.861, "y": 1.861 }
				]
			},
			"images/bird_stone_6": {
				"rotate": [
					{ "time": 0, "angle": 0 }
				],
				"translate": [
					{ "time": 0, "x": 0, "y": 0 }
				],
				"scale": [
					{ "time": 0, "x": 1, "y": 1 }
				]
			},
			"images/bird_stone_5": {
				"rotate": [
					{ "time": 0, "angle": 0 }
				],
				"translate": [
					{ "time": 0, "x": 0, "y": 0 }
				],
				"scale": [
					{ "time": 0, "x": 1, "y": 1 }
				]
			},
			"images/bird_stone_3": {
				"rotate": [
					{ "time": 0, "angle": 0 }
				],
				"translate": [
					{ "time": 0, "x": 0, "y": 0 }
				],
				"scale": [
					{ "time": 0, "x": 1, "y": 1 }
				]
			},
			"images/bird_stone_7": {
				"rotate": [
					{ "time": 0, "angle": 0 }
				],
				"translate": [
					{ "time": 0, "x": 0, "y": 0 }
				],
				"scale": [
					{ "time": 0, "x": 1, "y": 1 }
				]
			},
			"images/bird_stone_4": {
				"rotate": [
					{ "time": 0, "angle": 0 }
				],
				"translate": [
					{ "time": 0, "x": 0, "y": 0 }
				],
				"scale": [
					{ "time": 0, "x": 1, "y": 1 }
				]
			},
			"images/images/bird_stone_76": {
				"rotate": [
					{ "time": 0, "angle": 0 }
				],
				"translate": [
					{ "time": 0, "x": 0, "y": 0 }
				],
				"scale": [
					{ "time": 0, "x": 1, "y": 1 }
				]
			},
			"images/images/bird_stone_84": {
				"rotate": [
					{ "time": 0, "angle": 0 }
				],
				"translate": [
					{ "time": 0, "x": 0, "y": 0 }
				],
				"scale": [
					{ "time": 0, "x": 1, "y": 1 }
				]
			},
			"bone2": {
				"rotate": [
					{ "time": 0, "angle": 0 }
				],
				"translate": [
					{ "time": 0, "x": 0, "y": 0 }
				],
				"scale": [
					{ "time": 0, "x": 1, "y": 1 }
				]
			},
			"root": {
				"rotate": [
					{ "time": 0, "angle": 0 }
				],
				"translate": [
					{ "time": 0, "x": 0, "y": 0 }
				],
				"scale": [
					{ "time": 0, "x": 1, "y": 1 }
				]
			},
			"bone3": {
				"rotate": [
					{ "time": 0, "angle": 0 }
				],
				"translate": [
					{ "time": 0, "x": -621.17, "y": 0 }
				],
				"scale": [
					{ "time": 0, "x": 1, "y": 1 }
				]
			},
			"bone4": {
				"rotate": [
					{ "time": 0, "angle": 0 }
				],
				"translate": [
					{ "time": 0, "x": -405.66, "y": 115.9 }
				],
				"scale": [
					{ "time": 0, "x": 1, "y": 1 }
				]
			},
			"bone5": {
				"rotate": [
					{ "time": 0, "angle": 0 }
				],
				"translate": [
					{ "time": 0, "x": -595.81, "y": 1.81 }
				],
				"scale": [
					{ "time": 0, "x": 1, "y": 1 }
				]
			},
			"bone7": {
				"rotate": [
					{ "time": 0, "angle": 0 }
				],
				"translate": [
					{ "time": 0, "x": -514.32, "y": 117.71 }
				],
				"scale": [
					{ "time": 0, "x": 1, "y": 1 }
				]
			}
		},
		"drawOrder": [
			{ "time": 0 }
		]
	},
	"lv3": {
		"slots": {
			"images/bird_stone_3": {
				"color": [
					{ "time": 0, "color": "ffffffff" }
				],
				"attachment": [
					{ "time": 0, "name": null }
				]
			},
			"images/bird_stone_4": {
				"color": [
					{ "time": 0, "color": "ffffffff" }
				],
				"attachment": [
					{ "time": 0, "name": null }
				]
			},
			"images/bird_stone_5": {
				"color": [
					{ "time": 0, "color": "ffffffff" }
				],
				"attachment": [
					{ "time": 0, "name": null }
				]
			},
			"images/bird_stone_6": {
				"color": [
					{ "time": 0, "color": "ffffffff" }
				],
				"attachment": [
					{ "time": 0, "name": null }
				]
			},
			"images/bird_stone_7": {
				"color": [
					{ "time": 0, "color": "ffffffff" }
				],
				"attachment": [
					{ "time": 0, "name": null }
				]
			},
			"images/bird_stone_51": {
				"color": [
					{ "time": 0, "color": "ffffffff" }
				],
				"attachment": [
					{ "time": 0, "name": null }
				]
			},
			"images/bird_stone_56": {
				"color": [
					{ "time": 0, "color": "ffffffff" }
				],
				"attachment": [
					{ "time": 0, "name": null }
				]
			},
			"images/bird_stone_65": {
				"color": [
					{ "time": 0, "color": "ffffffff" }
				],
				"attachment": [
					{ "time": 0, "name": null }
				]
			},
			"images/bird_stone_70": {
				"color": [
					{ "time": 0, "color": "ffffffff" }
				],
				"attachment": [
					{ "time": 0, "name": null }
				]
			},
			"images/images/bird_stone_60": {
				"color": [
					{ "time": 0, "color": "ffffffff" }
				],
				"attachment": [
					{ "time": 0, "name": null }
				]
			},
			"images/images/bird_stone_62": {
				"color": [
					{ "time": 0, "color": "ffffffff" }
				],
				"attachment": [
					{ "time": 0, "name": null }
				]
			},
			"images/images/bird_stone_73": {
				"color": [
					{ "time": 0, "color": "ffffffff" }
				],
				"attachment": [
					{ "time": 0, "name": null }
				]
			},
			"images/images/bird_stone_74": {
				"color": [
					{ "time": 0, "color": "ffffffff" }
				],
				"attachment": [
					{ "time": 0, "name": null }
				]
			},
			"images/images/bird_stone_75": {
				"color": [
					{ "time": 0, "color": "ffffffff" }
				],
				"attachment": [
					{ "time": 0, "name": null }
				]
			},
			"images/images/bird_stone_76": {
				"color": [
					{ "time": 0, "color": "ffffffff" }
				],
				"attachment": [
					{ "time": 0, "name": null }
				]
			},
			"images/images/bird_stone_83": {
				"color": [
					{ "time": 0, "color": "ffffffff" }
				],
				"attachment": [
					{ "time": 0, "name": null }
				]
			},
			"images/images/bird_stone_84": {
				"color": [
					{ "time": 0, "color": "ffffffff" }
				],
				"attachment": [
					{ "time": 0, "name": null }
				]
			},
			"images/images/bird_stone_85": {
				"color": [
					{ "time": 0, "color": "ffffffff" }
				],
				"attachment": [
					{ "time": 0, "name": null }
				]
			},
			"images/qs1": {
				"color": [
					{ "time": 0, "color": "ffffffff" }
				],
				"attachment": [
					{ "time": 0, "name": "images/7" }
				]
			},
			"images/qs2": {
				"color": [
					{ "time": 0, "color": "ffffffff" }
				],
				"attachment": [
					{ "time": 0, "name": null }
				]
			},
			"images/qs3": {
				"color": [
					{ "time": 0, "color": "ffffffff" }
				],
				"attachment": [
					{ "time": 0, "name": null }
				]
			}
		},
		"bones": {
			"images/images/bird_stone_62": {
				"rotate": [
					{ "time": 0, "angle": 0 }
				],
				"translate": [
					{ "time": 0, "x": -382.51, "y": -513.61 }
				],
				"scale": [
					{ "time": 0, "x": 1.235, "y": 1.235 }
				]
			},
			"images/images/bird_stone_73": {
				"rotate": [
					{ "time": 0, "angle": 0 }
				],
				"translate": [
					{ "time": 0, "x": 0, "y": 0 }
				],
				"scale": [
					{ "time": 0, "x": 1, "y": 1 }
				]
			},
			"images/images/bird_stone_83": {
				"rotate": [
					{ "time": 0, "angle": 0 }
				],
				"translate": [
					{ "time": 0, "x": -140.17, "y": -288 }
				],
				"scale": [
					{ "time": 0, "x": 1, "y": 1 }
				]
			},
			"images/images/bird_stone_85": {
				"rotate": [
					{ "time": 0, "angle": 0 }
				],
				"translate": [
					{ "time": 0, "x": -430.84, "y": -343.17 }
				],
				"scale": [
					{ "time": 0, "x": 1, "y": 1 }
				]
			},
			"bone": {
				"rotate": [
					{ "time": 0, "angle": 0 }
				],
				"translate": [
					{ "time": 0, "x": -262.16, "y": -223.69 }
				],
				"scale": [
					{ "time": 0, "x": 1.469, "y": 1.469 }
				]
			},
			"images/images/bird_stone_75": {
				"rotate": [
					{ "time": 0, "angle": 0 }
				],
				"translate": [
					{ "time": 0, "x": -177.07, "y": -605.31 }
				],
				"scale": [
					{ "time": 0, "x": 1.914, "y": 1.914 }
				]
			},
			"images/images/bird_stone_74": {
				"rotate": [
					{ "time": 0, "angle": 0 }
				],
				"translate": [
					{ "time": 0, "x": -288.98, "y": -234.95 }
				],
				"scale": [
					{ "time": 0, "x": 1.861, "y": 1.861 }
				]
			},
			"images/bird_stone_6": {
				"rotate": [
					{ "time": 0, "angle": 0 }
				],
				"translate": [
					{ "time": 0, "x": 0, "y": 0 }
				],
				"scale": [
					{ "time": 0, "x": 1, "y": 1 }
				]
			},
			"images/bird_stone_5": {
				"rotate": [
					{ "time": 0, "angle": 0 }
				],
				"translate": [
					{ "time": 0, "x": 0, "y": 0 }
				],
				"scale": [
					{ "time": 0, "x": 1, "y": 1 }
				]
			},
			"images/bird_stone_3": {
				"rotate": [
					{ "time": 0, "angle": 0 }
				],
				"translate": [
					{ "time": 0, "x": 0, "y": 0 }
				],
				"scale": [
					{ "time": 0, "x": 1, "y": 1 }
				]
			},
			"images/bird_stone_7": {
				"rotate": [
					{ "time": 0, "angle": 0 }
				],
				"translate": [
					{ "time": 0, "x": 0, "y": 0 }
				],
				"scale": [
					{ "time": 0, "x": 1, "y": 1 }
				]
			},
			"images/bird_stone_4": {
				"rotate": [
					{ "time": 0, "angle": 0 }
				],
				"translate": [
					{ "time": 0, "x": 0, "y": 0 }
				],
				"scale": [
					{ "time": 0, "x": 1, "y": 1 }
				]
			},
			"images/images/bird_stone_76": {
				"rotate": [
					{ "time": 0, "angle": 0 }
				],
				"translate": [
					{ "time": 0, "x": 0, "y": 0 }
				],
				"scale": [
					{ "time": 0, "x": 1, "y": 1 }
				]
			},
			"images/images/bird_stone_84": {
				"rotate": [
					{ "time": 0, "angle": 0 }
				],
				"translate": [
					{ "time": 0, "x": 0, "y": 0 }
				],
				"scale": [
					{ "time": 0, "x": 1, "y": 1 }
				]
			},
			"bone2": {
				"rotate": [
					{ "time": 0, "angle": 0 }
				],
				"translate": [
					{ "time": 0, "x": 0, "y": 0 }
				],
				"scale": [
					{ "time": 0, "x": 1, "y": 1 }
				]
			},
			"root": {
				"rotate": [
					{ "time": 0, "angle": 0 }
				],
				"translate": [
					{ "time": 0, "x": 0, "y": 0 }
				],
				"scale": [
					{ "time": 0, "x": 1, "y": 1 }
				]
			},
			"bone3": {
				"rotate": [
					{ "time": 0, "angle": 0 }
				],
				"translate": [
					{ "time": 0, "x": -621.17, "y": 0 }
				],
				"scale": [
					{ "time": 0, "x": 1, "y": 1 }
				]
			},
			"bone4": {
				"rotate": [
					{ "time": 0, "angle": 0 }
				],
				"translate": [
					{ "time": 0, "x": -405.66, "y": 115.9 }
				],
				"scale": [
					{ "time": 0, "x": 1, "y": 1 }
				]
			},
			"bone5": {
				"rotate": [
					{ "time": 0, "angle": 0 }
				],
				"translate": [
					{ "time": 0, "x": -595.81, "y": 1.81 }
				],
				"scale": [
					{ "time": 0, "x": 1, "y": 1 }
				]
			},
			"bone7": {
				"rotate": [
					{ "time": 0, "angle": 0 }
				],
				"translate": [
					{ "time": 0, "x": -514.32, "y": 117.71 }
				],
				"scale": [
					{ "time": 0, "x": 1, "y": 1 }
				]
			}
		},
		"drawOrder": [
			{ "time": 0 }
		]
	},
	"run": {
		"slots": {
			"images/bird_stone_3": {
				"color": [
					{ "time": 0, "color": "ffffffff", "curve": "stepped" },
					{
						"time": 0.0333,
						"color": "ffffffff",
						"curve": [ 0.311, 0, 0.995, 0.3 ]
					},
					{ "time": 0.2666, "color": "ffffffdd" },
					{ "time": 0.3666, "color": "ffffff00", "curve": "stepped" },
					{ "time": 1, "color": "ffffff00" }
				],
				"attachment": [
					{ "time": 0, "name": null },
					{ "time": 0.0333, "name": "images/bird_stone_03" },
					{ "time": 1, "name": "images/bird_stone_03" }
				]
			},
			"images/bird_stone_4": {
				"color": [
					{ "time": 0, "color": "ffffffff", "curve": "stepped" },
					{
						"time": 0.0333,
						"color": "ffffffff",
						"curve": [ 0.311, 0, 0.995, 0.3 ]
					},
					{ "time": 0.2666, "color": "ffffffdd" },
					{ "time": 0.3666, "color": "ffffff00", "curve": "stepped" },
					{ "time": 1, "color": "ffffff00" }
				],
				"attachment": [
					{ "time": 0, "name": null },
					{ "time": 0.0333, "name": "images/bird_stone_03" },
					{ "time": 1, "name": "images/bird_stone_03" }
				]
			},
			"images/bird_stone_5": {
				"color": [
					{ "time": 0, "color": "ffffffff", "curve": "stepped" },
					{
						"time": 0.0333,
						"color": "ffffffff",
						"curve": [ 0.311, 0, 0.995, 0.3 ]
					},
					{ "time": 0.2666, "color": "ffffffdd" },
					{ "time": 0.3666, "color": "ffffff00", "curve": "stepped" },
					{ "time": 1, "color": "ffffff00" }
				],
				"attachment": [
					{ "time": 0, "name": null },
					{ "time": 0.0333, "name": "images/bird_stone_03" },
					{ "time": 1, "name": "images/bird_stone_03" }
				]
			},
			"images/bird_stone_6": {
				"color": [
					{ "time": 0, "color": "ffffffff", "curve": "stepped" },
					{
						"time": 0.0333,
						"color": "ffffffff",
						"curve": [ 0.311, 0, 0.995, 0.3 ]
					},
					{ "time": 0.2666, "color": "ffffffdd" },
					{ "time": 0.3666, "color": "ffffff00", "curve": "stepped" },
					{ "time": 1, "color": "ffffff00" }
				],
				"attachment": [
					{ "time": 0, "name": null },
					{ "time": 0.0333, "name": "images/bird_stone_03" },
					{ "time": 1, "name": "images/bird_stone_03" }
				]
			},
			"images/bird_stone_7": {
				"color": [
					{ "time": 0, "color": "ffffffff", "curve": "stepped" },
					{
						"time": 0.0333,
						"color": "ffffffff",
						"curve": [ 0.311, 0, 0.995, 0.3 ]
					},
					{ "time": 0.2666, "color": "ffffffdd" },
					{ "time": 0.3666, "color": "ffffff00", "curve": "stepped" },
					{ "time": 1, "color": "ffffff00" }
				],
				"attachment": [
					{ "time": 0, "name": null },
					{ "time": 0.0333, "name": "images/bird_stone_03" },
					{ "time": 1, "name": "images/bird_stone_03" }
				]
			},
			"images/bird_stone_51": {
				"color": [
					{ "time": 0, "color": "ffffffff", "curve": "stepped" },
					{
						"time": 0.6333,
						"color": "ffffffff",
						"curve": [ 0.25, 0, 0.75, 1 ]
					},
					{ "time": 0.8, "color": "ffffff00", "curve": "stepped" },
					{ "time": 1, "color": "ffffff00" }
				],
				"attachment": [
					{ "time": 0, "name": null },
					{ "time": 0.0333, "name": "images/s6" },
					{ "time": 0.8, "name": "images/s6" },
					{ "time": 1, "name": "images/s6" }
				]
			},
			"images/bird_stone_56": {
				"color": [
					{ "time": 0, "color": "ffffffff", "curve": "stepped" },
					{
						"time": 0.6666,
						"color": "ffffffff",
						"curve": [ 0.25, 0, 0.75, 1 ]
					},
					{ "time": 0.8333, "color": "ffffff00", "curve": "stepped" },
					{ "time": 1, "color": "ffffff00" }
				],
				"attachment": [
					{ "time": 0, "name": null },
					{ "time": 0.0333, "name": "images/s3" },
					{ "time": 0.8333, "name": "images/s3" },
					{ "time": 1, "name": "images/s3" }
				]
			},
			"images/bird_stone_65": {
				"color": [
					{ "time": 0, "color": "ffffffff", "curve": "stepped" },
					{
						"time": 0.7,
						"color": "ffffffff",
						"curve": [ 0.25, 0, 0.75, 1 ]
					},
					{ "time": 0.8666, "color": "ffffff00", "curve": "stepped" },
					{ "time": 1, "color": "ffffff00" }
				],
				"attachment": [
					{ "time": 0, "name": null },
					{ "time": 0.0333, "name": "images/s1" },
					{ "time": 1, "name": "images/s1" }
				]
			},
			"images/bird_stone_70": {
				"color": [
					{ "time": 0, "color": "ffffffff", "curve": "stepped" },
					{
						"time": 0.6666,
						"color": "ffffffff",
						"curve": [ 0.25, 0, 0.75, 1 ]
					},
					{ "time": 0.8333, "color": "ffffff00", "curve": "stepped" },
					{ "time": 1, "color": "ffffff00" }
				],
				"attachment": [
					{ "time": 0, "name": null },
					{ "time": 0.0333, "name": "images/s1" },
					{ "time": 1, "name": "images/s1" }
				]
			},
			"images/images/bird_stone_60": {
				"color": [
					{ "time": 0, "color": "ffffffff", "curve": "stepped" },
					{
						"time": 0.5333,
						"color": "ffffffff",
						"curve": [ 0.258, 0.84, 0.75, 1 ]
					},
					{ "time": 0.7, "color": "ffffff00", "curve": "stepped" },
					{ "time": 1, "color": "ffffff00" }
				],
				"attachment": [
					{ "time": 0, "name": null },
					{ "time": 0.0333, "name": "images/s2" },
					{ "time": 1, "name": "images/s2" }
				]
			},
			"images/images/bird_stone_62": {
				"color": [
					{ "time": 0, "color": "ffffffff", "curve": "stepped" },
					{
						"time": 0.7333,
						"color": "ffffffff",
						"curve": [ 0.271, 0.79, 0.75, 1 ]
					},
					{ "time": 0.9, "color": "ffffff00", "curve": "stepped" },
					{ "time": 1, "color": "ffffff00" }
				],
				"attachment": [
					{ "time": 0, "name": null },
					{ "time": 0.0333, "name": "images/bst1" },
					{ "time": 1, "name": "images/bst1" }
				]
			},
			"images/images/bird_stone_73": {
				"color": [
					{ "time": 0, "color": "ffffffff", "curve": "stepped" },
					{
						"time": 0.6333,
						"color": "ffffffff",
						"curve": [ 0.282, 0.73, 0.75, 1 ]
					},
					{ "time": 0.8, "color": "ffffff00", "curve": "stepped" },
					{ "time": 1, "color": "ffffff00" }
				],
				"attachment": [
					{ "time": 0, "name": null },
					{ "time": 0.0333, "name": "images/s2" },
					{ "time": 0.8, "name": "images/s2" },
					{ "time": 1, "name": "images/s2" }
				]
			},
			"images/images/bird_stone_74": {
				"color": [
					{ "time": 0, "color": "ffffffff", "curve": "stepped" },
					{ "time": 0.4666, "color": "ffffffff" },
					{ "time": 0.6333, "color": "ffffff00", "curve": "stepped" },
					{ "time": 1, "color": "ffffff00" }
				],
				"attachment": [
					{ "time": 0, "name": null },
					{ "time": 0.0333, "name": "images/s4" },
					{ "time": 0.6333, "name": "images/s4" },
					{ "time": 1, "name": "images/s4" }
				]
			},
			"images/images/bird_stone_75": {
				"color": [
					{ "time": 0, "color": "ffffffff", "curve": "stepped" },
					{ "time": 0.6, "color": "ffffffff" },
					{ "time": 0.7666, "color": "ffffff00", "curve": "stepped" },
					{ "time": 1, "color": "ffffff00" }
				],
				"attachment": [
					{ "time": 0, "name": null },
					{ "time": 0.0333, "name": "images/s5" },
					{ "time": 1, "name": "images/s5" }
				]
			},
			"images/images/bird_stone_76": {
				"color": [
					{ "time": 0, "color": "ffffffff", "curve": "stepped" },
					{
						"time": 0.7,
						"color": "ffffffff",
						"curve": [ 0.317, 0.8, 0.75, 1 ]
					},
					{ "time": 0.8666, "color": "ffffff00", "curve": "stepped" },
					{ "time": 1, "color": "ffffff00" }
				],
				"attachment": [
					{ "time": 0, "name": null },
					{ "time": 0.0333, "name": "images/s5" },
					{ "time": 1, "name": "images/s5" }
				]
			},
			"images/images/bird_stone_83": {
				"color": [
					{ "time": 0, "color": "ffffffff", "curve": "stepped" },
					{ "time": 0.5333, "color": "ffffffff" },
					{ "time": 0.7, "color": "ffffff00", "curve": "stepped" },
					{ "time": 1, "color": "ffffff00" }
				],
				"attachment": [
					{ "time": 0, "name": null },
					{ "time": 0.0333, "name": "images/bst2" },
					{ "time": 1, "name": "images/bst2" }
				]
			},
			"images/images/bird_stone_84": {
				"color": [
					{ "time": 0, "color": "ffffffff", "curve": "stepped" },
					{ "time": 0.8333, "color": "ffffffff" },
					{ "time": 1, "color": "ffffff00" }
				],
				"attachment": [
					{ "time": 0, "name": null },
					{ "time": 0.0333, "name": "images/bst2" },
					{ "time": 1, "name": "images/bst2" }
				]
			},
			"images/images/bird_stone_85": {
				"color": [
					{ "time": 0, "color": "ffffffff", "curve": "stepped" },
					{
						"time": 0.5666,
						"color": "ffffffff",
						"curve": [ 0.313, 1, 0.75, 1 ]
					},
					{ "time": 0.7333, "color": "ffffff00", "curve": "stepped" },
					{ "time": 1, "color": "ffffff00" }
				],
				"attachment": [
					{ "time": 0, "name": null },
					{ "time": 0.0333, "name": "images/bst1" },
					{ "time": 1, "name": "images/bst1" }
				]
			},
			"images/qs1": {
				"color": [
					{ "time": 0, "color": "ffffffff", "curve": "stepped" },
					{ "time": 1, "color": "ffffffff" }
				],
				"attachment": [
					{ "time": 0, "name": null },
					{ "time": 0.0333, "name": null },
					{ "time": 1, "name": null }
				]
			},
			"images/qs2": {
				"color": [
					{ "time": 0, "color": "ffffffff", "curve": "stepped" },
					{ "time": 1, "color": "ffffffff" }
				],
				"attachment": [
					{ "time": 0, "name": null },
					{ "time": 0.0333, "name": null },
					{ "time": 1, "name": null }
				]
			},
			"images/qs3": {
				"color": [
					{ "time": 0, "color": "ffffffff", "curve": "stepped" },
					{ "time": 1, "color": "ffffffff" }
				],
				"attachment": [
					{ "time": 0, "name": "images/7_2" },
					{ "time": 0.0333, "name": null },
					{ "time": 1, "name": null }
				]
			}
		},
		"bones": {
			"images/images/bird_stone_62": {
				"rotate": [
					{ "time": 0, "angle": 0, "curve": "stepped" },
					{ "time": 0.0333, "angle": 0 },
					{ "time": 0.2, "angle": -94.13 },
					{ "time": 0.9, "angle": -173.35, "curve": "stepped" },
					{ "time": 1, "angle": -173.35 }
				],
				"translate": [
					{ "time": 0, "x": -382.51, "y": -513.61, "curve": "stepped" },
					{
						"time": 0.0333,
						"x": -382.51,
						"y": -513.61,
						"curve": [ 0.228, 0, 0.859, 0.1 ]
					},
					{ "time": 0.9, "x": -396.64, "y": -1714.21, "curve": "stepped" },
					{ "time": 1, "x": -396.64, "y": -1714.21 }
				],
				"scale": [
					{ "time": 0, "x": 1.185, "y": 1.185, "curve": "stepped" },
					{ "time": 0.0333, "x": 1.185, "y": 1.185 },
					{ "time": 0.2, "x": 1.574, "y": 1.574 },
					{ "time": 0.9, "x": 1.185, "y": 1.185, "curve": "stepped" },
					{ "time": 1, "x": 1.185, "y": 1.185 }
				]
			},
			"images/images/bird_stone_73": {
				"rotate": [
					{ "time": 0, "angle": 0, "curve": "stepped" },
					{ "time": 0.0333, "angle": 0 },
					{ "time": 0.2, "angle": 130.65 },
					{ "time": 0.8, "angle": -104.54, "curve": "stepped" },
					{ "time": 1, "angle": -104.54 }
				],
				"translate": [
					{ "time": 0, "x": -499.69, "y": -542.38, "curve": "stepped" },
					{
						"time": 0.0333,
						"x": -499.69,
						"y": -542.38,
						"curve": [ 0.311, 0, 0.863, 0.09 ]
					},
					{ "time": 0.8, "x": -734.55, "y": -1637.44, "curve": "stepped" },
					{ "time": 1, "x": -734.55, "y": -1637.44 }
				],
				"scale": [
					{ "time": 0, "x": 1.348, "y": 1.348, "curve": "stepped" },
					{
						"time": 0.0333,
						"x": 1.348,
						"y": 1.348,
						"curve": [ 0.311, 0, 0.646, 0.33 ]
					},
					{
						"time": 0.2,
						"x": 1.935,
						"y": 1.935,
						"curve": [ 0.313, 0.2, 0.648, 0.53 ]
					},
					{ "time": 0.8, "x": 1.348, "y": 1.348, "curve": "stepped" },
					{ "time": 1, "x": 1.348, "y": 1.348 }
				]
			},
			"images/images/bird_stone_83": {
				"rotate": [
					{ "time": 0, "angle": 0, "curve": "stepped" },
					{ "time": 0.0333, "angle": 0 },
					{ "time": 0.7, "angle": -174.42, "curve": "stepped" },
					{ "time": 1, "angle": -174.42 }
				],
				"translate": [
					{ "time": 0, "x": -140.17, "y": -288, "curve": "stepped" },
					{
						"time": 0.0333,
						"x": -140.17,
						"y": -288,
						"curve": [ 0.307, 0, 0.778, 0.99 ]
					},
					{
						"time": 0.2,
						"x": -50.02,
						"y": -274.02,
						"curve": [ 0.532, 0.2, 0.853, 0.49 ]
					},
					{ "time": 0.7, "x": 137.8, "y": -1022.15, "curve": "stepped" },
					{ "time": 1, "x": 137.8, "y": -1022.15 }
				],
				"scale": [
					{ "time": 0, "x": 0.935, "y": 0.935, "curve": "stepped" },
					{
						"time": 0.0333,
						"x": 0.935,
						"y": 0.935,
						"curve": [ 0.258, 0, 0.632, 0.32 ]
					},
					{
						"time": 0.2,
						"x": 1.306,
						"y": 1.306,
						"curve": [ 0.37, 0.27, 0.715, 0.6 ]
					},
					{ "time": 0.7, "x": 0.935, "y": 0.935, "curve": "stepped" },
					{ "time": 1, "x": 0.935, "y": 0.935 }
				]
			},
			"images/images/bird_stone_85": {
				"rotate": [
					{ "time": 0, "angle": 0, "curve": "stepped" },
					{ "time": 0.0333, "angle": 0 },
					{ "time": 0.7333, "angle": 173.7, "curve": "stepped" },
					{ "time": 1, "angle": 173.7 }
				],
				"translate": [
					{ "time": 0, "x": -430.84, "y": -343.17, "curve": "stepped" },
					{
						"time": 0.0333,
						"x": -430.84,
						"y": -343.17,
						"curve": [ 0.254, 0, 0.78, 0.99 ]
					},
					{
						"time": 0.2,
						"x": -500.59,
						"y": -317.47,
						"curve": [ 0.535, 0.2, 0.91, 0.45 ]
					},
					{ "time": 0.7333, "x": -802.19, "y": -1105.53, "curve": "stepped" },
					{ "time": 1, "x": -802.19, "y": -1105.53 }
				],
				"scale": [
					{ "time": 0, "x": 0.986, "y": 0.986, "curve": "stepped" },
					{
						"time": 0.0333,
						"x": 0.986,
						"y": 0.986,
						"curve": [ 0.258, 0, 0.632, 0.32 ]
					},
					{
						"time": 0.2,
						"x": 1.405,
						"y": 1.405,
						"curve": [ 0.505, 0.17, 0.994, 0.49 ]
					},
					{ "time": 0.7333, "x": 0.986, "y": 0.986, "curve": "stepped" },
					{ "time": 1, "x": 0.986, "y": 0.986 }
				]
			},
			"bone": {
				"rotate": [
					{ "time": 0, "angle": 0, "curve": "stepped" },
					{ "time": 0.0333, "angle": 0 },
					{ "time": 0.5333, "angle": -176.67, "curve": "stepped" },
					{ "time": 0.7, "angle": -176.67, "curve": "stepped" },
					{ "time": 1, "angle": -176.67 }
				],
				"translate": [
					{ "time": 0, "x": -262.16, "y": -223.69, "curve": "stepped" },
					{
						"time": 0.0333,
						"x": -262.16,
						"y": -223.69,
						"curve": [ 0.254, 0, 0.776, 0.99 ]
					},
					{
						"time": 0.2333,
						"x": -237.68,
						"y": -185.96,
						"curve": [ 0.535, 0.2, 0.994, 0.53 ]
					},
					{ "time": 0.7, "x": -86.98, "y": -493.07, "curve": "stepped" },
					{ "time": 1, "x": -86.98, "y": -493.07 }
				],
				"scale": [
					{ "time": 0, "x": 1.385, "y": 1.385, "curve": "stepped" },
					{
						"time": 0.0333,
						"x": 1.385,
						"y": 1.385,
						"curve": [ 0.258, 0, 0.632, 0.32 ]
					},
					{
						"time": 0.2333,
						"x": 1.957,
						"y": 1.957,
						"curve": [ 0.505, 0.17, 0.994, 0.49 ]
					},
					{ "time": 0.7, "x": 1.385, "y": 1.385, "curve": "stepped" },
					{ "time": 1, "x": 1.385, "y": 1.385 }
				]
			},
			"images/images/bird_stone_75": {
				"rotate": [
					{ "time": 0, "angle": 0, "curve": "stepped" },
					{ "time": 0.0333, "angle": 0 },
					{ "time": 0.7666, "angle": -133.36, "curve": "stepped" },
					{ "time": 1, "angle": -133.36 }
				],
				"translate": [
					{ "time": 0, "x": -177.07, "y": -605.31, "curve": "stepped" },
					{
						"time": 0.0333,
						"x": -177.07,
						"y": -605.31,
						"curve": [ 0.311, 0, 0.995, 0.3 ]
					},
					{ "time": 0.7666, "x": -138.29, "y": -1506.67, "curve": "stepped" },
					{ "time": 1, "x": -138.29, "y": -1506.67 }
				],
				"scale": [
					{ "time": 0, "x": 2.059, "y": 2.059, "curve": "stepped" },
					{
						"time": 0.0333,
						"x": 2.059,
						"y": 2.059,
						"curve": [ 0.258, 0, 0.632, 0.32 ]
					},
					{
						"time": 0.2333,
						"x": 2.541,
						"y": 2.541,
						"curve": [ 0.505, 0.17, 0.994, 0.49 ]
					},
					{ "time": 0.7666, "x": 2.059, "y": 2.059, "curve": "stepped" },
					{ "time": 1, "x": 2.059, "y": 2.059 }
				]
			},
			"images/images/bird_stone_74": {
				"rotate": [
					{ "time": 0, "angle": -28.61, "curve": "stepped" },
					{ "time": 0.0333, "angle": -28.61 },
					{ "time": 0.2, "angle": 29.06 },
					{ "time": 0.6333, "angle": 110.63, "curve": "stepped" },
					{ "time": 1, "angle": 110.63 }
				],
				"translate": [
					{ "time": 0, "x": -308.98, "y": -264.95, "curve": "stepped" },
					{
						"time": 0.0333,
						"x": -308.98,
						"y": -264.95,
						"curve": [ 0.273, 0, 0.776, 0.99 ]
					},
					{
						"time": 0.2,
						"x": -365.08,
						"y": -169.06,
						"curve": [ 0.345, 0.21, 0.701, 0.54 ]
					},
					{ "time": 0.6333, "x": -490.74, "y": -641.73, "curve": "stepped" },
					{ "time": 1, "x": -490.74, "y": -641.73 }
				],
				"scale": [
					{ "time": 0, "x": 1.724, "y": 1.724, "curve": "stepped" },
					{
						"time": 0.0333,
						"x": 1.724,
						"y": 1.724,
						"curve": [ 0.253, 0, 0.657, 0.31 ]
					},
					{
						"time": 0.2,
						"x": 2.307,
						"y": 2.307,
						"curve": [ 0.575, 0.24, 0.993, 0.57 ]
					},
					{ "time": 0.6333, "x": 1.724, "y": 1.724, "curve": "stepped" },
					{ "time": 1, "x": 1.724, "y": 1.724 }
				]
			},
			"images/bird_stone_6": {
				"rotate": [
					{ "time": 0, "angle": -36.11, "curve": "stepped" },
					{ "time": 0.0333, "angle": -36.11, "curve": "stepped" },
					{ "time": 1, "angle": -36.11 }
				],
				"translate": [
					{ "time": 0, "x": -129.53, "y": -98.47, "curve": "stepped" },
					{
						"time": 0.0333,
						"x": -129.53,
						"y": -98.47,
						"curve": [ 0.311, 0, 0.995, 0.3 ]
					},
					{ "time": 0.2666, "x": -31.93, "y": -169.63, "curve": "stepped" },
					{ "time": 1, "x": -31.93, "y": -169.63 }
				],
				"scale": [
					{ "time": 0, "x": 1, "y": 1, "curve": "stepped" },
					{
						"time": 0.0333,
						"x": 1,
						"y": 1,
						"curve": [ 0.311, 0, 0.995, 0.3 ]
					},
					{ "time": 0.2666, "x": 0.2, "y": 0.39, "curve": "stepped" },
					{ "time": 1, "x": 0.199, "y": 0.39 }
				]
			},
			"images/bird_stone_5": {
				"rotate": [
					{ "time": 0, "angle": 25.37, "curve": "stepped" },
					{ "time": 0.0333, "angle": 25.37, "curve": "stepped" },
					{ "time": 1, "angle": 25.37 }
				],
				"translate": [
					{ "time": 0, "x": -104.01, "y": 26.12, "curve": "stepped" },
					{
						"time": 0.0333,
						"x": -104.01,
						"y": 26.12,
						"curve": [ 0.311, 0, 0.995, 0.3 ]
					},
					{ "time": 0.2666, "x": -26.58, "y": 62.83, "curve": "stepped" },
					{ "time": 1, "x": -26.58, "y": 62.83 }
				],
				"scale": [
					{ "time": 0, "x": 0.586, "y": 0.586, "curve": "stepped" },
					{
						"time": 0.0333,
						"x": 0.586,
						"y": 0.586,
						"curve": [ 0.311, 0, 0.995, 0.3 ]
					},
					{ "time": 0.2666, "x": 0.2, "y": 0.39, "curve": "stepped" },
					{ "time": 1, "x": 0.199, "y": 0.39 }
				]
			},
			"images/bird_stone_3": {
				"rotate": [
					{ "time": 0, "angle": 143.6, "curve": "stepped" },
					{ "time": 0.0333, "angle": 143.6, "curve": "stepped" },
					{ "time": 1, "angle": 143.6 }
				],
				"translate": [
					{ "time": 0, "x": -426.41, "y": 13.12, "curve": "stepped" },
					{
						"time": 0.0333,
						"x": -426.41,
						"y": 13.12,
						"curve": [ 0.311, 0, 0.995, 0.3 ]
					},
					{ "time": 0.2666, "x": -486.23, "y": 57.22, "curve": "stepped" },
					{ "time": 1, "x": -486.23, "y": 57.22 }
				],
				"scale": [
					{ "time": 0, "x": 1, "y": 1, "curve": "stepped" },
					{
						"time": 0.0333,
						"x": 1,
						"y": 1,
						"curve": [ 0.311, 0, 0.995, 0.3 ]
					},
					{ "time": 0.2666, "x": 0.2, "y": 0.39, "curve": "stepped" },
					{ "time": 1, "x": 0.199, "y": 0.39 }
				]
			},
			"images/bird_stone_7": {
				"rotate": [
					{ "time": 0, "angle": -127.07, "curve": "stepped" },
					{ "time": 0.0333, "angle": -127.07, "curve": "stepped" },
					{ "time": 1, "angle": -127.07 }
				],
				"translate": [
					{ "time": 0, "x": -381.04, "y": -161.1, "curve": "stepped" },
					{
						"time": 0.0333,
						"x": -381.04,
						"y": -161.1,
						"curve": [ 0.311, 0, 0.995, 0.3 ]
					},
					{ "time": 0.2666, "x": -439.32, "y": -238.29, "curve": "stepped" },
					{ "time": 1, "x": -439.32, "y": -238.29 }
				],
				"scale": [
					{ "time": 0, "x": 1, "y": 1, "curve": "stepped" },
					{
						"time": 0.0333,
						"x": 1,
						"y": 1,
						"curve": [ 0.311, 0, 0.995, 0.3 ]
					},
					{ "time": 0.2666, "x": 0.203, "y": 0.392, "curve": "stepped" },
					{ "time": 1, "x": 0.203, "y": 0.392 }
				]
			},
			"images/bird_stone_4": {
				"rotate": [
					{ "time": 0, "angle": 72.42, "curve": "stepped" },
					{ "time": 0.0333, "angle": 72.42, "curve": "stepped" },
					{ "time": 1, "angle": 72.42 }
				],
				"translate": [
					{ "time": 0, "x": -206.57, "y": -23.72, "curve": "stepped" },
					{
						"time": 0.0333,
						"x": -206.57,
						"y": -23.72,
						"curve": [ 0.311, 0, 0.995, 0.3 ]
					},
					{ "time": 0.2666, "x": -190.03, "y": 28.47, "curve": "stepped" },
					{ "time": 1, "x": -190.03, "y": 28.47 }
				],
				"scale": [
					{ "time": 0, "x": 1, "y": 1, "curve": "stepped" },
					{
						"time": 0.0333,
						"x": 1,
						"y": 1,
						"curve": [ 0.311, 0, 0.995, 0.3 ]
					},
					{ "time": 0.2666, "x": 0.2, "y": 0.39, "curve": "stepped" },
					{ "time": 1, "x": 0.199, "y": 0.39 }
				]
			},
			"images/images/bird_stone_76": {
				"rotate": [
					{ "time": 0, "angle": 13.89, "curve": "stepped" },
					{ "time": 0.0333, "angle": 13.89 },
					{ "time": 0.8666, "angle": -138.5, "curve": "stepped" },
					{ "time": 1, "angle": -138.5 }
				],
				"translate": [
					{ "time": 0, "x": -61.55, "y": -506.36, "curve": "stepped" },
					{
						"time": 0.0333,
						"x": -61.55,
						"y": -506.36,
						"curve": [ 0.261, 0, 0.627, 0.32 ]
					},
					{
						"time": 0.3333,
						"x": -21.38,
						"y": -532.53,
						"curve": [ 0.489, 0.15, 0.995, 0.48 ]
					},
					{ "time": 0.8666, "x": 69.7, "y": -1330.77, "curve": "stepped" },
					{ "time": 1, "x": 69.7, "y": -1330.77 }
				],
				"scale": [
					{ "time": 0, "x": 2.163, "y": 2.163, "curve": "stepped" },
					{
						"time": 0.0333,
						"x": 2.163,
						"y": 2.163,
						"curve": [ 0.253, 0, 0.657, 0.31 ]
					},
					{
						"time": 0.3333,
						"x": 2.745,
						"y": 2.745,
						"curve": [ 0.547, 0.21, 0.994, 0.54 ]
					},
					{ "time": 0.8666, "x": 2.163, "y": 2.163, "curve": "stepped" },
					{ "time": 1, "x": 2.163, "y": 2.163 }
				]
			},
			"images/images/bird_stone_84": {
				"rotate": [
					{ "time": 0, "angle": 24.06, "curve": "stepped" },
					{ "time": 0.0333, "angle": 24.06 },
					{ "time": 1, "angle": -173.98 }
				],
				"translate": [
					{ "time": 0, "x": -150.66, "y": -247.12, "curve": "stepped" },
					{
						"time": 0.0333,
						"x": -150.66,
						"y": -247.12,
						"curve": [ 0.253, 0, 0.773, 0.99 ]
					},
					{
						"time": 0.2,
						"x": -192.62,
						"y": -338.67,
						"curve": [ 0.462, 0.26, 0.784, 0.57 ]
					},
					{ "time": 1, "x": -211.91, "y": -1625.84 }
				],
				"scale": [
					{ "time": 0, "x": 1.112, "y": 1.112, "curve": "stepped" },
					{
						"time": 0.0333,
						"x": 1.112,
						"y": 1.112,
						"curve": [ 0.254, 0, 0.643, 0.32 ]
					},
					{
						"time": 0.2,
						"x": 1.47,
						"y": 1.47,
						"curve": [ 0.527, 0.19, 0.994, 0.52 ]
					},
					{ "time": 1, "x": 1.112, "y": 1.112 }
				]
			},
			"bone2": {
				"rotate": [
					{ "time": 0, "angle": 0, "curve": "stepped" },
					{ "time": 0.0333, "angle": 0, "curve": "stepped" },
					{ "time": 1, "angle": 0 }
				],
				"translate": [
					{ "time": 0, "x": 0, "y": 0, "curve": "stepped" },
					{ "time": 0.0333, "x": 0, "y": 0, "curve": "stepped" },
					{ "time": 1, "x": 0, "y": 0 }
				],
				"scale": [
					{ "time": 0, "x": 1, "y": 1, "curve": "stepped" },
					{ "time": 0.0333, "x": 1, "y": 1, "curve": "stepped" },
					{ "time": 1, "x": 1, "y": 1 }
				]
			},
			"root": {
				"rotate": [
					{ "time": 0, "angle": 0, "curve": "stepped" },
					{ "time": 0.0333, "angle": 0, "curve": "stepped" },
					{ "time": 1, "angle": 0 }
				],
				"translate": [
					{ "time": 0, "x": 0, "y": 0, "curve": "stepped" },
					{ "time": 0.0333, "x": 0, "y": 0, "curve": "stepped" },
					{ "time": 1, "x": 0, "y": 0 }
				],
				"scale": [
					{ "time": 0, "x": 1, "y": 1, "curve": "stepped" },
					{ "time": 0.0333, "x": 1, "y": 1, "curve": "stepped" },
					{ "time": 1, "x": 1, "y": 1 }
				]
			},
			"bone3": {
				"rotate": [
					{ "time": 0, "angle": 0, "curve": "stepped" },
					{ "time": 0.0333, "angle": 0 },
					{ "time": 0.8, "angle": 174.18, "curve": "stepped" },
					{ "time": 1, "angle": 174.18 }
				],
				"translate": [
					{ "time": 0, "x": -621.17, "y": 0, "curve": "stepped" },
					{
						"time": 0.0333,
						"x": -621.17,
						"y": 0,
						"curve": [ 0.307, 0, 0.775, 1 ]
					},
					{
						"time": 0.2666,
						"x": -729.4,
						"y": 70.36,
						"curve": [ 0.348, 0.13, 0.94, 0.49 ]
					},
					{ "time": 0.8, "x": -941.19, "y": -252.34, "curve": "stepped" },
					{ "time": 1, "x": -941.19, "y": -252.34 }
				],
				"scale": [
					{ "time": 0, "x": 1.15, "y": 1.15, "curve": "stepped" },
					{
						"time": 0.0333,
						"x": 1.15,
						"y": 1.15,
						"curve": [ 0.254, 0, 0.643, 0.32 ]
					},
					{
						"time": 0.2666,
						"x": 1.971,
						"y": 1.971,
						"curve": [ 0.527, 0.19, 0.994, 0.52 ]
					},
					{ "time": 0.8, "x": 1.15, "y": 1.15, "curve": "stepped" },
					{ "time": 1, "x": 1.15, "y": 1.15 }
				]
			},
			"bone4": {
				"rotate": [
					{ "time": 0, "angle": 0, "curve": "stepped" },
					{ "time": 0.0333, "angle": 0 },
					{ "time": 0.2666, "angle": -111.09 },
					{ "time": 0.8333, "angle": 134, "curve": "stepped" },
					{ "time": 1, "angle": 134 }
				],
				"translate": [
					{ "time": 0, "x": -405.66, "y": 115.9, "curve": "stepped" },
					{
						"time": 0.0333,
						"x": -405.66,
						"y": 115.9,
						"curve": [ 0.254, 0, 0.779, 0.99 ]
					},
					{
						"time": 0.2666,
						"x": -338.43,
						"y": 206.4,
						"curve": [ 0.527, 0.19, 0.994, 0.52 ]
					},
					{ "time": 0.8333, "x": -132.13, "y": -345.41, "curve": "stepped" },
					{ "time": 1, "x": -132.13, "y": -345.41 }
				],
				"scale": [
					{ "time": 0, "x": 1.28, "y": 1.28, "curve": "stepped" },
					{
						"time": 0.0333,
						"x": 1.28,
						"y": 1.28,
						"curve": [ 0.254, 0, 0.643, 0.32 ]
					},
					{
						"time": 0.2666,
						"x": 1.753,
						"y": 1.753,
						"curve": [ 0.527, 0.19, 0.994, 0.52 ]
					},
					{ "time": 0.8333, "x": 1.28, "y": 1.28, "curve": "stepped" },
					{ "time": 1, "x": 1.28, "y": 1.28 }
				]
			},
			"bone5": {
				"rotate": [
					{ "time": 0, "angle": 0, "curve": "stepped" },
					{ "time": 0.0333, "angle": 0 },
					{ "time": 0.8666, "angle": 130.23, "curve": "stepped" },
					{ "time": 1, "angle": 130.23 }
				],
				"translate": [
					{ "time": 0, "x": -595.81, "y": 51.81, "curve": "stepped" },
					{
						"time": 0.0333,
						"x": -595.81,
						"y": 51.81,
						"curve": [ 0.254, 0, 1, 0.28 ]
					},
					{ "time": 0.8666, "x": -777.98, "y": -759.45, "curve": "stepped" },
					{ "time": 1, "x": -777.98, "y": -759.45 }
				],
				"scale": [
					{ "time": 0, "x": 1.258, "y": 1.258, "curve": "stepped" },
					{ "time": 0.0333, "x": 1.258, "y": 1.258 },
					{ "time": 0.3333, "x": 1.88, "y": 1.88 },
					{ "time": 0.8666, "x": 1.258, "y": 1.258, "curve": "stepped" },
					{ "time": 1, "x": 1.258, "y": 1.258 }
				]
			},
			"bone7": {
				"rotate": [
					{ "time": 0, "angle": 0, "curve": "stepped" },
					{ "time": 0.0333, "angle": 0 },
					{ "time": 0.8333, "angle": -165.97, "curve": "stepped" },
					{ "time": 1, "angle": -165.97 }
				],
				"translate": [
					{ "time": 0, "x": -514.32, "y": 117.71, "curve": "stepped" },
					{
						"time": 0.0333,
						"x": -514.32,
						"y": 117.71,
						"curve": [ 0.311, 0, 0.995, 0.3 ]
					},
					{ "time": 0.8333, "x": -453.1, "y": -457.26, "curve": "stepped" },
					{ "time": 1, "x": -453.1, "y": -457.26 }
				],
				"scale": [
					{ "time": 0, "x": 1.2, "y": 1.2, "curve": "stepped" },
					{
						"time": 0.0333,
						"x": 1.2,
						"y": 1.2,
						"curve": [ 0.258, 0, 0.632, 0.32 ]
					},
					{
						"time": 0.2333,
						"x": 1.952,
						"y": 1.952,
						"curve": [ 0.505, 0.17, 0.994, 0.49 ]
					},
					{ "time": 0.8333, "x": 1.2, "y": 1.2, "curve": "stepped" },
					{ "time": 1, "x": 1.2, "y": 1.2 }
				]
			}
		},
		"drawOrder": [
			{ "time": 0 },
			{ "time": 1 }
		]
	}
}
}