{
"skeleton": { "hash": "zoDgFyuaypkR4HUkiDix8/JSY+E", "spine": "3.4.02", "width": 311.58, "height": 168.73, "images": "./picture/" },
"bones": [
	{ "name": "root" },
	{ "name": "island", "parent": "root", "x": 735.96, "y": 2517.96 },
	{ "name": "island/ripple/1", "parent": "island", "length": 18.32, "rotation": 106.38, "x": -4.14, "y": -205.55 },
	{ "name": "island/ripple/2", "parent": "island", "length": 7.85, "rotation": 8.74, "x": 55.24, "y": -131.2 },
	{ "name": "island/ripple/3", "parent": "island", "length": 16.68, "rotation": 133.02, "x": 170.45, "y": -104.82 },
	{ "name": "island/ripple/4", "parent": "island", "length": 18.32, "rotation": 106.38, "x": -4.14, "y": -205.55 }
],
"slots": [
	{ "name": "island/ripple", "bone": "island", "color": "d2fdffff" },
	{ "name": "island/ripple/03_1", "bone": "island/ripple/1", "color": "d2fdffff" },
	{ "name": "island/ripple/03_2", "bone": "island/ripple/4", "color": "d2fdffff", "attachment": "island/ripple/04_1" },
	{ "name": "island/ripple/03_3", "bone": "island/ripple/3", "color": "d2fdffff", "attachment": "island/ripple/04_3" },
	{ "name": "island/ripple/04_2", "bone": "island/ripple/2", "color": "d2fdffff", "attachment": "island/ripple/04_2" }
],
"skins": {
	"default": {
		"island/ripple": {
			"island/ripple": {
				"type": "mesh",
				"uvs": [ 1, 0.34444, 0.96802, 0.452, 0.96583, 0.63457, 0.87799, 0.77044, 0.70806, 0.83322, 0.4925, 0.99998, 0.19765, 0.99999, 0.1164, 0.6256, 0, 0.36235, 0, 0, 1, 3.5E-4 ],
				"triangles": [ 9, 10, 0, 8, 9, 0, 1, 8, 0, 7, 8, 1, 7, 1, 4, 1, 2, 4, 2, 3, 4, 5, 7, 4, 6, 7, 5 ],
				"vertices": [ 190.14, 13.81, 177.74, -18.56, 176.88, -73.51, 142.8, -114.41, 76.87, -133.31, -6.76, -183.5, -121.16, -183.5, -152.68, -70.81, -197.85, 8.41, -197.85, 117.48, 190.14, 117.38 ],
				"hull": 11,
				"edges": [ 8, 10, 8, 6, 6, 4, 4, 2, 2, 0, 10, 12, 14, 12, 14, 16, 18, 20, 20, 0, 16, 18 ],
				"width": 194,
				"height": 151
			}
		},
		"island/ripple/03_1": {
			"island/ripple/01_1": {
				"type": "mesh",
				"uvs": [ 1, 0.11542, 0.77687, 1, 0.17723, 1, 0, 0.11033, 0.10964, 0, 0.23735, 0.60481, 0.6532, 0.58974, 0.91152, 0 ],
				"triangles": [ 6, 7, 0, 5, 3, 4, 2, 3, 5, 1, 6, 0, 2, 5, 6, 1, 2, 6 ],
				"vertices": [ 48.69, -68.33, -11.11, 6.49, 37.2, 110.34, 129.72, 104.62, 130.59, 81.12, 67.11, 83.75, 34.91999, 11.12, 65.97, -57.73 ],
				"hull": 8,
				"edges": [ 6, 8, 8, 10, 10, 12, 12, 14, 14, 0, 0, 2, 2, 4, 6, 4 ],
				"width": 96,
				"height": 49
			},
			"island/ripple/02_1": {
				"type": "mesh",
				"uvs": [ 1, 0.682, 0.76926, 1, 0.28184, 1, 0, 0.53043, 0, 0, 0.06108, 0, 0.22217, 0.58189, 0.54535, 0.78406, 0.87023, 0.49508, 1, 0 ],
				"triangles": [ 3, 4, 5, 6, 3, 5, 8, 9, 0, 7, 8, 0, 2, 6, 7, 3, 6, 2, 1, 7, 0, 2, 7, 1 ],
				"vertices": [ 21.05, -85.71, -3.25, -32.8, 6.27, 73.51, 54.34, 131.17, 102.41, 126.86, 101.22, 113.54, 45.33, 83.12999, 20.69, 14.27, 40.53, -58.93, 82.86, -91.25 ],
				"hull": 10,
				"edges": [ 8, 10, 10, 12, 12, 14, 6, 8, 6, 4, 2, 4, 0, 18, 2, 0, 14, 16, 16, 18 ],
				"width": 110,
				"height": 46
			},
			"island/ripple/03_4": {
				"type": "mesh",
				"uvs": [ 1, 0.31731, 0.87868, 0.70027, 0.54669, 1, 0.25956, 1, 0.11087, 0.85345, 0, 0.51575, 0, 0.1676, 0.15573, 0.70026, 0.35441, 0.87782, 0.85689, 0.49834, 0.96071, 0.15716, 0.97353, 0, 1, 0 ],
				"triangles": [ 10, 11, 12, 0, 10, 12, 9, 10, 0, 7, 5, 6, 1, 9, 0, 4, 5, 7, 1, 8, 9, 4, 7, 8, 3, 4, 8, 2, 8, 1, 3, 8, 2 ],
				"vertices": [ 23.25, -84.14, 1.02, -49.78, -1.65, 27.13, 16.17, 87.73, 36.78, 115.77, 69.91, 131.45, 96.96, 123.49, 45.9, 102.8, 19.77, 64.92, 18.07, -49.8, 38.14, -79.51, 49.55, -85.8, 47.91, -91.39 ],
				"hull": 13,
				"edges": [ 12, 14, 14, 16, 16, 18, 18, 20, 22, 24, 20, 22, 10, 12, 10, 8, 8, 6, 4, 6, 4, 2, 0, 24, 2, 0 ],
				"width": 110,
				"height": 41
			},
			"island/ripple/04_1": {
				"type": "mesh",
				"uvs": [ 1, 0.33354, 0.59084, 1, 0.21973, 1, 0, 0.47929, 0, 0.13014, 0.26716, 0.66647, 0.64968, 0.64829, 0.94753, 0, 1, 0 ],
				"triangles": [ 7, 8, 0, 3, 4, 5, 7, 0, 6, 2, 3, 5, 1, 5, 6, 2, 5, 1, 1, 6, 0 ],
				"vertices": [ 15.43, -82.01999, -3.75, -2.68, 3.49, 66.69999, 29.02, 105.57, 43.26, 104.09, 16.17, 56.42, 9.43999, -15.18, 30.05, -73.62999, 29.03, -83.44 ],
				"hull": 9,
				"edges": [ 8, 10, 6, 8, 6, 4, 10, 12, 14, 16, 12, 14, 2, 4, 0, 16, 0, 2 ],
				"width": 94,
				"height": 21
			},
			"island/ripple/05_1": {
				"type": "mesh",
				"uvs": [ 1, 1, 0, 1, 0, 0, 0.08975, 0, 0.53152, 0.56021, 1, 0 ],
				"triangles": [ 4, 1, 2, 4, 2, 3, 4, 5, 0, 1, 4, 0 ],
				"vertices": [ 0.29, -71.28, -10.24, 79.89, 22.11, 82.15, 23.05, 68.58, 9.58, 0.52999, 32.65, -69.01999 ],
				"hull": 6,
				"edges": [ 0, 2, 2, 4, 0, 10, 4, 6, 6, 8, 8, 10 ],
				"width": 54,
				"height": 9
			}
		},
		"island/ripple/03_2": {
			"island/ripple/04_1": { "x": 13.63, "y": 14.11, "scaleX": 2, "scaleY": 2, "rotation": -95.96, "width": 94, "height": 21 }
		},
		"island/ripple/03_3": {
			"island/ripple/01_3": {
				"type": "mesh",
				"uvs": [ 1, 0.55127, 0.7499, 1, 0, 1, 0, 0.51939, 0.46701, 0.68797, 0.76006, 0.47019, 0.82664, 0, 1, 0 ],
				"triangles": [ 5, 6, 7, 0, 5, 7, 2, 3, 4, 1, 4, 5, 1, 5, 0, 2, 4, 1 ],
				"vertices": [ 9.42, -32.49, 0.61, 6.35, 45.3, 79.22, 70.69999, 63.64, 33.96, 23.72, 28, -11.8, 48.88, -33.50999, 38.55, -50.36 ],
				"hull": 8,
				"edges": [ 4, 6, 6, 8, 8, 10, 12, 14, 10, 12, 0, 14, 2, 4, 0, 2 ],
				"width": 57,
				"height": 31
			},
			"island/ripple/02_3": {
				"type": "mesh",
				"uvs": [ 1, 0.45972, 0.74085, 0.99987, 0.46176, 1, 0, 0.75835, 0, 0.44663, 0.42538, 0.62827, 0.76832, 0.48574, 0.91043, 0, 1, 0 ],
				"triangles": [ 7, 8, 0, 0, 6, 7, 3, 4, 5, 1, 5, 6, 1, 6, 0, 2, 5, 1, 3, 5, 2 ],
				"vertices": [ 4.62, -43.1, -1.83, 0.63, 17.35, 31.42, 59.98, 75.58, 74, 66.83999, 36.57, 25.01, 19.39, -16.81, 31.46, -46.11, 25.3, -55.99 ],
				"hull": 9,
				"edges": [ 8, 10, 10, 12, 14, 16, 12, 14, 6, 8, 6, 4, 2, 4, 0, 16, 2, 0 ],
				"width": 65,
				"height": 27
			},
			"island/ripple/03_3": {
				"type": "mesh",
				"uvs": [ 1, 1, 0.46437, 1, 0, 0.23526, 0, 0, 0.39092, 0.54423, 0.73432, 0.5806, 0.93435, 0, 1, 0 ],
				"triangles": [ 4, 2, 3, 1, 4, 5, 2, 4, 1, 5, 6, 7, 0, 5, 7, 1, 5, 0 ],
				"vertices": [ -13.42, -38.00999, 5.97, 19.87999, 47.44, 61.82, 55.02, 59.28, 23.32, 22.9, 9.71, -13.82, 21.18, -41.71, 18.81, -48.81 ],
				"hull": 8,
				"edges": [ 0, 14, 4, 6, 0, 2, 4, 2, 6, 8, 8, 10, 12, 14, 10, 12 ],
				"width": 57,
				"height": 17
			},
			"island/ripple/04_3": { "x": 25.09, "y": 3.99, "scaleX": 1.577, "scaleY": 1.323, "rotation": -133.02, "width": 55, "height": 36 }
		},
		"island/ripple/04_2": {
			"island/ripple/01_2": {
				"type": "mesh",
				"uvs": [ 1, 1, 0, 1, 0, 0, 1, 0, 0.65456, 0.84939 ],
				"triangles": [ 4, 2, 3, 1, 2, 4, 4, 3, 0, 1, 4, 0 ],
				"vertices": [ 77.32, 4.71, -70.81, -49.23, -89.72, 12.4, 59.33, 66.21, 23.44, -4.65 ],
				"hull": 4,
				"edges": [ 0, 2, 2, 4, 4, 6, 0, 6 ],
				"width": 57,
				"height": 28
			},
			"island/ripple/02_2": {
				"type": "mesh",
				"uvs": [ 1, 0.34212, 0.57605, 0.3154, 0.39019, 0.48582, 0.38716, 1, 0, 1, 0, 0, 1, 0 ],
				"triangles": [ 1, 5, 6, 1, 6, 0, 2, 5, 1, 4, 5, 2, 3, 4, 2 ],
				"vertices": [ 50.97, 11.29, 22.95, 11.73, 11.1, 1.17999, 12.13, -29.13, -13.39, -30.17, -15.79, 28.77, 50.14, 31.46 ],
				"hull": 7,
				"edges": [ 8, 10, 10, 12, 0, 12, 2, 0, 2, 4, 6, 8, 4, 6 ],
				"width": 33,
				"height": 30
			},
			"island/ripple/03_2": {
				"type": "mesh",
				"uvs": [ 1, 0.07386, 0.2041, 0.45523, 1, 1, 0, 1, 0, 0, 0.51597, 0, 1, 0 ],
				"triangles": [ 5, 6, 0, 1, 4, 5, 1, 5, 0, 3, 4, 1, 3, 1, 2 ],
				"vertices": [ 37.34999, 13.96, 5.08, 3.11, 31.57, -23.56, -5.97, -17.78, 0.25, 22.73, 19.62999, 19.75, 37.81, 16.95 ],
				"hull": 7,
				"edges": [ 4, 6, 6, 8, 0, 12, 2, 0, 2, 4, 8, 10, 10, 12 ],
				"width": 19,
				"height": 21
			},
			"island/ripple/04_2": { "x": 5.13, "y": -2.18, "rotation": -8.74, "width": 14, "height": 27 }
		}
	}
},
"animations": {
	"run": {
		"slots": {
			"island/ripple": {
				"color": [
					{ "time": 0, "color": "d2fdffff" }
				],
				"attachment": [
					{ "time": 0, "name": "island/ripple" }
				]
			},
			"island/ripple/03_1": {
				"color": [
					{ "time": 0, "color": "d2fdffff" }
				],
				"attachment": [
					{ "time": 0, "name": "island/ripple/01_1" },
					{ "time": 0.5, "name": "island/ripple/02_1" },
					{ "time": 0.8666, "name": "island/ripple/03_4" },
					{ "time": 1.5666, "name": "island/ripple/04_1" }
				]
			},
			"island/ripple/03_2": {
				"color": [
					{ "time": 0, "color": "d2fdffff" },
					{ "time": 0.4333, "color": "d2fdff00" }
				],
				"attachment": [
					{ "time": 0, "name": "island/ripple/04_1" },
					{ "time": 0.4333, "name": null }
				]
			},
			"island/ripple/03_3": {
				"color": [
					{ "time": 0, "color": "d2fdffff", "curve": "stepped" },
					{ "time": 1.3666, "color": "d2fdffff" },
					{ "time": 1.7333, "color": "d2fdff00" }
				],
				"attachment": [
					{ "time": 0, "name": "island/ripple/01_3" },
					{ "time": 0.5, "name": "island/ripple/02_3" },
					{ "time": 1.0333, "name": "island/ripple/03_3" },
					{ "time": 1.3666, "name": "island/ripple/04_3" },
					{ "time": 1.7333, "name": null }
				]
			},
			"island/ripple/04_2": {
				"color": [
					{ "time": 0, "color": "d2fdffff", "curve": "stepped" },
					{ "time": 1.3, "color": "d2fdffff" },
					{ "time": 1.7333, "color": "d2fdff00" }
				],
				"attachment": [
					{ "time": 0, "name": "island/ripple/01_2" },
					{ "time": 0.8666, "name": "island/ripple/02_2" },
					{ "time": 1.0333, "name": "island/ripple/03_2" },
					{ "time": 1.5666, "name": "island/ripple/04_2" },
					{ "time": 1.7333, "name": null }
				]
			}
		},
		"bones": {
			"root": {
				"rotate": [
					{ "time": 0, "angle": 0 }
				],
				"translate": [
					{ "time": 0, "x": 0, "y": 0 }
				],
				"scale": [
					{ "time": 0, "x": 1, "y": 1 }
				]
			},
			"island": {
				"rotate": [
					{ "time": 0, "angle": 0 }
				],
				"translate": [
					{ "time": 0, "x": 0, "y": 0 }
				],
				"scale": [
					{ "time": 0, "x": 0.975, "y": 0.887 }
				]
			},
			"island/ripple/1": {
				"rotate": [
					{ "time": 0, "angle": 0 },
					{ "time": 0.4666, "angle": -0.1 }
				],
				"translate": [
					{ "time": 0, "x": 8.79, "y": -28.84, "curve": "stepped" },
					{ "time": 0.8666, "x": 8.79, "y": -28.84 },
					{ "time": 1.0333, "x": 10.04, "y": -30.48 },
					{ "time": 1.5666, "x": 14.02, "y": -35.71 },
					{ "time": 1.7333, "x": 14.16, "y": -38.74 }
				],
				"scale": [
					{ "time": 0, "x": 0.963, "y": 0.967, "curve": "stepped" },
					{ "time": 0.8666, "x": 0.963, "y": 0.967 },
					{ "time": 1.0333, "x": 0.972, "y": 0.974 },
					{ "time": 1.5666, "x": 1, "y": 1 },
					{ "time": 1.7333, "x": 0.862, "y": 0.906 }
				]
			},
			"island/ripple/3": {
				"rotate": [
					{ "time": 0, "angle": 0 }
				],
				"translate": [
					{
						"time": 0,
						"x": 0.7,
						"y": -5.47,
						"curve": [ 0.263, 0.87, 1, 1 ]
					},
					{ "time": 1.0333, "x": 17.35, "y": -29.34 },
					{ "time": 1.7333, "x": 18.89, "y": -29.73 }
				],
				"scale": [
					{ "time": 0, "x": 1, "y": 1, "curve": "stepped" },
					{ "time": 1.0333, "x": 1, "y": 1 },
					{ "time": 1.7333, "x": 0.549, "y": 0.707 }
				]
			},
			"island/ripple/2": {
				"rotate": [
					{ "time": 0, "angle": 0 }
				],
				"translate": [
					{ "time": 0, "x": 8.6, "y": -32.29, "curve": "stepped" },
					{ "time": 0.8666, "x": 8.6, "y": -32.29 },
					{ "time": 1.5666, "x": 13.3, "y": -34.64 },
					{ "time": 1.7333, "x": 14.16, "y": -34.8 }
				],
				"scale": [
					{ "time": 0, "x": 1, "y": 1, "curve": "stepped" },
					{ "time": 1.5666, "x": 1, "y": 1 },
					{ "time": 1.7333, "x": 0.703, "y": 0.774 }
				]
			},
			"island/ripple/4": {
				"rotate": [
					{ "time": 0, "angle": 0 }
				],
				"translate": [
					{ "time": 0, "x": 14.16, "y": -33.61 },
					{ "time": 0.4333, "x": 11.54, "y": -38.74 }
				],
				"scale": [
					{ "time": 0, "x": 0.862, "y": 0.906 },
					{ "time": 0.4333, "x": 0.748, "y": 0.829 }
				]
			}
		},
		"deform": {
			"default": {
				"island/ripple": {
					"island/ripple": [
						{
							"time": 0,
							"vertices": [ 8.18713, -1.83789, 13.59545, 7.60131, 16.99566, -5.99829, 12.63305, -6.00366, -1.45629, -1.03247, -1.33532, -17.25268, 4.29888, -9.63818, 9.68658, 2.91186, -1.90936, -28.33593, -37.07434, 42.05469, -3.00988, -4.68774 ]
						},
						{
							"time": 0.3,
							"vertices": [ 9.55804, -20.53255, 14.8274, -14.31333, 18.76409, -21.83838, 3.81886, -22.94317, 1.61343, -18.83864, 15.28917, -13.40342, -4.08303, -7.65327, 7.01567, 0.41042, -0.61808, -24.01391, -34.41213, 27.31899, 4.67275, 9.32503 ]
						},
						{
							"time": 0.5,
							"vertices": [ 12.29986, -57.92187, 17.29129, -58.14264, -2.25433, -28.45459, -5.20416, -5.7116, 0.34098, -15.76153, 48.53817, -5.70489, -20.84687, -3.68347, 1.67384, -4.59246, 1.96446, -15.36987, -29.08772, -2.1524, 20.03804, 37.35058 ]
						},
						{
							"time": 0.8,
							"vertices": [ -8.35042, -87.52685, -15.77515, -83.2501, -34.68686, -41.02919, -38.48402, -21.58717, 1.30727, -15.45039, 21.90437, -9.85457, 8.57, -13.90495, -4.41516, 24.80224, -5.73023, 5.74148, -5.13788, -0.91042, 26.06128, 15.4389 ]
						},
						{
							"time": 1.3666,
							"vertices": [ 4.78158, 7.99504, 5.83764, 4.71742, -3.76833, 15.86455, -11.94701, 7.281, -6.32783, -1.1177, 8.83993, -25.01466, -3.98566, -14.76721, -5.41643, 9.52118, -0.22792, -28.43592, -31.73287, 13.16514, 14.68819, 38.77253 ]
						},
						{
							"time": 1.7333,
							"vertices": [ 8.18713, -1.83789, 13.59545, 7.60131, 16.99566, -5.99829, 12.63305, -6.00366, -1.45629, -1.03247, -1.33532, -17.25268, 4.29888, -9.63818, 9.68658, 2.91186, -1.90936, -28.33593, -37.07434, 42.05469, -3.00988, -4.68774 ]
						}
					]
				},
				"island/ripple/03_1": {
					"island/ripple/03_4": [
						{
							"time": 0,
							"offset": 2,
							"vertices": [ -3.20922, -2.55041, -4.05029, 1.18212, -4.05029, 1.18212, 0, 0, 6.86743, 0.97045, 6.86743, 0.97045, 2.86816, -2.6654, 0.30541, -2.08288, 0.46215, 8.9895, 4.42065, 10.6903, 4.77417, 12.55517, 1.18261, 0.38134 ],
							"curve": "stepped"
						},
						{
							"time": 0.8666,
							"offset": 2,
							"vertices": [ -3.20922, -2.55041, -4.05029, 1.18212, -4.05029, 1.18212, 0, 0, 6.86743, 0.97045, 6.86743, 0.97045, 2.86816, -2.6654, 0.30541, -2.08288, 0.46215, 8.9895, 4.42065, 10.6903, 4.77417, 12.55517, 1.18261, 0.38134 ]
						},
						{ "time": 1.0333 },
						{
							"time": 1.5666,
							"vertices": [ -6.89794, 9.93371, 2.36792, 2.50256, -3.27514, 0.96472, -3.27514, 0.96472, -15.28076, -11.7257, -29.56909, -12.67627, -35.63769, -1.23901, -14.14843, -5.48742, -6.12744, -3.78491, -0.35815, 2.49694, -11.96411, 7.24963, -16.51171, 4.24877, -21.13964, 5.98828 ]
						}
					],
					"island/ripple/04_1": [
						{
							"time": 0,
							"offset": 6,
							"vertices": [ 6.64648, 5.24536, 31.54956, 25.39148, 1.75073, 13.33508, 1.62231, -1.14941, -1.5039, -0.90087 ],
							"curve": "stepped"
						},
						{
							"time": 1.5666,
							"offset": 6,
							"vertices": [ 6.64648, 5.24536, 31.54956, 25.39148, 1.75073, 13.33508, 1.62231, -1.14941, -1.5039, -0.90087 ]
						},
						{ "time": 1.7333 }
					],
					"island/ripple/01_1": [
						{
							"time": 0,
							"vertices": [ 30.12255, -20.53711, 37.91674, -20.04834, 41.55786, -7.70788, 39.87231, -3.05407, 39.87231, -3.05407, 39.87231, -3.05407, 33.38525, -15.88269, 41.58154, -6.82739 ]
						},
						{
							"time": 0.5,
							"vertices": [ 10.0393, -35.53039, -12.15966, -29.54504, -3.46948, 21.18249, 11.59082, 14.18408, 11.83691, 20.8352, 1.53173, 5.23584, 2.80859, -11.69128, 21.49829, -21.82067 ]
						}
					],
					"island/ripple/02_1": [
						{
							"time": 0,
							"vertices": [ 34.91992, -24.71765, 2.66137, 1.28857, 0, 0, 3.98632, 1.93334, 32.66088, -11.12609, 29.99218, -20.17102, 7.52294, -7.3778, 7.94653, 9.56591, 28.29004, 3.0863, 43.35156, -32.88012 ],
							"curve": "stepped"
						},
						{
							"time": 0.5,
							"vertices": [ 34.91992, -24.71765, 2.66137, 1.28857, 0, 0, 3.98632, 1.93334, 32.66088, -11.12609, 29.99218, -20.17102, 7.52294, -7.3778, 7.94653, 9.56591, 28.29004, 3.0863, 43.35156, -32.88012 ]
						},
						{
							"time": 0.8333,
							"offset": 4,
							"vertices": [ -3.15161, 0.92333, 4.1643, -3.28991, -5.0166, 0.43139, -2.17724, 4.2539, -15.979, 0.02221, -10.93701, 1.64843, 0, 0, 18.18627, -15.67749 ]
						}
					],
					"island/ripple/05_1": [
						{
							"time": 0,
							"offset": 4,
							"vertices": [ 31.6958, 39.52856, 25.42407, 29.12817, -6.39501, 31.01208 ]
						}
					]
				},
				"island/ripple/03_3": {
					"island/ripple/02_3": [
						{
							"time": 0,
							"vertices": [ 10.61767, 10.42724, 8.58923, -1.91552, 5.14794, 0.98437, -3.46521, 3.24853, -3.46521, 3.24853, 0, 0, 9.21154, -1.71875, 20.7124, -1.73828, 34.97876, -12.93261 ],
							"curve": "stepped"
						},
						{
							"time": 0.5,
							"vertices": [ 10.61767, 10.42724, 8.58923, -1.91552, 5.14794, 0.98437, -3.46521, 3.24853, -3.46521, 3.24853, 0, 0, 9.21154, -1.71875, 20.7124, -1.73828, 34.97876, -12.93261 ]
						},
						{
							"time": 1.0333,
							"vertices": [ 1.40966, 5.84838, 1.23718, 1.17895, 0.51086, -0.55712, -9.27502, -11.29809, -22.08667, -9.6062, -9.79736, 8.13061, -10.8468, 7.5393, -11.54138, 4.17675, -5.19982, 6.95825 ]
						}
					],
					"island/ripple/03_3": [
						{
							"time": 0,
							"offset": 2,
							"vertices": [ -0.13, 1.63037, 0, 0, 0, 0, -0.88171, 0.82543 ],
							"curve": "stepped"
						},
						{
							"time": 1.0333,
							"offset": 2,
							"vertices": [ -0.13, 1.63037, 0, 0, 0, 0, -0.88171, 0.82543 ]
						},
						{
							"time": 1.3666,
							"vertices": [ -1.88964, -0.66552, -0.97387, 0.83959, -13.13977, -10.08959, -13.13977, -10.08959, 1.46325, -1.25561, 1.08886, -0.42504, -5.36584, 4.63208, -5.36584, 4.63208 ]
						}
					],
					"island/ripple/01_3": [
						{ "time": 0 },
						{
							"time": 0.3333,
							"vertices": [ -0.61645, 4.39241, 5.39827, 5.79508, 18.66618, 11.04964, 11.49202, 18.11995, 1.88305, -1.09261, 1.30501, -5.75862, 13.47237, -14.65397, 19.27364, -12.46826 ]
						},
						{
							"time": 0.5,
							"vertices": [ -0.92468, 6.58862, 8.09741, 8.69262, 27.99926, 16.57446, 17.23803, 27.17993, 2.82458, -1.63891, 1.95751, -8.63793, 12.88012, -21.08886, 21.58203, -17.8103 ]
						}
					]
				},
				"island/ripple/04_2": {
					"island/ripple/03_2": [
						{
							"time": 0,
							"vertices": [ 13.68237, 2.62109, 7.3656, 5.08691, 0, 0, 0, 0, 1.72436, 6.88061, 8.87805, 5.42797, 15.29589, 2.86694 ],
							"curve": "stepped"
						},
						{
							"time": 1.0333,
							"vertices": [ 13.68237, 2.62109, 7.3656, 5.08691, 0, 0, 0, 0, 1.72436, 6.88061, 8.87805, 5.42797, 15.29589, 2.86694 ]
						},
						{
							"time": 1.3666,
							"vertices": [ -9.53054, 0.46318, 1.16184, -0.23247, 0.9, 3.71176, 1.52475, 3.52573, -0.03039, -3.94965, -4.64021, -1.45703, -9.25789, 0.83774 ]
						},
						{
							"time": 1.5666,
							"vertices": [ -26.10547, -6.50805, 2.54248, -0.65917, -2.16174, 1.21484, 2.32885, 4.48266, -0.04614, -6.59448, -9.33093, -7.94165, -26.46814, -5.96142 ]
						}
					],
					"island/ripple/01_2": [
						{
							"time": 0,
							"vertices": [ 16.15087, 31.12793, 16.61901, 42.74609, 6.29602, 33.08276, 17.31201, 34.83007, -2.34533, 33.22607 ]
						},
						{
							"time": 0.6666,
							"vertices": [ 3.81157, 11.07246, 56.43997, 14.82905, 27.68003, 2.41493, 37.39189, -19.01831, 20.24597, 13.05322 ]
						},
						{
							"time": 0.8666,
							"vertices": [ -25.53027, 12.05542, 76.83532, 38.51074, 65.20971, 15.72534, 5.08398, -19.03491, 9.12219, 20.60888 ]
						}
					],
					"island/ripple/02_2": [
						{
							"time": 0,
							"vertices": [ 6.89871, 1.98238, 3.89137, -1.49864, 0.42792, -1.05694, -2.03879, -0.68242, 2.93388, -0.70107, 14.27662, -9.62371, 2.37687, -4.87542 ],
							"curve": "stepped"
						},
						{
							"time": 0.8666,
							"vertices": [ 6.89871, 1.98238, 3.89137, -1.49864, 0.42792, -1.05694, -2.03879, -0.68242, 2.93388, -0.70107, 14.27662, -9.62371, 2.37687, -4.87542 ]
						},
						{
							"time": 1,
							"vertices": [ 7.8601, 2.69482, 1.55493, 3.26367, 1.48583, -1.34399, 0.61914, 7.61352, 17.49523, 6.9226, 13.07775, -8.96093, -0.95971, -4.58398 ]
						}
					]
				}
			}
		}
	}
}
}