{
"skeleton": { "hash": "+hwVuY30/srrSgxYEWCuy2C5NqU", "spine": "3.4.02", "width": 1291.17, "height": 639.63, "images": "./picture/" },
"bones": [
	{ "name": "root" },
	{ "name": "sealianyi/3", "parent": "root", "rotation": -2.26, "x": 51.81, "y": 2439.56, "scaleX": 0.853, "scaleY": 0.899 },
	{ "name": "sealianyi/mesh3/2", "parent": "sealianyi/3", "x": 266.22, "y": 18.66 },
	{ "name": "sealianyi/mesh3/3", "parent": "sealianyi/3", "x": 289.91, "y": -20.89 },
	{ "name": "sealianyi/mesh3/4", "parent": "sealianyi/3", "x": 46.69, "y": -38.74 },
	{ "name": "sealianyi/mesh3/5", "parent": "sealianyi/3", "x": 51.3, "y": -89.74 },
	{ "name": "sealianyi/mesh3/6", "parent": "sealianyi/3", "x": 401.68, "y": 54.73 }
],
"slots": [
	{ "name": "sealianyi/4", "bone": "sealianyi/3", "color": "d2fdffff", "attachment": "sealianyi/mesh3/1" },
	{ "name": "sealianyi/mesh3/2", "bone": "sealianyi/mesh3/2", "color": "d2fdffff", "attachment": "sealianyi/mesh3/2" },
	{ "name": "sealianyi/mesh3/3", "bone": "sealianyi/mesh3/3", "color": "d2fdffff", "attachment": "sealianyi/mesh3/3" },
	{ "name": "sealianyi/mesh3/4", "bone": "sealianyi/mesh3/4", "color": "d2fdffff", "attachment": "sealianyi/mesh3/4" },
	{ "name": "sealianyi/mesh3/5", "bone": "sealianyi/mesh3/5", "color": "d2fdffff", "attachment": "sealianyi/mesh3/5" },
	{ "name": "sealianyi/mesh3/6", "bone": "sealianyi/mesh3/6", "color": "d2fdffff", "attachment": "sealianyi/mesh3/3" },
	{ "name": "sealianyi/mesh1/1", "bone": "sealianyi/3", "color": "d2fdffff", "attachment": "sealianyi/mesh1/1" },
	{ "name": "small_island/ripple", "bone": "sealianyi/3", "color": "d2fdffff", "attachment": "small_island/ripple" }
],
"skins": {
	"default": {
		"sealianyi/4": {
			"sealianyi/mesh3/1": {
				"type": "mesh",
				"uvs": [ 1, 0.26855, 0.93655, 0.42473, 0.79702, 0.60682, 0.64544, 0.70661, 0.45586, 0.79535, 0.25604, 0.71814, 0, 0.44338, 1, 0 ],
				"triangles": [ 7, 0, 6, 0, 1, 6, 2, 6, 1, 3, 6, 2, 5, 6, 3, 4, 5, 3 ],
				"vertices": [ 418.98, 103.62, 373.7, 65.12, 272.01, 17.70999, 160.24, -11.13, 19.98, -38.9, -130.09, -28.72, -324.72, 24.93, 415.45, 165.66 ],
				"hull": 8,
				"edges": [ 12, 10, 10, 8, 8, 6, 6, 4, 4, 2, 0, 14, 2, 0, 12, 14 ],
				"width": 319,
				"height": 104
			}
		},
		"sealianyi/mesh1/1": {
			"sealianyi/mesh1/1": {
				"type": "mesh",
				"uvs": [ 0.17262, 0.56017, 1, 0.64322, 1, 1, 0.79722, 1, 0.63766, 1, 0.4915, 0.9739, 0.26441, 0.9141, 0.10684, 0.79576 ],
				"triangles": [ 5, 6, 0, 7, 0, 6, 1, 5, 0, 4, 5, 1, 3, 4, 1, 3, 1, 2 ],
				"vertices": [ 458.48, 631.52, 207.74, 113.43, 364.34, 31.46, 465.41, 158.56, 530.34, 270.46, 559.82, 394.05, 564.1, 495.82, 726.42, 608.21 ],
				"hull": 8,
				"edges": [ 4, 6, 6, 8, 10, 8, 10, 12, 12, 14, 4, 2, 0, 2, 14, 0 ],
				"width": 360,
				"height": 214
			}
		},
		"sealianyi/mesh3/2": {
			"sealianyi/mesh3/2": { "x": -9.7, "y": 14.77, "scaleX": 2, "scaleY": 2, "rotation": 3.09, "width": 103, "height": 37 }
		},
		"sealianyi/mesh3/3": {
			"sealianyi/mesh3/3": { "x": -8.05, "y": 9.11, "scaleX": 2, "scaleY": 2, "rotation": 3.09, "width": 65, "height": 18 }
		},
		"sealianyi/mesh3/4": {
			"sealianyi/mesh3/4": { "x": -17.74, "y": 4.54, "scaleX": 2, "scaleY": 2, "rotation": 3.09, "width": 119, "height": 32 }
		},
		"sealianyi/mesh3/5": {
			"sealianyi/mesh3/5": { "x": -13.54, "y": 10.65, "scaleX": 2, "scaleY": 2, "rotation": 3.09, "width": 65, "height": 16 }
		},
		"sealianyi/mesh3/6": {
			"sealianyi/mesh3/3": { "x": 3.79, "y": 10.78, "scaleY": 2, "rotation": 12.64, "width": 65, "height": 18 }
		},
		"small_island/ripple": {
			"small_island/ripple": {
				"type": "mesh",
				"uvs": [ 1, 1, 0, 1, 0, 0, 1, 0 ],
				"triangles": [ 1, 2, 3, 1, 3, 0 ],
				"vertices": [ 1170.57, 453.99, 878.95, 440.46, 868.51, 643.3, 1160.13, 656.83 ],
				"hull": 4,
				"edges": [ 0, 2, 2, 4, 4, 6, 0, 6 ],
				"width": 95,
				"height": 80
			}
		}
	}
},
"animations": {
	"run": {
		"slots": {
			"sealianyi/4": {
				"attachment": [
					{ "time": 0, "name": "sealianyi/mesh3/1" }
				]
			},
			"sealianyi/mesh1/1": {
				"attachment": [
					{ "time": 0, "name": "sealianyi/mesh1/1" }
				]
			},
			"sealianyi/mesh3/2": {
				"attachment": [
					{ "time": 0, "name": "sealianyi/mesh3/2" },
					{ "time": 0.0666, "name": null },
					{ "time": 2.2666, "name": null },
					{ "time": 2.7, "name": "sealianyi/mesh3/2" },
					{ "time": 3.4666, "name": null },
					{ "time": 5.6666, "name": null },
					{ "time": 6.1, "name": "sealianyi/mesh3/2" },
					{ "time": 6.8, "name": "sealianyi/mesh3/2" }
				]
			},
			"sealianyi/mesh3/3": {
				"attachment": [
					{ "time": 0, "name": null },
					{ "time": 0.0666, "name": "sealianyi/mesh3/3" },
					{ "time": 2.2666, "name": null },
					{ "time": 3.4666, "name": "sealianyi/mesh3/3" },
					{ "time": 5.6666, "name": null }
				]
			},
			"sealianyi/mesh3/4": {
				"attachment": [
					{ "time": 0, "name": null },
					{ "time": 0.5666, "name": "sealianyi/mesh3/4" },
					{ "time": 2.2666, "name": null },
					{ "time": 2.7, "name": null },
					{ "time": 3.4, "name": null },
					{ "time": 3.9666, "name": "sealianyi/mesh3/4" },
					{ "time": 5.6666, "name": null },
					{ "time": 6.1, "name": null },
					{ "time": 6.8, "name": null }
				]
			},
			"sealianyi/mesh3/5": {
				"attachment": [
					{ "time": 0, "name": "sealianyi/mesh3/5" },
					{ "time": 1.5, "name": null },
					{ "time": 2.2666, "name": "sealianyi/mesh3/5" },
					{ "time": 4.9, "name": null },
					{ "time": 5.6666, "name": "sealianyi/mesh3/5" },
					{ "time": 6.8, "name": "sealianyi/mesh3/5" }
				]
			},
			"sealianyi/mesh3/6": {
				"attachment": [
					{ "time": 0, "name": null },
					{ "time": 0.8666, "name": "sealianyi/mesh3/3" },
					{ "time": 2.2666, "name": null },
					{ "time": 4.2666, "name": "sealianyi/mesh3/3" },
					{ "time": 5.6666, "name": null }
				]
			},
			"small_island/ripple": {
				"attachment": [
					{ "time": 0, "name": "small_island/ripple" }
				]
			}
		},
		"bones": {
			"root": {
				"rotate": [
					{ "time": 0, "angle": 0 }
				],
				"translate": [
					{ "time": 0, "x": 0, "y": 0 }
				],
				"scale": [
					{ "time": 0, "x": 1, "y": 1 }
				]
			},
			"sealianyi/3": {
				"rotate": [
					{ "time": 0, "angle": 1.89, "curve": "stepped" },
					{ "time": 6.8, "angle": 1.89 }
				],
				"translate": [
					{ "time": 0, "x": 9.01, "y": -0.22 }
				],
				"scale": [
					{ "time": 0, "x": 1, "y": 0.872 }
				]
			},
			"sealianyi/mesh3/4": {
				"rotate": [
					{ "time": 0, "angle": 0, "curve": "stepped" },
					{ "time": 3.4, "angle": 0, "curve": "stepped" },
					{ "time": 6.8, "angle": 0 }
				],
				"translate": [
					{ "time": 0, "x": 11.92, "y": -1.45 },
					{ "time": 0.5666, "x": 13.94, "y": 18.14 },
					{ "time": 0.9333, "x": 14.55, "y": 0.7 },
					{ "time": 2.2, "x": 13.04, "y": -13.99 },
					{ "time": 3.4, "x": 11.92, "y": -1.45 },
					{ "time": 3.9666, "x": 13.94, "y": 18.14 },
					{ "time": 4.3333, "x": 14.55, "y": 0.7 },
					{ "time": 5.6, "x": 13.04, "y": -13.99 },
					{ "time": 6.8, "x": 0, "y": 0 }
				],
				"scale": [
					{ "time": 0, "x": 1, "y": 1, "curve": "stepped" },
					{ "time": 3.4, "x": 1, "y": 1, "curve": "stepped" },
					{ "time": 6.8, "x": 1, "y": 1 }
				]
			},
			"sealianyi/mesh3/2": {
				"rotate": [
					{ "time": 0, "angle": 0, "curve": "stepped" },
					{ "time": 3.4, "angle": 0, "curve": "stepped" },
					{ "time": 6.8, "angle": 0 }
				],
				"translate": [
					{ "time": 0, "x": -11.13, "y": -7.12 },
					{ "time": 2.7, "x": -9.25, "y": 11.03 },
					{ "time": 3.4, "x": -11.13, "y": -7.12 },
					{ "time": 6.1, "x": -9.25, "y": 11.03 },
					{ "time": 6.8, "x": -11.13, "y": -7.12 }
				],
				"scale": [
					{ "time": 0, "x": 1, "y": 1, "curve": "stepped" },
					{ "time": 3.4, "x": 1, "y": 1, "curve": "stepped" },
					{ "time": 6.8, "x": 1, "y": 1 }
				]
			},
			"sealianyi/mesh3/5": {
				"rotate": [
					{ "time": 0, "angle": 0.27 },
					{ "time": 2.2666, "angle": -2.05 },
					{ "time": 3.4, "angle": 0.27 },
					{ "time": 4.8333, "angle": -1.19, "curve": "stepped" },
					{ "time": 5.6666, "angle": -2.05 },
					{ "time": 6.8, "angle": 0.27 }
				],
				"translate": [
					{ "time": 0, "x": 10.14, "y": 2.99 },
					{ "time": 1.4333, "x": 33.44, "y": -28.59, "curve": "stepped" },
					{ "time": 2.2666, "x": 4.13, "y": 15.69 },
					{ "time": 3.4, "x": 10.14, "y": 2.99 },
					{ "time": 4.8333, "x": 33.44, "y": -28.59, "curve": "stepped" },
					{ "time": 5.6666, "x": 4.13, "y": 15.69 },
					{ "time": 6.8, "x": 10.14, "y": 2.99 }
				],
				"scale": [
					{ "time": 0, "x": 0.86, "y": 0.621 },
					{ "time": 1.4333, "x": 0.37, "y": 0.267, "curve": "stepped" },
					{ "time": 2.2666, "x": 0.894, "y": 1.126 },
					{ "time": 3.4, "x": 0.86, "y": 0.621 },
					{ "time": 4.8333, "x": 0.37, "y": 0.267, "curve": "stepped" },
					{ "time": 5.6666, "x": 0.894, "y": 1.126 },
					{ "time": 6.8, "x": 0.86, "y": 0.621 }
				]
			},
			"sealianyi/mesh3/3": {
				"rotate": [
					{ "time": 0, "angle": 0, "curve": "stepped" },
					{ "time": 0.0666, "angle": 1.54 },
					{ "time": 2.2, "angle": 0.55, "curve": "stepped" },
					{ "time": 3.4666, "angle": 1.54 }
				],
				"translate": [
					{ "time": 0, "x": 0, "y": 0, "curve": "stepped" },
					{ "time": 0.0666, "x": -27.58, "y": 21.21 },
					{ "time": 2.2, "x": -17.87, "y": -17.18, "curve": "stepped" },
					{ "time": 3.4666, "x": -27.58, "y": 21.21 },
					{ "time": 5.6, "x": -17.87, "y": -17.18 }
				],
				"scale": [
					{ "time": 0, "x": 1, "y": 1, "curve": "stepped" },
					{ "time": 0.0666, "x": 0.971, "y": 1 },
					{ "time": 2.2, "x": 0.469, "y": 0.551, "curve": "stepped" },
					{ "time": 3.4666, "x": 0.971, "y": 1 },
					{ "time": 5.6, "x": 0.469, "y": 0.551 }
				]
			},
			"sealianyi/mesh3/6": {
				"rotate": [
					{ "time": 0, "angle": 0 }
				],
				"translate": [
					{ "time": 0, "x": 0, "y": 0, "curve": "stepped" },
					{ "time": 0.8666, "x": -20.83, "y": 22.1 },
					{ "time": 2.2, "x": -0.1, "y": -21.66, "curve": "stepped" },
					{ "time": 4.2666, "x": -20.83, "y": 22.1 },
					{ "time": 5.6, "x": -0.1, "y": -21.66 }
				],
				"scale": [
					{ "time": 0, "x": 1, "y": 1, "curve": "stepped" },
					{
						"time": 0.8666,
						"x": 0.915,
						"y": 0.915,
						"curve": [ 0.497, 0.26, 1, 0.67 ]
					},
					{ "time": 2.2, "x": 0.542, "y": 0.542, "curve": "stepped" },
					{ "time": 5.6, "x": 0.542, "y": 0.542 }
				]
			}
		},
		"deform": {
			"default": {
				"sealianyi/4": {
					"sealianyi/mesh3/1": [
						{
							"time": 0,
							"offset": 8,
							"vertices": [ -0.46887, -20.67111, -0.14013, -6.20101, 0.32989, 14.47067 ]
						},
						{
							"time": 0.6666,
							"vertices": [ -3.29518, 14.26562, -3.29518, 14.26562, 1.81781, 17.60961, -0.4786, -4.66944, -3.19942, -31.0343, -0.79963, -7.75895, 0, 0, -3.29518, 14.26562 ]
						},
						{
							"time": 0.8,
							"vertices": [ -0.58282, 12.9663, -0.58282, 12.9663, 0, 0, -1.26312, -12.25103, -4.04138, -39.20123, -1.01007, -9.80078, 0, 0, -0.58282, 12.9663 ]
						},
						{
							"time": 0.9333,
							"vertices": [ 0.61177, 15.91772, 8.66585, 0.19586, 0, 0, -1.35241, -16.21398, -4.38702, -32.15473, -1.01007, -9.80078, 0, 0, 0.61177, 15.91772 ]
						},
						{
							"time": 1.3333,
							"vertices": [ -3.42466, 17.14624, -3.56731, 17.31542, 0.00953, 0.41823, 0.43496, -1.81177, -5.53006, -12.32117, 12.1782, -28.54185, 12.82794, -11.01471, -3.42466, 17.14624 ]
						},
						{
							"time": 2.1,
							"vertices": [ -7.52594, 19.81469, -8.87688, 21.41698, 0.21243, 9.33375, 12.71791, -5.73484, -5.69684, -38.30533, 9.88716, -24.17274, 6.03668, -5.18339, -7.52594, 19.81469 ],
							"curve": [ 0.25, 0, 1, 0.54 ]
						},
						{
							"time": 2.4666,
							"vertices": [ -4.61916, 14.19384, -7.04415, 17.07, 12.58703, 0.20767, 24.07718, 10.21131, -5.84508, -61.40237, 7.85069, -20.28909, 0, 0, -4.61916, 14.19384 ]
						},
						{
							"time": 2.6666,
							"vertices": [ -6.008, 15.5642, -7.91335, 17.82404, 14.7167, -3.69747, 18.91779, 8.02317, -4.69304, -52.67424, 6.13837, -17.27022, 0.07069, 3.10085, -6.008, 15.5642 ]
						},
						{
							"time": 3.4,
							"vertices": [ -0.19419, 4.32177, -0.19419, 4.32177, 0, 0, 0, 0, -0.46887, -20.67111, -0.14013, -6.20101, 0.32989, 14.47067, -0.19419, 4.32177 ]
						},
						{
							"time": 4.0333,
							"vertices": [ -3.29518, 14.26562, -3.29518, 14.26562, 1.81781, 17.60961, -0.4786, -4.66944, -3.19942, -31.0343, -0.79963, -7.75895, 0, 0, -3.29518, 14.26562 ]
						},
						{
							"time": 4.2,
							"vertices": [ -0.58282, 12.9663, -0.58282, 12.9663, 0, 0, -1.26312, -12.25103, -4.04138, -39.20123, -1.01007, -9.80078, 0, 0, -0.58282, 12.9663 ]
						},
						{
							"time": 4.3333,
							"vertices": [ 0.61177, 15.91772, 8.66585, 0.19586, 0, 0, -1.35241, -16.21398, -4.38702, -32.15473, -1.01007, -9.80078, 0, 0, 0.61177, 15.91772 ]
						},
						{
							"time": 4.7333,
							"vertices": [ -3.42466, 17.14624, -3.56731, 17.31542, 0.00953, 0.41823, 0.43496, -1.81177, -5.53006, -12.32117, 12.1782, -28.54185, 12.82794, -11.01471, -3.42466, 17.14624 ]
						},
						{
							"time": 5.5,
							"vertices": [ -7.52594, 19.81469, -8.87688, 21.41698, 0.21243, 9.33375, 12.71791, -5.73484, -5.69684, -38.30533, 9.88716, -24.17274, 6.03668, -5.18339, -7.52594, 19.81469 ],
							"curve": [ 0.218, 0, 1, 0.54 ]
						},
						{
							"time": 5.8666,
							"vertices": [ -4.61916, 14.19384, -7.04415, 17.07, 12.58703, 0.20767, 24.07718, 10.21131, -5.84508, -61.40237, 7.85069, -20.28909, 0, 0, -4.61916, 14.19384 ]
						},
						{
							"time": 6.0666,
							"vertices": [ -6.008, 15.5642, -7.91335, 17.82404, 14.7167, -3.69747, 18.91779, 8.02317, -4.69304, -52.67424, 6.13837, -17.27022, 0.07069, 3.10085, -6.008, 15.5642 ]
						},
						{
							"time": 6.8,
							"offset": 8,
							"vertices": [ -0.46887, -20.67111, -0.14013, -6.20101, 0.32989, 14.47067 ]
						}
					]
				},
				"sealianyi/mesh1/1": {
					"sealianyi/mesh1/1": [
						{
							"time": 0,
							"offset": 12,
							"vertices": [ 2.77217, 63.45337, 2.77217, 63.45337 ]
						},
						{
							"time": 0.6666,
							"offset": 2,
							"vertices": [ -7.22271, 6.73761, -11.03549, 15.70514, -3.47586, 12.42352, 1.42659, -5.40275, -3.7862, 2.69407, 4.38582, 68.56666, 3.24506, 73.96974 ]
						},
						{
							"time": 0.8,
							"offset": 2,
							"vertices": [ -8.66725, 8.08514, -6.79272, 8.91326, -5.54369, -6.94119, 9.99608, -8.88296, -4.54344, 3.23288, 4.70855, 69.58931, 3.33964, 76.07301 ]
						},
						{
							"time": 0.9333,
							"offset": 2,
							"vertices": [ -10.11179, 9.43266, -2.54994, 2.12138, -7.61152, -26.3059, 1.99722, -7.56385, -5.30068, 3.7717, 5.03128, 70.61197, 3.43421, 78.17628 ]
						},
						{
							"time": 1.3333,
							"offset": 2,
							"vertices": [ -12.10526, 11.29224, -22.22536, 15.37538, -22.91717, -5.80634, 6.22296, -12.13718, -2.90699, 0.79976, 4.03521, 67.7435, 6.61456, 74.02399 ]
						},
						{
							"time": 2.1,
							"offset": 2,
							"vertices": [ -15.92607, 14.85644, -22.72631, 20.53369, -15.04274, 13.23925, -12.03384, -2.87866, -0.81137, -9.6145, 10.78672, 59.16943, 12.71024, 66.06543 ],
							"curve": [ 0.25, 0, 1, 0.54 ]
						},
						{
							"time": 2.4666,
							"offset": 2,
							"vertices": [ -15.92607, 14.85644, -13.27105, 15.70878, -7.56263, 11.94226, -7.22384, -7.75862, -1.689, -8.23614, 10.11057, 55.72676, 12.80038, 67.00448 ]
						},
						{
							"time": 2.6666,
							"offset": 2,
							"vertices": [ -15.92607, 14.85644, -12.32673, 13.89576, -11.49853, 19.39145, -8.38021, -13.30135, -0.53908, -17.02064, 9.86324, 55.41659, 21.51951, 62.87386 ]
						},
						{
							"time": 3.4,
							"offset": 2,
							"vertices": [ -15.92607, 14.85644, -8.3594, 6.72534, 1.41591, -0.26879, -6.07432, -4.30419, -3.75324, -11.13501, 9.94165, 50.10815, 13.02982, 69.39477 ]
						},
						{
							"time": 4.0333,
							"offset": 2,
							"vertices": [ -15.92607, 14.85644, -14.24088, 11.4167, -8.67607, 8.50674, -3.16455, -5.33713, 0.1685, -19.53381, 5.12135, 46.91161, 9.14592, 71.47223 ]
						},
						{
							"time": 4.2,
							"offset": 2,
							"vertices": [ -15.92607, 14.85644, -9.88536, 8.45242, -7.70833, 10.69293, -2.39882, -5.60895, 1.20054, -21.74403, 3.85286, 46.07042, 8.12385, 72.01893 ]
						},
						{
							"time": 4.3333,
							"offset": 2,
							"vertices": [ -15.92607, 14.85644, 7.48659, -2.97802, -16.67544, -18.05371, 1.18822, -21.479, 2.02618, -23.5122, 2.83805, 45.39746, 7.30618, 72.4563 ]
						},
						{
							"time": 4.7333,
							"offset": 2,
							"vertices": [ -15.92607, 14.85644, -18.66636, 16.90837, -22.78666, -0.82613, -2.78015, -3.17371, 6.34193, -27.09201, 11.06781, 37.08494, 5.33745, 74.57002 ]
						},
						{
							"time": 5.5,
							"offset": 2,
							"vertices": [ -15.92607, 14.85644, -21.22768, 21.36059, -14.84523, 14.27905, -4.68517, 1.91064, -2.29907, -15.78466, 5.69994, 43.86645, 1.56404, 78.62134 ],
							"curve": [ 0.218, 0, 1, 0.54 ]
						},
						{
							"time": 5.8666,
							"offset": 2,
							"vertices": [ -11.4341, 10.66616, -16.74889, 16.13927, -12.91838, 11.0485, -3.36371, 1.37174, -1.65062, -11.33258, 4.87416, 49.39097, 1.9048, 74.34319 ]
						},
						{
							"time": 6.0666,
							"offset": 2,
							"vertices": [ -8.98394, 8.38056, -16.97748, 22.46431, -10.15016, 8.68096, -2.64292, 1.07779, -1.29691, -8.90417, 4.42373, 52.40433, 2.09066, 72.00966 ]
						},
						{
							"time": 6.8,
							"offset": 12,
							"vertices": [ 2.77217, 63.45337, 2.77217, 63.45337 ]
						}
					]
				},
				"small_island/ripple": {
					"small_island/ripple": [
						{
							"time": 0,
							"vertices": [ 10.93018, 17.20996, 10.93018, 17.20996, 5.87311, 72.04297, 7.67519, 34.3374 ]
						},
						{
							"time": 0.7666,
							"vertices": [ 18.18787, 7.85644, 11.06162, -4.73754, 15.97398, 68.97656, 7.67519, 34.3374 ]
						},
						{
							"time": 1.5,
							"vertices": [ 16.81327, -3.12426, 23.99618, 0.05371, 8.82874, 59.52148, 7.67519, 34.3374 ]
						},
						{
							"time": 2.2666,
							"vertices": [ 10.93018, 17.20996, 10.93018, 17.20996, 5.87311, 72.04297, 7.67519, 34.3374 ]
						},
						{
							"time": 3.0333,
							"vertices": [ 18.18787, 7.85644, 11.06162, -4.73754, 15.97398, 68.97656, 7.67519, 34.3374 ]
						},
						{
							"time": 3.7666,
							"vertices": [ 16.81327, -3.12426, 23.99618, 0.05371, 8.82874, 59.52148, 7.67519, 34.3374 ]
						},
						{
							"time": 4.5333,
							"vertices": [ 10.93018, 17.20996, 10.93018, 17.20996, 5.87311, 72.04297, 7.67519, 34.3374 ]
						},
						{
							"time": 5.2666,
							"vertices": [ 18.18787, 7.85644, 11.06162, -4.73754, 15.97398, 68.97656, 7.67519, 34.3374 ]
						},
						{
							"time": 6.0333,
							"vertices": [ 16.81327, -3.12426, 23.99618, 0.05371, 8.82874, 59.52148, 7.67519, 34.3374 ]
						},
						{
							"time": 6.8,
							"vertices": [ 10.93018, 17.20996, 10.93018, 17.20996, 5.87311, 72.04297, 7.67519, 34.3374 ]
						}
					]
				}
			}
		}
	}
}
}