{
"skeleton": { "hash": "/mSgSu5J3MwneiDA/X64vbmpg1U", "spine": "3.4.02", "width": 201.37, "height": 160.19, "images": "./picture/" },
"bones": [
	{ "name": "root" },
	{ "name": "small1", "parent": "root", "rotation": 0.07, "x": 139.39, "y": 882.1, "scaleX": -1 },
	{ "name": "small_island/ripple/01", "parent": "small1", "length": 9.02, "rotation": 69.07, "x": -41.95, "y": -67.08 },
	{ "name": "small_island/ripple/02", "parent": "small1", "x": 6.13, "y": -61.09 },
	{ "name": "small_island/ripple/03", "parent": "small1", "length": 11.32, "rotation": 122.34, "x": 71.53, "y": -58.85 }
],
"slots": [
	{ "name": "small_island", "bone": "small1", "color": "d2fdffff", "attachment": "small_island/ripple" },
	{
		"name": "small_island/ripple/01",
		"bone": "small_island/ripple/01",
		"color": "d2fdffff",
		"attachment": "small_island/ripple/01_1"
	},
	{
		"name": "small_island/ripple/02",
		"bone": "small_island/ripple/02",
		"color": "d2fdffff",
		"attachment": "small_island/ripple/01_2"
	},
	{
		"name": "small_island/ripple/03",
		"bone": "small_island/ripple/03",
		"color": "d2fdffff",
		"attachment": "small_island/ripple/01_3"
	}
],
"skins": {
	"default": {
		"small_island": {
			"small_island/ripple": {
				"type": "mesh",
				"uvs": [ 0.99999, 0.17924, 1, 0.70482, 0.87534, 0.83148, 0.76307, 0.99999, 0.57392, 0.99999, 0.44667, 0.94912, 0.29932, 0.93987, 0.18283, 0.88329, 0.07394, 0.64321, 0, 0.48019, 0, 0, 0.86329, 1.0E-5 ],
				"triangles": [ 9, 10, 11, 2, 8, 9, 9, 0, 2, 11, 0, 9, 1, 2, 0, 6, 7, 8, 8, 5, 6, 2, 5, 8, 4, 5, 2, 3, 4, 2 ],
				"vertices": [ 106.19, 44.95, 106.19, -39.14, 82.62999, -59.4, 49.1, -86.38, 13.36, -86.38, -10.68, -78.24, -38.53, -76.76, -60.55, -67.71, -81.12999, -29.3, -95.11, -3.21, -95.11, 73.61, 64.26, 73.6 ],
				"hull": 12,
				"edges": [ 20, 22, 6, 4, 12, 14, 18, 20, 4, 2, 6, 8, 8, 10, 10, 12, 14, 16, 16, 18, 0, 22, 0, 2, 18, 4 ],
				"width": 95,
				"height": 80
			}
		},
		"small_island/ripple/01": {
			"small_island/ripple/01_1": {
				"type": "mesh",
				"uvs": [ 1, 0.17972, 0.68445, 1, 0.19486, 1, 0, 0.15445, 0.23301, 0, 0.41506, 0.61513, 0.64238, 0.62368, 0.94451, 0 ],
				"triangles": [ 3, 4, 5, 7, 0, 6, 2, 3, 5, 1, 6, 0, 5, 6, 1, 2, 5, 1 ],
				"vertices": [ 28.46, -52.01, 1.04999, -19.48, 0.52999, 31.43, 28.23, 51.98, 33.57, 27.8, 13.47, 8.66, 13.43, -14.97, 34.33, -46.18 ],
				"hull": 8,
				"edges": [ 14, 0, 0, 2, 14, 12, 12, 10, 10, 8, 8, 6, 2, 4, 6, 4 ],
				"width": 52,
				"height": 17
			},
			"small_island/ripple/03_1": { "x": 6.42, "y": -1.44, "rotation": -87.18, "width": 57, "height": 14 }
		},
		"small_island/ripple/02": {
			"small_island/ripple/01_2": {
				"type": "mesh",
				"uvs": [ 1, 1, 0, 1, 0, 0, 1, 0 ],
				"triangles": [ 1, 2, 3, 1, 3, 0 ],
				"vertices": [ 28.18, -5.52, -20.81, -5.52, -20.81, 17.46999, 28.18, 17.46999 ],
				"hull": 4,
				"edges": [ 0, 2, 2, 4, 4, 6, 0, 6 ],
				"width": 25,
				"height": 12
			},
			"small_island/ripple/03_2": { "x": 0.1, "y": -0.64, "width": 19, "height": 7 }
		},
		"small_island/ripple/03": {
			"small_island/ripple/01_3": {
				"type": "mesh",
				"uvs": [ 0.93322, 0.15019, 0.95639, 0.43714, 0.78306, 1, 0.35356, 1, 0, 0.46108, 0.09933, 0, 0.35684, 0.49493, 0.6528, 0.54463, 0.84251, 0 ],
				"triangles": [ 0, 7, 8, 4, 5, 6, 1, 7, 0, 3, 4, 6, 3, 6, 7, 2, 7, 1, 3, 7, 2 ],
				"vertices": [ 20.81, -35.16999, 11.15, -35.39, -4.71, -18.36, 1.27, 15.9, 16.75, 48.8, 30.35, 38.25, 15.22, 15.46, 11.9, -10.55, 26.95, -28.79 ],
				"hull": 9,
				"edges": [ 2, 4, 12, 10, 10, 8, 4, 6, 8, 6, 2, 0, 0, 16, 12, 14, 14, 16 ],
				"width": 41,
				"height": 17
			},
			"small_island/ripple/03_3": { "x": 9.75, "y": 3.02, "rotation": -93.43, "width": 79, "height": 22 }
		}
	}
},
"animations": {
	"run": {
		"slots": {
			"small_island": {
				"attachment": [
					{ "time": 0, "name": "small_island/ripple" }
				]
			},
			"small_island/ripple/01": {
				"color": [
					{ "time": 0, "color": "d2fdffff", "curve": "stepped" },
					{
						"time": 2.7,
						"color": "d2fdffff",
						"curve": [ 0.546, 0, 1, 1 ]
					},
					{ "time": 3.2, "color": "d2fdff00" }
				],
				"attachment": [
					{ "time": 0, "name": null },
					{ "time": 1.3333, "name": "small_island/ripple/01_1" },
					{ "time": 2.2, "name": "small_island/ripple/03_1" },
					{ "time": 3.2, "name": null }
				]
			},
			"small_island/ripple/02": {
				"color": [
					{ "time": 0, "color": "d2fdffff", "curve": "stepped" },
					{
						"time": 2.2,
						"color": "d2fdffff",
						"curve": [ 0.546, 0, 1, 1 ]
					},
					{ "time": 2.7, "color": "d2fdff00" }
				],
				"attachment": [
					{ "time": 0, "name": null },
					{ "time": 1.3333, "name": "small_island/ripple/01_2" },
					{ "time": 2.2, "name": "small_island/ripple/03_2" },
					{ "time": 2.7, "name": null }
				]
			},
			"small_island/ripple/03": {
				"color": [
					{ "time": 0, "color": "d2fdffff", "curve": "stepped" },
					{
						"time": 2.7,
						"color": "d2fdffff",
						"curve": [ 0.546, 0, 1, 1 ]
					},
					{ "time": 3.2, "color": "d2fdff00" }
				],
				"attachment": [
					{ "time": 0, "name": null },
					{ "time": 1.3333, "name": "small_island/ripple/01_3" },
					{ "time": 2.2, "name": "small_island/ripple/03_3" },
					{ "time": 3.2, "name": null }
				]
			}
		},
		"bones": {
			"root": {
				"rotate": [
					{ "time": 0, "angle": 0 }
				],
				"translate": [
					{ "time": 0, "x": 0, "y": 0 }
				],
				"scale": [
					{ "time": 0, "x": 1, "y": 1 }
				]
			},
			"small1": {
				"rotate": [
					{ "time": 0, "angle": -3.74 }
				],
				"translate": [
					{ "time": 0, "x": -6.5, "y": 24.8 }
				],
				"scale": [
					{ "time": 0, "x": 1.16, "y": 1.36 }
				]
			},
			"small_island/ripple/01": {
				"rotate": [
					{ "time": 0, "angle": -7.51, "curve": "stepped" },
					{
						"time": 2.2,
						"angle": -7.51,
						"curve": [ 0, 0, 0.75, 1 ]
					},
					{ "time": 3.2, "angle": -7.17 }
				],
				"translate": [
					{ "time": 0, "x": -9.33, "y": -20.07, "curve": "stepped" },
					{
						"time": 2.2,
						"x": -9.33,
						"y": -20.07,
						"curve": [ 0, 0, 0.75, 1 ]
					},
					{ "time": 3.2, "x": -3.24, "y": -22.49 }
				],
				"scale": [
					{ "time": 0, "x": 1.415, "y": 1.287, "curve": "stepped" },
					{
						"time": 2.2,
						"x": 1.415,
						"y": 1.287,
						"curve": [ 0, 0, 0.75, 1 ]
					},
					{ "time": 3.2, "x": 0.333, "y": 0.469 }
				]
			},
			"small_island/ripple/02": {
				"rotate": [
					{ "time": 0, "angle": -2.41, "curve": "stepped" },
					{ "time": 2.2, "angle": -2.41 },
					{ "time": 2.7, "angle": -9.87 }
				],
				"translate": [
					{ "time": 0, "x": -6.86, "y": -26.39, "curve": "stepped" },
					{ "time": 2.2, "x": -6.86, "y": -26.39 },
					{ "time": 2.7, "x": -4.56, "y": -28.52 }
				],
				"scale": [
					{ "time": 0, "x": 1.397, "y": 1, "curve": "stepped" },
					{ "time": 2.2, "x": 1.397, "y": 1 },
					{ "time": 2.7, "x": 0.466, "y": 1.045 }
				]
			},
			"small_island/ripple/03": {
				"rotate": [
					{ "time": 0, "angle": -4.15 }
				],
				"translate": [
					{ "time": 0, "x": -13.07, "y": -23.67, "curve": "stepped" },
					{
						"time": 1.3333,
						"x": -13.07,
						"y": -23.67,
						"curve": [ 0.345, 0.38, 0.689, 0.73 ]
					},
					{
						"time": 2.2,
						"x": -4.95,
						"y": -30.15,
						"curve": [ 0.401, 0.61, 0.752, 1 ]
					},
					{ "time": 3.2, "x": 0.57, "y": -34.56 }
				],
				"scale": [
					{ "time": 0, "x": 1.715, "y": 1.266, "curve": "stepped" },
					{
						"time": 2.2,
						"x": 1.715,
						"y": 1.266,
						"curve": [ 0, 0, 0.75, 1 ]
					},
					{ "time": 3.2, "x": 0.393, "y": 0.477 }
				]
			}
		},
		"deform": {
			"default": {
				"small_island": {
					"small_island/ripple": [
						{
							"time": 0,
							"vertices": [ -0.4238, -29.9649, -5.73578, 13.43384, 1.80928, 10.49192, 11.16732, 13.4391, 5.76709, 7.9941, 0.57819, 10.0892, -9.3161, 14.34054, -19.17783, 21.47572, -9.79592, 6.47204, -5.05187, 4.80557, -1.25312, -1.44147, 20.91107, -17.85015 ],
							"curve": [ 0.271, 0, 1, 1 ]
						},
						{
							"time": 1.3333,
							"vertices": [ -2.83247, -51.71444, -19.84063, -23.7095, -7.85201, -10.35475, 3.72532, 2.93512, 10.32907, -3.32755, 11.41658, -3.0138, 14.69455, -5.15423, 7.40843, -4.37803, 10.73543, -21.62696, 12.66231, -35.86122, -10.38018, 2.16237, 18.51228, -49.77217 ]
						},
						{
							"time": 1.8666,
							"vertices": [ 3.13939, -43.19953, -9.60907, -22.10984, -8.03629, -11.3575, -5.8464, 6.91589, 6.86817, 9.80651, 10.22081, 0.07171, 18.98389, -2.37847, -3.04923, 1.48026, 5.40463, -23.08618, 8.11467, -22.63984, -6.46566, -26.88527, 12.90086, -45.33291 ]
						},
						{
							"time": 2.2,
							"vertices": [ 0.83819, -45.08016, -8.0507, -14.45097, -3.12235, -3.69063, 0.09883, 15.2683, 15.20219, 5.23178, 15.77386, -4.13898, 11.75137, 2.75741, 4.76319, -0.06861, -0.08309, -19.24243, 4.17318, -19.50506, -3.73192, -24.2017, 16.9336, -44.08013 ]
						},
						{
							"time": 2.7666,
							"vertices": [ -2.08197, -47.72877, -13.45828, 0.65765, 0.11158, 10.07011, 10.77578, 12.21984, 23.55852, 3.79089, 20.59574, 5.43859, 23.23538, 4.78894, 6.58415, 1.31647, 1.20982, -11.54659, 2.59469, -20.92789, -1.05683, -19.20361, 21.70099, -43.045 ]
						},
						{
							"time": 3.4666,
							"vertices": [ -4.83037, -50.22158, -8.91095, 8.52538, 6.89441, 13.15765, 19.55375, 19.45431, 30.15238, 12.53835, 22.72501, 0.40643, 24.19786, -4.38227, -6.09567, 1.26916, 0.49829, -0.66044, 2.88017, -9.41867, -11.85145, -24.82299, 18.01522, -40.58645 ]
						},
						{
							"time": 4.5333,
							"vertices": [ -8.09453, -25.71919, -5.56983, 23.4885, 9.39147, 23.07066, 22.16426, 25.31436, 43.71805, 13.28178, 32.92694, 6.45098, 18.73693, 5.61507, -13.71783, 7.97827, -10.25109, 8.16375, -5.78129, 0.60016, 5.56482, -2.20826, 32.16845, -29.14284 ]
						},
						{
							"time": 5.7,
							"vertices": [ -1.44047, -43.83415, -8.73677, 12.53186, 7.80721, 24.26825, 18.9818, 16.03707, 17.78916, 7.87607, 11.86368, 2.50286, -1.20792, 8.75507, -22.8448, 26.16375, -18.24977, 21.24363, -7.03909, 24.84397, 15.33121, -3.96, 34.97458, -35.74181 ]
						},
						{
							"time": 6.8,
							"vertices": [ -0.4238, -29.9649, -5.73578, 13.43384, 1.80928, 10.49192, 11.16732, 13.4391, 5.76709, 7.9941, 0.57819, 10.0892, -9.3161, 14.34054, -19.17783, 21.47572, -9.79592, 6.47204, -5.05187, 4.80557, -1.25312, -1.44147, 20.91107, -17.85015 ]
						}
					]
				},
				"small_island/ripple/01": {
					"small_island/ripple/01_1": [
						{
							"time": 0,
							"vertices": [ -7.28012, 26.11345, 12.43694, 0.72569, 6.14931, -12.67277, -3.91914, -21.92743, -4.23803, -19.76779, 3.87695, -8.51178, 4.28953, 5.85513, -8.73233, 27.33726 ],
							"curve": "stepped"
						},
						{
							"time": 1.3333,
							"vertices": [ -7.28012, 26.11345, 12.43694, 0.72569, 6.14931, -12.67277, -3.91914, -21.92743, -4.23803, -19.76779, 3.87695, -8.51178, 4.28953, 5.85513, -8.73233, 27.33726 ]
						},
						{
							"time": 1.8666,
							"vertices": [ -13.88142, 22.94565, 5.12458, 3.28906, 1.92863, -15.02765, -12.28754, -22.5614, -14.17965, -15.03254, -3.6502, -3.75567, -2.87683, 5.67249, -14.90594, 22.65596 ]
						},
						{
							"time": 2.2,
							"vertices": [ -18.00724, 20.96577, 0.55435, 4.89117, -0.70928, -16.49945, -17.51779, -22.95764, -22.13982, -1.02369, -8.35467, -0.78311, -7.35582, 5.55834, -15.63401, 15.7088 ]
						}
					]
				},
				"small_island/ripple/02": {
					"small_island/ripple/01_2": [
						{
							"time": 0,
							"vertices": [ -15.2492, 8.88521, 7.36665, 12.92811, 0.64518, 5.23689, -2.30683, 4.50581 ],
							"curve": "stepped"
						},
						{
							"time": 1.3333,
							"vertices": [ -15.2492, 8.88521, 7.36665, 12.92811, 0.64518, 5.23689, -2.30683, 4.50581 ]
						},
						{
							"time": 1.8666,
							"vertices": [ -4.99876, 2.43339, 5.10897, 3.88834, 14.90195, -0.58664, -4.67384, 0.89114 ]
						},
						{
							"time": 2.2,
							"vertices": [ -16.25915, 2.61174, 11.1603, 0.14699, 17.74232, -3.65874, -21.49247, -5.22804 ]
						}
					]
				},
				"small_island/ripple/03": {
					"small_island/ripple/01_3": [
						{
							"time": 0,
							"vertices": [ -0.37278, 13.39114, 3.29823, 14.95532, 5.95909, 4.9893, 2.37055, 4.06134, -2.11849, -5.43954, -4.46431, -3.01304, 3.37736, 0.68905, 4.65466, 7.39141, -0.37278, 13.39114 ],
							"curve": "stepped"
						},
						{
							"time": 1.3333,
							"vertices": [ -0.37278, 13.39114, 3.29823, 14.95532, 5.95909, 4.9893, 2.37055, 4.06134, -2.11849, -5.43954, -4.46431, -3.01304, 3.37736, 0.68905, 4.65466, 7.39141, -0.37278, 13.39114 ]
						},
						{
							"time": 2.2,
							"vertices": [ -12.43162, 4.08691, -6.7507, 9.12644, 1.73593, 4.20724, 0.51212, 4.03352, 0.2259, -2.41522, -9.52187, 1.41534, -5.66185, 5.36621, -7.28997, -2.05284, -13.01088, -6.7451 ]
						}
					]
				}
			}
		},
		"drawOrder": [
			{ "time": 0 }
		]
	}
}
}