{
"skeleton": { "hash": "qbNRlwXbORnDoTQTgLRks01r78A", "spine": "3.4.02", "width": 760.23, "height": 731.86, "images": "" },
"bones": [
	{ "name": "root", "scaleX": 0.915, "scaleY": 0.915 },
	{ "name": "root2", "parent": "root", "x": 4.32, "y": -11.88 },
	{ "name": "shadow&light/lightlong", "parent": "root2", "rotation": -46.19, "x": -127.51, "y": -26.84 },
	{ "name": "shadow&light/lightlong2", "parent": "root2", "rotation": -46.19, "x": -54.96, "y": -10.27 },
	{ "name": "shadow&light/lightlong3", "parent": "root2", "rotation": -46.19, "x": 1.53, "y": -20.63, "scaleX": 0.642 },
	{ "name": "shadow&light/lightlong4", "parent": "root2", "rotation": -46.19, "x": -57.48, "y": -138.73, "scaleX": 0.419 },
	{ "name": "shadow&light/lightpoint", "parent": "root2", "x": -168.96, "y": -193.52, "scaleX": 0.595, "scaleY": 0.595 },
	{ "name": "shadow&light/lightpoint2", "parent": "root2", "x": -181.52, "y": -193.52, "scaleX": 0.595, "scaleY": 0.595 },
	{ "name": "shadow&light/lightpoint3", "parent": "root2", "x": -190.02, "y": -193.52, "scaleX": 0.595, "scaleY": 0.595 },
	{ "name": "shadow&light/lightpoint4", "parent": "root2", "x": -196.9, "y": -193.52, "scaleX": 0.595, "scaleY": 0.595 },
	{ "name": "shadow&light/lightpoint5", "parent": "root2", "x": -181.52, "y": -193.52, "scaleX": 0.595, "scaleY": 0.595 }
],
"slots": [
	{
		"name": "shadow&light/lightlong5",
		"bone": "shadow&light/lightlong",
		"attachment": "shadow&light/lightlong",
		"blend": "additive"
	},
	{
		"name": "shadow&light/lightlong2",
		"bone": "shadow&light/lightlong2",
		"attachment": "shadow&light/lightlong",
		"blend": "additive"
	},
	{
		"name": "shadow&light/lightlong3",
		"bone": "shadow&light/lightlong3",
		"attachment": "shadow&light/lightlong",
		"blend": "additive"
	},
	{
		"name": "shadow&light/lightlong4",
		"bone": "shadow&light/lightlong4",
		"attachment": "shadow&light/lightlong",
		"blend": "additive"
	},
	{
		"name": "shadow&light/lightpoint",
		"bone": "shadow&light/lightpoint",
		"attachment": "shadow&light/lightpoint",
		"blend": "additive"
	},
	{
		"name": "shadow&light/lightpoint4",
		"bone": "shadow&light/lightpoint4",
		"attachment": "shadow&light/lightpoint",
		"blend": "additive"
	},
	{
		"name": "shadow&light/lightpoint2",
		"bone": "shadow&light/lightpoint2",
		"attachment": "shadow&light/lightpoint",
		"blend": "additive"
	},
	{
		"name": "shadow&light/lightpoint5",
		"bone": "shadow&light/lightpoint5",
		"attachment": "shadow&light/lightpoint",
		"blend": "additive"
	},
	{
		"name": "shadow&light/lightpoint3",
		"bone": "shadow&light/lightpoint3",
		"attachment": "shadow&light/lightpoint",
		"blend": "additive"
	}
],
"skins": {
	"default": {
		"shadow&light/lightlong2": {
			"shadow&light/lightlong": { "color": "fffc4249", "x": 2.64, "y": -7.5, "scaleX": 0.611, "width": 138, "height": 893 }
		},
		"shadow&light/lightlong3": {
			"shadow&light/lightlong": { "color": "fffc425a", "x": 2.64, "y": -7.5, "scaleX": 0.327, "width": 138, "height": 893 }
		},
		"shadow&light/lightlong4": {
			"shadow&light/lightlong": { "color": "fffc425a", "x": 2.64, "y": -7.5, "width": 138, "height": 893 }
		},
		"shadow&light/lightlong5": {
			"shadow&light/lightlong": { "color": "fffc425a", "x": 2.64, "y": -7.5, "width": 138, "height": 893 }
		},
		"shadow&light/lightpoint": {
			"shadow&light/lightpoint": { "color": "fdffa495", "x": 0.85, "y": -0.2, "scaleX": 0.293, "scaleY": 0.293, "width": 53, "height": 67 }
		},
		"shadow&light/lightpoint2": {
			"shadow&light/lightpoint": { "color": "fdffa440", "x": 0.85, "y": -0.2, "scaleX": 0.293, "scaleY": 0.293, "width": 53, "height": 67 }
		},
		"shadow&light/lightpoint3": {
			"shadow&light/lightpoint": { "color": "fdffa440", "x": 0.85, "y": -0.2, "scaleX": 0.293, "scaleY": 0.293, "width": 53, "height": 67 }
		},
		"shadow&light/lightpoint4": {
			"shadow&light/lightpoint": { "color": "fdffa495", "x": 0.85, "y": -0.2, "scaleX": 0.293, "scaleY": 0.293, "width": 53, "height": 67 }
		},
		"shadow&light/lightpoint5": {
			"shadow&light/lightpoint": { "color": "fdffa440", "x": 0.85, "y": -0.2, "scaleX": 0.293, "scaleY": 0.293, "width": 53, "height": 67 }
		}
	}
},
"animations": {
	"run": {
		"slots": {
			"shadow&light/lightlong3": {
				"color": [
					{
						"time": 0,
						"color": "ffffffff",
						"curve": [ 0.25, 0, 0.75, 1 ]
					},
					{
						"time": 5.4666,
						"color": "ffffff35",
						"curve": [ 0.25, 0, 0.75, 1 ]
					},
					{
						"time": 9.1666,
						"color": "ffffffff",
						"curve": [ 0.25, 0, 0.75, 1 ]
					},
					{
						"time": 14.6333,
						"color": "ffffff35",
						"curve": [ 0.25, 0, 0.75, 1 ]
					},
					{ "time": 18.3333, "color": "ffffffff" }
				]
			},
			"shadow&light/lightpoint": {
				"color": [
					{
						"time": 0,
						"color": "ffffff00",
						"curve": [ 0.25, 0, 0.75, 1 ]
					},
					{
						"time": 1.6666,
						"color": "ffffffdd",
						"curve": [ 0.25, 0, 0.75, 1 ]
					},
					{
						"time": 3.3333,
						"color": "ffffff7e",
						"curve": [ 0.25, 0, 0.75, 1 ]
					},
					{
						"time": 5.1333,
						"color": "ffffffff",
						"curve": [ 0.25, 0, 0.75, 1 ]
					},
					{
						"time": 6.0333,
						"color": "ffffff82",
						"curve": [ 0.25, 0, 0.75, 1 ]
					},
					{
						"time": 7.1,
						"color": "ffffffff",
						"curve": [ 0.25, 0, 0.75, 1 ]
					},
					{ "time": 8.4, "color": "ffffff00", "curve": "stepped" },
					{ "time": 9.7333, "color": "ffffff00" },
					{
						"time": 10.2666,
						"color": "ffffffff",
						"curve": [ 0.25, 0, 0.75, 1 ]
					},
					{
						"time": 13.4,
						"color": "ffffffb0",
						"curve": [ 0.25, 0, 0.75, 1 ]
					},
					{
						"time": 13.9,
						"color": "ffffff82",
						"curve": [ 0.25, 0, 0.75, 1 ]
					},
					{ "time": 14.4, "color": "ffffff00" }
				]
			},
			"shadow&light/lightpoint2": {
				"color": [
					{ "time": 0, "color": "ffffff00" },
					{ "time": 0.4, "color": "ffffffff", "curve": "stepped" },
					{ "time": 7.4333, "color": "ffffffff" },
					{ "time": 8.2333, "color": "ffffff00", "curve": "stepped" },
					{ "time": 8.8, "color": "ffffff00" },
					{ "time": 9.2, "color": "ffffffff", "curve": "stepped" },
					{ "time": 13.9666, "color": "ffffffff" },
					{ "time": 14.7333, "color": "ffffff00" }
				]
			},
			"shadow&light/lightpoint3": {
				"color": [
					{ "time": 0, "color": "ffffff00", "curve": "stepped" },
					{ "time": 2.3666, "color": "ffffff00" },
					{ "time": 3.2333, "color": "ffffff67" },
					{ "time": 5.8, "color": "ffffffff", "curve": "stepped" },
					{ "time": 9.3666, "color": "ffffffff" },
					{ "time": 10.1333, "color": "ffffff00", "curve": "stepped" },
					{ "time": 10.5333, "color": "ffffff00" },
					{ "time": 11.1, "color": "ffffffff", "curve": "stepped" },
					{ "time": 14.2, "color": "ffffffff" },
					{ "time": 14.7666, "color": "ffffff00" }
				]
			},
			"shadow&light/lightpoint4": {
				"color": [
					{ "time": 0, "color": "ffffff00" },
					{ "time": 1.1666, "color": "ffffffaf" },
					{ "time": 4.5666, "color": "ffffffc1" },
					{ "time": 6.5333, "color": "ffffffaf" },
					{ "time": 7.7333, "color": "ffffff00", "curve": "stepped" },
					{ "time": 8.5666, "color": "ffffff00" },
					{ "time": 9.3333, "color": "ffffff99" },
					{ "time": 12.0333, "color": "ffffffff", "curve": "stepped" },
					{ "time": 12.7666, "color": "ffffffff" },
					{ "time": 13.9, "color": "ffffff00" }
				]
			},
			"shadow&light/lightpoint5": {
				"color": [
					{ "time": 0, "color": "ffffff00" },
					{ "time": 1.3333, "color": "ffffffff", "curve": "stepped" },
					{ "time": 7.5666, "color": "ffffffff" },
					{ "time": 8.9666, "color": "ffffff00", "curve": "stepped" },
					{ "time": 9.3666, "color": "ffffff00" },
					{ "time": 10.5666, "color": "ffffffff", "curve": "stepped" },
					{ "time": 15.9666, "color": "ffffffff" },
					{ "time": 18.1666, "color": "ffffff00" }
				]
			}
		},
		"bones": {
			"shadow&light/lightlong": {
				"rotate": [
					{ "time": 0, "angle": 0, "curve": "stepped" },
					{ "time": 9.1666, "angle": 0, "curve": "stepped" },
					{ "time": 18.3333, "angle": 0 }
				],
				"translate": [
					{ "time": 0, "x": 0, "y": 0, "curve": "stepped" },
					{
						"time": 2.0333,
						"x": 0,
						"y": 0,
						"curve": [ 0.25, 0, 0.75, 1 ]
					},
					{
						"time": 10.4666,
						"x": 41.04,
						"y": -42.78,
						"curve": [ 0.25, 0, 0.75, 1 ]
					},
					{ "time": 18.3333, "x": 0, "y": 0 }
				],
				"scale": [
					{
						"time": 0,
						"x": 1,
						"y": 1,
						"curve": [ 0.25, 0, 0.75, 1 ]
					},
					{
						"time": 4.5666,
						"x": 0.149,
						"y": 1,
						"curve": [ 0.25, 0, 0.75, 1 ]
					},
					{
						"time": 9.1666,
						"x": 1,
						"y": 1,
						"curve": [ 0.25, 0, 0.75, 1 ]
					},
					{
						"time": 13.7333,
						"x": 0.149,
						"y": 1,
						"curve": [ 0.25, 0, 0.75, 1 ]
					},
					{ "time": 18.3333, "x": 1, "y": 1 }
				]
			},
			"shadow&light/lightlong2": {
				"rotate": [
					{ "time": 0, "angle": 0, "curve": "stepped" },
					{ "time": 9.1666, "angle": 0, "curve": "stepped" },
					{ "time": 18.3333, "angle": 0 }
				],
				"translate": [
					{
						"time": 0,
						"x": -41.99,
						"y": 135.13,
						"curve": [ 0.25, 0, 0.75, 1 ]
					},
					{
						"time": 7.4,
						"x": -48.73,
						"y": 142.15,
						"curve": [ 0.25, 0, 0.75, 1 ]
					},
					{ "time": 15.4, "x": -41.99, "y": 135.13, "curve": "stepped" },
					{ "time": 18.3333, "x": -41.99, "y": 135.13 }
				],
				"scale": [
					{
						"time": 0,
						"x": 1,
						"y": 1,
						"curve": [ 0.25, 0, 0.75, 1 ]
					},
					{
						"time": 3.7,
						"x": 0.199,
						"y": 1,
						"curve": [ 0.25, 0, 0.75, 1 ]
					},
					{
						"time": 9.1666,
						"x": 1,
						"y": 1,
						"curve": [ 0.25, 0, 0.75, 1 ]
					},
					{
						"time": 12.8666,
						"x": 0.199,
						"y": 1,
						"curve": [ 0.25, 0, 0.75, 1 ]
					},
					{ "time": 18.3333, "x": 1, "y": 1 }
				]
			},
			"shadow&light/lightlong3": {
				"rotate": [
					{ "time": 0, "angle": 0, "curve": "stepped" },
					{ "time": 9.1666, "angle": 0, "curve": "stepped" },
					{ "time": 18.3333, "angle": 0 }
				],
				"translate": [
					{
						"time": 0,
						"x": -26.08,
						"y": 118.54,
						"curve": [ 0.25, 0, 0.75, 1 ]
					},
					{
						"time": 9.1666,
						"x": -68.23,
						"y": 162.48,
						"curve": [ 0.25, 0, 0.75, 1 ]
					},
					{ "time": 18.3333, "x": -26.08, "y": 118.54 }
				],
				"scale": [
					{
						"time": 0,
						"x": 1,
						"y": 1,
						"curve": [ 0.25, 0, 0.75, 1 ]
					},
					{
						"time": 1.9,
						"x": 0.518,
						"y": 1,
						"curve": [ 0.25, 0, 0.75, 1 ]
					},
					{
						"time": 5.4666,
						"x": 3.32,
						"y": 1,
						"curve": [ 0.25, 0, 0.75, 1 ]
					},
					{
						"time": 9.1666,
						"x": 1,
						"y": 1,
						"curve": [ 0.25, 0, 0.75, 1 ]
					},
					{
						"time": 11.0666,
						"x": 0.518,
						"y": 1,
						"curve": [ 0.25, 0, 0.75, 1 ]
					},
					{
						"time": 14.6333,
						"x": 3.32,
						"y": 1,
						"curve": [ 0.25, 0, 0.75, 1 ]
					},
					{ "time": 18.3333, "x": 1, "y": 1 }
				]
			},
			"shadow&light/lightlong4": {
				"rotate": [
					{ "time": 0, "angle": 0, "curve": "stepped" },
					{ "time": 9.1666, "angle": 0, "curve": "stepped" },
					{ "time": 18.3333, "angle": 0 }
				],
				"translate": [
					{
						"time": 0,
						"x": -16.14,
						"y": 108.18,
						"curve": [ 0.25, 0, 0.75, 1 ]
					},
					{
						"time": 11.6333,
						"x": -39.52,
						"y": 132.55,
						"curve": [ 0.25, 0, 0.75, 1 ]
					},
					{ "time": 18.3333, "x": -16.14, "y": 108.18 }
				],
				"scale": [
					{
						"time": 0,
						"x": 1,
						"y": 1,
						"curve": [ 0.25, 0, 0.75, 1 ]
					},
					{
						"time": 5.2,
						"x": 0.244,
						"y": 1,
						"curve": [ 0.25, 0, 0.75, 1 ]
					},
					{
						"time": 9.1666,
						"x": 1,
						"y": 1,
						"curve": [ 0.25, 0, 0.75, 1 ]
					},
					{
						"time": 14.3666,
						"x": 0.244,
						"y": 1,
						"curve": [ 0.25, 0, 0.75, 1 ]
					},
					{ "time": 18.3333, "x": 1, "y": 1 }
				]
			},
			"shadow&light/lightpoint": {
				"translate": [
					{
						"time": 0,
						"x": 0,
						"y": -25.31,
						"curve": [ 0.315, 0, 0.649, 0.34 ]
					},
					{
						"time": 1.8333,
						"x": 7.32,
						"y": -7.87,
						"curve": [ 0.314, 0.21, 0.649, 0.55 ]
					},
					{
						"time": 4.2666,
						"x": -2.27,
						"y": 49.55,
						"curve": [ 0.321, 0.27, 0.655, 0.61 ]
					},
					{
						"time": 6.4333,
						"x": 17.62,
						"y": 124.5,
						"curve": [ 0.324, 0.3, 0.658, 0.63 ]
					},
					{ "time": 8.4, "x": 0, "y": 206.11 },
					{ "time": 9.7333, "x": -15.7, "y": 167.37 },
					{ "time": 11.8333, "x": -26.17, "y": 216.43 },
					{ "time": 13.9666, "x": -5.1, "y": 270.2 },
					{ "time": 16.1, "x": -15.7, "y": 321.28 }
				]
			},
			"shadow&light/lightpoint2": {
				"translate": [
					{ "time": 0, "x": -30.36, "y": 45.02 },
					{ "time": 2.9666, "x": -47.04, "y": 102.16 },
					{ "time": 5.3666, "x": -20.68, "y": 148.39 },
					{ "time": 7.9666, "x": -30.36, "y": 198.47 },
					{ "time": 8.8, "x": -50.37, "y": 158.44 },
					{ "time": 11, "x": -70.35, "y": 192.09 },
					{ "time": 13.7, "x": -61.83, "y": 233.39 },
					{ "time": 17.6333, "x": -75.39, "y": 293.55 }
				],
				"scale": [
					{ "time": 0, "x": 0.762, "y": 0.762 }
				]
			},
			"shadow&light/lightpoint3": {
				"translate": [
					{ "time": 2.9, "x": 75.57, "y": -7.43 },
					{ "time": 5, "x": 110.22, "y": 48.32 },
					{ "time": 7.2, "x": 121.01, "y": 106.73 },
					{ "time": 9.6666, "x": 167.26, "y": 172.22 },
					{ "time": 10.8, "x": 107.72, "y": 246.3 },
					{ "time": 14.6333, "x": 160.32, "y": 332.98 }
				]
			},
			"shadow&light/lightpoint4": {
				"translate": [
					{ "time": 0, "x": 87.17, "y": 97.77 },
					{ "time": 0.5, "x": 96.37, "y": 106.97 },
					{ "time": 3.1666, "x": 88.22, "y": 186.44 },
					{ "time": 5.5, "x": 124.66, "y": 264.03 },
					{ "time": 7.4666, "x": 131.14, "y": 329.43 },
					{ "time": 7.7333, "x": 105.57, "y": 268.43 },
					{ "time": 8.8333, "x": -80.1, "y": 23.55 },
					{ "time": 10.4, "x": -89.24, "y": 74.72 },
					{ "time": 12.1, "x": -70.11, "y": 132.6 },
					{ "time": 13.6666, "x": -68.32, "y": 181.41 }
				],
				"scale": [
					{ "time": 8.8333, "x": 1, "y": 1 }
				]
			},
			"shadow&light/lightpoint5": {
				"translate": [
					{ "time": 0, "x": 13.07, "y": 48.56, "curve": "stepped" },
					{ "time": 0.5333, "x": 13.07, "y": 48.56 },
					{ "time": 2.6666, "x": 38.88, "y": 83.67 },
					{ "time": 5.5, "x": 39.23, "y": 130.29 },
					{ "time": 8.5, "x": 61.59, "y": 179.65, "curve": "stepped" },
					{ "time": 8.9666, "x": 61.59, "y": 179.65 },
					{ "time": 9.3666, "x": 0, "y": 0, "curve": "stepped" },
					{ "time": 9.7666, "x": 0, "y": 0 },
					{ "time": 12.0333, "x": -5.76, "y": 53.4 },
					{ "time": 15.1333, "x": 21.15, "y": 126.43 },
					{ "time": 17.9333, "x": 2.8, "y": 192.4 }
				]
			}
		}
	}
}
}