{
"skeleton": { "hash": "Va7BXxWH7FoRrrxUZi1lfdvHBv4", "spine": "3.4.02", "width": 1202.52, "height": 1777.68, "images": "./picture/" },
"bones": [
	{ "name": "root", "x": 980.39, "y": 2548.92, "scaleX": 0.42, "scaleY": 0.42 },
	{ "name": "water", "parent": "root", "x": -1017.39, "y": 2286.51, "scaleX": 1.152, "scaleY": 1.152 },
	{ "name": "lakelight1", "parent": "water", "x": -265.24, "y": 964.42, "scaleX": 1.152, "scaleY": 1.152 },
	{ "name": "lakelight2", "parent": "water", "x": 85.59, "y": 274.01, "scaleX": 1.432, "scaleY": 1.432 },
	{ "name": "lakelight3", "parent": "water", "rotation": -22.45, "x": 431.92, "y": -886.28, "scaleX": 1.152, "scaleY": 1.152 },
	{ "name": "lakelight4", "parent": "water", "x": -537.33, "y": 1648.1, "scaleX": 1.152, "scaleY": 1.152 },
	{ "name": "lakelight5", "parent": "water", "x": -870.81, "y": 1346.85, "scaleX": 1.152, "scaleY": 1.152 },
	{ "name": "sealianyi1", "parent": "water", "x": 443.45, "y": -1388.1, "scaleX": 1.254, "scaleY": 1.254 },
	{
		"name": "shui/shui1_06",
		"parent": "water",
		"length": 13.7,
		"rotation": -139.08,
		"x": -598.01,
		"y": 1951.12,
		"scaleX": 1.152,
		"scaleY": 1.152
	},
	{
		"name": "shui/shui1_6",
		"parent": "water",
		"length": 20.82,
		"rotation": -152.93,
		"x": -572.06,
		"y": 1926.33,
		"scaleX": 1.152,
		"scaleY": 1.152
	},
	{ "name": "shui/shui1_9", "parent": "water", "rotation": 71.08, "x": -598.67, "y": 1834.7, "scaleX": 1.152, "scaleY": 1.152 },
	{ "name": "shui/shui1_10", "parent": "water", "rotation": -4.04, "x": -868.89, "y": 1557.02, "scaleX": 1.381, "scaleY": 1.152 },
	{ "name": "shui/shui1_11", "parent": "water", "rotation": 57.56, "x": -687.8, "y": 1693.11, "scaleX": 1.152, "scaleY": 1.152 },
	{
		"name": "shui/shui1_13",
		"parent": "water",
		"length": 25.71,
		"rotation": 163.49,
		"x": -582.11,
		"y": 1829.52,
		"scaleX": 1.152,
		"scaleY": 1.152
	},
	{
		"name": "shui/shui1_22",
		"parent": "water",
		"length": 19,
		"rotation": 156.98,
		"x": -647.9,
		"y": 1714.9,
		"scaleX": 1.152,
		"scaleY": 1.152
	},
	{
		"name": "shui/shui1_23",
		"parent": "water",
		"length": 22.17,
		"rotation": 67.06,
		"x": -1129.18,
		"y": 1548.04,
		"scaleX": 1.152,
		"scaleY": 1.152
	},
	{
		"name": "shui/shui1_24",
		"parent": "water",
		"length": 23.16,
		"rotation": 106.14,
		"x": -1301.33,
		"y": 1353,
		"scaleX": 1.152,
		"scaleY": 1.152
	},
	{
		"name": "shui/shui1_25",
		"parent": "water",
		"length": 21.82,
		"rotation": 141.67,
		"x": -581.96,
		"y": 1813.05,
		"scaleX": 0.819,
		"scaleY": 0.819
	},
	{
		"name": "shui/shui1_30",
		"parent": "water",
		"length": 14.68,
		"rotation": 113.49,
		"x": -951.79,
		"y": 1436.13,
		"scaleX": 1.152,
		"scaleY": 1.152
	},
	{
		"name": "shui/shui1_31",
		"parent": "water",
		"length": 18.26,
		"rotation": 115.46,
		"x": -1263.49,
		"y": 1432.58,
		"scaleX": 1.152,
		"scaleY": 1.152
	},
	{ "name": "wf1/lianyi1", "parent": "water", "x": -270.34, "y": 1030.13, "scaleX": 1.19, "scaleY": 1.19 },
	{ "name": "wf1/zhuan1", "parent": "water", "x": -277.29, "y": 1502.05, "scaleX": 1.152, "scaleY": 1.152 },
	{ "name": "wf2/lianyi1", "parent": "water", "x": 74.79, "y": 436.57, "scaleX": 1.262, "scaleY": 1.262 },
	{ "name": "wf2/zhuan1", "parent": "water", "x": 53.92, "y": 627.24, "scaleX": 1.152, "scaleY": 1.152 },
	{ "name": "wf3/lianyi3", "parent": "water", "x": 457.09, "y": -812.53, "scaleX": 1.247, "scaleY": 1.247 }
],
"slots": [
	{ "name": "lakelight21", "bone": "lakelight4", "attachment": "lakelight4" },
	{ "name": "lakelight23", "bone": "lakelight5", "attachment": "lakelight4" },
	{ "name": "lakelight20", "bone": "lakelight4", "attachment": "lakelight3" },
	{ "name": "shui/shui1_06", "bone": "shui/shui1_06", "attachment": "shui/shui1_06" },
	{ "name": "shui/shui1_22", "bone": "shui/shui1_22", "attachment": "shui/shui1_22" },
	{ "name": "shui/shui1_30", "bone": "shui/shui1_30", "attachment": "shui/shui1_30" },
	{ "name": "shui/shui1_23", "bone": "shui/shui1_23", "attachment": "shui/shui1_22" },
	{ "name": "shui/shui1_9", "bone": "shui/shui1_9", "attachment": "shui/shui1_09" },
	{ "name": "shui/shui1_11", "bone": "shui/shui1_11", "attachment": "shui/shui1_09" },
	{ "name": "shui/shui1_10", "bone": "shui/shui1_10", "attachment": "shui/shui1_09" },
	{ "name": "shui/shui1_24", "bone": "shui/shui1_24", "attachment": "shui/shui1_22" },
	{ "name": "shui/shui1_31", "bone": "shui/shui1_31", "attachment": "shui/shui1_30" },
	{ "name": "shui/shui1_25", "bone": "shui/shui1_25", "attachment": "shui/shui1_22" },
	{ "name": "shui/shui1_6", "bone": "shui/shui1_6", "attachment": "shui/shui1_06" },
	{ "name": "shui/shui1_13", "bone": "shui/shui1_13", "attachment": "shui/shui1_12" },
	{ "name": "lakelight5", "bone": "lakelight4", "attachment": "lakelight1" },
	{ "name": "lakelight25", "bone": "lakelight5", "attachment": "lakelight1" },
	{ "name": "lakelight1", "bone": "lakelight1", "attachment": "lakelight1" },
	{ "name": "lakelight15", "bone": "lakelight3", "attachment": "lakelight1" },
	{ "name": "lakelight7", "bone": "lakelight2", "attachment": "lakelight1" },
	{ "name": "lakelight2", "bone": "lakelight1", "attachment": "lakelight2" },
	{ "name": "lakelight13", "bone": "lakelight4", "attachment": "lakelight2" },
	{ "name": "lakelight26", "bone": "lakelight5", "attachment": "lakelight2" },
	{ "name": "lakelight16", "bone": "lakelight3", "attachment": "lakelight2" },
	{ "name": "lakelight8", "bone": "lakelight2", "attachment": "lakelight2" },
	{ "name": "lakelight3", "bone": "lakelight1", "attachment": "lakelight3" },
	{ "name": "lakelight17", "bone": "lakelight3", "attachment": "lakelight3" },
	{ "name": "lakelight9", "bone": "lakelight2", "attachment": "lakelight3" },
	{ "name": "lakelight4", "bone": "lakelight1", "attachment": "lakelight4" },
	{ "name": "lakelight18", "bone": "lakelight3", "attachment": "lakelight4" },
	{ "name": "lakelight10", "bone": "lakelight2", "attachment": "lakelight4" },
	{ "name": "lakelight6", "bone": "lakelight1", "attachment": "lakelight2" },
	{ "name": "lakelight22", "bone": "lakelight4", "attachment": "lakelight2" },
	{ "name": "lakelight19", "bone": "lakelight3", "attachment": "lakelight2" },
	{ "name": "lakelight11", "bone": "lakelight2", "attachment": "lakelight2" },
	{ "name": "lakelight12", "bone": "lakelight2", "attachment": "lakelight1" },
	{ "name": "lakelight14", "bone": "lakelight2", "attachment": "lakelight3" },
	{ "name": "wf1/lianyi1", "bone": "wf1/lianyi1", "attachment": "wf1/lianyi7" },
	{ "name": "wf2/lianyi1", "bone": "wf2/lianyi1", "attachment": "wf2/lianyi8" },
	{ "name": "wf3/lianyi1", "bone": "wf3/lianyi3", "attachment": "wf3/lianyi4" },
	{ "name": "shui/tu_03", "bone": "root", "attachment": "shui/tu_03" },
	{ "name": "shui/shui2_40", "bone": "root", "attachment": "shui/shui2_39" },
	{ "name": "shui/shui2_58", "bone": "root", "attachment": "shui/shui2_57" },
	{ "name": "shui/shui2_54", "bone": "root", "attachment": "shui/shui2_53" },
	{ "name": "wf1/zhuan1", "bone": "wf1/zhuan1", "attachment": "wf1/zhuan3" },
	{ "name": "wf2/zhuan1", "bone": "wf2/zhuan1", "attachment": "wf2/zhuan3" },
	{ "name": "sea/lianyi1", "bone": "sealianyi1", "attachment": "sea/lianyi2" }
],
"skins": {
	"default": {
		"lakelight1": {
			"lakelight1": { "x": -20.63, "y": -37.01, "scaleX": 2, "scaleY": 2, "width": 60, "height": 39 }
		},
		"lakelight10": {
			"lakelight4": { "x": 12.81, "y": -5.36, "scaleX": 2, "scaleY": 2, "width": 60, "height": 58 }
		},
		"lakelight11": {
			"lakelight2": { "x": 139.21, "y": 80.05, "scaleX": -2.12, "scaleY": 2, "rotation": 0.87, "width": 53, "height": 31 }
		},
		"lakelight12": {
			"lakelight1": { "x": -98.77, "y": -0.96, "scaleX": 2, "scaleY": 2, "width": 60, "height": 39 }
		},
		"lakelight13": {
			"lakelight2": { "x": -55.14, "y": 6.67, "scaleX": 2, "scaleY": 2, "width": 53, "height": 31 }
		},
		"lakelight14": {
			"lakelight3": { "x": 117.31, "y": 21.23, "scaleX": 2, "scaleY": 2, "width": 61, "height": 57 }
		},
		"lakelight15": {
			"lakelight1": { "x": -20.2, "y": -39.1, "scaleX": 2, "scaleY": 2, "width": 60, "height": 39 }
		},
		"lakelight16": {
			"lakelight2": { "x": -46.82, "y": 10, "scaleX": 2, "scaleY": 2, "width": 53, "height": 31 }
		},
		"lakelight17": {
			"lakelight3": { "x": -40.18, "y": 8.06, "scaleX": 2, "scaleY": 2, "width": 61, "height": 57 }
		},
		"lakelight18": {
			"lakelight4": { "x": 7.48, "y": -14.66, "scaleX": 2, "scaleY": 2, "width": 60, "height": 58 }
		},
		"lakelight19": {
			"lakelight2": { "x": 46.56, "y": 45.49, "scaleX": 2, "scaleY": 2, "width": 53, "height": 31 }
		},
		"lakelight2": {
			"lakelight2": { "x": -46.82, "y": 10, "scaleX": 2, "scaleY": 2, "width": 53, "height": 31 }
		},
		"lakelight20": {
			"lakelight3": { "x": -30.4, "y": 10.87, "scaleX": 2, "scaleY": 2, "width": 61, "height": 57 }
		},
		"lakelight21": {
			"lakelight4": { "x": 17.44, "y": -16.24, "scaleX": 2, "scaleY": 1.32, "width": 60, "height": 58 }
		},
		"lakelight22": {
			"lakelight2": { "x": 60.35, "y": 80.91, "scaleX": 2, "scaleY": 2, "width": 53, "height": 31 }
		},
		"lakelight23": {
			"lakelight4": { "x": -16.15, "y": 1.68, "scaleX": 1.94, "scaleY": 1.46, "width": 60, "height": 58 }
		},
		"lakelight25": {
			"lakelight1": { "x": -2.04, "y": -5.73, "scaleX": 2, "scaleY": 1.36, "rotation": -5.64, "width": 60, "height": 39 }
		},
		"lakelight26": {
			"lakelight2": { "x": -42.54, "y": 3.48, "scaleX": 2, "scaleY": 2, "width": 53, "height": 31 }
		},
		"lakelight3": {
			"lakelight3": { "x": -30.4, "y": 10.87, "scaleX": 2, "scaleY": 2, "width": 61, "height": 57 }
		},
		"lakelight4": {
			"lakelight4": { "x": 7.45, "y": -14.57, "scaleX": 2, "scaleY": 2, "width": 60, "height": 58 }
		},
		"lakelight5": {
			"lakelight1": { "x": -23.96, "y": -30.35, "scaleX": 2, "scaleY": 2, "width": 60, "height": 39 }
		},
		"lakelight6": {
			"lakelight2": { "x": 33.71, "y": 60.93, "scaleX": 2, "scaleY": 2, "width": 53, "height": 31 }
		},
		"lakelight7": {
			"lakelight1": { "x": -20.63, "y": -37.01, "scaleX": 2, "scaleY": 2, "width": 60, "height": 39 }
		},
		"lakelight8": {
			"lakelight2": { "x": 80.29, "y": 0.82, "scaleX": 2, "scaleY": 2, "width": 53, "height": 31 }
		},
		"lakelight9": {
			"lakelight3": { "x": -30.4, "y": 17.1, "scaleX": 2, "scaleY": 2, "width": 61, "height": 57 }
		},
		"sea/lianyi1": {
			"sea/lianyi1": { "x": 41.74, "y": -18.33, "scaleX": 2, "scaleY": 2, "width": 402, "height": 188 },
			"sea/lianyi2": { "x": 37.37, "y": -13.87, "scaleX": 2, "scaleY": 2, "width": 408, "height": 217 },
			"sea/lianyi3": { "x": 35.51, "y": -24.44, "scaleX": 2, "scaleY": 2, "width": 410, "height": 222 },
			"sea/lianyi4": { "x": 25.53, "y": -42.81, "scaleX": 2, "scaleY": 2, "width": 416, "height": 226 },
			"sea/lianyi5": { "x": 22.95, "y": -46.11, "scaleX": 2, "scaleY": 2, "width": 421, "height": 231 },
			"sea/lianyi6": { "x": 11.23, "y": -64.53, "scaleX": 2, "scaleY": 2, "width": 429, "height": 241 }
		},
		"shui/shui1_06": {
			"shui/shui1_06": { "x": 18.95, "y": 8.58, "scaleX": 1.7, "scaleY": 1.7, "rotation": 139.08, "width": 28, "height": 59 }
		},
		"shui/shui1_10": {
			"shui/shui1_09": { "x": -3.15, "y": 4.31, "scaleX": 1.02, "scaleY": 1.02, "rotation": -19.97, "width": 109, "height": 58 }
		},
		"shui/shui1_11": {
			"shui/shui1_09": { "x": -5.31, "y": 6.19, "scaleX": 1.02, "scaleY": 1.02, "rotation": -25.82, "width": 109, "height": 58 }
		},
		"shui/shui1_13": {
			"shui/shui1_12": { "x": 60.13, "y": 2.94, "scaleX": 2, "scaleY": 2, "rotation": -138.35, "width": 80, "height": 63 }
		},
		"shui/shui1_22": {
			"shui/shui1_22": { "x": 33.76, "y": -1.5, "scaleX": 1.7, "scaleY": 1.7, "rotation": -102.52, "width": 104, "height": 42 }
		},
		"shui/shui1_23": {
			"shui/shui1_22": { "x": 33.52, "y": -7.49, "scaleX": 2.16, "scaleY": 1.62, "rotation": -94.28, "width": 104, "height": 42 }
		},
		"shui/shui1_24": {
			"shui/shui1_22": { "x": 37.45, "y": 7.01, "scaleX": 2, "scaleY": 2, "rotation": -106.14, "width": 104, "height": 42 }
		},
		"shui/shui1_25": {
			"shui/shui1_22": { "x": 38.86, "y": 3.68, "scaleX": 2, "scaleY": 2, "rotation": -109.65, "width": 104, "height": 42 }
		},
		"shui/shui1_30": {
			"shui/shui1_30": { "x": 27.35, "y": 6.76, "scaleX": 1.7, "scaleY": 1.7, "rotation": -113.49, "width": 144, "height": 61 }
		},
		"shui/shui1_31": {
			"shui/shui1_30": { "x": 36.14, "y": 28.36, "scaleX": 2, "scaleY": 2, "rotation": -115.46, "width": 144, "height": 61 }
		},
		"shui/shui1_6": {
			"shui/shui1_06": { "x": 24.41, "y": 11.9, "scaleX": 2, "scaleY": 2, "rotation": 142.12, "width": 28, "height": 59 }
		},
		"shui/shui1_9": {
			"shui/shui1_09": { "x": -5.31, "y": 6.19, "scaleX": 1.02, "scaleY": 1.02, "rotation": -25.82, "width": 109, "height": 58 }
		},
		"shui/shui2_40": {
			"shui/shui2_39": { "x": -930.21, "y": 2913.7, "scaleX": 3.5, "scaleY": 2, "width": 3, "height": 91 }
		},
		"shui/shui2_54": {
			"shui/shui2_53": { "x": -944.9, "y": 2855.82, "scaleX": 2.04, "scaleY": 2.04, "width": 5, "height": 52 }
		},
		"shui/shui2_58": {
			"shui/shui2_57": { "x": -970.25, "y": 2804.54, "scaleX": 2, "scaleY": 2, "width": 4, "height": 33 }
		},
		"shui/tu_03": {
			"shui/tu_03": { "x": -1326.16, "y": 3790.83, "scaleX": 2, "scaleY": 2, "width": 19, "height": 22 }
		},
		"wf1/lianyi1": {
			"wf1/lianyi1": { "x": -5.89, "y": -39.53, "scaleX": 2, "scaleY": 2, "width": 145, "height": 107 },
			"wf1/lianyi2": { "x": -4.13, "y": -41.84, "scaleX": 2, "scaleY": 2, "width": 148, "height": 111 },
			"wf1/lianyi3": { "x": -5.03, "y": -29.85, "scaleX": 2, "scaleY": 2, "width": 140, "height": 97 },
			"wf1/lianyi4": { "x": -1.1, "y": -36.32, "scaleX": 2, "scaleY": 2, "width": 140, "height": 100 },
			"wf1/lianyi5": { "x": -1.03, "y": -37.57, "scaleX": 2, "scaleY": 2, "width": 142, "height": 106 },
			"wf1/lianyi6": { "x": -6.47, "y": -37.19, "scaleX": 2, "scaleY": 2, "width": 142, "height": 105 },
			"wf1/lianyi7": { "x": -4.19, "y": -42.39, "scaleX": 2, "scaleY": 2, "width": 139, "height": 107 }
		},
		"wf1/zhuan1": {
			"wf1/zhuan1": { "x": -4.71, "y": -6.22, "scaleX": 2, "scaleY": 2, "width": 35, "height": 31 },
			"wf1/zhuan2": { "x": -4.71, "y": -6.22, "scaleX": 2, "scaleY": 2, "width": 36, "height": 33 },
			"wf1/zhuan3": { "x": -4.71, "y": -6.22, "scaleX": 2, "scaleY": 2, "width": 36, "height": 31 }
		},
		"wf2/lianyi1": {
			"wf2/lianyi1": { "x": -8.75, "y": -86.14, "scaleX": 2, "scaleY": 2, "width": 224, "height": 182 },
			"wf2/lianyi2": { "x": -13.45, "y": -86.4, "scaleX": 2, "scaleY": 2, "width": 233, "height": 189 },
			"wf2/lianyi3": { "x": -2.13, "y": -95.88, "scaleX": 2, "scaleY": 2, "width": 234, "height": 194 },
			"wf2/lianyi4": { "x": 2.74, "y": -99.01, "scaleX": 2, "scaleY": 2, "width": 236, "height": 195 },
			"wf2/lianyi5": { "x": 8.44, "y": -101.97, "scaleX": 2, "scaleY": 2, "width": 234, "height": 197 },
			"wf2/lianyi6": { "x": 0.79, "y": -91.67, "scaleX": 2, "scaleY": 2, "width": 237, "height": 190 },
			"wf2/lianyi7": { "x": 1.72, "y": -93.32, "scaleX": 2, "scaleY": 2, "width": 240, "height": 199 },
			"wf2/lianyi8": { "x": -7.11, "y": -88.06, "scaleX": 2, "scaleY": 2, "width": 245, "height": 188 }
		},
		"wf2/zhuan1": {
			"wf2/zhuan1": { "x": 2.36, "y": -5.69, "scaleX": 2, "scaleY": 2, "width": 22, "height": 24 },
			"wf2/zhuan2": { "x": 3.56, "y": -4.5, "scaleX": 2, "scaleY": 2, "width": 22, "height": 28 },
			"wf2/zhuan3": { "x": 3.56, "y": -3.31, "scaleX": 2, "scaleY": 2, "width": 21, "height": 25 }
		},
		"wf3/lianyi1": {
			"wf3/lianyi1": { "x": -12.69, "y": -62.37, "scaleX": 2, "scaleY": 2, "width": 165, "height": 94 },
			"wf3/lianyi2": { "x": -14.03, "y": -64.16, "scaleX": 2, "scaleY": 2, "width": 163, "height": 95 },
			"wf3/lianyi3": { "x": -11.01, "y": -53.71, "scaleX": 2, "scaleY": 2, "width": 164, "height": 82 },
			"wf3/lianyi4": { "x": -11.53, "y": -59.83, "scaleX": 2, "scaleY": 2, "width": 165, "height": 88 }
		}
	}
},
"animations": {
	"run": {
		"slots": {
			"lakelight1": {
				"color": [
					{ "time": 0, "color": "ffffffff" },
					{ "time": 0.8333, "color": "ffffff00" },
					{ "time": 1.6, "color": "ffffffff" },
					{ "time": 2.3333, "color": "ffffff00" },
					{ "time": 3, "color": "ffffffff" }
				],
				"attachment": [
					{ "time": 0, "name": "lakelight1" }
				]
			},
			"lakelight2": {
				"color": [
					{ "time": 0, "color": "ffffffaf" },
					{ "time": 0.2666, "color": "ffffffff" },
					{ "time": 1.1666, "color": "ffffff00" },
					{ "time": 2, "color": "ffffffff" },
					{ "time": 2.6666, "color": "ffffff00" },
					{ "time": 3, "color": "ffffffce" }
				],
				"attachment": [
					{ "time": 0, "name": "lakelight2" }
				]
			},
			"lakelight3": {
				"color": [
					{ "time": 0, "color": "ffffffff", "curve": "stepped" },
					{ "time": 0.3, "color": "ffffffff" },
					{ "time": 1.1, "color": "ffffff00" },
					{ "time": 1.9, "color": "fffffffa" },
					{ "time": 3, "color": "ffffffff" }
				],
				"attachment": [
					{ "time": 0, "name": "lakelight3" }
				]
			},
			"lakelight4": {
				"color": [
					{ "time": 0, "color": "ffffffa0" },
					{ "time": 0.5666, "color": "ffffff00" },
					{ "time": 1.1, "color": "ffffffff" },
					{ "time": 1.7, "color": "ffffff00" },
					{ "time": 2.3333, "color": "ffffffff" },
					{ "time": 2.7666, "color": "ffffff00" },
					{ "time": 3, "color": "ffffffa0" }
				],
				"attachment": [
					{ "time": 0, "name": "lakelight4" }
				]
			},
			"lakelight5": {
				"color": [
					{ "time": 0, "color": "ffffffff" },
					{ "time": 1.4333, "color": "ffffff00" },
					{ "time": 3, "color": "ffffffff" }
				],
				"attachment": [
					{ "time": 0, "name": "lakelight1" }
				]
			},
			"lakelight6": {
				"color": [
					{ "time": 0, "color": "ffffffff" },
					{ "time": 0.6333, "color": "ffffff00" },
					{ "time": 1.5333, "color": "ffffffff" },
					{ "time": 2.2666, "color": "ffffff00" },
					{ "time": 3, "color": "ffffffff" }
				],
				"attachment": [
					{ "time": 0, "name": "lakelight2" }
				]
			},
			"lakelight7": {
				"color": [
					{ "time": 0, "color": "ffffffff" },
					{ "time": 0.6666, "color": "ffffff00" },
					{ "time": 1.3, "color": "ffffffff" },
					{ "time": 2.1, "color": "ffffff00" },
					{ "time": 3, "color": "ffffffff" }
				],
				"attachment": [
					{ "time": 0, "name": "lakelight1" }
				]
			},
			"lakelight8": {
				"color": [
					{ "time": 0, "color": "ffffffff" },
					{ "time": 1.4666, "color": "ffffff00" },
					{ "time": 3, "color": "ffffffff" }
				],
				"attachment": [
					{ "time": 0, "name": "lakelight2" }
				]
			},
			"lakelight9": {
				"color": [
					{ "time": 0, "color": "ffffffff" },
					{ "time": 1, "color": "ffffff00" },
					{ "time": 1.8, "color": "ffffffff" },
					{ "time": 2.4333, "color": "ffffff00" },
					{ "time": 3, "color": "ffffffff" }
				],
				"attachment": [
					{ "time": 0, "name": "lakelight3" }
				]
			},
			"lakelight10": {
				"color": [
					{ "time": 0, "color": "ffffff00" },
					{ "time": 0.6333, "color": "ffffffff" },
					{ "time": 1.3666, "color": "ffffff00" },
					{ "time": 2.1, "color": "ffffffff", "curve": "stepped" },
					{ "time": 3, "color": "ffffffff" }
				],
				"attachment": [
					{ "time": 0, "name": "lakelight4" }
				]
			},
			"lakelight11": {
				"color": [
					{ "time": 0, "color": "ffffffff" },
					{ "time": 1.1333, "color": "ffffff00" },
					{ "time": 1.8666, "color": "ffffffff" },
					{ "time": 2.6, "color": "ffffff00" },
					{ "time": 3, "color": "ffffffff" }
				],
				"attachment": [
					{ "time": 0, "name": "lakelight2" }
				]
			},
			"lakelight12": {
				"color": [
					{ "time": 0, "color": "ffffff00" },
					{ "time": 1.5666, "color": "ffffffff" },
					{ "time": 3, "color": "ffffff00" }
				],
				"attachment": [
					{ "time": 0, "name": "lakelight1" }
				]
			},
			"lakelight13": {
				"color": [
					{ "time": 0, "color": "ffffffff" },
					{ "time": 0.9666, "color": "ffffff00" },
					{ "time": 3, "color": "ffffffff" }
				],
				"attachment": [
					{ "time": 0, "name": "lakelight2" }
				]
			},
			"lakelight14": {
				"color": [
					{ "time": 0, "color": "ffffff00" },
					{ "time": 0.9, "color": "fffffffd" },
					{ "time": 1.6666, "color": "ffffff00" },
					{ "time": 2.3, "color": "ffffffff" },
					{ "time": 3, "color": "ffffff01" }
				],
				"attachment": [
					{ "time": 0, "name": "lakelight3" }
				]
			},
			"lakelight15": {
				"color": [
					{ "time": 0, "color": "ffffffff" },
					{ "time": 1.5333, "color": "ffffff00" },
					{ "time": 3, "color": "ffffffff" }
				],
				"attachment": [
					{ "time": 0, "name": "lakelight1" }
				]
			},
			"lakelight16": {
				"color": [
					{ "time": 0, "color": "ffffff00" },
					{ "time": 1.5333, "color": "ffffffff" },
					{ "time": 3, "color": "ffffff00" }
				],
				"attachment": [
					{ "time": 0, "name": "lakelight2" }
				]
			},
			"lakelight17": {
				"color": [
					{ "time": 0, "color": "ffffffff" },
					{ "time": 0.6, "color": "ffffff00" },
					{ "time": 1.4, "color": "ffffffff" },
					{ "time": 2.2, "color": "ffffff00" },
					{ "time": 3, "color": "ffffffff" }
				],
				"attachment": [
					{ "time": 0, "name": "lakelight3" }
				]
			},
			"lakelight18": {
				"color": [
					{ "time": 0, "color": "ffffff00" },
					{ "time": 1.3666, "color": "ffffffff" },
					{ "time": 3, "color": "ffffff00" }
				],
				"attachment": [
					{ "time": 0, "name": "lakelight4" }
				]
			},
			"lakelight19": {
				"color": [
					{ "time": 0, "color": "ffffffff" },
					{ "time": 1.5666, "color": "ffffff00" },
					{ "time": 3, "color": "ffffffff" }
				],
				"attachment": [
					{ "time": 0, "name": "lakelight2" }
				]
			},
			"lakelight20": {
				"color": [
					{ "time": 0, "color": "ffffff00" },
					{ "time": 1.5333, "color": "ffffffff" },
					{ "time": 3, "color": "ffffff00" }
				],
				"attachment": [
					{ "time": 0, "name": "lakelight3" }
				]
			},
			"lakelight21": {
				"color": [
					{ "time": 0, "color": "ffffff00" },
					{ "time": 1.3, "color": "ffffffff" },
					{ "time": 3, "color": "ffffff00" }
				],
				"attachment": [
					{ "time": 0, "name": "lakelight4" }
				]
			},
			"lakelight22": {
				"color": [
					{ "time": 0, "color": "ffffffff" },
					{ "time": 1.6666, "color": "ffffff00" },
					{ "time": 3, "color": "ffffffff" }
				],
				"attachment": [
					{ "time": 0, "name": "lakelight2" }
				]
			},
			"lakelight23": {
				"color": [
					{ "time": 0, "color": "ffffffff" },
					{ "time": 1.2666, "color": "ffffff00" },
					{ "time": 3, "color": "ffffffff" }
				],
				"attachment": [
					{ "time": 0, "name": "lakelight4" }
				]
			},
			"lakelight25": {
				"color": [
					{ "time": 0, "color": "ffffffff" },
					{ "time": 1.5666, "color": "ffffff00" },
					{ "time": 3, "color": "ffffffff" }
				],
				"attachment": [
					{ "time": 0, "name": "lakelight1" }
				]
			},
			"lakelight26": {
				"color": [
					{ "time": 0, "color": "ffffff00" },
					{ "time": 1.4666, "color": "ffffffff" },
					{ "time": 3, "color": "ffffff00" }
				],
				"attachment": [
					{ "time": 0, "name": "lakelight2" }
				]
			},
			"sea/lianyi1": {
				"attachment": [
					{ "time": 0, "name": "sea/lianyi1" },
					{ "time": 0.1, "name": "sea/lianyi2" },
					{ "time": 0.2, "name": "sea/lianyi3" },
					{ "time": 0.3, "name": "sea/lianyi4" },
					{ "time": 0.4, "name": "sea/lianyi5" },
					{ "time": 0.5, "name": "sea/lianyi6" },
					{ "time": 0.6, "name": "sea/lianyi1" },
					{ "time": 0.7, "name": "sea/lianyi2" },
					{ "time": 0.8, "name": "sea/lianyi3" },
					{ "time": 0.9, "name": "sea/lianyi4" },
					{ "time": 1, "name": "sea/lianyi5" },
					{ "time": 1.1, "name": "sea/lianyi6" },
					{ "time": 1.2, "name": "sea/lianyi1" },
					{ "time": 1.3, "name": "sea/lianyi2" },
					{ "time": 1.4, "name": "sea/lianyi3" },
					{ "time": 1.5, "name": "sea/lianyi4" },
					{ "time": 1.6, "name": "sea/lianyi5" },
					{ "time": 1.7, "name": "sea/lianyi6" },
					{ "time": 1.8, "name": "sea/lianyi1" },
					{ "time": 1.9, "name": "sea/lianyi2" },
					{ "time": 2, "name": "sea/lianyi3" },
					{ "time": 2.1, "name": "sea/lianyi4" },
					{ "time": 2.2, "name": "sea/lianyi5" },
					{ "time": 2.3, "name": "sea/lianyi6" },
					{ "time": 2.4, "name": "sea/lianyi1" },
					{ "time": 2.5, "name": "sea/lianyi2" },
					{ "time": 2.6, "name": "sea/lianyi3" },
					{ "time": 2.7, "name": "sea/lianyi4" },
					{ "time": 2.8, "name": "sea/lianyi5" },
					{ "time": 2.9, "name": "sea/lianyi6" },
					{ "time": 3, "name": "sea/lianyi1" }
				]
			},
			"shui/shui1_06": {
				"color": [
					{
						"time": 0,
						"color": "ffffffff",
						"curve": [ 0.697, 0, 0.85, 1 ]
					},
					{ "time": 2.4333, "color": "ffffff00" }
				],
				"attachment": [
					{ "time": 0, "name": "shui/shui1_06" },
					{ "time": 2.4333, "name": null }
				]
			},
			"shui/shui1_6": {
				"color": [
					{
						"time": 0,
						"color": "ffffff9f",
						"curve": [ 0.431, 0.55, 0.716, 1 ]
					},
					{ "time": 1, "color": "ffffff00", "curve": "stepped" },
					{
						"time": 1.3333,
						"color": "ffffffff",
						"curve": [ 0.543, 0, 0.822, 0.57 ]
					},
					{ "time": 3, "color": "ffffff9f" }
				],
				"attachment": [
					{ "time": 0, "name": "shui/shui1_06" },
					{ "time": 1, "name": null },
					{ "time": 1.3333, "name": "shui/shui1_06" }
				]
			},
			"shui/shui1_9": {
				"attachment": [
					{ "time": 0, "name": "shui/shui1_09" }
				]
			},
			"shui/shui1_10": {
				"attachment": [
					{ "time": 0, "name": null },
					{ "time": 0.3333, "name": "shui/shui1_09" }
				]
			},
			"shui/shui1_11": {
				"attachment": [
					{ "time": 0, "name": "shui/shui1_09" }
				]
			},
			"shui/shui1_13": {
				"color": [
					{
						"time": 0,
						"color": "fffffffa",
						"curve": [ 0.652, 0.2, 0.827, 1 ]
					},
					{ "time": 1.6666, "color": "ffffff00", "curve": "stepped" },
					{
						"time": 2.3333,
						"color": "ffffffff",
						"curve": [ 0.368, 0, 0.7, 0.36 ]
					},
					{ "time": 3, "color": "fffffffa" }
				],
				"attachment": [
					{ "time": 0, "name": "shui/shui1_12" },
					{ "time": 1.6666, "name": null },
					{ "time": 2.3333, "name": "shui/shui1_12" }
				]
			},
			"shui/shui1_22": {
				"color": [
					{
						"time": 0,
						"color": "ffffffff",
						"curve": [ 0.5, 0, 0.854, 1 ]
					},
					{ "time": 2.3333, "color": "ffffff00" }
				],
				"attachment": [
					{ "time": 0, "name": "shui/shui1_22" },
					{ "time": 2.3333, "name": null }
				]
			},
			"shui/shui1_23": {
				"color": [
					{
						"time": 0,
						"color": "ffffffda",
						"curve": [ 0.57, 0.46, 0.788, 1 ]
					},
					{ "time": 1.3333, "color": "ffffff00", "curve": "stepped" },
					{
						"time": 1.8333,
						"color": "ffffffff",
						"curve": [ 0.479, 0, 0.788, 0.46 ]
					},
					{ "time": 3, "color": "ffffffda" }
				],
				"attachment": [
					{ "time": 0, "name": "shui/shui1_22" },
					{ "time": 1.3333, "name": null },
					{ "time": 1.8333, "name": "shui/shui1_22" }
				]
			},
			"shui/shui1_24": {
				"color": [
					{ "time": 0, "color": "ffffffff", "curve": "stepped" },
					{
						"time": 1,
						"color": "ffffffff",
						"curve": [ 0.748, 0, 0.877, 1 ]
					},
					{ "time": 3, "color": "ffffff00" }
				],
				"attachment": [
					{ "time": 0, "name": null },
					{ "time": 1, "name": "shui/shui1_22" },
					{ "time": 3, "name": null }
				]
			},
			"shui/shui1_25": {
				"color": [
					{ "time": 0, "color": "ffffffff", "curve": "stepped" },
					{
						"time": 0.6666,
						"color": "ffffffff",
						"curve": [ 0.69, 0, 0.854, 0.99 ]
					},
					{ "time": 3, "color": "ffffff00" }
				],
				"attachment": [
					{ "time": 0, "name": null },
					{ "time": 0.6666, "name": "shui/shui1_22" },
					{ "time": 3, "name": null }
				]
			},
			"shui/shui1_30": {
				"color": [
					{
						"time": 0,
						"color": "ffffffff",
						"curve": [ 0.748, 0, 0.877, 1 ]
					},
					{ "time": 2.6666, "color": "ffffff00" }
				],
				"attachment": [
					{ "time": 0, "name": "shui/shui1_30" }
				]
			},
			"shui/shui1_31": {
				"attachment": [
					{ "time": 0, "name": "shui/shui1_30" }
				]
			},
			"shui/shui2_40": {
				"attachment": [
					{ "time": 0, "name": "shui/shui2_39" }
				]
			},
			"shui/shui2_54": {
				"attachment": [
					{ "time": 0, "name": "shui/shui2_53" }
				]
			},
			"shui/shui2_58": {
				"attachment": [
					{ "time": 0, "name": "shui/shui2_57" }
				]
			},
			"shui/tu_03": {
				"attachment": [
					{ "time": 0, "name": "shui/tu_03" }
				]
			},
			"wf1/lianyi1": {
				"attachment": [
					{ "time": 0, "name": "wf1/lianyi1" },
					{ "time": 0.1, "name": "wf1/lianyi2" },
					{ "time": 0.2333, "name": "wf1/lianyi3" },
					{ "time": 0.3333, "name": "wf1/lianyi4" },
					{ "time": 0.4, "name": "wf1/lianyi5" },
					{ "time": 0.5333, "name": "wf1/lianyi6" },
					{ "time": 0.6333, "name": "wf1/lianyi7" },
					{ "time": 0.7666, "name": "wf1/lianyi1" },
					{ "time": 0.8666, "name": "wf1/lianyi2" },
					{ "time": 0.9666, "name": "wf1/lianyi3" },
					{ "time": 1.1, "name": "wf1/lianyi4" },
					{ "time": 1.1666, "name": "wf1/lianyi5" },
					{ "time": 1.2666, "name": "wf1/lianyi6" },
					{ "time": 1.4, "name": "wf1/lianyi7" },
					{ "time": 1.5, "name": "wf1/lianyi1" },
					{ "time": 1.6, "name": "wf1/lianyi2" },
					{ "time": 1.7333, "name": "wf1/lianyi3" },
					{ "time": 1.8333, "name": "wf1/lianyi4" },
					{ "time": 1.9, "name": "wf1/lianyi5" },
					{ "time": 2.0333, "name": "wf1/lianyi6" },
					{ "time": 2.1333, "name": "wf1/lianyi7" },
					{ "time": 2.2666, "name": "wf1/lianyi1" },
					{ "time": 2.3666, "name": "wf1/lianyi2" },
					{ "time": 2.4666, "name": "wf1/lianyi3" },
					{ "time": 2.6, "name": "wf1/lianyi4" },
					{ "time": 2.6666, "name": "wf1/lianyi5" },
					{ "time": 2.7666, "name": "wf1/lianyi6" },
					{ "time": 2.9, "name": "wf1/lianyi7" },
					{ "time": 3, "name": "wf1/lianyi1" }
				]
			},
			"wf1/zhuan1": {
				"attachment": [
					{ "time": 0, "name": "wf1/zhuan1" },
					{ "time": 0.1, "name": "wf1/zhuan2" },
					{ "time": 0.2666, "name": "wf1/zhuan3" },
					{ "time": 0.3333, "name": "wf1/zhuan1" },
					{ "time": 0.4666, "name": "wf1/zhuan2" },
					{ "time": 0.6, "name": "wf1/zhuan3" },
					{ "time": 0.7, "name": "wf1/zhuan1" },
					{ "time": 0.8666, "name": "wf1/zhuan2" },
					{ "time": 0.9666, "name": "wf1/zhuan3" },
					{ "time": 1.0666, "name": "wf1/zhuan1" },
					{ "time": 1.2, "name": "wf1/zhuan2" },
					{ "time": 1.3, "name": "wf1/zhuan3" },
					{ "time": 1.4333, "name": "wf1/zhuan1" },
					{ "time": 1.5666, "name": "wf1/zhuan2" },
					{ "time": 1.7, "name": "wf1/zhuan3" },
					{ "time": 1.8333, "name": "wf1/zhuan1" },
					{ "time": 1.9666, "name": "wf1/zhuan2" },
					{ "time": 2.0666, "name": "wf1/zhuan3" },
					{ "time": 2.2, "name": "wf1/zhuan1" },
					{ "time": 2.3333, "name": "wf1/zhuan2" },
					{ "time": 2.4333, "name": "wf1/zhuan3" },
					{ "time": 2.6, "name": "wf1/zhuan1" },
					{ "time": 2.7, "name": "wf1/zhuan2" },
					{ "time": 2.8666, "name": "wf1/zhuan3" },
					{ "time": 2.9666, "name": "wf1/zhuan1" },
					{ "time": 3, "name": "wf1/zhuan1" }
				]
			},
			"wf2/lianyi1": {
				"attachment": [
					{ "time": 0, "name": "wf2/lianyi1" },
					{ "time": 0.1, "name": "wf2/lianyi2" },
					{ "time": 0.2, "name": "wf2/lianyi3" },
					{ "time": 0.3, "name": "wf2/lianyi4" },
					{ "time": 0.4, "name": "wf2/lianyi5" },
					{ "time": 0.5333, "name": "wf2/lianyi6" },
					{ "time": 0.6, "name": "wf2/lianyi7" },
					{ "time": 0.6666, "name": "wf2/lianyi8" },
					{ "time": 0.7666, "name": "wf2/lianyi1" },
					{ "time": 0.8666, "name": "wf2/lianyi2" },
					{ "time": 0.9333, "name": "wf2/lianyi3" },
					{ "time": 1.0666, "name": "wf2/lianyi4" },
					{ "time": 1.1666, "name": "wf2/lianyi5" },
					{ "time": 1.2666, "name": "wf2/lianyi6" },
					{ "time": 1.3666, "name": "wf2/lianyi7" },
					{ "time": 1.4333, "name": "wf2/lianyi8" },
					{ "time": 1.5, "name": "wf2/lianyi1" },
					{ "time": 1.6, "name": "wf2/lianyi2" },
					{ "time": 1.7, "name": "wf2/lianyi3" },
					{ "time": 1.8, "name": "wf2/lianyi4" },
					{ "time": 1.9, "name": "wf2/lianyi5" },
					{ "time": 2.0333, "name": "wf2/lianyi6" },
					{ "time": 2.1, "name": "wf2/lianyi7" },
					{ "time": 2.1666, "name": "wf2/lianyi8" },
					{ "time": 2.2666, "name": "wf2/lianyi1" },
					{ "time": 2.3666, "name": "wf2/lianyi2" },
					{ "time": 2.4333, "name": "wf2/lianyi3" },
					{ "time": 2.5666, "name": "wf2/lianyi4" },
					{ "time": 2.6666, "name": "wf2/lianyi5" },
					{ "time": 2.7666, "name": "wf2/lianyi6" },
					{ "time": 2.8666, "name": "wf2/lianyi7" },
					{ "time": 2.9333, "name": "wf2/lianyi8" },
					{ "time": 3, "name": "wf2/lianyi1" }
				]
			},
			"wf2/zhuan1": {
				"attachment": [
					{ "time": 0, "name": "wf2/zhuan3" },
					{ "time": 0.1, "name": "wf2/zhuan2" },
					{ "time": 0.2, "name": "wf2/zhuan3" },
					{ "time": 0.3, "name": "wf2/zhuan1" },
					{ "time": 0.3666, "name": "wf2/zhuan2" },
					{ "time": 0.5, "name": "wf2/zhuan3" },
					{ "time": 0.6, "name": "wf2/zhuan1" },
					{ "time": 0.6666, "name": "wf2/zhuan2" },
					{ "time": 0.8, "name": "wf2/zhuan3" },
					{ "time": 0.9, "name": "wf2/zhuan1" },
					{ "time": 0.9666, "name": "wf2/zhuan2" },
					{ "time": 1.1, "name": "wf2/zhuan3" },
					{ "time": 1.2, "name": "wf2/zhuan1" },
					{ "time": 1.2666, "name": "wf2/zhuan2" },
					{ "time": 1.4, "name": "wf2/zhuan3" },
					{ "time": 1.5, "name": "wf2/zhuan1" },
					{ "time": 1.5666, "name": "wf2/zhuan2" },
					{ "time": 1.7, "name": "wf2/zhuan3" },
					{ "time": 1.8, "name": "wf2/zhuan1" },
					{ "time": 1.9, "name": "wf2/zhuan2" },
					{ "time": 2.0333, "name": "wf2/zhuan3" },
					{ "time": 2.1333, "name": "wf2/zhuan1" },
					{ "time": 2.2, "name": "wf2/zhuan2" },
					{ "time": 2.3333, "name": "wf2/zhuan3" },
					{ "time": 2.4333, "name": "wf2/zhuan1" },
					{ "time": 2.5, "name": "wf2/zhuan2" },
					{ "time": 2.6333, "name": "wf2/zhuan3" },
					{ "time": 2.7, "name": "wf2/zhuan1" },
					{ "time": 2.8, "name": "wf2/zhuan2" },
					{ "time": 2.9333, "name": "wf2/zhuan3" },
					{ "time": 3, "name": "wf2/zhuan3" }
				]
			},
			"wf3/lianyi1": {
				"attachment": [
					{ "time": 0, "name": "wf3/lianyi1" },
					{ "time": 0.1, "name": "wf3/lianyi2" },
					{ "time": 0.2, "name": "wf3/lianyi3" },
					{ "time": 0.3333, "name": "wf3/lianyi4" },
					{ "time": 0.4333, "name": "wf3/lianyi1" },
					{ "time": 0.5333, "name": "wf3/lianyi2" },
					{ "time": 0.6333, "name": "wf3/lianyi3" },
					{ "time": 0.7666, "name": "wf3/lianyi4" },
					{ "time": 0.8666, "name": "wf3/lianyi1" },
					{ "time": 0.9666, "name": "wf3/lianyi2" },
					{ "time": 1.0666, "name": "wf3/lianyi3" },
					{ "time": 1.1666, "name": "wf3/lianyi4" },
					{ "time": 1.3, "name": "wf3/lianyi1" },
					{ "time": 1.4, "name": "wf3/lianyi2" },
					{ "time": 1.5, "name": "wf3/lianyi3" },
					{ "time": 1.6, "name": "wf3/lianyi4" },
					{ "time": 1.7, "name": "wf3/lianyi1" },
					{ "time": 1.8333, "name": "wf3/lianyi2" },
					{ "time": 1.9333, "name": "wf3/lianyi3" },
					{ "time": 2.0333, "name": "wf3/lianyi4" },
					{ "time": 2.1333, "name": "wf3/lianyi1" },
					{ "time": 2.2666, "name": "wf3/lianyi2" },
					{ "time": 2.3666, "name": "wf3/lianyi3" },
					{ "time": 2.4666, "name": "wf3/lianyi4" },
					{ "time": 2.5666, "name": "wf3/lianyi1" },
					{ "time": 2.6666, "name": "wf3/lianyi2" },
					{ "time": 2.8, "name": "wf3/lianyi3" },
					{ "time": 2.9, "name": "wf3/lianyi4" },
					{ "time": 3, "name": "wf3/lianyi1" }
				]
			}
		},
		"bones": {
			"lakelight2": {
				"rotate": [
					{ "time": 0, "angle": 0 }
				],
				"translate": [
					{ "time": 0, "x": 2.47, "y": 24.69 }
				],
				"scale": [
					{ "time": 0, "x": 1, "y": 1 }
				]
			},
			"wf2/zhuan1": {
				"rotate": [
					{ "time": 0, "angle": 0 }
				],
				"translate": [
					{ "time": 0, "x": -1.91, "y": 27.32 }
				],
				"scale": [
					{ "time": 0, "x": 1.116, "y": 1.116 }
				]
			},
			"wf1/lianyi1": {
				"rotate": [
					{ "time": 0, "angle": 0 }
				],
				"translate": [
					{ "time": 0, "x": 3.43, "y": 15.14 }
				],
				"scale": [
					{ "time": 0, "x": 1, "y": 1 }
				]
			},
			"lakelight3": {
				"rotate": [
					{ "time": 0, "angle": 0 }
				],
				"translate": [
					{ "time": 0, "x": -12.9, "y": 43.84 }
				],
				"scale": [
					{ "time": 0, "x": 1, "y": 1 }
				]
			},
			"lakelight1": {
				"rotate": [
					{ "time": 0, "angle": 0 }
				],
				"translate": [
					{ "time": 0, "x": 0, "y": 0 }
				],
				"scale": [
					{ "time": 0, "x": 1, "y": 1 }
				]
			},
			"shui/shui1_30": {
				"rotate": [
					{ "time": 0, "angle": -11.09 }
				],
				"translate": [
					{
						"time": 0,
						"x": -32.23,
						"y": 66.58,
						"curve": [ 0, 0, 0.85, 1 ]
					},
					{ "time": 2.6666, "x": -15.67, "y": -8.71 }
				],
				"scale": [
					{
						"time": 0,
						"x": 1,
						"y": 1,
						"curve": [ 0, 0, 0.85, 1 ]
					},
					{ "time": 2.6666, "x": 0.534, "y": 0.636 }
				]
			},
			"shui/shui1_25": {
				"rotate": [
					{ "time": 0, "angle": 0 }
				],
				"translate": [
					{ "time": 0, "x": -12.78, "y": -22.83, "curve": "stepped" },
					{
						"time": 0.6666,
						"x": -12.78,
						"y": -22.83,
						"curve": [ 0, 0, 0.75, 1 ]
					},
					{ "time": 3, "x": 21.01, "y": -49.55 }
				],
				"scale": [
					{ "time": 0, "x": 1, "y": 1, "curve": "stepped" },
					{
						"time": 0.6666,
						"x": 1,
						"y": 1,
						"curve": [ 0, 0, 0.75, 1 ]
					},
					{ "time": 3, "x": 0.843, "y": 0.843 }
				]
			},
			"wf1/zhuan1": {
				"rotate": [
					{ "time": 0, "angle": 0 }
				],
				"translate": [
					{ "time": 0, "x": 0, "y": 0 }
				],
				"scale": [
					{ "time": 0, "x": 1.051, "y": 1.051 }
				]
			},
			"wf2/lianyi1": {
				"rotate": [
					{ "time": 0, "angle": 0 }
				],
				"translate": [
					{ "time": 0, "x": 0.59, "y": -5.26 }
				],
				"scale": [
					{ "time": 0, "x": 0.971, "y": 0.971 }
				]
			},
			"sealianyi1": {
				"rotate": [
					{ "time": 0, "angle": 0 }
				],
				"translate": [
					{ "time": 0, "x": -9.35, "y": 51.38 }
				],
				"scale": [
					{ "time": 0, "x": 0.98, "y": 0.98 }
				]
			},
			"wf3/lianyi3": {
				"rotate": [
					{ "time": 0, "angle": 0 }
				],
				"translate": [
					{ "time": 0, "x": -12.9, "y": 43.84 }
				],
				"scale": [
					{ "time": 0, "x": 1, "y": 1 }
				]
			},
			"shui/shui1_31": {
				"rotate": [
					{ "time": 0, "angle": -19.64 }
				],
				"translate": [
					{ "time": 0, "x": 285.52, "y": 103.27 }
				],
				"scale": [
					{ "time": 0, "x": 0.392, "y": 0.493 }
				]
			},
			"shui/shui1_9": {
				"rotate": [
					{
						"time": 0,
						"angle": 1.79,
						"curve": [ 0.318, 0.28, 0.663, 0.65 ]
					},
					{
						"time": 0.7666,
						"angle": 4.71,
						"curve": [ 0.277, 0, 0.621, 0.39 ]
					},
					{
						"time": 1.5,
						"angle": 3.01,
						"curve": [ 0.313, 0.26, 0.655, 0.62 ]
					},
					{ "time": 2.2666, "angle": 0 },
					{
						"time": 2.6333,
						"angle": 0.52,
						"curve": [ 0.317, 0.23, 0.651, 0.57 ]
					},
					{ "time": 3, "angle": 1.79 }
				],
				"translate": [
					{
						"time": 0,
						"x": 0,
						"y": -1.51,
						"curve": [ 0.318, 0.28, 0.663, 0.65 ]
					},
					{
						"time": 0.7666,
						"x": 0,
						"y": -3.98,
						"curve": [ 0.277, 0, 0.621, 0.39 ]
					},
					{
						"time": 1.5,
						"x": 0,
						"y": -2.54,
						"curve": [ 0.313, 0.26, 0.655, 0.62 ]
					},
					{ "time": 2.2666, "x": 0, "y": 0 },
					{
						"time": 2.6333,
						"x": 0,
						"y": -0.44,
						"curve": [ 0.317, 0.23, 0.651, 0.57 ]
					},
					{ "time": 3, "x": 0, "y": -1.51 }
				],
				"scale": [
					{
						"time": 0,
						"x": 1.205,
						"y": 1.108,
						"curve": [ 0.318, 0.28, 0.663, 0.65 ]
					},
					{
						"time": 0.7666,
						"x": 1.54,
						"y": 1.285,
						"curve": [ 0.277, 0, 0.621, 0.39 ]
					},
					{
						"time": 1.5,
						"x": 1.344,
						"y": 1.182,
						"curve": [ 0.313, 0.26, 0.655, 0.62 ]
					},
					{ "time": 2.2666, "x": 1, "y": 1 },
					{
						"time": 2.6333,
						"x": 1.066,
						"y": 1.035,
						"curve": [ 0.311, 0.24, 0.647, 0.59 ]
					},
					{ "time": 3, "x": 1.205, "y": 1.108 }
				]
			},
			"lakelight4": {
				"rotate": [
					{ "time": 0, "angle": 0 }
				],
				"translate": [
					{ "time": 0, "x": 0, "y": 0 }
				],
				"scale": [
					{ "time": 0, "x": 1, "y": 1 }
				]
			},
			"shui/shui1_23": {
				"rotate": [
					{ "time": 0, "angle": 4.45 }
				],
				"translate": [
					{
						"time": 0,
						"x": 13.97,
						"y": -75.37,
						"curve": [ 0.344, 0.46, 0.791, 1 ]
					},
					{ "time": 1.3333, "x": 3.9, "y": -105.49, "curve": "stepped" },
					{
						"time": 1.8333,
						"x": 25.08,
						"y": -42.11,
						"curve": [ 0, 0, 0.437, 0.46 ]
					},
					{ "time": 3, "x": 13.97, "y": -75.37 }
				],
				"scale": [
					{
						"time": 0,
						"x": 0.941,
						"y": 0.998,
						"curve": [ 0.344, 0.46, 0.791, 1 ]
					},
					{ "time": 1.3333, "x": 0.8, "y": 0.908, "curve": "stepped" },
					{
						"time": 1.8333,
						"x": 1.097,
						"y": 1.097,
						"curve": [ 0, 0, 0.437, 0.46 ]
					},
					{ "time": 3, "x": 0.941, "y": 0.998 }
				]
			},
			"lakelight5": {
				"rotate": [
					{ "time": 0, "angle": 0 }
				],
				"translate": [
					{ "time": 0, "x": 0, "y": 0 }
				],
				"scale": [
					{ "time": 0, "x": 1, "y": 1 }
				]
			},
			"shui/shui1_06": {
				"rotate": [
					{
						"time": 0,
						"angle": -9.41,
						"curve": [ 0, 0, 0.75, 1 ]
					},
					{ "time": 2.4333, "angle": -8.87 }
				],
				"translate": [
					{
						"time": 0,
						"x": 6.26,
						"y": -6.25,
						"curve": [ 0, 0, 0.75, 1 ]
					},
					{ "time": 2.4333, "x": 47.27, "y": 19.4 }
				],
				"scale": [
					{ "time": 0, "x": 0.827, "y": 0.814 }
				]
			},
			"shui/shui1_13": {
				"rotate": [
					{ "time": 0, "angle": 0 }
				],
				"translate": [
					{
						"time": 0,
						"x": 11.24,
						"y": -3.33,
						"curve": [ 0.155, 0.2, 0.774, 1 ]
					},
					{ "time": 1.6666, "x": 68.22, "y": -20.21, "curve": "stepped" },
					{
						"time": 2.3333,
						"x": 0,
						"y": 0,
						"curve": [ 0, 0, 0.358, 0.36 ]
					},
					{ "time": 3, "x": 11.24, "y": -3.33 }
				],
				"scale": [
					{
						"time": 0,
						"x": 0.973,
						"y": 0.973,
						"curve": [ 0.155, 0.2, 0.774, 1 ]
					},
					{ "time": 1.6666, "x": 0.84, "y": 0.84, "curve": "stepped" },
					{
						"time": 2.3333,
						"x": 1,
						"y": 1,
						"curve": [ 0, 0, 0.358, 0.36 ]
					},
					{ "time": 3, "x": 0.973, "y": 0.973 }
				]
			},
			"shui/shui1_22": {
				"rotate": [
					{ "time": 0, "angle": -34 }
				],
				"translate": [
					{
						"time": 0,
						"x": -38.64,
						"y": -48.72,
						"curve": [ 0, 0, 0.75, 1 ]
					},
					{ "time": 2.3333, "x": -17.59, "y": -117.62 }
				],
				"scale": [
					{
						"time": 0,
						"x": 1,
						"y": 1,
						"curve": [ 0, 0, 0.75, 1 ]
					},
					{ "time": 2.3333, "x": 1.02, "y": 1.02 }
				]
			},
			"shui/shui1_6": {
				"rotate": [
					{
						"time": 0,
						"angle": -13.24,
						"curve": [ 0.395, 0.55, 0.78, 1 ]
					},
					{ "time": 1, "angle": -15.54, "curve": "stepped" },
					{
						"time": 1.3333,
						"angle": -6.9,
						"curve": [ 0, 0, 0.51, 0.57 ]
					},
					{ "time": 3, "angle": -13.24 }
				],
				"translate": [
					{
						"time": 0,
						"x": 27.63,
						"y": 8.66,
						"curve": [ 0.395, 0.55, 0.78, 1 ]
					},
					{ "time": 1, "x": 37.63, "y": 11.79, "curve": "stepped" },
					{
						"time": 1.3333,
						"x": 0,
						"y": 0,
						"curve": [ 0, 0, 0.51, 0.57 ]
					},
					{ "time": 3, "x": 27.63, "y": 8.66 }
				],
				"scale": [
					{
						"time": 0,
						"x": 0.745,
						"y": 0.745,
						"curve": [ 0.395, 0.55, 0.78, 1 ]
					},
					{ "time": 1, "x": 0.653, "y": 0.653, "curve": "stepped" },
					{
						"time": 1.3333,
						"x": 1,
						"y": 1,
						"curve": [ 0, 0, 0.51, 0.57 ]
					},
					{ "time": 3, "x": 0.745, "y": 0.745 }
				]
			},
			"water": {
				"rotate": [
					{ "time": 0, "angle": 0 }
				],
				"translate": [
					{ "time": 0, "x": 0, "y": 0 }
				],
				"scale": [
					{ "time": 0, "x": 1, "y": 1 }
				]
			},
			"shui/shui1_24": {
				"rotate": [
					{ "time": 0, "angle": -18.78 }
				],
				"translate": [
					{ "time": 0, "x": 400.5, "y": 176.56, "curve": "stepped" },
					{
						"time": 1,
						"x": 400.5,
						"y": 176.56,
						"curve": [ 0, 0, 0.75, 1 ]
					},
					{ "time": 3, "x": 398.09, "y": 124.13 }
				],
				"scale": [
					{ "time": 0, "x": 0.694, "y": 0.694, "curve": "stepped" },
					{
						"time": 1,
						"x": 0.694,
						"y": 0.694,
						"curve": [ 0, 0, 0.75, 1 ]
					},
					{ "time": 3, "x": 0.497, "y": 0.497 }
				]
			},
			"shui/shui1_10": {
				"rotate": [
					{ "time": 0, "angle": -21.97, "curve": "stepped" },
					{
						"time": 0.3333,
						"angle": -21.97,
						"curve": [ 0.25, 0, 0.75, 1 ]
					},
					{
						"time": 1.6666,
						"angle": 0,
						"curve": [ 0.25, 0, 0.75, 1 ]
					},
					{ "time": 3, "angle": 9.56 }
				],
				"translate": [
					{ "time": 0, "x": 34.12, "y": -9.09, "curve": "stepped" },
					{
						"time": 0.3333,
						"x": 34.12,
						"y": -9.09,
						"curve": [ 0.25, 0, 0.75, 1 ]
					},
					{
						"time": 1.6666,
						"x": 1.43,
						"y": -10.36,
						"curve": [ 0.25, 0, 0.75, 1 ]
					},
					{ "time": 3, "x": 3.15, "y": 4.23 }
				],
				"scale": [
					{ "time": 0, "x": 1.205, "y": 1.108, "curve": "stepped" },
					{
						"time": 0.3333,
						"x": 1.205,
						"y": 1.108,
						"curve": [ 0.25, 0, 0.75, 1 ]
					},
					{
						"time": 1.6666,
						"x": 1.345,
						"y": 1.803,
						"curve": [ 0.25, 0, 0.75, 1 ]
					},
					{ "time": 3, "x": 1.205, "y": 1.108 }
				]
			},
			"shui/shui1_11": {
				"rotate": [
					{
						"time": 0,
						"angle": 0,
						"curve": [ 0.25, 0, 0.75, 1 ]
					},
					{
						"time": 0.6666,
						"angle": 0.52,
						"curve": [ 0.25, 0, 0.75, 1 ]
					},
					{
						"time": 1.4333,
						"angle": 4.71,
						"curve": [ 0.25, 0, 0.75, 1 ]
					},
					{
						"time": 2.1666,
						"angle": 3.01,
						"curve": [ 0.25, 0, 0.75, 1 ]
					},
					{ "time": 3, "angle": 0 }
				],
				"translate": [
					{
						"time": 0,
						"x": -5.9,
						"y": 3.75,
						"curve": [ 0.25, 0, 0.75, 1 ]
					},
					{
						"time": 0.6666,
						"x": -9.69,
						"y": -16.89,
						"curve": [ 0.25, 0, 0.75, 1 ]
					},
					{
						"time": 1.4333,
						"x": 0,
						"y": -3.98,
						"curve": [ 0.25, 0, 0.75, 1 ]
					},
					{
						"time": 2.1666,
						"x": 12.45,
						"y": 3.1,
						"curve": [ 0.25, 0, 0.75, 1 ]
					},
					{ "time": 3, "x": 9.75, "y": 17.88 }
				],
				"scale": [
					{
						"time": 0,
						"x": 1,
						"y": 1,
						"curve": [ 0.25, 0, 0.75, 1 ]
					},
					{
						"time": 0.6666,
						"x": 1.066,
						"y": 1.035,
						"curve": [ 0.25, 0, 0.75, 1 ]
					},
					{
						"time": 1.4333,
						"x": 1.54,
						"y": 1.285,
						"curve": [ 0.25, 0, 0.75, 1 ]
					},
					{
						"time": 2.1666,
						"x": 1.344,
						"y": 1.182,
						"curve": [ 0.25, 0, 0.75, 1 ]
					},
					{ "time": 3, "x": 1, "y": 1 }
				]
			}
		}
	}
}
}