{
"skeleton": { "hash": "l3iIScSJ1jY1IlOilXVC6Yr2GNE", "spine": "3.4.02", "width": 0, "height": 0, "images": "./picture/" },
"bones": [
	{ "name": "root" },
	{ "name": "bone", "parent": "root", "x": 3.02, "y": -148.49 },
	{ "name": "images/images/cloud_05", "parent": "bone", "x": 416.87, "y": 196.86, "color": "319b11ff" },
	{ "name": "images/images/cloud_13", "parent": "bone", "x": 376.85, "y": 23.88 },
	{ "name": "images/images/cloud_16", "parent": "bone", "x": 402.24, "y": 66.73 },
	{ "name": "images/images/cloud_28", "parent": "bone", "x": 371.26, "y": -19.61 },
	{ "name": "images/images/cloud_31", "parent": "bone", "x": 446.32, "y": 37.09 },
	{ "name": "images/images/cloud_43", "parent": "bone", "x": 454.21, "y": -8.86 }
],
"slots": [
	{ "name": "shadow/black/balck_all", "bone": "root" },
	{ "name": "shadow/black/balck_all2", "bone": "root" },
	{ "name": "shadow/black/balck_all3", "bone": "root" },
	{ "name": "images/images/cloud_13", "bone": "images/images/cloud_13" },
	{ "name": "images/images/cloud_16", "bone": "images/images/cloud_16" },
	{ "name": "images/images/cloud_28", "bone": "images/images/cloud_28" },
	{ "name": "images/images/cloud_31", "bone": "images/images/cloud_31" },
	{ "name": "images/images/cloud_43", "bone": "images/images/cloud_43" },
	{ "name": "images/cloud", "bone": "root" },
	{ "name": "cloud_5", "bone": "images/images/cloud_05" }
],
"skins": {
	"default": {
		"cloud_5": {
			"cloud": {
				"type": "mesh",
				"uvs": [ 1, 1, 0, 1, 0, 0, 1, 0, 0.50256, 0.36291, 0.52137, 0.64896 ],
				"triangles": [ 4, 2, 3, 5, 4, 3, 1, 2, 4, 1, 4, 5, 5, 3, 0, 1, 5, 0 ],
				"vertices": [ 69.66, -74.01, -74.33, -74.01, -74.33, 69.98, 69.66, 69.98, -1.97, 17.71999, 0.73, -23.46 ],
				"hull": 4,
				"edges": [ 0, 2, 2, 4, 4, 6, 0, 6 ],
				"width": 144,
				"height": 144
			}
		},
		"images/images/cloud_13": {
			"cloud_13": {
				"type": "mesh",
				"uvs": [ 1, 1, 0, 1, 0, 0, 1, 0 ],
				"triangles": [ 1, 2, 3, 1, 3, 0 ],
				"vertices": [ 38.09999, -21.4, -39.89, -21.4, -39.89, 31.6, 38.09999, 31.6 ],
				"hull": 4,
				"edges": [ 0, 2, 2, 4, 4, 6, 0, 6 ],
				"width": 78,
				"height": 53
			}
		},
		"images/images/cloud_16": {
			"cloud_16": {
				"type": "mesh",
				"uvs": [ 1, 1, 0, 1, 0, 0, 1, 0 ],
				"triangles": [ 1, 2, 3, 1, 3, 0 ],
				"vertices": [ 77.15, -27.54, -59.84, -27.54, -59.84, 25.45, 77.15, 25.45 ],
				"hull": 4,
				"edges": [ 0, 2, 2, 4, 4, 6, 0, 6 ],
				"width": 137,
				"height": 53
			}
		},
		"images/images/cloud_28": {
			"cloud_28": {
				"type": "mesh",
				"uvs": [ 1, 1, 0, 1, 0, 0, 1, 0 ],
				"triangles": [ 1, 2, 3, 1, 3, 0 ],
				"vertices": [ 42.77, -24.47, -36.22, -24.47, -36.22, 27.52, 42.77, 27.52 ],
				"hull": 4,
				"edges": [ 0, 2, 2, 4, 4, 6, 0, 6 ],
				"width": 79,
				"height": 52
			}
		},
		"images/images/cloud_31": {
			"cloud_31": {
				"type": "mesh",
				"uvs": [ 1, 1, 0, 1, 0, 0, 1, 0 ],
				"triangles": [ 1, 2, 3, 1, 3, 0 ],
				"vertices": [ 35.97, -25.06, -38.02, -25.06, -38.02, 23.93, 35.97, 23.93 ],
				"hull": 4,
				"edges": [ 0, 2, 2, 4, 4, 6, 0, 6 ],
				"width": 74,
				"height": 49
			}
		},
		"images/images/cloud_43": {
			"cloud_43": {
				"type": "mesh",
				"uvs": [ 1, 1, 0, 1, 0, 0, 1, 0 ],
				"triangles": [ 1, 2, 3, 1, 3, 0 ],
				"vertices": [ 29.45, -35.81, -45.54, -35.81, -45.54, 38.18, 29.45, 38.18 ],
				"hull": 4,
				"edges": [ 0, 2, 2, 4, 4, 6, 0, 6 ],
				"width": 75,
				"height": 74
			}
		}
	}
},
"animations": {
	"run_collect": {
		"slots": {
			"cloud_5": {
				"color": [
					{
						"time": 0.8,
						"color": "ffffff00",
						"curve": [ 0.135, 1, 0.75, 1 ]
					},
					{ "time": 0.9666, "color": "ffffffff" }
				],
				"attachment": [
					{ "time": 0, "name": null },
					{ "time": 0.8, "name": "cloud" },
					{ "time": 1.2333, "name": "cloud" }
				]
			},
			"images/cloud": {
				"attachment": [
					{ "time": 0, "name": null },
					{ "time": 1.2333, "name": null }
				]
			},
			"images/images/cloud_13": {
				"color": [
					{
						"time": 0,
						"color": "ffffff00",
						"curve": [ 0.25, 0, 0.75, 1 ]
					},
					{ "time": 0.6666, "color": "ffffffff", "curve": "stepped" },
					{ "time": 1.2333, "color": "ffffffff" }
				],
				"attachment": [
					{ "time": 0, "name": "cloud_13" },
					{ "time": 0.9666, "name": null },
					{ "time": 1.2333, "name": null }
				]
			},
			"images/images/cloud_16": {
				"color": [
					{ "time": 0, "color": "ffffff00", "curve": "stepped" },
					{
						"time": 0.1,
						"color": "ffffff00",
						"curve": [ 0.25, 0, 0.75, 1 ]
					},
					{ "time": 0.6666, "color": "ffffffff", "curve": "stepped" },
					{ "time": 1.2333, "color": "ffffffff" }
				],
				"attachment": [
					{ "time": 0, "name": "cloud_43" },
					{ "time": 0.1, "name": "cloud_16" },
					{ "time": 0.9666, "name": null },
					{ "time": 1.2333, "name": null }
				]
			},
			"images/images/cloud_28": {
				"color": [
					{
						"time": 0.1,
						"color": "ffffff00",
						"curve": [ 0.25, 0, 0.75, 1 ]
					},
					{ "time": 0.6666, "color": "ffffffff" }
				],
				"attachment": [
					{ "time": 0, "name": null },
					{ "time": 0.1, "name": "cloud_28" },
					{ "time": 1.0666, "name": null },
					{ "time": 1.2333, "name": null }
				]
			},
			"images/images/cloud_31": {
				"color": [
					{
						"time": 0,
						"color": "ffffff00",
						"curve": [ 0.25, 0, 0.75, 1 ]
					},
					{ "time": 0.6666, "color": "ffffffff" }
				],
				"attachment": [
					{ "time": 0, "name": "cloud_31" },
					{ "time": 0.9666, "name": null },
					{ "time": 1.2333, "name": null }
				]
			},
			"images/images/cloud_43": {
				"color": [
					{
						"time": 0.1,
						"color": "ffffff00",
						"curve": [ 0.25, 0, 0.75, 1 ]
					},
					{ "time": 0.6666, "color": "ffffffff" }
				],
				"attachment": [
					{ "time": 0, "name": null },
					{ "time": 0.1, "name": "cloud_43" },
					{ "time": 1.0666, "name": null },
					{ "time": 1.2333, "name": null }
				]
			},
			"shadow/black/balck_all": {
				"attachment": [
					{ "time": 0, "name": null },
					{ "time": 1.2333, "name": null }
				]
			},
			"shadow/black/balck_all2": {
				"attachment": [
					{ "time": 0, "name": null },
					{ "time": 1.2333, "name": null }
				]
			},
			"shadow/black/balck_all3": {
				"attachment": [
					{ "time": 0, "name": null },
					{ "time": 1.2333, "name": null }
				]
			}
		},
		"bones": {
			"images/images/cloud_13": {
				"rotate": [
					{ "time": 0, "angle": 0, "curve": "stepped" },
					{ "time": 0.8, "angle": 0, "curve": "stepped" },
					{ "time": 0.9666, "angle": 0, "curve": "stepped" },
					{ "time": 1.2333, "angle": 0 }
				],
				"translate": [
					{ "time": 0, "x": -477.76, "y": 110.54 },
					{ "time": 0.4666, "x": -425.43, "y": 94.97 },
					{ "time": 0.8, "x": -396.67, "y": 120.33 },
					{ "time": 0.9666, "x": -408.81, "y": 125.45, "curve": "stepped" },
					{ "time": 1.2333, "x": -408.81, "y": 125.45 }
				],
				"scale": [
					{ "time": 0, "x": 0.604, "y": 0.604 },
					{ "time": 0.8, "x": 1, "y": 1, "curve": "stepped" },
					{ "time": 0.9666, "x": 1, "y": 1, "curve": "stepped" },
					{ "time": 1.2333, "x": 1, "y": 1 }
				]
			},
			"images/images/cloud_16": {
				"rotate": [
					{ "time": 0.1, "angle": 0, "curve": "stepped" },
					{ "time": 0.9, "angle": 0, "curve": "stepped" },
					{ "time": 1.2333, "angle": 0 }
				],
				"translate": [
					{ "time": 0.1, "x": -517.74, "y": 109.98 },
					{ "time": 0.4333, "x": -465.33, "y": 135.33 },
					{ "time": 0.7333, "x": -433.62, "y": 113.61 },
					{ "time": 1, "x": -410.75, "y": 127.68 }
				],
				"scale": [
					{ "time": 0.1, "x": 0.604, "y": 0.604 },
					{ "time": 0.9, "x": 1, "y": 1, "curve": "stepped" },
					{ "time": 1.2333, "x": 1, "y": 1 }
				]
			},
			"images/images/cloud_28": {
				"rotate": [
					{ "time": 0, "angle": 0, "curve": "stepped" },
					{ "time": 0.1, "angle": 0, "curve": "stepped" },
					{ "time": 0.9, "angle": 0, "curve": "stepped" },
					{ "time": 1.0666, "angle": 0 }
				],
				"translate": [
					{ "time": 0, "x": -503.51, "y": 96.34, "curve": "stepped" },
					{ "time": 0.1, "x": -503.51, "y": 96.34 },
					{ "time": 0.5666, "x": -440.88, "y": 84.67 },
					{ "time": 0.9, "x": -411.04, "y": 122.76 },
					{ "time": 1.0666, "x": -403.53, "y": 131.93 }
				],
				"scale": [
					{ "time": 0, "x": 0.564, "y": 0.564, "curve": "stepped" },
					{ "time": 0.1, "x": 0.564, "y": 0.564 },
					{ "time": 0.9, "x": 1, "y": 1, "curve": "stepped" },
					{ "time": 1.0666, "x": 1, "y": 1 }
				]
			},
			"images/images/cloud_31": {
				"rotate": [
					{ "time": 0, "angle": 0 },
					{ "time": 0.4333, "angle": 46.3 },
					{ "time": 0.8, "angle": 0, "curve": "stepped" },
					{ "time": 1.1333, "angle": 0 }
				],
				"translate": [
					{ "time": 0, "x": -345.99, "y": 182.79 },
					{ "time": 0.4333, "x": -386.4, "y": 144.04 },
					{ "time": 0.8, "x": -427.08, "y": 132.9 },
					{ "time": 1.1333, "x": -416.08, "y": 139.37 }
				],
				"scale": [
					{ "time": 0, "x": 0.604, "y": 0.604 },
					{ "time": 0.8, "x": 1, "y": 1, "curve": "stepped" },
					{ "time": 1.1333, "x": 1, "y": 1 }
				]
			},
			"images/images/cloud_43": {
				"rotate": [
					{ "time": 0, "angle": 0, "curve": "stepped" },
					{ "time": 0.1, "angle": 0, "curve": "stepped" },
					{ "time": 0.9, "angle": 0, "curve": "stepped" },
					{ "time": 1.2333, "angle": 0 }
				],
				"translate": [
					{ "time": 0, "x": -368.82, "y": 114.39, "curve": "stepped" },
					{ "time": 0.1, "x": -368.82, "y": 114.39 },
					{ "time": 0.4333, "x": -395.48, "y": 123.39 },
					{ "time": 0.9, "x": -423.73, "y": 140.58 },
					{ "time": 1.2333, "x": -418.56, "y": 134.76 }
				],
				"scale": [
					{ "time": 0, "x": 0.604, "y": 0.604, "curve": "stepped" },
					{ "time": 0.1, "x": 0.604, "y": 0.604 },
					{ "time": 0.9, "x": 1, "y": 1, "curve": "stepped" },
					{ "time": 1.2333, "x": 1, "y": 1 }
				]
			},
			"images/images/cloud_05": {
				"rotate": [
					{ "time": 0, "angle": 0, "curve": "stepped" },
					{ "time": 0.8, "angle": 0, "curve": "stepped" },
					{ "time": 1.2333, "angle": 0 }
				],
				"translate": [
					{ "time": 0, "x": -418.81, "y": -39.4, "curve": "stepped" },
					{ "time": 0.8, "x": -418.81, "y": -39.4, "curve": "stepped" },
					{ "time": 1.2333, "x": -418.81, "y": -39.4 }
				],
				"scale": [
					{ "time": 0.8, "x": 1, "y": 1 },
					{ "time": 0.9666, "x": 0.982, "y": 0.982, "curve": "stepped" },
					{ "time": 1.2333, "x": 0.982, "y": 0.982 }
				]
			},
			"root": {
				"rotate": [
					{ "time": 0, "angle": 0, "curve": "stepped" },
					{ "time": 0.8, "angle": 0, "curve": "stepped" },
					{ "time": 1.2333, "angle": 0 }
				],
				"translate": [
					{ "time": 0, "x": 0, "y": 0, "curve": "stepped" },
					{ "time": 0.8, "x": 0, "y": 0, "curve": "stepped" },
					{ "time": 1.2333, "x": 0, "y": 0 }
				],
				"scale": [
					{ "time": 0, "x": 1, "y": 1, "curve": "stepped" },
					{ "time": 0.8, "x": 1, "y": 1, "curve": "stepped" },
					{ "time": 1.2333, "x": 1, "y": 1 }
				]
			},
			"bone": {
				"rotate": [
					{ "time": 0, "angle": 0, "curve": "stepped" },
					{ "time": 0.8, "angle": 0, "curve": "stepped" },
					{ "time": 1.1333, "angle": 0 }
				],
				"translate": [
					{ "time": 0, "x": 0, "y": 0, "curve": "stepped" },
					{ "time": 0.8, "x": 0, "y": 0 },
					{ "time": 0.9666, "x": 0, "y": -6.92 },
					{ "time": 1.1333, "x": 0, "y": 0 }
				],
				"scale": [
					{ "time": 0, "x": 1, "y": 1, "curve": "stepped" },
					{ "time": 0.8, "x": 1, "y": 1 },
					{ "time": 0.9666, "x": 1.044, "y": 1.044 },
					{ "time": 1.1333, "x": 1, "y": 1 }
				]
			}
		},
		"deform": {
			"default": {
				"cloud_5": {
					"cloud": [
						{
							"time": 0.8,
							"vertices": [ -5.17493, 0.29395, 4.64101, 0.63095, 1.34817, -12.34899, -6.95124, -12.34899 ]
						},
						{
							"time": 0.9333,
							"vertices": [ 2.02532, -5.3888, 0.65151, -7.18318, -1.71196, 2.88004, 0.28559, 19.40724 ],
							"curve": [ 0.25, 0, 0.75, 1 ]
						},
						{
							"time": 1.1,
							"vertices": [ -5.6186, -11.12362, 5.6354, 4.21559, 2.83611, -0.56923, 0.14224, -1.86277 ],
							"curve": [ 0.25, 0, 0.75, 1 ]
						},
						{ "time": 1.2333 }
					]
				},
				"images/images/cloud_13": {
					"cloud_13": [
						{
							"time": 0,
							"vertices": [ -20.6872, 15.54849, 20.68724, 15.54849, 20.68724, -15.54852, -20.6872, -15.54852 ]
						},
						{
							"time": 0.2,
							"vertices": [ -42.68369, -3.17893, -1.26935, 3.39414, 3.23983, -27.59814, -42.08603, -27.19078 ]
						},
						{
							"time": 0.8,
							"vertices": [ -0.32745, -15.12152, -9.75254, -14.4495, -13.78455, -17.80646, -20.48743, 4.3695 ]
						},
						{ "time": 0.9666, "curve": "stepped" },
						{ "time": 1.2333 }
					]
				},
				"images/images/cloud_16": {
					"cloud_16": [
						{
							"time": 0,
							"vertices": [ -19.04798, 9.27335, 9.10432, 22.42377, 19.04769, -9.27333, -19.04798, -9.27333 ],
							"curve": "stepped"
						},
						{
							"time": 0.1,
							"vertices": [ -19.04798, 9.27335, 9.10432, 22.42377, 19.04769, -9.27333, -19.04798, -9.27333 ]
						},
						{
							"time": 0.6666,
							"vertices": [ -14.26417, -16.09814, -17.64418, 1.78121, -0.72151, 27.03881, 15.39748, 34.4425 ]
						},
						{
							"time": 0.9,
							"vertices": [ -20.74181, -8.37591, 7.82781, -13.07193, 22.39444, -14.62795, -21.28762, -7.59608 ]
						},
						{ "time": 1.2333 }
					]
				},
				"images/images/cloud_28": {
					"cloud_28": [
						{
							"time": 0.1,
							"vertices": [ -13.99018, -13.80883, -7.15136, 18.31054, 13.99052, 13.80909, 7.15168, -18.31028 ]
						},
						{
							"time": 0.4333,
							"vertices": [ -5.02957, -1.87399, 0.54754, -6.25013, -5.28725, -30.02888, -13.7818, -3.77247 ]
						},
						{
							"time": 0.6666,
							"vertices": [ 13.28542, 6.48278, 18.43726, -13.54243, 7.34742, -8.41703, -11.42334, 17.05277 ]
						},
						{
							"time": 0.9,
							"vertices": [ 0.32045, -2.97569, 2.31714, 14.64193, 13.91355, 13.32767, 11.91687, -4.28994 ]
						},
						{ "time": 1.0666 }
					]
				},
				"images/images/cloud_31": {
					"cloud_31": [
						{
							"time": 0,
							"vertices": [ -20.72239, 35.98783, 24.7565, 6.41634, 7.28228, -7.75979, -11.31372, 15.09091 ]
						},
						{
							"time": 0.4333,
							"vertices": [ -15.70311, -9.15329, -11.02691, 29.48615, 21.34284, 19.12594, 0.32288, -29.08549 ]
						},
						{
							"time": 0.8,
							"vertices": [ 5.40027, -2.66629, -4.43791, 2.659, -2.84473, 12.35959, 4.21869, 16.23071 ]
						},
						{ "time": 1.1333 }
					]
				},
				"images/images/cloud_43": {
					"cloud_43": [
						{
							"time": 0.1,
							"offset": 2,
							"vertices": [ 29.68525, -5.93717, 13.56999, -43.25615, -26.29302, -33.92626 ]
						},
						{
							"time": 0.4333,
							"vertices": [ -2.82453, -21.02599, 24.11148, 2.82783, 43.55335, -9.91946, 28.81017, -7.09162 ]
						},
						{
							"time": 0.6666,
							"vertices": [ -3.67547, -27.56725, -14.70238, 5.84057, -11.02673, 2.42945, 13.78384, 0.91887 ]
						},
						{
							"time": 0.9,
							"vertices": [ 2.37559, -11.8776, 0, -8.7629, 0, 8.76285 ]
						},
						{ "time": 1.2333 }
					]
				}
			}
		}
	},
	"run_distract": {
		"slots": {
			"cloud_5": {
				"color": [
					{ "time": 0.2666, "color": "ffffffff" },
					{ "time": 0.4, "color": "ffffff00" }
				],
				"attachment": [
					{ "time": 0, "name": "cloud" },
					{ "time": 1.1666, "name": null }
				]
			},
			"images/cloud": {
				"attachment": [
					{ "time": 0, "name": null },
					{ "time": 1.1666, "name": null }
				]
			},
			"images/images/cloud_13": {
				"color": [
					{ "time": 0, "color": "ffffffff", "curve": "stepped" },
					{
						"time": 0.4666,
						"color": "ffffffff",
						"curve": [ 0.2, 0.67, 0.7, 1 ]
					},
					{ "time": 1, "color": "ffffff00" }
				],
				"attachment": [
					{ "time": 0, "name": "cloud_13" },
					{ "time": 0.3666, "name": "cloud_13" },
					{ "time": 1.1666, "name": null }
				]
			},
			"images/images/cloud_16": {
				"color": [
					{ "time": 0, "color": "ffffffff", "curve": "stepped" },
					{
						"time": 0.4333,
						"color": "ffffffff",
						"curve": [ 0.279, 0.76, 0.75, 1 ]
					},
					{ "time": 0.9666, "color": "ffffff00" }
				],
				"attachment": [
					{ "time": 0, "name": "cloud_16" },
					{ "time": 0.3666, "name": "cloud_16" },
					{ "time": 1.1666, "name": null }
				]
			},
			"images/images/cloud_28": {
				"color": [
					{ "time": 0, "color": "ffffffff", "curve": "stepped" },
					{
						"time": 0.4,
						"color": "ffffffff",
						"curve": [ 0.2, 0.67, 0.7, 1 ]
					},
					{ "time": 0.9666, "color": "ffffff00" }
				],
				"attachment": [
					{ "time": 0, "name": "cloud_28" },
					{ "time": 0.3666, "name": "cloud_28" },
					{ "time": 1.1666, "name": null }
				]
			},
			"images/images/cloud_31": {
				"color": [
					{ "time": 0, "color": "ffffffff", "curve": "stepped" },
					{
						"time": 0.4333,
						"color": "ffffffff",
						"curve": [ 0.2, 0.67, 0.7, 1 ]
					},
					{ "time": 1.1666, "color": "ffffff00" }
				],
				"attachment": [
					{ "time": 0, "name": "cloud_31" },
					{ "time": 0.3666, "name": "cloud_31" },
					{ "time": 1.1666, "name": null }
				]
			},
			"images/images/cloud_43": {
				"color": [
					{ "time": 0, "color": "ffffffff", "curve": "stepped" },
					{
						"time": 0.3666,
						"color": "ffffffff",
						"curve": [ 0.2, 0.67, 0.7, 1 ]
					},
					{ "time": 1.1, "color": "ffffff00" }
				],
				"attachment": [
					{ "time": 0, "name": "cloud_43" },
					{ "time": 0.3666, "name": "cloud_43" },
					{ "time": 1.1666, "name": null }
				]
			},
			"shadow/black/balck_all": {
				"attachment": [
					{ "time": 0, "name": null },
					{ "time": 1.1666, "name": null }
				]
			},
			"shadow/black/balck_all2": {
				"attachment": [
					{ "time": 0, "name": null },
					{ "time": 1.1666, "name": null }
				]
			},
			"shadow/black/balck_all3": {
				"attachment": [
					{ "time": 0, "name": null },
					{ "time": 1.1666, "name": null }
				]
			}
		},
		"bones": {
			"images/images/cloud_13": {
				"rotate": [
					{ "time": 0, "angle": 0 }
				],
				"translate": [
					{
						"time": 0,
						"x": -405.52,
						"y": 125.77,
						"curve": [ 0.145, 0.58, 0.75, 1 ]
					},
					{
						"time": 0.3666,
						"x": -408.81,
						"y": 125.45,
						"curve": [ 0.279, 0, 0.622, 0.39 ]
					},
					{
						"time": 0.6666,
						"x": -439.68,
						"y": 115.84,
						"curve": [ 0.311, 0.26, 0.654, 0.62 ]
					},
					{ "time": 1, "x": -495.62, "y": 129.99 }
				],
				"scale": [
					{ "time": 0, "x": 1, "y": 1 }
				]
			},
			"images/images/cloud_16": {
				"rotate": [
					{ "time": 0, "angle": 0 }
				],
				"translate": [
					{
						"time": 0,
						"x": -408.45,
						"y": 126.69,
						"curve": [ 0.145, 0.58, 0.75, 1 ]
					},
					{
						"time": 0.3666,
						"x": -410.75,
						"y": 127.68,
						"curve": [ 0.25, 0, 0.613, 0.45 ]
					},
					{
						"time": 0.6,
						"x": -445.7,
						"y": 122.51,
						"curve": [ 0.369, 0.43, 0.773, 1 ]
					},
					{ "time": 0.9666, "x": -461.43, "y": 154.41 }
				],
				"scale": [
					{
						"time": 0,
						"x": 0.944,
						"y": 1,
						"curve": [ 0.145, 0.58, 0.75, 1 ]
					},
					{ "time": 0.3666, "x": 1.02, "y": 1 }
				]
			},
			"images/images/cloud_28": {
				"rotate": [
					{ "time": 0, "angle": 0 }
				],
				"translate": [
					{
						"time": 0,
						"x": -400.57,
						"y": 134.89,
						"curve": [ 0.145, 0.58, 0.75, 1 ]
					},
					{
						"time": 0.3666,
						"x": -397.1,
						"y": 133.54,
						"curve": [ 0.255, 0, 0.619, 0.46 ]
					},
					{
						"time": 0.6333,
						"x": -432.31,
						"y": 122.24,
						"curve": [ 0.338, 0.34, 0.689, 0.73 ]
					},
					{ "time": 0.9666, "x": -460.21, "y": 93.17 }
				],
				"scale": [
					{ "time": 0, "x": 1, "y": 1 }
				]
			},
			"images/images/cloud_31": {
				"rotate": [
					{ "time": 0, "angle": 0 }
				],
				"translate": [
					{
						"time": 0,
						"x": -418.73,
						"y": 140.69,
						"curve": [ 0.145, 0.58, 0.75, 1 ]
					},
					{
						"time": 0.3666,
						"x": -416.08,
						"y": 139.37,
						"curve": [ 0.251, 0, 0.622, 0.48 ]
					},
					{
						"time": 0.7333,
						"x": -375.37,
						"y": 173.76,
						"curve": [ 0.34, 0.35, 0.684, 0.72 ]
					},
					{ "time": 1.1666, "x": -316.58, "y": 188.77 }
				],
				"scale": [
					{ "time": 0, "x": 1, "y": 1 }
				]
			},
			"images/images/cloud_43": {
				"rotate": [
					{ "time": 0, "angle": 0 }
				],
				"translate": [
					{
						"time": 0,
						"x": -421.73,
						"y": 137.94,
						"curve": [ 0.145, 0.58, 0.75, 1 ]
					},
					{
						"time": 0.3666,
						"x": -425,
						"y": 140.23,
						"curve": [ 0.255, 0, 0.619, 0.46 ]
					},
					{
						"time": 0.7,
						"x": -391.85,
						"y": 115.97,
						"curve": [ 0.365, 0.45, 0.754, 1 ]
					},
					{ "time": 1.1, "x": -355.83, "y": 121.5 }
				],
				"scale": [
					{ "time": 0, "x": 1, "y": 1 }
				]
			},
			"images/images/cloud_05": {
				"rotate": [
					{ "time": 0, "angle": 0 }
				],
				"translate": [
					{ "time": 0, "x": -418.81, "y": -39.4 }
				],
				"scale": [
					{ "time": 0, "x": 0.982, "y": 0.982 }
				]
			},
			"root": {
				"rotate": [
					{ "time": 0, "angle": 0, "curve": "stepped" },
					{ "time": 1.1666, "angle": 0 }
				],
				"translate": [
					{ "time": 0, "x": 0, "y": 0, "curve": "stepped" },
					{ "time": 1.1666, "x": 0, "y": 0 }
				],
				"scale": [
					{ "time": 0, "x": 1, "y": 1, "curve": "stepped" },
					{ "time": 1.1666, "x": 1, "y": 1 }
				]
			},
			"bone": {
				"rotate": [
					{ "time": 0, "angle": 0, "curve": "stepped" },
					{ "time": 1.1666, "angle": 0 }
				],
				"translate": [
					{ "time": 0, "x": 0, "y": 0, "curve": "stepped" },
					{ "time": 1.1666, "x": 0, "y": 0 }
				],
				"scale": [
					{ "time": 0, "x": 1, "y": 1, "curve": "stepped" },
					{ "time": 1.1666, "x": 1, "y": 1 }
				]
			}
		},
		"deform": {
			"default": {
				"cloud_5": {
					"cloud": [
						{
							"time": 0,
							"curve": [ 0.145, 0.58, 0.75, 1 ]
						},
						{
							"time": 0.3666,
							"vertices": [ -26.54791, -0.77277, 13.8969, 4.21069, 10.55506, -0.44107, -21.27038, -1.36084 ]
						}
					]
				},
				"images/images/cloud_13": {
					"cloud_13": [
						{
							"time": 0,
							"curve": [ 0.145, 0.58, 0.75, 1 ]
						},
						{
							"time": 0.3666,
							"offset": 2,
							"vertices": [ 14.39196, 0, 14.39196 ]
						},
						{
							"time": 0.6666,
							"vertices": [ -5.23503, 15.42497, 26.30597, -0.777, 13.36099, -23.30496, -11.55201, -21.75491 ]
						},
						{
							"time": 1,
							"vertices": [ -30.24622, 10.6382, 28.27565, 12.78387, 27.56039, -24.94131, -33.1071, -27.80217 ]
						}
					]
				},
				"images/images/cloud_16": {
					"cloud_16": [
						{
							"time": 0,
							"curve": [ 0.145, 0.58, 0.75, 1 ]
						},
						{
							"time": 0.3666,
							"vertices": [ -19.01795, -0.51399, 10.79402, 1.02799, 10.79402, 1.02799, -19.01795, -0.51399 ],
							"curve": [ 0.328, 0, 0.834, 0.44 ]
						},
						{
							"time": 0.5666,
							"vertices": [ -23.0062, -8.64998, 14.78223, 20.01199, 14.11748, 24.75796, -31.64738, 8.29999 ]
						},
						{
							"time": 0.9666,
							"vertices": [ -50.81595, 8.38526, -14.70847, 14.76439, -6.0386, 32.65944, -43.01928, 27.68846 ]
						}
					]
				},
				"images/images/cloud_28": {
					"cloud_28": [
						{ "time": 0, "curve": "stepped" },
						{ "time": 0.3666 },
						{
							"time": 0.6333,
							"vertices": [ -6.02395, 21.65572, 19.79581, -11.1395, 5.37773, -21.62465, -25.73914, -11.96062 ]
						},
						{
							"time": 0.9666,
							"vertices": [ -25.57344, 5.60541, -3.14578, -4.95564, -0.77017, -7.61625, -29.86375, -11.84085 ]
						}
					]
				},
				"images/images/cloud_31": {
					"cloud_31": [
						{
							"time": 0,
							"curve": [ 0.145, 0.58, 0.75, 1 ]
						},
						{
							"time": 0.3666,
							"vertices": [ -17.99, 0, 0, 0, 0, 0, -17.99 ]
						},
						{
							"time": 0.7,
							"vertices": [ -14.75449, 2.51652, -9.78347, 0.71902, 10.72148, -20.33203, -12.957, -1.07849 ]
						},
						{
							"time": 0.9333,
							"vertices": [ -8.12623, -13.89342, -8.15903, 2.88755, 17.8946, 7.93632, 8.29137, 3.36981 ]
						},
						{
							"time": 1.1666,
							"vertices": [ -15.09644, -20.81401, -5.90771, -1.08691, 14.36336, 2.50304, 2.42624, -5.53811 ]
						}
					]
				},
				"images/images/cloud_43": {
					"cloud_43": [
						{
							"time": 0,
							"curve": [ 0.145, 0.58, 0.75, 1 ]
						},
						{
							"time": 0.3666,
							"vertices": [ -13.94997, -5.58001, 0, 0, 0, 0, -13.94997, -5.58001 ]
						},
						{
							"time": 0.7,
							"vertices": [ -17.54498, -11.57168, -19.06662, 29.31812, -6.17813, -5.66229, -11.7398, -14.23817 ]
						},
						{
							"time": 1.0666,
							"vertices": [ 16.58449, -43.07768, 11.26436, -11.46429, 16.37132, 6.36104, 28.07529, -13.76172 ]
						}
					]
				}
			}
		}
	},
	"stop": {
		"slots": {
			"cloud_5": {
				"color": [
					{ "time": 0, "color": "ffffffff", "curve": "stepped" },
					{ "time": 1, "color": "ffffffff" }
				],
				"attachment": [
					{ "time": 0, "name": "cloud" },
					{ "time": 1, "name": "cloud" }
				]
			},
			"images/cloud": {
				"attachment": [
					{ "time": 0, "name": null },
					{ "time": 1, "name": null }
				]
			},
			"images/images/cloud_13": {
				"color": [
					{ "time": 0, "color": "ffffffff", "curve": "stepped" },
					{ "time": 1, "color": "ffffffff" }
				],
				"attachment": [
					{ "time": 0, "name": null },
					{ "time": 1, "name": null }
				]
			},
			"images/images/cloud_16": {
				"color": [
					{ "time": 0, "color": "ffffffff", "curve": "stepped" },
					{ "time": 1, "color": "ffffffff" }
				],
				"attachment": [
					{ "time": 0, "name": null },
					{ "time": 1, "name": null }
				]
			},
			"images/images/cloud_28": {
				"color": [
					{ "time": 0, "color": "ffffffff", "curve": "stepped" },
					{ "time": 1, "color": "ffffffff" }
				],
				"attachment": [
					{ "time": 0, "name": null },
					{ "time": 1, "name": null }
				]
			},
			"images/images/cloud_31": {
				"color": [
					{ "time": 0, "color": "ffffffff", "curve": "stepped" },
					{ "time": 1, "color": "ffffffff" }
				],
				"attachment": [
					{ "time": 0, "name": null },
					{ "time": 1, "name": null }
				]
			},
			"images/images/cloud_43": {
				"color": [
					{ "time": 0, "color": "ffffffff", "curve": "stepped" },
					{ "time": 1, "color": "ffffffff" }
				],
				"attachment": [
					{ "time": 0, "name": null },
					{ "time": 1, "name": null }
				]
			},
			"shadow/black/balck_all": {
				"attachment": [
					{ "time": 0, "name": null },
					{ "time": 1, "name": null }
				]
			},
			"shadow/black/balck_all2": {
				"attachment": [
					{ "time": 0, "name": null },
					{ "time": 1, "name": null }
				]
			},
			"shadow/black/balck_all3": {
				"attachment": [
					{ "time": 0, "name": null },
					{ "time": 1, "name": null }
				]
			}
		},
		"bones": {
			"images/images/cloud_13": {
				"rotate": [
					{ "time": 0, "angle": 0, "curve": "stepped" },
					{ "time": 1, "angle": 0 }
				],
				"translate": [
					{ "time": 0, "x": -405.52, "y": 125.77, "curve": "stepped" },
					{ "time": 1, "x": -405.52, "y": 125.77 }
				],
				"scale": [
					{ "time": 0, "x": 1, "y": 1, "curve": "stepped" },
					{ "time": 1, "x": 1, "y": 1 }
				]
			},
			"images/images/cloud_16": {
				"rotate": [
					{ "time": 0, "angle": 0, "curve": "stepped" },
					{ "time": 1, "angle": 0 }
				],
				"translate": [
					{ "time": 0, "x": -408.45, "y": 126.69, "curve": "stepped" },
					{ "time": 1, "x": -408.45, "y": 126.69 }
				],
				"scale": [
					{ "time": 0, "x": 0.944, "y": 1, "curve": "stepped" },
					{ "time": 1, "x": 0.944, "y": 1 }
				]
			},
			"images/images/cloud_28": {
				"rotate": [
					{ "time": 0, "angle": 0, "curve": "stepped" },
					{ "time": 1, "angle": 0 }
				],
				"translate": [
					{ "time": 0, "x": -400.57, "y": 134.89, "curve": "stepped" },
					{ "time": 1, "x": -400.57, "y": 134.89 }
				],
				"scale": [
					{ "time": 0, "x": 1, "y": 1, "curve": "stepped" },
					{ "time": 1, "x": 1, "y": 1 }
				]
			},
			"images/images/cloud_31": {
				"rotate": [
					{ "time": 0, "angle": 0, "curve": "stepped" },
					{ "time": 1, "angle": 0 }
				],
				"translate": [
					{ "time": 0, "x": -418.73, "y": 140.69, "curve": "stepped" },
					{ "time": 1, "x": -418.73, "y": 140.69 }
				],
				"scale": [
					{ "time": 0, "x": 1, "y": 1, "curve": "stepped" },
					{ "time": 1, "x": 1, "y": 1 }
				]
			},
			"images/images/cloud_43": {
				"rotate": [
					{ "time": 0, "angle": 0, "curve": "stepped" },
					{ "time": 1, "angle": 0 }
				],
				"translate": [
					{ "time": 0, "x": -421.73, "y": 137.94, "curve": "stepped" },
					{ "time": 1, "x": -421.73, "y": 137.94 }
				],
				"scale": [
					{ "time": 0, "x": 1, "y": 1, "curve": "stepped" },
					{ "time": 1, "x": 1, "y": 1 }
				]
			},
			"images/images/cloud_05": {
				"rotate": [
					{ "time": 0, "angle": 0, "curve": "stepped" },
					{ "time": 1, "angle": 0 }
				],
				"translate": [
					{ "time": 0, "x": -418.81, "y": -39.4, "curve": "stepped" },
					{ "time": 1, "x": -418.81, "y": -39.4 }
				],
				"scale": [
					{ "time": 0, "x": 0.982, "y": 0.982, "curve": "stepped" },
					{ "time": 1, "x": 0.982, "y": 0.982 }
				]
			},
			"root": {
				"rotate": [
					{ "time": 0, "angle": 0, "curve": "stepped" },
					{ "time": 1, "angle": 0 }
				],
				"translate": [
					{ "time": 0, "x": 0, "y": 0, "curve": "stepped" },
					{ "time": 1, "x": 0, "y": 0 }
				],
				"scale": [
					{ "time": 0, "x": 1, "y": 1, "curve": "stepped" },
					{ "time": 1, "x": 1, "y": 1 }
				]
			},
			"bone": {
				"rotate": [
					{ "time": 0, "angle": 0, "curve": "stepped" },
					{ "time": 1, "angle": 0 }
				],
				"translate": [
					{ "time": 0, "x": 0, "y": 0, "curve": "stepped" },
					{ "time": 1, "x": 0, "y": 0 }
				],
				"scale": [
					{ "time": 0, "x": 1, "y": 1, "curve": "stepped" },
					{ "time": 1, "x": 1, "y": 1 }
				]
			}
		},
		"deform": {
			"default": {
				"cloud_5": {
					"cloud": [
						{
							"time": 0,
							"curve": [ 0.25, 0, 0.75, 1 ]
						},
						{
							"time": 0.5,
							"vertices": [ 7.84145, -7.89341, -19.78135, -5.20424, -12.80886, 10.2336, 7.58913, 8.1151, -2.2567, 4.6528, 7.43656, 0.38255 ],
							"curve": [ 0.25, 0, 0.75, 1 ]
						},
						{ "time": 1 }
					]
				},
				"images/images/cloud_13": {
					"cloud_13": [
						{ "time": 0, "curve": "stepped" },
						{ "time": 1 }
					]
				},
				"images/images/cloud_16": {
					"cloud_16": [
						{ "time": 0, "curve": "stepped" },
						{ "time": 1 }
					]
				},
				"images/images/cloud_28": {
					"cloud_28": [
						{ "time": 0, "curve": "stepped" },
						{ "time": 1 }
					]
				},
				"images/images/cloud_31": {
					"cloud_31": [
						{ "time": 0, "curve": "stepped" },
						{ "time": 1 }
					]
				},
				"images/images/cloud_43": {
					"cloud_43": [
						{ "time": 0, "curve": "stepped" },
						{ "time": 1 }
					]
				}
			}
		}
	}
}
}