{
"skeleton": { "hash": "Imu3kT4YGbt42dV704oULFyLUXc", "spine": "3.4.02", "width": 0, "height": 0, "images": "./picture/bread/" },
"bones": [
	{ "name": "root" },
	{ "name": "scraps03", "parent": "root", "x": 883.41, "y": 82.93, "scaleX": 0.809, "scaleY": 0.809 },
	{ "name": "scraps3", "parent": "root", "x": 775.58, "y": 82.93, "scaleX": 1.31, "scaleY": 1.31 },
	{ "name": "scraps04", "parent": "root", "x": 784.26, "y": 44.54, "scaleX": 1.614, "scaleY": 1.614 },
	{ "name": "scraps4", "parent": "root", "x": 837.35, "y": 44.54, "scaleX": 0.89, "scaleY": 0.89 },
	{ "name": "scraps5", "parent": "root", "x": 769.84, "y": 112.4, "scaleX": 1.589, "scaleY": 1.589 },
	{ "name": "scraps8", "parent": "root", "x": 878.82, "y": 44.54, "scaleX": 1.048, "scaleY": 1.048 },
	{ "name": "scraps9", "parent": "root", "x": 916.98, "y": 44.54, "scaleX": 1.258, "scaleY": 1.769 },
	{ "name": "scraps10", "parent": "root", "x": 934.84, "y": 82.93, "scaleX": 0.88, "scaleY": 0.88 },
	{ "name": "scraps12", "parent": "root", "x": 987.93, "y": 82.93, "scaleX": 0.697, "scaleY": 0.697 },
	{ "name": "scraps13", "parent": "root", "x": 961.77, "y": 44.54, "scaleX": 0.74, "scaleY": 0.74 }
],
"slots": [
	{ "name": "scraps03", "bone": "scraps03" },
	{ "name": "scraps10", "bone": "scraps10" },
	{ "name": "scraps12", "bone": "scraps12" },
	{ "name": "scraps3", "bone": "scraps3" },
	{ "name": "scraps04", "bone": "scraps04" },
	{ "name": "scraps4", "bone": "scraps4" },
	{ "name": "scraps8", "bone": "scraps8" },
	{ "name": "scraps9", "bone": "scraps9" },
	{ "name": "scraps13", "bone": "scraps13" },
	{ "name": "scraps5", "bone": "scraps5" }
],
"skins": {
	"default": {
		"scraps03": {
			"scraps03": { "x": -5.69, "y": 0.75, "scaleX": 0.838, "scaleY": 0.838, "width": 45, "height": 27 }
		},
		"scraps04": {
			"scraps04": { "x": 4.16, "y": 1.65, "scaleX": 0.601, "scaleY": 0.56, "width": 29, "height": 38 }
		},
		"scraps10": {
			"scraps03": { "x": -5.69, "y": 0.75, "width": 45, "height": 27 }
		},
		"scraps12": {
			"scraps03": { "x": -5.69, "y": 0.75, "scaleX": 0.789, "width": 45, "height": 27 }
		},
		"scraps13": {
			"scraps04": { "x": 4.16, "y": 1.65, "width": 29, "height": 38 }
		},
		"scraps3": {
			"scraps03": { "x": -5.69, "y": 0.75, "scaleX": 0.804, "scaleY": 0.804, "width": 45, "height": 27 }
		},
		"scraps4": {
			"scraps04": { "x": 4.16, "y": 1.65, "width": 29, "height": 38 }
		},
		"scraps5": {
			"scraps05": { "x": -2.97, "y": 2.28, "scaleX": 0.903, "scaleY": 0.903, "width": 29, "height": 25 }
		},
		"scraps8": {
			"scraps04": { "x": 4.16, "y": 1.65, "scaleX": 0.839, "scaleY": 0.526, "width": 29, "height": 38 }
		},
		"scraps9": {
			"scraps04": { "x": 4.16, "y": 1.65, "scaleX": 0.641, "scaleY": 0.641, "width": 29, "height": 38 }
		}
	}
},
"events": {
	"eat": {}
},
"animations": {
	"run": {
		"slots": {
			"scraps3": {
				"color": [
					{ "time": 0, "color": "ffffffff", "curve": "stepped" },
					{ "time": 1.1666, "color": "ffffffff" },
					{ "time": 1.3333, "color": "ffffff00" }
				],
				"attachment": [
					{ "time": 0, "name": null },
					{ "time": 0.7, "name": "scraps03" }
				]
			},
			"scraps03": {
				"color": [
					{ "time": 0, "color": "ffffffff", "curve": "stepped" },
					{ "time": 1.2666, "color": "ffffffff" },
					{ "time": 1.4333, "color": "ffffff00" }
				],
				"attachment": [
					{ "time": 0, "name": null },
					{ "time": 0.8, "name": "scraps03" }
				]
			},
			"scraps04": {
				"color": [
					{ "time": 0, "color": "ffffffff", "curve": "stepped" },
					{ "time": 1.1, "color": "ffffffff" },
					{ "time": 1.3, "color": "ffffff00" }
				],
				"attachment": [
					{ "time": 0, "name": null },
					{ "time": 0.7666, "name": "scraps04" }
				]
			},
			"scraps4": {
				"color": [
					{ "time": 0, "color": "ffffffff", "curve": "stepped" },
					{ "time": 0.9333, "color": "ffffffff" },
					{ "time": 1.1, "color": "ffffff00" }
				],
				"attachment": [
					{ "time": 0, "name": null },
					{ "time": 0.6666, "name": "scraps04" }
				]
			},
			"scraps5": {
				"color": [
					{ "time": 0, "color": "ffffffff", "curve": "stepped" },
					{ "time": 1.2666, "color": "ffffffff" },
					{ "time": 1.4666, "color": "ffffff00" }
				],
				"attachment": [
					{ "time": 0, "name": null },
					{ "time": 0.7666, "name": "scraps05" }
				]
			},
			"scraps8": {
				"color": [
					{ "time": 0, "color": "ffffffff", "curve": "stepped" },
					{ "time": 1.3333, "color": "ffffffff" },
					{ "time": 1.4666, "color": "ffffff00" }
				],
				"attachment": [
					{ "time": 0, "name": null },
					{ "time": 0.7333, "name": "scraps04" }
				]
			},
			"scraps9": {
				"color": [
					{ "time": 0, "color": "ffffffff", "curve": "stepped" },
					{ "time": 1.0333, "color": "ffffffff" },
					{ "time": 1.1333, "color": "ffffff00" }
				],
				"attachment": [
					{ "time": 0, "name": null },
					{ "time": 0.7, "name": "scraps04" }
				]
			},
			"scraps10": {
				"color": [
					{ "time": 0, "color": "ffffffff", "curve": "stepped" },
					{ "time": 1.2, "color": "ffffffff" },
					{ "time": 1.3666, "color": "ffffff00" }
				],
				"attachment": [
					{ "time": 0, "name": null },
					{ "time": 0.6666, "name": "scraps03" }
				]
			},
			"scraps12": {
				"color": [
					{ "time": 0, "color": "ffffffff", "curve": "stepped" },
					{ "time": 1.1333, "color": "ffffffff" },
					{ "time": 1.2666, "color": "ffffff00" }
				],
				"attachment": [
					{ "time": 0, "name": null },
					{ "time": 0.8666, "name": "scraps03" }
				]
			},
			"scraps13": {
				"color": [
					{ "time": 0, "color": "ffffffff", "curve": "stepped" },
					{ "time": 1.0666, "color": "ffffffff" },
					{ "time": 1.2333, "color": "ffffff00" }
				],
				"attachment": [
					{ "time": 0, "name": null },
					{ "time": 0.6666, "name": "scraps04" }
				]
			}
		},
		"bones": {
			"scraps3": {
				"rotate": [
					{ "time": 0, "angle": 0 }
				],
				"translate": [
					{ "time": 0, "x": -754.32, "y": -82.94, "curve": "stepped" },
					{ "time": 0.7, "x": -754.32, "y": -82.94 },
					{ "time": 0.9, "x": -703.05, "y": -17.01 },
					{
						"time": 1.0666,
						"x": -634.19,
						"y": -44.85,
						"curve": [ 0.168, 0.1, 0.943, 0.88 ]
					},
					{ "time": 1.3333, "x": -552.04, "y": -346.49 }
				],
				"scale": [
					{ "time": 0, "x": 1, "y": 1 }
				]
			},
			"scraps04": {
				"rotate": [
					{ "time": 0, "angle": 0 }
				],
				"translate": [
					{ "time": 0, "x": -779.64, "y": -76.77, "curve": "stepped" },
					{
						"time": 0.7666,
						"x": -779.64,
						"y": -76.77,
						"curve": [ 0.25, 0, 0.989, 0.83 ]
					},
					{ "time": 1.3, "x": -775.23, "y": -361.49 }
				],
				"scale": [
					{ "time": 0, "x": 0.98, "y": 0.98 }
				]
			},
			"scraps5": {
				"rotate": [
					{ "time": 0, "angle": 0 }
				],
				"translate": [
					{ "time": 0, "x": -805.16, "y": -108.06, "curve": "stepped" },
					{ "time": 0.7666, "x": -805.16, "y": -108.06 },
					{ "time": 0.9333, "x": -853.17, "y": -92.06 },
					{
						"time": 1.1666,
						"x": -895.17,
						"y": -144.06,
						"curve": [ 0.25, 0, 0.954, 0.81 ]
					},
					{ "time": 1.4666, "x": -917.17, "y": -322.06 }
				],
				"scale": [
					{ "time": 0, "x": 1, "y": 1 }
				]
			},
			"scraps4": {
				"rotate": [
					{ "time": 0, "angle": -65.47 }
				],
				"translate": [
					{ "time": 0, "x": -849.58, "y": -61.41, "curve": "stepped" },
					{
						"time": 0.6666,
						"x": -849.58,
						"y": -61.41,
						"curve": [ 0.25, 0, 0.948, 0.78 ]
					},
					{ "time": 1.1, "x": -849.58, "y": -266.59 }
				],
				"scale": [
					{ "time": 0, "x": 1, "y": 1 }
				]
			},
			"scraps9": {
				"rotate": [
					{ "time": 0, "angle": -110.77 }
				],
				"translate": [
					{ "time": 0, "x": -936.59, "y": -56.29, "curve": "stepped" },
					{
						"time": 0.7,
						"x": -936.59,
						"y": -56.29,
						"curve": [ 0.25, 0, 0.984, 0.81 ]
					},
					{ "time": 1.1333, "x": -1015.36, "y": -235.83 }
				],
				"scale": [
					{ "time": 0, "x": 1, "y": 1 }
				]
			},
			"scraps03": {
				"rotate": [
					{ "time": 0, "angle": 133.21 }
				],
				"translate": [
					{ "time": 0, "x": -900.76, "y": -71.65, "curve": "stepped" },
					{ "time": 0.8, "x": -900.76, "y": -71.65 },
					{ "time": 1, "x": -914.8, "y": -6.71 },
					{
						"time": 1.1333,
						"x": -967.45,
						"y": 5.56,
						"curve": [ 0.168, 0.06, 1, 0.8 ]
					},
					{ "time": 1.4333, "x": -1017.75, "y": -238.96 }
				],
				"scale": [
					{ "time": 0, "x": 1, "y": 1 }
				]
			},
			"scraps10": {
				"rotate": [
					{ "time": 0, "angle": 73.03 }
				],
				"translate": [
					{ "time": 0, "x": -933.18, "y": -73.35, "curve": "stepped" },
					{
						"time": 0.6666,
						"x": -933.18,
						"y": -73.35,
						"curve": [ 0.25, 0, 0.666, 1 ]
					},
					{
						"time": 0.9333,
						"x": -927.91,
						"y": 33.81,
						"curve": [ 0.45, 0, 0.947, 0.75 ]
					},
					{ "time": 1.3666, "x": -919.1, "y": -327.23 }
				],
				"scale": [
					{ "time": 0, "x": 1, "y": 1 }
				]
			},
			"scraps12": {
				"rotate": [
					{ "time": 0, "angle": -55.91 }
				],
				"translate": [
					{ "time": 0, "x": -970.71, "y": -107.47, "curve": "stepped" },
					{
						"time": 0.8666,
						"x": -970.71,
						"y": -107.47,
						"curve": [ 0.25, 0, 0.954, 0.83 ]
					},
					{ "time": 1.2666, "x": -915.75, "y": -327.31 }
				],
				"scale": [
					{ "time": 0, "x": 1, "y": 1 }
				]
			},
			"scraps8": {
				"rotate": [
					{ "time": 0, "angle": 87.56 }
				],
				"translate": [
					{ "time": 0, "x": -854.7, "y": -44.35, "curve": "stepped" },
					{ "time": 0.7333, "x": -854.7, "y": -44.35 },
					{ "time": 0.8666, "x": -835.9, "y": 2.09 },
					{ "time": 1, "x": -796.08, "y": 10.94 },
					{
						"time": 1.2,
						"x": -747.96,
						"y": -53.08,
						"curve": [ 0.198, 0.08, 0.908, 0.84 ]
					},
					{ "time": 1.4666, "x": -681.4, "y": -250.75 }
				],
				"scale": [
					{ "time": 0, "x": 1, "y": 1 }
				]
			},
			"scraps13": {
				"rotate": [
					{ "time": 0, "angle": -151 }
				],
				"translate": [
					{ "time": 0, "x": -969, "y": -22.17, "curve": "stepped" },
					{ "time": 0.6666, "x": -969, "y": -22.17 },
					{ "time": 0.8333, "x": -1005.97, "y": 36.56 },
					{ "time": 1, "x": -1055.59, "y": 32.5 },
					{ "time": 1.2333, "x": -1121.33, "y": -250.73 }
				],
				"scale": [
					{ "time": 0, "x": 1, "y": 1 }
				]
			}
		},
		"drawOrder": [
			{ "time": 0 }
		]
	}
}
}