{
"skeleton": { "hash": "fMzb+yz45+EQdsbcsMm0OFxrzu0", "spine": "3.4.02", "width": 199, "height": 197, "images": "./picture/ice/" },
"bones": [
	{ "name": "root" },
	{ "name": "root2", "parent": "root" },
	{ "name": "Chips", "parent": "root2" },
	{ "name": "Chip/01", "parent": "Chips", "rotation": 90.9, "x": -19.03, "y": -57.83 },
	{ "name": "Chip/02", "parent": "Chips", "rotation": 91.8, "x": -12.39, "y": -3.12 },
	{ "name": "Chip/03", "parent": "Chips", "rotation": 90, "x": 14.16, "y": -59.24 },
	{ "name": "Chip/04", "parent": "Chips", "rotation": 90, "x": 9.82, "y": -29.53 },
	{ "name": "Chip/05", "parent": "Chips", "rotation": 90.9, "x": 5.3, "y": -107.97 },
	{ "name": "Chip/06", "parent": "Chips", "rotation": 90, "x": -38.58, "y": -38.29 },
	{ "name": "Chip/07", "parent": "Chips", "rotation": 90.9, "x": -43.05, "y": -59.18 },
	{ "name": "Chip/08", "parent": "Chips", "rotation": 90, "x": -16.73, "y": -47.9 },
	{ "name": "Chip/09", "parent": "Chips", "rotation": 90, "x": -45.92, "y": -59.28 },
	{ "name": "Chip/10", "parent": "Chips", "rotation": 90, "x": 23.13, "y": -48.61 },
	{ "name": "Chip/11", "parent": "Chips", "rotation": 90, "x": 13.74, "y": -59.6 },
	{ "name": "Chip/12", "parent": "Chips", "rotation": 90, "x": 24.7, "y": -59.58, "scaleY": 0.999 },
	{ "name": "Chip/13", "parent": "Chips", "rotation": 90, "x": -40.86, "y": -31 },
	{ "name": "Chip/14", "parent": "Chips", "rotation": 90, "x": 29.57, "y": -42.43 },
	{ "name": "Chip/15", "parent": "Chips", "x": -230.63, "y": 141.9 },
	{ "name": "Chip/17", "parent": "Chips", "x": -170.47, "y": 167.39 },
	{ "name": "Chip/21", "parent": "Chips", "x": -190.57, "y": 85.69 },
	{ "name": "Chip/22", "parent": "Chips", "x": -128.81, "y": 74.9 },
	{ "name": "Light", "parent": "root2" },
	{ "name": "bomb_light", "parent": "root2", "rotation": 90 },
	{ "name": "chip/01", "parent": "Chip/01", "rotation": -1.35, "x": 21.9, "y": 0.46 },
	{ "name": "chip/02", "parent": "Chip/02", "rotation": -0.9, "x": 10.07, "y": 0.62 },
	{ "name": "chip/03", "parent": "Chip/03", "rotation": 3.18, "x": 14.59, "y": 0.75 },
	{ "name": "chip/04", "parent": "Chip/04", "rotation": -0.45, "x": 19.88, "y": 0.22 },
	{ "name": "chip/05", "parent": "Chip/05", "x": 31.71, "y": 1.81 },
	{ "name": "chip/06", "parent": "Chip/06", "x": 6.93, "y": 0.1 },
	{ "name": "chip/07", "parent": "Chip/07", "rotation": -0.9, "x": 9.33, "y": 1.09 },
	{ "name": "chip/08", "parent": "Chip/08", "rotation": -1.36, "x": 10.36 },
	{ "name": "chip/09", "parent": "Chip/09", "x": 6.84, "y": -0.18 },
	{ "name": "chip/10", "parent": "Chip/10", "rotation": -1.36, "x": 11.62, "y": -0.48 },
	{ "name": "chip/11", "parent": "Chip/11", "x": 6.33, "y": -0.62 },
	{ "name": "chip/12", "parent": "Chip/12", "x": 6.92, "y": 0.6 },
	{ "name": "chip/13", "parent": "Chip/13", "rotation": -0.45, "x": 19.57, "y": 2.51 },
	{ "name": "chip/14", "parent": "Chip/14", "rotation": -0.45, "x": 20.56, "y": 2.76 },
	{ "name": "chip/15", "parent": "Chip/15", "x": -0.17, "y": 9.57 },
	{ "name": "chip/16", "parent": "Chips", "x": -236.6, "y": 190.8 },
	{ "name": "chip/17", "parent": "Chip/17", "x": 0.3, "y": 13.32 },
	{ "name": "chip/18", "parent": "Chips", "x": -179.42, "y": 140.34 },
	{ "name": "chip/19", "parent": "Chips", "x": -135.68, "y": 137.82 },
	{ "name": "chip/20", "parent": "Chips", "x": -236.6, "y": 83.16 },
	{ "name": "chip/21", "parent": "Chip/21", "x": -0.62, "y": 15.12 },
	{ "name": "chip/22", "parent": "Chip/22", "x": -0.14, "y": 16.66 },
	{
		"name": "light",
		"parent": "Light",
		"length": 87.55,
		"rotation": -155.46,
		"x": 136.86,
		"y": 56.9,
		"scaleX": 1.008,
		"scaleY": 2.5,
		"color": "c9a561ff"
	},
	{
		"name": "light2",
		"parent": "Light",
		"length": 87.55,
		"rotation": -67.33,
		"x": -63.02,
		"y": 155.08,
		"scaleX": 1.33,
		"scaleY": 2.479,
		"color": "c9a561ff"
	},
	{
		"name": "light3",
		"parent": "Light",
		"length": 87.55,
		"rotation": -29.4,
		"x": -127.51,
		"y": 68.77,
		"scaleY": 2.479,
		"color": "c9a561ff"
	},
	{
		"name": "light4",
		"parent": "Light",
		"length": 87.55,
		"rotation": 60.46,
		"x": -98.83,
		"y": -163.63,
		"scaleX": 1.699,
		"scaleY": 2.479,
		"color": "c9a561ff"
	},
	{
		"name": "light5",
		"parent": "Light",
		"length": 87.55,
		"rotation": 141.43,
		"x": 128.63,
		"y": -104.29,
		"scaleX": 1.446,
		"scaleY": 2.479,
		"color": "c9a561ff"
	},
	{ "name": "pipe", "parent": "root2", "color": "c9a561ff" }
],
"slots": [
	{ "name": "lv", "bone": "pipe", "attachment": "lv1" },
	{ "name": "bomb_light", "bone": "bomb_light", "blend": "additive" },
	{ "name": "chip/01", "bone": "chip/01" },
	{ "name": "chip/03", "bone": "chip/03" },
	{ "name": "chip/13", "bone": "chip/13" },
	{ "name": "chip/05", "bone": "chip/05" },
	{ "name": "chip/06", "bone": "chip/06" },
	{ "name": "chip/07", "bone": "chip/07" },
	{ "name": "chip/08", "bone": "chip/08" },
	{ "name": "chip/09", "bone": "chip/09" },
	{ "name": "chip/10", "bone": "chip/10" },
	{ "name": "chip/11", "bone": "chip/11" },
	{ "name": "chip/12", "bone": "chip/12" },
	{ "name": "chip/20", "bone": "chip/20" },
	{ "name": "chip/17", "bone": "chip/17" },
	{ "name": "chip/19", "bone": "chip/19" },
	{ "name": "chip/21", "bone": "chip/21" },
	{ "name": "chip/18", "bone": "chip/18" },
	{ "name": "chip/16", "bone": "chip/16" },
	{ "name": "chip/14", "bone": "chip/14" },
	{ "name": "chip/15", "bone": "chip/15" },
	{ "name": "chip/22", "bone": "chip/22" },
	{ "name": "chip/02", "bone": "chip/02" },
	{ "name": "chip/04", "bone": "chip/04" },
	{ "name": "light", "bone": "light" },
	{ "name": "light2", "bone": "light2" },
	{ "name": "light3", "bone": "light3" },
	{ "name": "light4", "bone": "light4" },
	{ "name": "light5", "bone": "light5" }
],
"skins": {
	"default": {
		"bomb_light": {
			"bomb_light": { "y": -0.4, "scaleX": 1.268, "scaleY": 1.268, "rotation": -90, "width": 153, "height": 153 }
		},
		"chip/01": {
			"chip/01": { "x": 4.94, "y": 2.51, "scaleX": 0.682, "scaleY": 0.682, "rotation": -59.03, "width": 33, "height": 29 }
		},
		"chip/02": {
			"chip/03": { "x": -1.71, "y": 2.36, "rotation": -99.12, "width": 51, "height": 48 }
		},
		"chip/03": {
			"chip/03": { "x": 2.05, "y": 1.06, "rotation": -120.94, "width": 51, "height": 48 }
		},
		"chip/04": {
			"chip/01": { "x": 3.67, "y": 2.59, "rotation": -53.64, "width": 33, "height": 29 }
		},
		"chip/05": {
			"chip/03": { "x": 0.29, "y": -2.92, "scaleX": 0.83, "scaleY": 0.83, "rotation": -90.9, "width": 51, "height": 48 }
		},
		"chip/06": {
			"chip/02": { "x": 0.98, "y": -0.3, "rotation": -90, "width": 72, "height": 73 }
		},
		"chip/07": {
			"chip/01": { "x": 5.61, "y": -0.63, "rotation": -90, "width": 33, "height": 29 }
		},
		"chip/08": {
			"chip/02": { "x": 4.08, "y": 1.24, "rotation": -88.63, "width": 72, "height": 73 }
		},
		"chip/09": {
			"chip/01": { "x": -0.57, "y": -0.04, "rotation": -90, "width": 33, "height": 29 }
		},
		"chip/10": {
			"chip/01": { "x": 3.52, "y": 1.59, "rotation": -88.63, "width": 33, "height": 29 }
		},
		"chip/11": {
			"chip/02": { "x": 0.26, "y": 0.07, "rotation": -90, "width": 72, "height": 73 }
		},
		"chip/12": {
			"chip/01": { "x": -0.35, "y": -0.19, "scaleX": 0.631, "scaleY": 0.631, "rotation": -90, "width": 33, "height": 29 }
		},
		"chip/13": {
			"chip/03": { "x": 5.44, "y": 4.16, "rotation": -53.64, "width": 51, "height": 48 }
		},
		"chip/14": {
			"chip/01": { "x": 4.23, "y": 1.66, "rotation": -53.64, "width": 33, "height": 29 }
		},
		"chip/15": {
			"chip/01": { "x": -3.29, "y": 4.39, "width": 33, "height": 29 }
		},
		"chip/16": {
			"chip/01": { "x": -3.53, "y": -5.33, "scaleX": 1.265, "scaleY": 1.338, "rotation": 165.79, "width": 33, "height": 29 }
		},
		"chip/17": {
			"chip/02": { "x": 2.09, "y": -1.21, "scaleX": 1.43, "scaleY": 1.43, "width": 72, "height": 73 }
		},
		"chip/18": {
			"chip/03": { "x": 0.84, "y": 2.65, "scaleX": 1.441, "scaleY": 1.441, "width": 51, "height": 48 }
		},
		"chip/19": {
			"chip/03": { "x": 1.11, "y": 1.67, "width": 51, "height": 48 }
		},
		"chip/20": {
			"chip/01": { "x": 2.53, "y": 1.22, "scaleX": 0.89, "scaleY": 0.588, "width": 33, "height": 29 }
		},
		"chip/21": {
			"chip/02": { "x": 4.79, "y": 0.26, "scaleX": 0.89, "scaleY": 0.613, "rotation": 45.91, "width": 72, "height": 73 }
		},
		"chip/22": {
			"chip/03": { "x": -1.19, "y": 0.05, "scaleY": 0.605, "width": 51, "height": 48 }
		},
		"light": {
			"light": { "x": 41.94, "y": -0.53, "scaleX": 1.011, "scaleY": 2.627, "rotation": 90.63, "width": 12, "height": 35 }
		},
		"light2": {
			"light": { "x": 42.63, "y": -0.48, "scaleY": 2.73, "rotation": 89.39, "width": 12, "height": 35 }
		},
		"light3": {
			"light": { "x": 42.66, "y": -0.27, "scaleY": 2.738, "rotation": 88.96, "width": 12, "height": 35 }
		},
		"light4": {
			"light": { "x": 41.78, "y": -0.51, "scaleY": 2.562, "rotation": 90.69, "width": 12, "height": 35 }
		},
		"light5": {
			"light": { "x": 40.94, "y": -0.11, "scaleY": 2.512, "rotation": 89.27, "width": 12, "height": 35 }
		}
	},
	"across": {
		"lv": {
			"lv1": { "rotation": 90, "width": 197, "height": 199 }
		}
	},
	"upright": {
		"lv": {
			"lv1": { "width": 197, "height": 199 }
		}
	}
},
"animations": {
	"lv1": {
		"slots": {
			"bomb_light": {
				"color": [
					{ "time": 0, "color": "ffffffff" }
				],
				"attachment": [
					{ "time": 0, "name": null }
				]
			},
			"chip/01": {
				"color": [
					{ "time": 0, "color": "ffffffff" }
				],
				"attachment": [
					{ "time": 0, "name": null }
				]
			},
			"chip/02": {
				"color": [
					{ "time": 0, "color": "ffffffff" }
				],
				"attachment": [
					{ "time": 0, "name": null }
				]
			},
			"chip/03": {
				"color": [
					{ "time": 0, "color": "ffffffff" }
				],
				"attachment": [
					{ "time": 0, "name": null }
				]
			},
			"chip/04": {
				"color": [
					{ "time": 0, "color": "ffffffff" }
				],
				"attachment": [
					{ "time": 0, "name": null }
				]
			},
			"chip/05": {
				"color": [
					{ "time": 0, "color": "ffffffff" }
				],
				"attachment": [
					{ "time": 0, "name": null }
				]
			},
			"chip/06": {
				"color": [
					{ "time": 0, "color": "ffffffff" }
				],
				"attachment": [
					{ "time": 0, "name": null }
				]
			},
			"chip/07": {
				"color": [
					{ "time": 0, "color": "ffffffff" }
				],
				"attachment": [
					{ "time": 0, "name": null }
				]
			},
			"chip/08": {
				"color": [
					{ "time": 0, "color": "ffffffff" }
				],
				"attachment": [
					{ "time": 0, "name": null }
				]
			},
			"chip/09": {
				"color": [
					{ "time": 0, "color": "ffffffff" }
				],
				"attachment": [
					{ "time": 0, "name": null }
				]
			},
			"chip/10": {
				"color": [
					{ "time": 0, "color": "ffffffff" }
				],
				"attachment": [
					{ "time": 0, "name": null }
				]
			},
			"chip/11": {
				"color": [
					{ "time": 0, "color": "ffffffff" }
				],
				"attachment": [
					{ "time": 0, "name": null }
				]
			},
			"chip/12": {
				"color": [
					{ "time": 0, "color": "ffffffff" }
				],
				"attachment": [
					{ "time": 0, "name": null }
				]
			},
			"chip/13": {
				"color": [
					{ "time": 0, "color": "ffffffff" }
				],
				"attachment": [
					{ "time": 0, "name": null }
				]
			},
			"chip/14": {
				"color": [
					{ "time": 0, "color": "ffffffff" }
				],
				"attachment": [
					{ "time": 0, "name": null }
				]
			},
			"chip/15": {
				"color": [
					{ "time": 0, "color": "ffffffff" }
				],
				"attachment": [
					{ "time": 0, "name": null }
				]
			},
			"chip/16": {
				"color": [
					{ "time": 0, "color": "ffffffff" }
				],
				"attachment": [
					{ "time": 0, "name": null }
				]
			},
			"chip/17": {
				"color": [
					{ "time": 0, "color": "ffffffff" }
				],
				"attachment": [
					{ "time": 0, "name": null }
				]
			},
			"chip/18": {
				"color": [
					{ "time": 0, "color": "ffffffff" }
				],
				"attachment": [
					{ "time": 0, "name": null }
				]
			},
			"chip/19": {
				"color": [
					{ "time": 0, "color": "ffffffff" }
				],
				"attachment": [
					{ "time": 0, "name": null }
				]
			},
			"chip/20": {
				"color": [
					{ "time": 0, "color": "ffffffff" }
				],
				"attachment": [
					{ "time": 0, "name": null }
				]
			},
			"chip/21": {
				"color": [
					{ "time": 0, "color": "ffffffff" }
				],
				"attachment": [
					{ "time": 0, "name": null }
				]
			},
			"chip/22": {
				"color": [
					{ "time": 0, "color": "ffffffff" }
				],
				"attachment": [
					{ "time": 0, "name": null }
				]
			},
			"light": {
				"attachment": [
					{ "time": 0, "name": null }
				]
			},
			"light2": {
				"attachment": [
					{ "time": 0, "name": null }
				]
			},
			"light3": {
				"attachment": [
					{ "time": 0, "name": null }
				]
			},
			"light4": {
				"attachment": [
					{ "time": 0, "name": null }
				]
			},
			"light5": {
				"attachment": [
					{ "time": 0, "name": null }
				]
			},
			"lv": {
				"color": [
					{ "time": 0, "color": "ffffffff" }
				],
				"attachment": [
					{ "time": 0, "name": "lv1" }
				]
			}
		},
		"bones": {
			"root": {
				"rotate": [
					{ "time": 0, "angle": 0 }
				],
				"translate": [
					{ "time": 0, "x": 0, "y": 0 }
				],
				"scale": [
					{ "time": 0, "x": 1, "y": 1 }
				]
			},
			"chip/01": {
				"rotate": [
					{ "time": 0, "angle": 89.55 }
				],
				"translate": [
					{ "time": 0, "x": 0, "y": 0 }
				],
				"scale": [
					{ "time": 0, "x": 1, "y": 1 }
				]
			},
			"chip/02": {
				"rotate": [
					{ "time": 0, "angle": 0 }
				],
				"translate": [
					{ "time": 0, "x": 0, "y": 0 }
				],
				"scale": [
					{ "time": 0, "x": 1, "y": 1 }
				]
			},
			"chip/03": {
				"rotate": [
					{ "time": 0, "angle": 0 }
				],
				"translate": [
					{ "time": 0, "x": 0, "y": 0 }
				],
				"scale": [
					{ "time": 0, "x": 1, "y": 1 }
				]
			},
			"chip/04": {
				"rotate": [
					{ "time": 0, "angle": 0 }
				],
				"translate": [
					{ "time": 0, "x": 0, "y": 0 }
				],
				"scale": [
					{ "time": 0, "x": 1, "y": 1 }
				]
			},
			"chip/09": {
				"rotate": [
					{ "time": 0, "angle": 0 }
				],
				"translate": [
					{ "time": 0, "x": 0, "y": 0 }
				],
				"scale": [
					{ "time": 0, "x": 1.459, "y": 1.459 }
				]
			},
			"chip/07": {
				"rotate": [
					{ "time": 0, "angle": 0 }
				],
				"translate": [
					{ "time": 0, "x": 0, "y": 0 }
				],
				"scale": [
					{ "time": 0, "x": 1.226, "y": 1.226 }
				]
			},
			"chip/06": {
				"rotate": [
					{ "time": 0, "angle": 0 }
				],
				"translate": [
					{ "time": 0, "x": 0, "y": 0 }
				],
				"scale": [
					{ "time": 0, "x": 1.69, "y": 1.69 }
				]
			},
			"chip/08": {
				"rotate": [
					{ "time": 0, "angle": 0 }
				],
				"translate": [
					{ "time": 0, "x": 0, "y": 0 }
				],
				"scale": [
					{ "time": 0, "x": 1.207, "y": 1.207 }
				]
			},
			"chip/05": {
				"rotate": [
					{ "time": 0, "angle": 0 }
				],
				"translate": [
					{ "time": 0, "x": 0, "y": 0 }
				],
				"scale": [
					{ "time": 0, "x": 1.723, "y": 1.723 }
				]
			},
			"Chip/01": {
				"rotate": [
					{ "time": 0, "angle": -0.9 }
				],
				"translate": [
					{ "time": 0, "x": -0.47, "y": 29.99 }
				],
				"scale": [
					{ "time": 0, "x": 1, "y": 1 }
				]
			},
			"Chip/02": {
				"rotate": [
					{ "time": 0, "angle": 0 }
				],
				"translate": [
					{ "time": 0, "x": 0.31, "y": -9.99 }
				],
				"scale": [
					{ "time": 0, "x": 1, "y": 1 }
				]
			},
			"Chip/03": {
				"rotate": [
					{ "time": 0, "angle": 0 }
				],
				"translate": [
					{ "time": 0, "x": -2.13, "y": 29.92 }
				],
				"scale": [
					{ "time": 0, "x": 1, "y": 1 }
				]
			},
			"Chip/04": {
				"rotate": [
					{ "time": 0, "angle": 0 }
				],
				"translate": [
					{ "time": 0, "x": 0, "y": -10 }
				],
				"scale": [
					{ "time": 0, "x": 1, "y": 1 }
				]
			},
			"Chip/09": {
				"rotate": [
					{ "time": 0, "angle": 0 }
				],
				"translate": [
					{ "time": 0, "x": 0, "y": 0 }
				],
				"scale": [
					{ "time": 0, "x": 1, "y": 1 }
				]
			},
			"Chip/07": {
				"rotate": [
					{ "time": 0, "angle": 0 }
				],
				"translate": [
					{ "time": 0, "x": 0, "y": 0 }
				],
				"scale": [
					{ "time": 0, "x": 1, "y": 1 }
				]
			},
			"Chip/06": {
				"rotate": [
					{ "time": 0, "angle": 0 }
				],
				"translate": [
					{ "time": 0, "x": 0, "y": 0 }
				],
				"scale": [
					{ "time": 0, "x": 1, "y": 1 }
				]
			},
			"Chip/08": {
				"rotate": [
					{ "time": 0, "angle": 0 }
				],
				"translate": [
					{ "time": 0, "x": 0, "y": 0 }
				],
				"scale": [
					{ "time": 0, "x": 1, "y": 1 }
				]
			},
			"Chip/05": {
				"rotate": [
					{ "time": 0, "angle": 0 }
				],
				"translate": [
					{ "time": 0, "x": 74.32, "y": 11.48 }
				],
				"scale": [
					{ "time": 0, "x": 1, "y": 1 }
				]
			},
			"chip/10": {
				"rotate": [
					{ "time": 0, "angle": 0 }
				],
				"translate": [
					{ "time": 0, "x": 0, "y": 0 }
				],
				"scale": [
					{ "time": 0, "x": 1.911, "y": 1.911 }
				]
			},
			"Chip/10": {
				"rotate": [
					{ "time": 0, "angle": 0 }
				],
				"translate": [
					{ "time": 0, "x": 0, "y": 0 }
				],
				"scale": [
					{ "time": 0, "x": 1, "y": 1 }
				]
			},
			"Chip/11": {
				"rotate": [
					{ "time": 0, "angle": 0 }
				],
				"translate": [
					{ "time": 0, "x": 0, "y": 0 }
				],
				"scale": [
					{ "time": 0, "x": 1, "y": 1 }
				]
			},
			"chip/11": {
				"rotate": [
					{ "time": 0, "angle": 0 }
				],
				"translate": [
					{ "time": 0, "x": 0, "y": 0 }
				],
				"scale": [
					{ "time": 0, "x": 2.047, "y": 2.047 }
				]
			},
			"Chip/12": {
				"rotate": [
					{ "time": 0, "angle": 0 }
				],
				"translate": [
					{ "time": 0, "x": 0, "y": 0 }
				],
				"scale": [
					{ "time": 0, "x": 1, "y": 1 }
				]
			},
			"chip/12": {
				"rotate": [
					{ "time": 0, "angle": 0 }
				],
				"translate": [
					{ "time": 0, "x": 0, "y": 0 }
				],
				"scale": [
					{ "time": 0, "x": 2.224, "y": 2.224 }
				]
			},
			"pipe": {
				"rotate": [
					{ "time": 0, "angle": 0 }
				],
				"translate": [
					{ "time": 0, "x": 0, "y": 0 }
				],
				"scale": [
					{ "time": 0, "x": 1, "y": 1 }
				]
			},
			"chip/13": {
				"rotate": [
					{ "time": 0, "angle": 0 }
				],
				"translate": [
					{ "time": 0, "x": 0, "y": 0 }
				],
				"scale": [
					{ "time": 0, "x": 1, "y": 1 }
				]
			},
			"Chip/13": {
				"rotate": [
					{ "time": 0, "angle": 0 }
				],
				"translate": [
					{ "time": 0, "x": 4.85, "y": -63.13 }
				],
				"scale": [
					{ "time": 0, "x": 1, "y": 1 }
				]
			},
			"chip/14": {
				"rotate": [
					{ "time": 0, "angle": 93.69 }
				],
				"translate": [
					{ "time": 0, "x": 0, "y": 0 }
				],
				"scale": [
					{ "time": 0, "x": 1.948, "y": 1.948 }
				]
			},
			"Chip/14": {
				"rotate": [
					{ "time": 0, "angle": 0 }
				],
				"translate": [
					{ "time": 0, "x": 0, "y": 0 }
				],
				"scale": [
					{ "time": 0, "x": 1, "y": 1 }
				]
			},
			"chip/22": {
				"rotate": [
					{ "time": 0, "angle": 0 }
				],
				"translate": [
					{ "time": 0, "x": 0.24, "y": -3.47 }
				],
				"scale": [
					{ "time": 0, "x": 1, "y": 1 }
				]
			},
			"chip/21": {
				"rotate": [
					{ "time": 0, "angle": 0 }
				],
				"translate": [
					{ "time": 0, "x": 0.45, "y": 2.03 }
				],
				"scale": [
					{ "time": 0, "x": 1, "y": 1 }
				]
			},
			"chip/19": {
				"rotate": [
					{ "time": 0, "angle": 0 }
				],
				"translate": [
					{ "time": 0, "x": 152.68, "y": -146.58 }
				],
				"scale": [
					{ "time": 0, "x": 1, "y": 1 }
				]
			},
			"chip/17": {
				"rotate": [
					{ "time": 0, "angle": 0 }
				],
				"translate": [
					{ "time": 0, "x": -0.45, "y": 4.69 }
				],
				"scale": [
					{ "time": 0, "x": 1, "y": 1 }
				]
			},
			"Chip/15": {
				"rotate": [
					{ "time": 0, "angle": 0 }
				],
				"translate": [
					{ "time": 0, "x": 230.35, "y": -180.01 }
				],
				"scale": [
					{ "time": 0, "x": 1, "y": 1 }
				]
			},
			"chip/16": {
				"rotate": [
					{ "time": 0, "angle": 0 }
				],
				"translate": [
					{ "time": 0, "x": 232.5, "y": -202.66 }
				],
				"scale": [
					{ "time": 0, "x": 1, "y": 1 }
				]
			},
			"chip/20": {
				"rotate": [
					{ "time": 0, "angle": 0 }
				],
				"translate": [
					{ "time": 0, "x": 249.76, "y": -102.35 }
				],
				"scale": [
					{ "time": 0, "x": 1, "y": 1 }
				]
			},
			"chip/18": {
				"rotate": [
					{ "time": 0, "angle": 0 }
				],
				"translate": [
					{ "time": 0, "x": 173.18, "y": -133.63 }
				],
				"scale": [
					{ "time": 0, "x": 1, "y": 1 }
				]
			},
			"bomb_light": {
				"rotate": [
					{ "time": 0, "angle": 0 }
				],
				"translate": [
					{ "time": 0, "x": 0, "y": 0 }
				],
				"scale": [
					{ "time": 0, "x": 0.732, "y": 0.732 }
				]
			},
			"chip/15": {
				"rotate": [
					{ "time": 0, "angle": 0 }
				],
				"translate": [
					{ "time": 0, "x": 0.85, "y": 0.3 }
				],
				"scale": [
					{ "time": 0, "x": 1, "y": 1 }
				]
			},
			"Chip/17": {
				"rotate": [
					{ "time": 0, "angle": 0 }
				],
				"translate": [
					{ "time": 0, "x": 174.71, "y": -209.52 }
				],
				"scale": [
					{ "time": 0, "x": 1, "y": 1 }
				]
			},
			"Chip/21": {
				"rotate": [
					{ "time": 0, "angle": 0 }
				],
				"translate": [
					{ "time": 0, "x": 180.27, "y": -123.8 }
				],
				"scale": [
					{ "time": 0, "x": 1, "y": 1 }
				]
			},
			"Chip/22": {
				"rotate": [
					{ "time": 0, "angle": 0 }
				],
				"translate": [
					{ "time": 0, "x": 152.44, "y": -119.37 }
				],
				"scale": [
					{ "time": 0, "x": 1, "y": 1 }
				]
			},
			"root2": {
				"rotate": [
					{ "time": 0, "angle": 0 }
				],
				"translate": [
					{ "time": 0, "x": 0, "y": 0 }
				],
				"scale": [
					{ "time": 0, "x": 1, "y": 1 }
				]
			},
			"light": {
				"rotate": [
					{ "time": 0, "angle": 0 }
				],
				"translate": [
					{ "time": 0, "x": 0, "y": 0 }
				],
				"scale": [
					{ "time": 0, "x": 1, "y": 1 }
				]
			},
			"light5": {
				"rotate": [
					{ "time": 0, "angle": 0 }
				],
				"translate": [
					{ "time": 0, "x": 0, "y": 0 }
				],
				"scale": [
					{ "time": 0, "x": 1, "y": 1 }
				]
			},
			"light4": {
				"rotate": [
					{ "time": 0, "angle": 0 }
				],
				"translate": [
					{ "time": 0, "x": 0, "y": 0 }
				],
				"scale": [
					{ "time": 0, "x": 1, "y": 1 }
				]
			},
			"light3": {
				"rotate": [
					{ "time": 0, "angle": 0 }
				],
				"translate": [
					{ "time": 0, "x": 0, "y": 0 }
				],
				"scale": [
					{ "time": 0, "x": 1, "y": 1 }
				]
			},
			"light2": {
				"rotate": [
					{ "time": 0, "angle": 0 }
				],
				"translate": [
					{ "time": 0, "x": 0, "y": 0 }
				],
				"scale": [
					{ "time": 0, "x": 1, "y": 1 }
				]
			},
			"Light": {
				"rotate": [
					{ "time": 0, "angle": 0 }
				],
				"translate": [
					{ "time": 0, "x": 0, "y": 0 }
				],
				"scale": [
					{ "time": 0, "x": 1, "y": 1 }
				]
			},
			"Chips": {
				"rotate": [
					{ "time": 0, "angle": 0 }
				],
				"translate": [
					{ "time": 0, "x": 0, "y": 0 }
				],
				"scale": [
					{ "time": 0, "x": 1, "y": 1 }
				]
			}
		}
	},
	"run": {
		"slots": {
			"bomb_light": {
				"color": [
					{ "time": 0, "color": "ffffffff", "curve": "stepped" },
					{
						"time": 0.2,
						"color": "ffffffff",
						"curve": [ 0.561, 0, 0.755, 1 ]
					},
					{ "time": 0.4333, "color": "ffffff00" }
				],
				"attachment": [
					{ "time": 0, "name": null },
					{ "time": 0.2, "name": "bomb_light" },
					{ "time": 0.4333, "name": null }
				]
			},
			"chip/01": {
				"color": [
					{ "time": 0, "color": "ffffffff", "curve": "stepped" },
					{ "time": 0.8666, "color": "ffffffff" },
					{ "time": 1, "color": "ffffff00" }
				],
				"attachment": [
					{ "time": 0, "name": null },
					{ "time": 0.2333, "name": "chip/01" },
					{ "time": 1, "name": null }
				]
			},
			"chip/02": {
				"color": [
					{ "time": 0, "color": "ffffffff", "curve": "stepped" },
					{ "time": 0.7666, "color": "ffffffff" },
					{ "time": 0.9333, "color": "ffffff00" }
				],
				"attachment": [
					{ "time": 0, "name": null },
					{ "time": 0.2333, "name": "chip/03" },
					{ "time": 0.9333, "name": null }
				]
			},
			"chip/03": {
				"color": [
					{ "time": 0, "color": "ffffffff", "curve": "stepped" },
					{ "time": 1.0666, "color": "ffffffff" },
					{ "time": 1.2333, "color": "ffffff00" }
				],
				"attachment": [
					{ "time": 0, "name": null },
					{ "time": 0.2333, "name": "chip/03" },
					{ "time": 1.2333, "name": null }
				]
			},
			"chip/04": {
				"color": [
					{ "time": 0, "color": "ffffffff", "curve": "stepped" },
					{ "time": 1.1, "color": "ffffffff" },
					{ "time": 1.3, "color": "ffffff00" }
				],
				"attachment": [
					{ "time": 0, "name": null },
					{ "time": 0.2333, "name": "chip/01" },
					{ "time": 1.3, "name": null }
				]
			},
			"chip/05": {
				"color": [
					{ "time": 0, "color": "ffffffff", "curve": "stepped" },
					{
						"time": 0.6,
						"color": "ffffffff",
						"curve": [ 0.569, 0, 0.75, 1 ]
					},
					{ "time": 1.0666, "color": "ffffff00" }
				],
				"attachment": [
					{ "time": 0, "name": null },
					{ "time": 0.2333, "name": "chip/03" },
					{ "time": 1.0666, "name": null }
				]
			},
			"chip/06": {
				"color": [
					{ "time": 0, "color": "ffffffff", "curve": "stepped" },
					{ "time": 0.8333, "color": "ffffffff" },
					{ "time": 0.9666, "color": "ffffff00" }
				],
				"attachment": [
					{ "time": 0, "name": null },
					{ "time": 0.2333, "name": "chip/02" },
					{ "time": 0.9666, "name": null }
				]
			},
			"chip/07": {
				"color": [
					{ "time": 0, "color": "ffffffff", "curve": "stepped" },
					{ "time": 0.9, "color": "ffffffff" },
					{ "time": 1.0666, "color": "ffffff00" }
				],
				"attachment": [
					{ "time": 0, "name": null },
					{ "time": 0.2333, "name": "chip/01" },
					{ "time": 1.0666, "name": null }
				]
			},
			"chip/08": {
				"color": [
					{ "time": 0, "color": "ffffffff", "curve": "stepped" },
					{ "time": 0.5, "color": "ffffffff" },
					{ "time": 0.6666, "color": "ffffff00" }
				],
				"attachment": [
					{ "time": 0, "name": null },
					{ "time": 0.2333, "name": "chip/02" },
					{ "time": 0.6666, "name": null }
				]
			},
			"chip/09": {
				"color": [
					{ "time": 0, "color": "ffffffff", "curve": "stepped" },
					{ "time": 0.7, "color": "ffffffff" },
					{ "time": 0.8666, "color": "ffffff00" }
				],
				"attachment": [
					{ "time": 0, "name": null },
					{ "time": 0.2333, "name": "chip/01" },
					{ "time": 0.8666, "name": null }
				]
			},
			"chip/10": {
				"color": [
					{ "time": 0, "color": "ffffffff", "curve": "stepped" },
					{ "time": 0.4666, "color": "ffffffff" },
					{ "time": 0.6, "color": "ffffff00" }
				],
				"attachment": [
					{ "time": 0, "name": null },
					{ "time": 0.2333, "name": "chip/01" },
					{ "time": 0.6, "name": null }
				]
			},
			"chip/11": {
				"color": [
					{ "time": 0, "color": "ffffffff", "curve": "stepped" },
					{ "time": 0.8, "color": "ffffffff" },
					{ "time": 0.9666, "color": "ffffff00" }
				],
				"attachment": [
					{ "time": 0, "name": null },
					{ "time": 0.2333, "name": "chip/02" },
					{ "time": 0.9666, "name": null }
				]
			},
			"chip/12": {
				"color": [
					{ "time": 0, "color": "ffffffff", "curve": "stepped" },
					{ "time": 1.1, "color": "ffffffff" },
					{ "time": 1.3333, "color": "ffffff00" }
				],
				"attachment": [
					{ "time": 0, "name": null },
					{ "time": 0.2333, "name": "chip/01" },
					{ "time": 1.3333, "name": null }
				]
			},
			"chip/13": {
				"color": [
					{ "time": 0, "color": "ffffffff", "curve": "stepped" },
					{ "time": 0.9333, "color": "ffffffff" },
					{ "time": 1.0666, "color": "ffffff00" }
				],
				"attachment": [
					{ "time": 0, "name": null },
					{ "time": 0.2333, "name": "chip/03" },
					{ "time": 1.0666, "name": null }
				]
			},
			"chip/14": {
				"color": [
					{ "time": 0, "color": "ffffffff", "curve": "stepped" },
					{ "time": 0.6333, "color": "ffffffff" },
					{ "time": 0.7666, "color": "ffffff00" }
				],
				"attachment": [
					{ "time": 0, "name": null },
					{ "time": 0.2333, "name": "chip/01" },
					{ "time": 0.7666, "name": null }
				]
			},
			"chip/15": {
				"color": [
					{ "time": 0, "color": "ffffffff", "curve": "stepped" },
					{ "time": 0.6666, "color": "ffffffff" },
					{ "time": 0.8666, "color": "ffffff00" }
				],
				"attachment": [
					{ "time": 0, "name": null },
					{ "time": 0.3666, "name": "chip/01" },
					{ "time": 0.8666, "name": null }
				]
			},
			"chip/16": {
				"color": [
					{ "time": 0, "color": "ffffffff", "curve": "stepped" },
					{ "time": 0.7333, "color": "ffffffff" },
					{ "time": 0.9, "color": "ffffff00" }
				],
				"attachment": [
					{ "time": 0, "name": null },
					{ "time": 0.4666, "name": "chip/01" },
					{ "time": 0.9, "name": null }
				]
			},
			"chip/17": {
				"color": [
					{ "time": 0, "color": "ffffffff", "curve": "stepped" },
					{ "time": 1.0333, "color": "ffffffff" },
					{ "time": 1.3333, "color": "ffffff00" }
				],
				"attachment": [
					{ "time": 0, "name": null },
					{ "time": 0.4333, "name": "chip/02" },
					{ "time": 1.3333, "name": null }
				]
			},
			"chip/18": {
				"color": [
					{ "time": 0, "color": "ffffffff", "curve": "stepped" },
					{ "time": 0.9333, "color": "ffffffff" },
					{ "time": 1.1666, "color": "ffffff00" }
				],
				"attachment": [
					{ "time": 0, "name": null },
					{ "time": 0.6666, "name": "chip/03" },
					{ "time": 1.1666, "name": null }
				]
			},
			"chip/19": {
				"color": [
					{ "time": 0, "color": "ffffffff", "curve": "stepped" },
					{ "time": 0.7333, "color": "ffffffff" },
					{ "time": 0.9333, "color": "ffffff00" }
				],
				"attachment": [
					{ "time": 0, "name": null },
					{ "time": 0.4333, "name": "chip/03" },
					{ "time": 0.9333, "name": null }
				]
			},
			"chip/20": {
				"color": [
					{ "time": 0, "color": "ffffffff", "curve": "stepped" },
					{ "time": 0.7, "color": "ffffffff" },
					{ "time": 0.9333, "color": "ffffff00" }
				],
				"attachment": [
					{ "time": 0, "name": null },
					{ "time": 0.2666, "name": "chip/01" },
					{ "time": 0.9333, "name": null }
				]
			},
			"chip/21": {
				"color": [
					{ "time": 0, "color": "ffffffff", "curve": "stepped" },
					{ "time": 1.0333, "color": "ffffffff" },
					{ "time": 1.2333, "color": "ffffff00" }
				],
				"attachment": [
					{ "time": 0, "name": null },
					{ "time": 0.3666, "name": "chip/02" },
					{ "time": 1.2333, "name": null }
				]
			},
			"chip/22": {
				"color": [
					{ "time": 0, "color": "ffffffff", "curve": "stepped" },
					{ "time": 1.0333, "color": "ffffffff" },
					{ "time": 1.3333, "color": "ffffff00" }
				],
				"attachment": [
					{ "time": 0, "name": null },
					{ "time": 0.2333, "name": "chip/03" },
					{ "time": 1.3333, "name": null }
				]
			},
			"light": {
				"color": [
					{ "time": 0, "color": "ffffffff", "curve": "stepped" },
					{
						"time": 0.3333,
						"color": "ffffffff",
						"curve": [ 0.79, 0, 0.892, 1 ]
					},
					{ "time": 0.5333, "color": "ffffff00" }
				],
				"attachment": [
					{ "time": 0, "name": null },
					{ "time": 0.2333, "name": "light" }
				]
			},
			"light2": {
				"color": [
					{ "time": 0, "color": "ffffffff", "curve": "stepped" },
					{
						"time": 0.3333,
						"color": "ffffffff",
						"curve": [ 0.79, 0, 0.892, 1 ]
					},
					{ "time": 0.5333, "color": "ffffff00" }
				],
				"attachment": [
					{ "time": 0, "name": null },
					{ "time": 0.2333, "name": "light" }
				]
			},
			"light3": {
				"color": [
					{ "time": 0, "color": "ffffffff", "curve": "stepped" },
					{
						"time": 0.3333,
						"color": "ffffffff",
						"curve": [ 0.79, 0, 0.892, 1 ]
					},
					{ "time": 0.5333, "color": "ffffff00" }
				],
				"attachment": [
					{ "time": 0, "name": null },
					{ "time": 0.2333, "name": "light" }
				]
			},
			"light4": {
				"color": [
					{ "time": 0, "color": "ffffffff", "curve": "stepped" },
					{
						"time": 0.3333,
						"color": "ffffffff",
						"curve": [ 0.79, 0, 0.892, 1 ]
					},
					{ "time": 0.5333, "color": "ffffff00" }
				],
				"attachment": [
					{ "time": 0, "name": null },
					{ "time": 0.2333, "name": "light" }
				]
			},
			"light5": {
				"color": [
					{ "time": 0, "color": "ffffffff", "curve": "stepped" },
					{
						"time": 0.3333,
						"color": "ffffffff",
						"curve": [ 0.79, 0, 0.892, 1 ]
					},
					{ "time": 0.5333, "color": "ffffff00" }
				],
				"attachment": [
					{ "time": 0, "name": null },
					{ "time": 0.2333, "name": "light" }
				]
			},
			"lv": {
				"color": [
					{ "time": 0, "color": "ffffffff" }
				],
				"attachment": [
					{ "time": 0, "name": "lv1" },
					{ "time": 0.2333, "name": null }
				]
			}
		},
		"bones": {
			"root": {
				"rotate": [
					{ "time": 0, "angle": 0 }
				],
				"translate": [
					{ "time": 0, "x": 0, "y": 0 }
				],
				"scale": [
					{ "time": 0, "x": 1, "y": 1 }
				]
			},
			"chip/01": {
				"rotate": [
					{ "time": 0, "angle": 89.55, "curve": "stepped" },
					{
						"time": 0.2333,
						"angle": 89.55,
						"curve": [ 0.299, 0, 1, 1 ]
					},
					{ "time": 1, "angle": -0.95 }
				],
				"translate": [
					{ "time": 0, "x": 0, "y": 0, "curve": "stepped" },
					{
						"time": 0.2333,
						"x": 0,
						"y": 0,
						"curve": [ 0, 0, 0.404, 1 ]
					},
					{
						"time": 0.5,
						"x": 101.47,
						"y": 0,
						"curve": [ 0.4, 0, 0.95, 0.52 ]
					},
					{ "time": 1, "x": -17.58, "y": 0 }
				],
				"scale": [
					{ "time": 0, "x": 1, "y": 1, "curve": "stepped" },
					{ "time": 0.2333, "x": 1, "y": 1 },
					{ "time": 1, "x": 2.003, "y": 2.003 }
				]
			},
			"chip/02": {
				"rotate": [
					{ "time": 0, "angle": 0, "curve": "stepped" },
					{ "time": 0.2333, "angle": 0 },
					{ "time": 0.9333, "angle": -148.48 }
				],
				"translate": [
					{ "time": 0, "x": 0, "y": 0, "curve": "stepped" },
					{
						"time": 0.2333,
						"x": 0,
						"y": 0,
						"curve": [ 0.396, 0, 0.932, 0.29 ]
					},
					{ "time": 0.9333, "x": -78.14, "y": 1.45 }
				],
				"scale": [
					{ "time": 0, "x": 1, "y": 1, "curve": "stepped" },
					{ "time": 0.2333, "x": 1, "y": 1 },
					{ "time": 0.9333, "x": 3.362, "y": 3.362 }
				]
			},
			"chip/03": {
				"rotate": [
					{ "time": 0, "angle": 0, "curve": "stepped" },
					{ "time": 0.2333, "angle": 0 },
					{ "time": 0.4666, "angle": 15.8 },
					{ "time": 1.2333, "angle": 121.79 }
				],
				"translate": [
					{ "time": 0, "x": 0, "y": 0, "curve": "stepped" },
					{
						"time": 0.2333,
						"x": 0,
						"y": 0,
						"curve": [ 0, 0, 0.235, 1 ]
					},
					{
						"time": 0.4666,
						"x": 39.45,
						"y": -3.89,
						"curve": [ 0.336, 0, 1, 1 ]
					},
					{ "time": 1.2333, "x": -49.6, "y": -0.2 }
				],
				"scale": [
					{ "time": 0, "x": 1, "y": 1, "curve": "stepped" },
					{ "time": 0.2333, "x": 1, "y": 1 },
					{ "time": 1.2333, "x": 2.328, "y": 2.328 }
				]
			},
			"chip/04": {
				"rotate": [
					{ "time": 0, "angle": 0, "curve": "stepped" },
					{ "time": 0.2333, "angle": 0 },
					{ "time": 1.3, "angle": 132.68 }
				],
				"translate": [
					{ "time": 0, "x": 0, "y": 0, "curve": "stepped" },
					{
						"time": 0.2333,
						"x": 0,
						"y": 0,
						"curve": [ 0.222, 0.92, 0.621, 1 ]
					},
					{
						"time": 0.6,
						"x": 31.96,
						"y": 0.09,
						"curve": [ 0.479, 0.18, 0.923, 0.54 ]
					},
					{ "time": 1.3, "x": -286.29, "y": 1.08 }
				],
				"scale": [
					{ "time": 0, "x": 1, "y": 1, "curve": "stepped" },
					{ "time": 0.2333, "x": 1, "y": 1 },
					{ "time": 1.3, "x": 2.526, "y": 2.526 }
				]
			},
			"chip/09": {
				"rotate": [
					{ "time": 0, "angle": 0, "curve": "stepped" },
					{ "time": 0.2333, "angle": 0 },
					{ "time": 0.8666, "angle": -98.08 }
				],
				"translate": [
					{ "time": 0, "x": 0, "y": 0, "curve": "stepped" },
					{
						"time": 0.2333,
						"x": 0,
						"y": 0,
						"curve": [ 0.09, 0.31, 0.406, 1 ]
					},
					{ "time": 0.8666, "x": 119.46, "y": 1.03 }
				],
				"scale": [
					{ "time": 0, "x": 1.459, "y": 1.459 }
				]
			},
			"chip/07": {
				"rotate": [
					{ "time": 0, "angle": 0, "curve": "stepped" },
					{ "time": 0.2333, "angle": 0 },
					{ "time": 1.0666, "angle": -147.07 }
				],
				"translate": [
					{ "time": 0, "x": 0, "y": 0, "curve": "stepped" },
					{
						"time": 0.2333,
						"x": 0,
						"y": 0,
						"curve": [ 0.148, 0.59, 0.526, 1 ]
					},
					{
						"time": 0.5666,
						"x": 75.73,
						"y": 8.24,
						"curve": [ 0.619, 0, 1, 0.8 ]
					},
					{ "time": 1.0666, "x": -49.82, "y": 0.02 }
				],
				"scale": [
					{ "time": 0, "x": 1.226, "y": 1.226, "curve": "stepped" },
					{
						"time": 0.2333,
						"x": 1.226,
						"y": 1.226,
						"curve": [ 0, 0.04, 0.383, 1 ]
					},
					{ "time": 1.0666, "x": 0.605, "y": 0.605 }
				]
			},
			"chip/06": {
				"rotate": [
					{ "time": 0, "angle": 0, "curve": "stepped" },
					{ "time": 0.2333, "angle": 0 },
					{ "time": 0.9666, "angle": -167.22 }
				],
				"translate": [
					{ "time": 0, "x": 0, "y": 0, "curve": "stepped" },
					{
						"time": 0.2333,
						"x": 0,
						"y": 0,
						"curve": [ 0.186, 0.43, 0.75, 1 ]
					},
					{
						"time": 0.4333,
						"x": 60.62,
						"y": -0.88,
						"curve": [ 0.25, 0, 0.895, 0.47 ]
					},
					{ "time": 0.9666, "x": -141.57, "y": -7.99 }
				],
				"scale": [
					{ "time": 0, "x": 1.69, "y": 1.69 }
				]
			},
			"chip/08": {
				"rotate": [
					{ "time": 0, "angle": 0, "curve": "stepped" },
					{ "time": 0.2333, "angle": 0 },
					{ "time": 0.6666, "angle": -67.32 }
				],
				"translate": [
					{ "time": 0, "x": 0, "y": 0, "curve": "stepped" },
					{
						"time": 0.2333,
						"x": 0,
						"y": 0,
						"curve": [ 0.218, 0.87, 0.615, 1 ]
					},
					{ "time": 0.6666, "x": 392.84, "y": -3.12 }
				],
				"scale": [
					{ "time": 0, "x": 1.207, "y": 1.207, "curve": "stepped" },
					{ "time": 0.2333, "x": 1.207, "y": 1.207 },
					{ "time": 0.6666, "x": 0.721, "y": 0.721 }
				]
			},
			"chip/05": {
				"rotate": [
					{ "time": 0, "angle": 0, "curve": "stepped" },
					{ "time": 0.2333, "angle": 0 },
					{ "time": 0.6, "angle": 37.82 },
					{ "time": 1.0666, "angle": 112.66 }
				],
				"translate": [
					{ "time": 0, "x": 0, "y": 0, "curve": "stepped" },
					{
						"time": 0.2333,
						"x": 0,
						"y": 0,
						"curve": [ 0.224, 0.73, 0.622, 0.99 ]
					},
					{
						"time": 0.6,
						"x": 283.56,
						"y": -2.55,
						"curve": [ 0.494, 0.05, 0.906, 0.45 ]
					},
					{ "time": 1.0666, "x": 150.49, "y": -8.25 }
				],
				"scale": [
					{ "time": 0, "x": 1.723, "y": 1.723, "curve": "stepped" },
					{ "time": 0.2333, "x": 1.723, "y": 1.723 },
					{ "time": 1.0666, "x": 0.836, "y": 0.836 }
				]
			},
			"Chip/01": {
				"rotate": [
					{ "time": 0, "angle": -0.9 }
				],
				"translate": [
					{ "time": 0, "x": -0.47, "y": 29.99, "curve": "stepped" },
					{
						"time": 0.2333,
						"x": -0.47,
						"y": 29.99,
						"curve": [ 0.197, 0.48, 0.718, 0.95 ]
					},
					{ "time": 1, "x": 417.77, "y": 53.71 }
				],
				"scale": [
					{ "time": 0, "x": 1, "y": 1 }
				]
			},
			"Chip/02": {
				"rotate": [
					{ "time": 0, "angle": 0 }
				],
				"translate": [
					{ "time": 0, "x": 0.31, "y": -9.99, "curve": "stepped" },
					{
						"time": 0.2333,
						"x": 0.31,
						"y": -9.99,
						"curve": [ 0.119, 0.33, 0.75, 1 ]
					},
					{ "time": 0.9333, "x": 152.88, "y": -35.96 }
				],
				"scale": [
					{ "time": 0, "x": 1, "y": 1 }
				]
			},
			"Chip/03": {
				"rotate": [
					{ "time": 0, "angle": 0 }
				],
				"translate": [
					{ "time": 0, "x": -2.13, "y": 29.92, "curve": "stepped" },
					{
						"time": 0.2333,
						"x": -2.13,
						"y": 29.92,
						"curve": [ 0.174, 0.35, 1, 1 ]
					},
					{ "time": 1.2333, "x": -292.11, "y": 29.92 }
				],
				"scale": [
					{ "time": 0, "x": 1, "y": 1 }
				]
			},
			"Chip/04": {
				"rotate": [
					{ "time": 0, "angle": 0 }
				],
				"translate": [
					{ "time": 0, "x": 0, "y": -10, "curve": "stepped" },
					{
						"time": 0.2333,
						"x": 0,
						"y": -10,
						"curve": [ 0, 0.02, 0.319, 1 ]
					},
					{ "time": 1.3, "x": -98.91, "y": -10 }
				],
				"scale": [
					{ "time": 0, "x": 1, "y": 1 }
				]
			},
			"Chip/09": {
				"rotate": [
					{ "time": 0, "angle": 0 }
				],
				"translate": [
					{ "time": 0, "x": 0, "y": 0, "curve": "stepped" },
					{
						"time": 0.2333,
						"x": 0,
						"y": 0,
						"curve": [ 0.063, 0.16, 0.75, 1 ]
					},
					{ "time": 0.8666, "x": 328.19, "y": 52.51 }
				],
				"scale": [
					{ "time": 0, "x": 1, "y": 1 }
				]
			},
			"Chip/07": {
				"rotate": [
					{ "time": 0, "angle": 0 }
				],
				"translate": [
					{ "time": 0, "x": 0, "y": 0, "curve": "stepped" },
					{
						"time": 0.2333,
						"x": 0,
						"y": 0,
						"curve": [ 0, 0, 0.491, 0.99 ]
					},
					{ "time": 1.0666, "x": 226.34, "y": 2.67 }
				],
				"scale": [
					{ "time": 0, "x": 1, "y": 1 }
				]
			},
			"Chip/06": {
				"rotate": [
					{ "time": 0, "angle": 0 }
				],
				"translate": [
					{ "time": 0, "x": 0, "y": 0, "curve": "stepped" },
					{
						"time": 0.2333,
						"x": 0,
						"y": 0,
						"curve": [ 0, 0, 0.534, 0.98 ]
					},
					{ "time": 0.9666, "x": 153.92, "y": 0 }
				],
				"scale": [
					{ "time": 0, "x": 1, "y": 1 }
				]
			},
			"Chip/08": {
				"rotate": [
					{ "time": 0, "angle": 0 }
				],
				"translate": [
					{ "time": 0, "x": 0, "y": 0, "curve": "stepped" },
					{
						"time": 0.2333,
						"x": 0,
						"y": 0,
						"curve": [ 0, 0, 0.799, 0.99 ]
					},
					{ "time": 0.6666, "x": 90, "y": 0 }
				],
				"scale": [
					{ "time": 0, "x": 1, "y": 1 }
				]
			},
			"Chip/05": {
				"rotate": [
					{ "time": 0, "angle": 0 }
				],
				"translate": [
					{ "time": 0, "x": 74.32, "y": 11.48, "curve": "stepped" },
					{
						"time": 0.2333,
						"x": 74.32,
						"y": 11.48,
						"curve": [ 0.22, 0.68, 0.784, 1 ]
					},
					{ "time": 1.0666, "x": -338.56, "y": -1.25 }
				],
				"scale": [
					{ "time": 0, "x": 1, "y": 1 }
				]
			},
			"chip/10": {
				"rotate": [
					{ "time": 0, "angle": 0, "curve": "stepped" },
					{ "time": 0.2333, "angle": 0 },
					{ "time": 0.6, "angle": 114.98 }
				],
				"translate": [
					{ "time": 0, "x": 0, "y": 0, "curve": "stepped" },
					{
						"time": 0.2333,
						"x": 0,
						"y": 0,
						"curve": [ 0.444, 0.07, 0.875, 0.61 ]
					},
					{ "time": 0.6, "x": -51.55, "y": 0.42 }
				],
				"scale": [
					{ "time": 0, "x": 1.911, "y": 1.911, "curve": "stepped" },
					{ "time": 0.2333, "x": 1.911, "y": 1.911 },
					{ "time": 0.6, "x": 1.437, "y": 1.437 }
				]
			},
			"Chip/10": {
				"rotate": [
					{ "time": 0, "angle": 0 }
				],
				"translate": [
					{ "time": 0, "x": 0, "y": 0, "curve": "stepped" },
					{
						"time": 0.2333,
						"x": 0,
						"y": 0,
						"curve": [ 0.132, 0.51, 0.648, 1 ]
					},
					{ "time": 0.6, "x": -249.29, "y": 121.42 }
				],
				"scale": [
					{ "time": 0, "x": 1, "y": 1 }
				]
			},
			"Chip/11": {
				"rotate": [
					{ "time": 0, "angle": 0 }
				],
				"translate": [
					{ "time": 0, "x": 0, "y": 0, "curve": "stepped" },
					{
						"time": 0.2333,
						"x": 0,
						"y": 0,
						"curve": [ 0, 0.01, 0.639, 0.96 ]
					},
					{ "time": 0.9666, "x": -155.58, "y": -65.38 }
				],
				"scale": [
					{ "time": 0, "x": 1, "y": 1 }
				]
			},
			"chip/11": {
				"rotate": [
					{ "time": 0, "angle": 0, "curve": "stepped" },
					{ "time": 0.2333, "angle": 0 },
					{ "time": 0.9666, "angle": 164.35 }
				],
				"translate": [
					{ "time": 0, "x": 0, "y": 0, "curve": "stepped" },
					{
						"time": 0.2333,
						"x": 0,
						"y": 0,
						"curve": [ 0.287, 0.08, 0.875, 0.79 ]
					},
					{ "time": 0.9666, "x": -227.04, "y": 7.48 }
				],
				"scale": [
					{ "time": 0, "x": 2.047, "y": 2.047 }
				]
			},
			"Chip/12": {
				"rotate": [
					{ "time": 0, "angle": 0 }
				],
				"translate": [
					{ "time": 0, "x": 0, "y": 0, "curve": "stepped" },
					{
						"time": 0.2333,
						"x": 0,
						"y": 0,
						"curve": [ 0, 0, 0.656, 1 ]
					},
					{ "time": 1.3333, "x": -145.62, "y": 0 }
				],
				"scale": [
					{ "time": 0, "x": 1, "y": 1 }
				]
			},
			"chip/12": {
				"rotate": [
					{ "time": 0, "angle": 0, "curve": "stepped" },
					{ "time": 0.2333, "angle": 0 },
					{ "time": 1.3333, "angle": 79.84 }
				],
				"translate": [
					{ "time": 0, "x": 0, "y": 0, "curve": "stepped" },
					{
						"time": 0.2333,
						"x": 0,
						"y": 0,
						"curve": [ 0.061, 0.66, 0.402, 1 ]
					},
					{
						"time": 0.9333,
						"x": 326.53,
						"y": 2.87,
						"curve": [ 0.25, 0, 0.968, 0.41 ]
					},
					{ "time": 1.3333, "x": 227.09, "y": 7.41 }
				],
				"scale": [
					{ "time": 0, "x": 2.224, "y": 2.224, "curve": "stepped" },
					{ "time": 0.2333, "x": 2.224, "y": 2.224 },
					{ "time": 1.3333, "x": 1.332, "y": 1.332 }
				]
			},
			"pipe": {
				"rotate": [
					{ "time": 0, "angle": 0 }
				],
				"translate": [
					{
						"time": 0,
						"x": 0,
						"y": 0,
						"curve": [ 0.25, 0, 0.643, 0.99 ]
					},
					{
						"time": 0.1333,
						"x": 0,
						"y": -19.44,
						"curve": [ 0.25, 0, 0.75, 1 ]
					},
					{ "time": 0.2333, "x": 0, "y": 0 }
				],
				"scale": [
					{
						"time": 0,
						"x": 1,
						"y": 1,
						"curve": [ 0.25, 0, 0.643, 0.99 ]
					},
					{
						"time": 0.1333,
						"x": 1.369,
						"y": 0.677,
						"curve": [ 0.25, 0, 0.75, 1 ]
					},
					{ "time": 0.2333, "x": 0.909, "y": 1.236 }
				]
			},
			"chip/13": {
				"rotate": [
					{ "time": 0, "angle": 0, "curve": "stepped" },
					{ "time": 0.2333, "angle": 0 },
					{ "time": 1.0666, "angle": -84.28 }
				],
				"translate": [
					{ "time": 0, "x": 0, "y": 0, "curve": "stepped" },
					{
						"time": 0.2333,
						"x": 0,
						"y": 0,
						"curve": [ 0.066, 0.48, 0.404, 1 ]
					},
					{
						"time": 0.8333,
						"x": 336.97,
						"y": -3.47,
						"curve": [ 0.25, 0, 0.936, 0.44 ]
					},
					{ "time": 1.0666, "x": 200.17, "y": 1.79 }
				],
				"scale": [
					{ "time": 0, "x": 1, "y": 1, "curve": "stepped" },
					{ "time": 0.2333, "x": 1, "y": 1 },
					{ "time": 1.0666, "x": 1.915, "y": 1.915 }
				]
			},
			"Chip/13": {
				"rotate": [
					{ "time": 0, "angle": 0 }
				],
				"translate": [
					{ "time": 0, "x": 4.85, "y": -63.13, "curve": "stepped" },
					{
						"time": 0.2333,
						"x": 4.85,
						"y": -63.13,
						"curve": [ 0, 0, 0.75, 1 ]
					},
					{ "time": 1.0666, "x": 156.23, "y": 0 }
				],
				"scale": [
					{ "time": 0, "x": 1, "y": 1 }
				]
			},
			"chip/14": {
				"rotate": [
					{ "time": 0, "angle": 93.69, "curve": "stepped" },
					{ "time": 0.2333, "angle": 93.69 },
					{ "time": 0.6333, "angle": 38.5 },
					{ "time": 0.7666, "angle": -16.16 }
				],
				"translate": [
					{ "time": 0, "x": 0, "y": 0, "curve": "stepped" },
					{
						"time": 0.2333,
						"x": 0,
						"y": 0,
						"curve": [ 0.232, 0.67, 0.538, 1 ]
					},
					{
						"time": 0.6333,
						"x": 309.97,
						"y": -4.32,
						"curve": [ 0.323, 0, 0.843, 0.44 ]
					},
					{ "time": 0.7666, "x": 232.66, "y": 4.33 }
				],
				"scale": [
					{ "time": 0, "x": 1.948, "y": 1.948, "curve": "stepped" },
					{ "time": 0.2333, "x": 1.948, "y": 1.948 },
					{ "time": 0.7666, "x": 1.002, "y": 1.002 }
				]
			},
			"Chip/14": {
				"rotate": [
					{ "time": 0, "angle": 0 }
				],
				"translate": [
					{ "time": 0, "x": 0, "y": 0, "curve": "stepped" },
					{
						"time": 0.2333,
						"x": 0,
						"y": 0,
						"curve": [ 0, 0, 0.75, 1 ]
					},
					{ "time": 0.7666, "x": 238.04, "y": 0 }
				],
				"scale": [
					{ "time": 0, "x": 1, "y": 1 }
				]
			},
			"chip/22": {
				"rotate": [
					{ "time": 0, "angle": 0, "curve": "stepped" },
					{ "time": 0.2333, "angle": 0 },
					{ "time": 0.7666, "angle": 67.37 },
					{ "time": 1.3333, "angle": 150.52 }
				],
				"translate": [
					{ "time": 0, "x": 0.24, "y": -3.47, "curve": "stepped" },
					{
						"time": 0.2333,
						"x": 0.24,
						"y": -3.47,
						"curve": [ 0.1, 0.45, 0.59, 1 ]
					},
					{
						"time": 0.7666,
						"x": -1.83,
						"y": 208.65,
						"curve": [ 0.339, 0, 0.974, 0.59 ]
					},
					{ "time": 1.3333, "x": -11.23, "y": -230.84 }
				],
				"scale": [
					{ "time": 0, "x": 1, "y": 1, "curve": "stepped" },
					{
						"time": 0.2333,
						"x": 1,
						"y": 1,
						"curve": [ 0.127, 0.23, 0.696, 1 ]
					},
					{ "time": 0.7666, "x": 2.16, "y": 2.16 }
				]
			},
			"chip/21": {
				"rotate": [
					{ "time": 0, "angle": 0, "curve": "stepped" },
					{ "time": 0.3666, "angle": 0 },
					{ "time": 1.2333, "angle": 86.17 }
				],
				"translate": [
					{ "time": 0, "x": 0.45, "y": 2.03, "curve": "stepped" },
					{
						"time": 0.3666,
						"x": 0.45,
						"y": 2.03,
						"curve": [ 0.177, 0.51, 0.75, 1 ]
					},
					{
						"time": 0.8,
						"x": 2.1,
						"y": 155.65,
						"curve": [ 0.421, 0, 0.957, 0.63 ]
					},
					{ "time": 1.2333, "x": 4.03, "y": -228.2 }
				],
				"scale": [
					{ "time": 0, "x": 1, "y": 1, "curve": "stepped" },
					{ "time": 0.3666, "x": 1, "y": 1 }
				]
			},
			"chip/19": {
				"rotate": [
					{ "time": 0, "angle": 0, "curve": "stepped" },
					{
						"time": 0.4333,
						"angle": 0,
						"curve": [ 0.264, 0.66, 1, 1 ]
					},
					{ "time": 0.9333, "angle": -118.21 }
				],
				"translate": [
					{ "time": 0, "x": 152.68, "y": -146.58, "curve": "stepped" },
					{
						"time": 0.4333,
						"x": 152.68,
						"y": -146.58,
						"curve": [ 0.304, 0.68, 0.75, 1 ]
					},
					{ "time": 0.9333, "x": 419.47, "y": 53.95 }
				],
				"scale": [
					{ "time": 0, "x": 1, "y": 1 }
				]
			},
			"chip/17": {
				"rotate": [
					{ "time": 0, "angle": 0, "curve": "stepped" },
					{ "time": 0.4333, "angle": 0 },
					{ "time": 1.3333, "angle": 132.94 }
				],
				"translate": [
					{ "time": 0, "x": -0.45, "y": 4.69, "curve": "stepped" },
					{
						"time": 0.4333,
						"x": -0.45,
						"y": 4.69,
						"curve": [ 0.194, 0.43, 0.706, 0.99 ]
					},
					{
						"time": 0.9,
						"x": -0.35,
						"y": 235.87,
						"curve": [ 0.848, 0, 1, 1 ]
					},
					{ "time": 1.3333, "x": 3.31, "y": 128.73 }
				],
				"scale": [
					{ "time": 0, "x": 1, "y": 1, "curve": "stepped" },
					{ "time": 0.4333, "x": 1, "y": 1 },
					{ "time": 0.9, "x": 1.271, "y": 1.271 }
				]
			},
			"Chip/15": {
				"rotate": [
					{ "time": 0, "angle": 0 }
				],
				"translate": [
					{ "time": 0, "x": 230.35, "y": -180.01, "curve": "stepped" },
					{
						"time": 0.3666,
						"x": 230.35,
						"y": -180.01,
						"curve": [ 0.05, 0.09, 0.756, 0.95 ]
					},
					{ "time": 0.8666, "x": -39.9, "y": -180.01 }
				],
				"scale": [
					{ "time": 0, "x": 1, "y": 1 }
				]
			},
			"chip/16": {
				"rotate": [
					{ "time": 0, "angle": 0 }
				],
				"translate": [
					{ "time": 0, "x": 232.5, "y": -202.66, "curve": "stepped" },
					{
						"time": 0.4666,
						"x": 232.5,
						"y": -202.66,
						"curve": [ 0.262, 0.62, 0.75, 1 ]
					},
					{ "time": 0.9, "x": 478.5, "y": 8.42 }
				],
				"scale": [
					{ "time": 0, "x": 1, "y": 1 }
				]
			},
			"chip/20": {
				"rotate": [
					{ "time": 0, "angle": 0, "curve": "stepped" },
					{
						"time": 0.2666,
						"angle": 0,
						"curve": [ 0.279, 0.7, 1, 1 ]
					},
					{ "time": 0.9333, "angle": -145.98 }
				],
				"translate": [
					{ "time": 0, "x": 249.76, "y": -102.35, "curve": "stepped" },
					{
						"time": 0.2666,
						"x": 249.76,
						"y": -102.35,
						"curve": [ 0.299, 0.71, 0.75, 1 ]
					},
					{ "time": 0.9333, "x": 563.78, "y": -303.66 }
				],
				"scale": [
					{ "time": 0, "x": 1, "y": 1 }
				]
			},
			"chip/18": {
				"rotate": [
					{ "time": 0, "angle": 0, "curve": "stepped" },
					{
						"time": 0.6666,
						"angle": 0,
						"curve": [ 0.184, 0.34, 0.75, 1 ]
					},
					{ "time": 1.1666, "angle": 89.6 }
				],
				"translate": [
					{ "time": 0, "x": 173.18, "y": -133.63, "curve": "stepped" },
					{
						"time": 0.6666,
						"x": 173.18,
						"y": -133.63,
						"curve": [ 0.358, 0.76, 0.75, 1 ]
					},
					{ "time": 1.1666, "x": -43.52, "y": -330.35 }
				],
				"scale": [
					{ "time": 0, "x": 1, "y": 1 }
				]
			},
			"bomb_light": {
				"rotate": [
					{ "time": 0, "angle": 0 }
				],
				"translate": [
					{ "time": 0, "x": 0, "y": 0 }
				],
				"scale": [
					{ "time": 0, "x": 0.732, "y": 0.732, "curve": "stepped" },
					{
						"time": 0.2,
						"x": 0.732,
						"y": 0.732,
						"curve": [ 0.196, 0, 0.668, 1 ]
					},
					{ "time": 0.4333, "x": 3.004, "y": 3.004 }
				]
			},
			"chip/15": {
				"rotate": [
					{ "time": 0, "angle": 0, "curve": "stepped" },
					{ "time": 0.3666, "angle": 0 },
					{ "time": 0.8666, "angle": 81.78 }
				],
				"translate": [
					{ "time": 0, "x": 0.85, "y": 0.3, "curve": "stepped" },
					{
						"time": 0.3666,
						"x": 0.85,
						"y": 0.3,
						"curve": [ 0.148, 0.47, 0.605, 1 ]
					},
					{
						"time": 0.6666,
						"x": -1.01,
						"y": 74.59,
						"curve": [ 0.537, 0.11, 0.896, 0.47 ]
					},
					{ "time": 0.8666, "x": -0.22, "y": 14.82 }
				],
				"scale": [
					{ "time": 0, "x": 1, "y": 1 }
				]
			},
			"Chip/17": {
				"rotate": [
					{ "time": 0, "angle": 0 }
				],
				"translate": [
					{ "time": 0, "x": 174.71, "y": -209.52, "curve": "stepped" },
					{
						"time": 0.4333,
						"x": 174.71,
						"y": -209.52,
						"curve": [ 0, 0, 0.86, 1 ]
					},
					{ "time": 1.3333, "x": 374.08, "y": -209.52 }
				],
				"scale": [
					{ "time": 0, "x": 1, "y": 1 }
				]
			},
			"Chip/21": {
				"rotate": [
					{ "time": 0, "angle": 0 }
				],
				"translate": [
					{ "time": 0, "x": 180.27, "y": -123.8, "curve": "stepped" },
					{ "time": 0.3666, "x": 180.27, "y": -123.8 },
					{ "time": 1.2333, "x": -33.54, "y": -125.36 }
				],
				"scale": [
					{ "time": 0, "x": 1, "y": 1 }
				]
			},
			"Chip/22": {
				"rotate": [
					{ "time": 0, "angle": 0 }
				],
				"translate": [
					{ "time": 0, "x": 152.44, "y": -119.37, "curve": "stepped" },
					{
						"time": 0.2333,
						"x": 152.44,
						"y": -119.37,
						"curve": [ 0, 0, 0.633, 1 ]
					},
					{ "time": 1.3333, "x": -42.9, "y": -119.37 }
				],
				"scale": [
					{ "time": 0, "x": 1, "y": 1 }
				]
			},
			"root2": {
				"rotate": [
					{ "time": 0, "angle": 0 }
				],
				"translate": [
					{ "time": 0, "x": 0, "y": 0 }
				],
				"scale": [
					{ "time": 0, "x": 1, "y": 1 }
				]
			},
			"light": {
				"rotate": [
					{ "time": 0, "angle": 0 }
				],
				"translate": [
					{ "time": 0, "x": -59.31, "y": -1.78, "curve": "stepped" },
					{
						"time": 0.2333,
						"x": -59.31,
						"y": -1.78,
						"curve": [ 0, 0, 0.354, 1 ]
					},
					{ "time": 0.4666, "x": 167.63, "y": 101.81 }
				],
				"scale": [
					{ "time": 0, "x": 1, "y": 1, "curve": "stepped" },
					{ "time": 0.2333, "x": 1, "y": 1 },
					{ "time": 0.5333, "x": 0.533, "y": 1 }
				]
			},
			"light4": {
				"rotate": [
					{ "time": 0, "angle": 0 }
				],
				"translate": [
					{ "time": 0, "x": 44.34, "y": 78.27, "curve": "stepped" },
					{
						"time": 0.2333,
						"x": 44.34,
						"y": 78.27,
						"curve": [ 0, 0, 0.354, 1 ]
					},
					{ "time": 0.4666, "x": -75.48, "y": -133.21 }
				],
				"scale": [
					{ "time": 0, "x": 1, "y": 1, "curve": "stepped" },
					{ "time": 0.2333, "x": 1, "y": 1 },
					{ "time": 0.5333, "x": 0.533, "y": 1 }
				]
			},
			"light3": {
				"rotate": [
					{ "time": 0, "angle": 0 }
				],
				"translate": [
					{ "time": 0, "x": 46.11, "y": -25.99, "curve": "stepped" },
					{
						"time": 0.2333,
						"x": 46.11,
						"y": -25.99,
						"curve": [ 0, 0, 0.354, 1 ]
					},
					{ "time": 0.4666, "x": -157.51, "y": 88.78 }
				],
				"scale": [
					{ "time": 0, "x": 1, "y": 1, "curve": "stepped" },
					{ "time": 0.2333, "x": 1, "y": 1 },
					{ "time": 0.5333, "x": 0.533, "y": 1 }
				]
			},
			"light2": {
				"rotate": [
					{ "time": 0, "angle": 0 }
				],
				"translate": [
					{ "time": 0, "x": 0, "y": 0, "curve": "stepped" },
					{
						"time": 0.2333,
						"x": 0,
						"y": 0,
						"curve": [ 0, 0, 0.354, 1 ]
					},
					{ "time": 0.4666, "x": -75.56, "y": 180.93 }
				],
				"scale": [
					{ "time": 0, "x": 1, "y": 1, "curve": "stepped" },
					{ "time": 0.2333, "x": 1, "y": 1 },
					{ "time": 0.5333, "x": 0.533, "y": 1 }
				]
			},
			"light5": {
				"rotate": [
					{ "time": 0, "angle": 0 }
				],
				"translate": [
					{ "time": 0, "x": -59.86, "y": 47.73, "curve": "stepped" },
					{
						"time": 0.2333,
						"x": -59.86,
						"y": 47.73,
						"curve": [ 0, 0, 0.354, 1 ]
					},
					{ "time": 0.4666, "x": 110.32, "y": -87.97 }
				],
				"scale": [
					{ "time": 0, "x": 1, "y": 1, "curve": "stepped" },
					{ "time": 0.2333, "x": 1, "y": 1 },
					{ "time": 0.5333, "x": 0.533, "y": 1 }
				]
			},
			"Chips": {
				"rotate": [
					{ "time": 0, "angle": 0 }
				],
				"translate": [
					{ "time": 0, "x": 0, "y": 0 }
				],
				"scale": [
					{ "time": 0, "x": 1, "y": 1 }
				]
			},
			"Light": {
				"rotate": [
					{ "time": 0, "angle": 0 }
				],
				"translate": [
					{ "time": 0, "x": 0, "y": 0 }
				],
				"scale": [
					{ "time": 0, "x": 1, "y": 1 }
				]
			}
		}
	}
}
}