{
"skeleton": { "hash": "n2x7/WS++N4KiohqqDEckCIZFsQ", "spine": "3.4.02", "width": 252, "height": 246.99, "images": "" },
"bones": [
	{ "name": "root", "color": "9c0006ff" },
	{ "name": "bone", "parent": "root", "x": -11.89, "y": 161.21 },
	{ "name": "images/bird_stone_03", "parent": "bone", "x": 1350.59, "y": -389.72 },
	{ "name": "images/bird_stone_4", "parent": "bone", "x": 1261.37, "y": -389.72 },
	{ "name": "images/bird_stone_5", "parent": "bone", "x": 1428.65, "y": -389.72 },
	{ "name": "images/w8", "parent": "bone", "x": 1023.26, "y": -83.61 },
	{ "name": "images/w9", "parent": "bone", "x": 1255.3, "y": -97.46 },
	{ "name": "images/w10", "parent": "bone", "x": 837.92, "y": -79.87 },
	{ "name": "images/w11", "parent": "bone", "x": 970.84, "y": -81.74 },
	{ "name": "images/w12", "parent": "bone", "x": 1171.44, "y": -97.46 },
	{ "name": "images/w13", "parent": "bone", "x": 1092.53, "y": -87.36 },
	{ "name": "images/w14", "parent": "bone", "x": 901.57, "y": -85.48 },
	{ "name": "images/w15", "parent": "bone", "x": 763, "y": -87.36 },
	{ "name": "images/w16", "parent": "bone", "x": 837.92, "y": -21.23 },
	{ "name": "images/w17", "parent": "bone", "x": 901.57, "y": -17.87 },
	{ "name": "images/w18", "parent": "bone", "x": 970.84, "y": -8.14 },
	{ "name": "images/w19", "parent": "bone", "x": 1023.26, "y": -13.61 },
	{ "name": "images/w20", "parent": "bone", "x": 1171.44, "y": -25.06 }
],
"slots": [
	{ "name": "images/w8", "bone": "images/w8" },
	{ "name": "images/w19", "bone": "images/w19" },
	{ "name": "images/w9", "bone": "images/w9" },
	{ "name": "images/w10", "bone": "images/w10" },
	{ "name": "images/w16", "bone": "images/w16" },
	{ "name": "images/w11", "bone": "images/w11" },
	{ "name": "images/w18", "bone": "images/w18" },
	{ "name": "images/w12", "bone": "images/w12" },
	{ "name": "images/w20", "bone": "images/w20" },
	{ "name": "images/w13", "bone": "images/w13" },
	{ "name": "images/w15", "bone": "images/w15" },
	{ "name": "images/w14", "bone": "images/w14" },
	{ "name": "images/w17", "bone": "images/w17" },
	{ "name": "images/bird_stone_03", "bone": "images/bird_stone_03" },
	{ "name": "images/bird_stone_4", "bone": "images/bird_stone_4" },
	{ "name": "images/bird_stone_5", "bone": "images/bird_stone_5" },
	{ "name": "images/wo4", "bone": "bone", "attachment": "lv1" }
],
"skins": {
	"default": {
		"images/bird_stone_03": {
			"images/bird_stone_03": { "x": -0.61, "y": 0.23, "rotation": 89.59, "width": 107, "height": 23 }
		},
		"images/bird_stone_4": {
			"images/bird_stone_03": { "x": -0.61, "y": 0.23, "rotation": 89.59, "width": 107, "height": 23 }
		},
		"images/bird_stone_5": {
			"images/bird_stone_03": { "x": -0.61, "y": 0.23, "rotation": 89.59, "width": 107, "height": 23 }
		},
		"images/w10": {
			"images/bie2": { "x": -2.17, "y": 5.26, "width": 103, "height": 105 }
		},
		"images/w11": {
			"images/b1": { "x": -1.59, "y": -1.35, "width": 47, "height": 63 }
		},
		"images/w12": {
			"images/b5": { "x": 3.3, "y": 8.86, "width": 65, "height": 61 }
		},
		"images/w13": {
			"images/bie1": { "x": -0.79, "y": 2.25, "width": 70, "height": 58 }
		},
		"images/w14": {
			"images/bie2": { "x": 2.67, "y": 2.88, "width": 103, "height": 105 }
		},
		"images/w15": {
			"images/bie3": { "x": -0.79, "y": 2.25, "width": 88, "height": 143 }
		},
		"images/w16": {
			"images/bie2": { "x": -2.17, "y": 5.26, "width": 103, "height": 105 }
		},
		"images/w17": {
			"images/bie2": { "x": 2.67, "y": 2.88, "width": 103, "height": 105 }
		},
		"images/w18": {
			"images/b1": { "x": -1.59, "y": -1.35, "width": 47, "height": 63 }
		},
		"images/w19": {
			"images/b6": { "x": 3.47, "y": 0.01, "width": 58, "height": 41 }
		},
		"images/w20": {
			"images/b5": { "x": 3.3, "y": 8.86, "width": 65, "height": 61 }
		},
		"images/w8": {
			"images/b6": { "x": 3.47, "y": 0.01, "width": 58, "height": 41 }
		},
		"images/w9": {
			"images/b2": { "x": 0.44, "y": 6.36, "width": 76, "height": 91 }
		}
	},
	"1": {
		"images/wo4": {
			"lv1": { "name": "images/4", "x": 11.77, "y": -161.19, "width": 252, "height": 247 }
		}
	},
	"2": {
		"images/wo4": {
			"lv1": { "name": "images/ice4", "x": 12.75, "y": -161.17, "width": 252, "height": 248 }
		}
	},
	"3": {
		"images/wo4": {
			"lv1": { "name": "images/ice1", "x": 12.17, "y": -157.38, "width": 252, "height": 247 }
		}
	},
	"4": {
		"images/wo4": {
			"lv1": { "name": "images/ice2", "x": 11.54, "y": -156.72, "width": 252, "height": 248 }
		}
	},
	"5": {
		"images/wo4": {
			"lv1": { "name": "images/ice11", "x": 11.57, "y": -158.14, "scaleX": 1.15, "scaleY": 1.15, "width": 220, "height": 219 }
		}
	},
	"6": {
		"images/wo4": {
			"lv1": { "name": "images/ice12", "x": 11.61, "y": -210.53, "scaleX": 1.15, "scaleY": 1.15, "width": 220, "height": 130 }
		}
	},
	"7": {
		"images/wo4": {
			"lv1": { "name": "images/ice13", "x": 11.32, "y": -107.99, "scaleX": 1.15, "scaleY": 1.15, "width": 220, "height": 129 }
		}
	},
	"8": {
		"images/wo4": {
			"lv1": { "name": "images/ice9", "x": -39.36, "y": -159.66, "scaleX": 1.15, "scaleY": 1.15, "width": 130, "height": 219 }
		}
	},
	"9": {
		"images/wo4": {
			"lv1": { "name": "images/ice10", "x": 64.71, "y": -159.06, "scaleX": 1.15, "scaleY": 1.15, "width": 193, "height": 271 }
		}
	},
	"10": {
		"images/wo4": {
			"lv1": { "name": "images/ice6", "x": 11.59, "y": -162.31, "width": 253, "height": 248 }
		}
	},
	"11": {
		"images/wo4": {
			"lv1": { "name": "images/ice5", "x": 12.12, "y": -161.9, "width": 253, "height": 248 }
		}
	},
	"12": {
		"images/wo4": {
			"lv1": { "name": "images/ice8", "x": 13.29, "y": -156.05, "width": 254, "height": 248 }
		}
	},
	"13": {
		"images/wo4": {
			"lv1": { "name": "images/ice7", "x": 11.32, "y": -155.4, "width": 253, "height": 248 }
		}
	}
},
"animations": {
	"lv1": {
		"slots": {
			"images/bird_stone_03": {
				"color": [
					{ "time": 0, "color": "ffffffff" }
				],
				"attachment": [
					{ "time": 0, "name": null }
				]
			},
			"images/bird_stone_4": {
				"color": [
					{ "time": 0, "color": "ffffffff" }
				],
				"attachment": [
					{ "time": 0, "name": null }
				]
			},
			"images/bird_stone_5": {
				"color": [
					{ "time": 0, "color": "ffffffff" }
				],
				"attachment": [
					{ "time": 0, "name": null }
				]
			},
			"images/w8": {
				"color": [
					{ "time": 0, "color": "ffffffff" }
				],
				"attachment": [
					{ "time": 0, "name": null }
				]
			},
			"images/w9": {
				"color": [
					{ "time": 0, "color": "ffffffff" }
				],
				"attachment": [
					{ "time": 0, "name": null }
				]
			},
			"images/w10": {
				"color": [
					{ "time": 0, "color": "ffffffff" }
				],
				"attachment": [
					{ "time": 0, "name": null }
				]
			},
			"images/w11": {
				"color": [
					{ "time": 0, "color": "ffffffff" }
				],
				"attachment": [
					{ "time": 0, "name": null }
				]
			},
			"images/w12": {
				"color": [
					{ "time": 0, "color": "ffffffff" }
				],
				"attachment": [
					{ "time": 0, "name": null }
				]
			},
			"images/w13": {
				"color": [
					{ "time": 0, "color": "ffffffff" }
				],
				"attachment": [
					{ "time": 0, "name": null }
				]
			},
			"images/w14": {
				"color": [
					{ "time": 0, "color": "ffffffff" }
				],
				"attachment": [
					{ "time": 0, "name": null }
				]
			},
			"images/w15": {
				"color": [
					{ "time": 0, "color": "ffffffff" }
				],
				"attachment": [
					{ "time": 0, "name": null }
				]
			},
			"images/w16": {
				"color": [
					{ "time": 0, "color": "ffffffff" }
				],
				"attachment": [
					{ "time": 0, "name": null }
				]
			},
			"images/w17": {
				"color": [
					{ "time": 0, "color": "ffffffff" }
				],
				"attachment": [
					{ "time": 0, "name": null }
				]
			},
			"images/w18": {
				"color": [
					{ "time": 0, "color": "ffffffff" }
				],
				"attachment": [
					{ "time": 0, "name": null }
				]
			},
			"images/w19": {
				"color": [
					{ "time": 0, "color": "ffffffff" }
				],
				"attachment": [
					{ "time": 0, "name": null }
				]
			},
			"images/w20": {
				"color": [
					{ "time": 0, "color": "ffffffff" }
				],
				"attachment": [
					{ "time": 0, "name": null }
				]
			},
			"images/wo4": {
				"color": [
					{ "time": 0, "color": "ffffffff" }
				],
				"attachment": [
					{ "time": 0, "name": "lv1" }
				]
			}
		},
		"bones": {
			"images/bird_stone_03": {
				"rotate": [
					{ "time": 0, "angle": 121.56 }
				],
				"translate": [
					{ "time": 0, "x": -1502.97, "y": 88.73 }
				],
				"scale": [
					{ "time": 0, "x": 1, "y": 1 }
				]
			},
			"images/bird_stone_4": {
				"rotate": [
					{ "time": 0, "angle": 0 }
				],
				"translate": [
					{ "time": 0, "x": -1303.38, "y": 303.55 }
				],
				"scale": [
					{ "time": 0, "x": 1, "y": 1 }
				]
			},
			"images/bird_stone_5": {
				"rotate": [
					{ "time": 0, "angle": -110.5 }
				],
				"translate": [
					{ "time": 0, "x": -1360.74, "y": 109.6 }
				],
				"scale": [
					{ "time": 0, "x": 1, "y": 1 }
				]
			},
			"images/w8": {
				"rotate": [
					{ "time": 0, "angle": -30.09 }
				],
				"translate": [
					{ "time": 0, "x": -936.34, "y": -220.12 }
				],
				"scale": [
					{ "time": 0, "x": 1, "y": 1 }
				]
			},
			"images/w9": {
				"rotate": [
					{ "time": 0, "angle": 14.1 }
				],
				"translate": [
					{ "time": 0, "x": -1272.87, "y": 11.77 }
				],
				"scale": [
					{ "time": 0, "x": 1.404, "y": 1.404 }
				]
			},
			"images/w10": {
				"rotate": [
					{ "time": 0, "angle": 0 }
				],
				"translate": [
					{ "time": 0, "x": -931.37, "y": -50.02 }
				],
				"scale": [
					{ "time": 0, "x": 0.727, "y": 0.727 }
				]
			},
			"images/w11": {
				"rotate": [
					{ "time": 0, "angle": 0 }
				],
				"translate": [
					{ "time": 0, "x": -928.12, "y": -74.05 }
				],
				"scale": [
					{ "time": 0, "x": 1.392, "y": 1.392 }
				]
			},
			"images/w12": {
				"rotate": [
					{ "time": 0, "angle": 9.29 }
				],
				"translate": [
					{ "time": 0, "x": -1329.14, "y": -227.91 }
				],
				"scale": [
					{ "time": 0, "x": 1, "y": 1 }
				]
			},
			"images/w13": {
				"rotate": [
					{ "time": 0, "angle": 90.83 }
				],
				"translate": [
					{ "time": 0, "x": -1228.35, "y": -118.04 }
				],
				"scale": [
					{ "time": 0, "x": 1, "y": 1 }
				]
			},
			"images/w14": {
				"rotate": [
					{ "time": 0, "angle": -1.8 }
				],
				"translate": [
					{ "time": 0, "x": -913.1, "y": -245.35 }
				],
				"scale": [
					{ "time": 0, "x": 0.703, "y": 0.703 }
				]
			},
			"root": {
				"rotate": [
					{ "time": 0, "angle": 0 }
				],
				"translate": [
					{ "time": 0, "x": 0, "y": 0 }
				],
				"scale": [
					{ "time": 0, "x": 1, "y": 1 }
				]
			},
			"images/w15": {
				"rotate": [
					{ "time": 0, "angle": -84.15 }
				],
				"translate": [
					{ "time": 0, "x": -686.02, "y": -136.44 }
				],
				"scale": [
					{ "time": 0, "x": 0.518, "y": 0.518 }
				]
			},
			"bone": {
				"rotate": [
					{ "time": 0, "angle": 0 }
				],
				"translate": [
					{ "time": 0, "x": 0, "y": 0 }
				],
				"scale": [
					{ "time": 0, "x": 1, "y": 1 }
				]
			},
			"images/w20": {
				"rotate": [
					{ "time": 0, "angle": 0 }
				],
				"translate": [
					{ "time": 0, "x": -1194.93, "y": -133.26 }
				],
				"scale": [
					{ "time": 0, "x": 1, "y": 1 }
				]
			},
			"images/w19": {
				"rotate": [
					{ "time": 0, "angle": 0 }
				],
				"translate": [
					{ "time": 0, "x": -1105.01, "y": -245.2 }
				],
				"scale": [
					{ "time": 0, "x": 1, "y": 1 }
				]
			},
			"images/w18": {
				"rotate": [
					{ "time": 0, "angle": 0 }
				],
				"translate": [
					{ "time": 0, "x": -991.24, "y": -259.88 }
				],
				"scale": [
					{ "time": 0, "x": 1, "y": 1 }
				]
			},
			"images/w17": {
				"rotate": [
					{ "time": 0, "angle": -18.22 }
				],
				"translate": [
					{ "time": 0, "x": -881.11, "y": -205.71 }
				],
				"scale": [
					{ "time": 0, "x": 0.541, "y": 0.541 }
				]
			},
			"images/w16": {
				"rotate": [
					{ "time": 0, "angle": 63.36 }
				],
				"translate": [
					{ "time": 0, "x": -871.65, "y": -186.51 }
				],
				"scale": [
					{ "time": 0, "x": 0.58, "y": 0.58 }
				]
			}
		},
		"drawOrder": [
			{ "time": 0 }
		]
	},
	"run": {
		"slots": {
			"images/bird_stone_03": {
				"color": [
					{ "time": 0, "color": "ffffffff", "curve": "stepped" },
					{
						"time": 0.1333,
						"color": "ffffffff",
						"curve": [ 0.252, 0.02, 0.75, 1 ]
					},
					{ "time": 0.2, "color": "ffffff00", "curve": "stepped" },
					{ "time": 1.0333, "color": "ffffff00" }
				],
				"attachment": [
					{ "time": 0, "name": null },
					{ "time": 0.0333, "name": "images/bird_stone_03" },
					{ "time": 1.0333, "name": "images/bird_stone_03" }
				]
			},
			"images/bird_stone_4": {
				"color": [
					{ "time": 0, "color": "ffffffff", "curve": "stepped" },
					{
						"time": 0.1333,
						"color": "ffffffff",
						"curve": [ 0.252, 0.02, 0.75, 1 ]
					},
					{ "time": 0.2, "color": "ffffff00", "curve": "stepped" },
					{ "time": 1.0333, "color": "ffffff00" }
				],
				"attachment": [
					{ "time": 0, "name": null },
					{ "time": 0.0333, "name": "images/bird_stone_03" },
					{ "time": 1.0333, "name": "images/bird_stone_03" }
				]
			},
			"images/bird_stone_5": {
				"color": [
					{ "time": 0, "color": "ffffffff", "curve": "stepped" },
					{
						"time": 0.1333,
						"color": "ffffffff",
						"curve": [ 0.252, 0.02, 0.75, 1 ]
					},
					{ "time": 0.2, "color": "ffffff00", "curve": "stepped" },
					{ "time": 1.0333, "color": "ffffff00" }
				],
				"attachment": [
					{ "time": 0, "name": null },
					{ "time": 0.0333, "name": "images/bird_stone_03" },
					{ "time": 1.0333, "name": "images/bird_stone_03" }
				]
			},
			"images/w8": {
				"color": [
					{ "time": 0, "color": "ffffffff", "curve": "stepped" },
					{
						"time": 0.7666,
						"color": "ffffffff",
						"curve": [ 0.271, 0.88, 0.75, 1 ]
					},
					{ "time": 0.9, "color": "ffffff00", "curve": "stepped" },
					{ "time": 1.0333, "color": "ffffff00" }
				],
				"attachment": [
					{ "time": 0, "name": null },
					{ "time": 0.0333, "name": "images/b6" },
					{ "time": 1.0333, "name": "images/b6" }
				]
			},
			"images/w9": {
				"color": [
					{ "time": 0, "color": "ffffffff", "curve": "stepped" },
					{
						"time": 0.8,
						"color": "ffffffff",
						"curve": [ 0.399, 0.92, 0.75, 1 ]
					},
					{ "time": 0.9333, "color": "ffffff00", "curve": "stepped" },
					{ "time": 1.0333, "color": "ffffff00" }
				],
				"attachment": [
					{ "time": 0, "name": null },
					{ "time": 0.0333, "name": "images/b2" },
					{ "time": 1.0333, "name": "images/b2" }
				]
			},
			"images/w10": {
				"color": [
					{ "time": 0, "color": "ffffffff", "curve": "stepped" },
					{
						"time": 0.7666,
						"color": "ffffffff",
						"curve": [ 0.289, 0.92, 0.75, 1 ]
					},
					{ "time": 0.9, "color": "ffffff00", "curve": "stepped" },
					{ "time": 1.0333, "color": "ffffff00" }
				],
				"attachment": [
					{ "time": 0, "name": null },
					{ "time": 0.0333, "name": "images/bie2" },
					{ "time": 1.0333, "name": "images/bie2" }
				]
			},
			"images/w11": {
				"color": [
					{ "time": 0, "color": "ffffffff", "curve": "stepped" },
					{
						"time": 0.8,
						"color": "ffffffff",
						"curve": [ 0.315, 0.8, 0.75, 1 ]
					},
					{ "time": 0.9333, "color": "ffffff00", "curve": "stepped" },
					{ "time": 1.0333, "color": "ffffff00" }
				],
				"attachment": [
					{ "time": 0, "name": null },
					{ "time": 0.0333, "name": "images/b1" },
					{ "time": 1.0333, "name": "images/b1" }
				]
			},
			"images/w12": {
				"color": [
					{ "time": 0, "color": "ffffffff", "curve": "stepped" },
					{
						"time": 0.8666,
						"color": "ffffffff",
						"curve": [ 0.302, 0.84, 0.75, 1 ]
					},
					{ "time": 1, "color": "ffffff00", "curve": "stepped" },
					{ "time": 1.0333, "color": "ffffff00" }
				],
				"attachment": [
					{ "time": 0, "name": null },
					{ "time": 0.0333, "name": "images/b5" },
					{ "time": 1.0333, "name": "images/b5" }
				]
			},
			"images/w13": {
				"color": [
					{ "time": 0, "color": "ffffffff", "curve": "stepped" },
					{
						"time": 0.7333,
						"color": "ffffffff",
						"curve": [ 0.309, 0.89, 0.75, 1 ]
					},
					{ "time": 0.8666, "color": "ffffff00", "curve": "stepped" },
					{ "time": 1.0333, "color": "ffffff00" }
				],
				"attachment": [
					{ "time": 0, "name": null },
					{ "time": 0.0333, "name": "images/bie1" },
					{ "time": 1.0333, "name": "images/bie1" }
				]
			},
			"images/w14": {
				"color": [
					{ "time": 0, "color": "ffffffff", "curve": "stepped" },
					{
						"time": 0.9,
						"color": "ffffffff",
						"curve": [ 0.315, 0.91, 0.75, 1 ]
					},
					{ "time": 1.0333, "color": "ffffff00" }
				],
				"attachment": [
					{ "time": 0, "name": null },
					{ "time": 0.0333, "name": "images/bie2" },
					{ "time": 1.0333, "name": "images/bie2" }
				]
			},
			"images/w15": {
				"color": [
					{ "time": 0, "color": "ffffffff", "curve": "stepped" },
					{
						"time": 0.8,
						"color": "ffffffff",
						"curve": [ 0.313, 0.77, 0.75, 1 ]
					},
					{ "time": 0.9333, "color": "ffffff00", "curve": "stepped" },
					{ "time": 1.0333, "color": "ffffff00" }
				],
				"attachment": [
					{ "time": 0, "name": null },
					{ "time": 0.0333, "name": "images/bie3" },
					{ "time": 1.0333, "name": "images/bie3" }
				]
			},
			"images/w16": {
				"color": [
					{ "time": 0, "color": "ffffffff", "curve": "stepped" },
					{
						"time": 0.8333,
						"color": "ffffffff",
						"curve": [ 0.35, 0.92, 0.75, 1 ]
					},
					{ "time": 0.9666, "color": "ffffff00", "curve": "stepped" },
					{ "time": 1.0333, "color": "ffffff00" }
				],
				"attachment": [
					{ "time": 0, "name": null },
					{ "time": 0.0333, "name": "images/bie2" },
					{ "time": 1.0333, "name": "images/bie2" }
				]
			},
			"images/w17": {
				"color": [
					{ "time": 0, "color": "ffffffff", "curve": "stepped" },
					{
						"time": 0.8666,
						"color": "ffffffff",
						"curve": [ 0.333, 0.97, 0.75, 1 ]
					},
					{ "time": 1, "color": "ffffff00", "curve": "stepped" },
					{ "time": 1.0333, "color": "ffffff00" }
				],
				"attachment": [
					{ "time": 0, "name": null },
					{ "time": 0.0333, "name": "images/bie2" },
					{ "time": 1.0333, "name": "images/bie2" }
				]
			},
			"images/w18": {
				"color": [
					{ "time": 0, "color": "ffffffff", "curve": "stepped" },
					{
						"time": 0.8333,
						"color": "ffffffff",
						"curve": [ 0.28, 1, 0.75, 1 ]
					},
					{ "time": 0.9666, "color": "ffffff00", "curve": "stepped" },
					{ "time": 1.0333, "color": "ffffff00" }
				],
				"attachment": [
					{ "time": 0, "name": null },
					{ "time": 0.0333, "name": "images/b1" },
					{ "time": 1.0333, "name": "images/b1" }
				]
			},
			"images/w19": {
				"color": [
					{ "time": 0, "color": "ffffffff", "curve": "stepped" },
					{
						"time": 0.8333,
						"color": "ffffffff",
						"curve": [ 0.3, 0.97, 0.75, 1 ]
					},
					{ "time": 0.9666, "color": "ffffff00", "curve": "stepped" },
					{ "time": 1.0333, "color": "ffffff00" }
				],
				"attachment": [
					{ "time": 0, "name": null },
					{ "time": 0.0333, "name": "images/b6" },
					{ "time": 1.0333, "name": "images/b6" }
				]
			},
			"images/w20": {
				"color": [
					{ "time": 0, "color": "ffffffff", "curve": "stepped" },
					{
						"time": 0.8333,
						"color": "ffffffff",
						"curve": [ 0.311, 0.87, 0.75, 1 ]
					},
					{ "time": 0.9666, "color": "ffffff00", "curve": "stepped" },
					{ "time": 1.0333, "color": "ffffff00" }
				],
				"attachment": [
					{ "time": 0, "name": null },
					{ "time": 0.0333, "name": "images/b5" },
					{ "time": 1.0333, "name": "images/b5" }
				]
			},
			"images/wo4": {
				"color": [
					{ "time": 0, "color": "ffffffff", "curve": "stepped" },
					{ "time": 1.0333, "color": "ffffffff" }
				],
				"attachment": [
					{ "time": 0, "name": "lv1" },
					{ "time": 0.0333, "name": null },
					{ "time": 1.0333, "name": null }
				]
			}
		},
		"bones": {
			"images/bird_stone_03": {
				"rotate": [
					{ "time": 0, "angle": 121.56, "curve": "stepped" },
					{ "time": 0.0333, "angle": 121.56, "curve": "stepped" },
					{ "time": 1.0333, "angle": 121.56 }
				],
				"translate": [
					{
						"time": 0,
						"x": -1502.97,
						"y": 88.73,
						"curve": [ 0.252, 0.02, 0.75, 1 ]
					},
					{
						"time": 0.0333,
						"x": -1428.24,
						"y": 143.18,
						"curve": [ 0.252, 0.02, 0.75, 1 ]
					},
					{ "time": 0.2, "x": -1651.08, "y": -2.25, "curve": "stepped" },
					{ "time": 1.0333, "x": -1651.08, "y": -2.25 }
				],
				"scale": [
					{ "time": 0, "x": 1, "y": 1, "curve": "stepped" },
					{
						"time": 0.0333,
						"x": 1,
						"y": 1,
						"curve": [ 0.252, 0.02, 0.75, 1 ]
					},
					{ "time": 0.2, "x": 0.45, "y": 0.12, "curve": "stepped" },
					{ "time": 1.0333, "x": 0.45, "y": 0.12 }
				]
			},
			"images/bird_stone_4": {
				"rotate": [
					{ "time": 0, "angle": 0, "curve": "stepped" },
					{ "time": 0.0333, "angle": 0, "curve": "stepped" },
					{ "time": 1.0333, "angle": 0 }
				],
				"translate": [
					{
						"time": 0,
						"x": -1303.38,
						"y": 303.55,
						"curve": [ 0.252, 0.02, 0.75, 1 ]
					},
					{
						"time": 0.0333,
						"x": -1228.66,
						"y": 358,
						"curve": [ 0.252, 0.02, 0.75, 1 ]
					},
					{ "time": 0.2, "x": -1303.38, "y": 401.14, "curve": "stepped" },
					{ "time": 1.0333, "x": -1303.38, "y": 401.14 }
				],
				"scale": [
					{ "time": 0, "x": 1, "y": 1, "curve": "stepped" },
					{
						"time": 0.0333,
						"x": 1,
						"y": 1,
						"curve": [ 0.252, 0.02, 0.75, 1 ]
					},
					{ "time": 0.2, "x": 0.45, "y": 0.12, "curve": "stepped" },
					{ "time": 1.0333, "x": 0.45, "y": 0.12 }
				]
			},
			"images/bird_stone_5": {
				"rotate": [
					{ "time": 0, "angle": -110.5, "curve": "stepped" },
					{ "time": 0.0333, "angle": -110.5, "curve": "stepped" },
					{ "time": 1.0333, "angle": -110.5 }
				],
				"translate": [
					{
						"time": 0,
						"x": -1360.74,
						"y": 109.6,
						"curve": [ 0.252, 0.02, 0.75, 1 ]
					},
					{
						"time": 0.0333,
						"x": -1286.01,
						"y": 164.04,
						"curve": [ 0.252, 0.02, 0.75, 1 ]
					},
					{ "time": 0.2, "x": -1216.03, "y": 55.59, "curve": "stepped" },
					{ "time": 1.0333, "x": -1216.03, "y": 55.59 }
				],
				"scale": [
					{ "time": 0, "x": 1, "y": 1, "curve": "stepped" },
					{
						"time": 0.0333,
						"x": 1,
						"y": 1,
						"curve": [ 0.252, 0.02, 0.75, 1 ]
					},
					{ "time": 0.2, "x": 0.448, "y": 0.123, "curve": "stepped" },
					{ "time": 1.0333, "x": 0.448, "y": 0.123 }
				]
			},
			"images/w8": {
				"rotate": [
					{ "time": 0, "angle": -30.09, "curve": "stepped" },
					{ "time": 0.0333, "angle": -30.09 },
					{ "time": 0.1666, "angle": -91.95 },
					{ "time": 0.9, "angle": -175.09, "curve": "stepped" },
					{ "time": 1.0333, "angle": -175.09 }
				],
				"translate": [
					{
						"time": 0,
						"x": -936.34,
						"y": -220.12,
						"curve": [ 0.252, 0.02, 0.75, 1 ]
					},
					{
						"time": 0.0333,
						"x": -861.62,
						"y": -165.68,
						"curve": [ 0.227, 0, 0.78, 1 ]
					},
					{
						"time": 0.1666,
						"x": -888.96,
						"y": -254.44,
						"curve": [ 0.456, 0.16, 0.798, 0.53 ]
					},
					{ "time": 0.9, "x": -846.71, "y": -915.42, "curve": "stepped" },
					{ "time": 1.0333, "x": -846.71, "y": -915.42 }
				],
				"scale": [
					{ "time": 0, "x": 1, "y": 1, "curve": "stepped" },
					{ "time": 0.0333, "x": 1, "y": 1 },
					{ "time": 0.2, "x": 2.034, "y": 2.034 },
					{ "time": 0.9, "x": 1, "y": 1, "curve": "stepped" },
					{ "time": 1.0333, "x": 1, "y": 1 }
				]
			},
			"images/w9": {
				"rotate": [
					{ "time": 0, "angle": 14.1, "curve": "stepped" },
					{ "time": 0.0333, "angle": 14.1 },
					{ "time": 0.2, "angle": 69.79 },
					{ "time": 0.9333, "angle": -139.26, "curve": "stepped" },
					{ "time": 1.0333, "angle": -139.26 }
				],
				"translate": [
					{
						"time": 0,
						"x": -1272.87,
						"y": 11.77,
						"curve": [ 0.252, 0.02, 0.75, 1 ]
					},
					{
						"time": 0.0333,
						"x": -1198.14,
						"y": 66.21,
						"curve": [ 0.223, 0, 0.785, 1 ]
					},
					{
						"time": 0.2,
						"x": -1373.03,
						"y": 82.49,
						"curve": [ 0.429, 0.21, 0.78, 0.48 ]
					},
					{ "time": 0.9333, "x": -1547.1, "y": -736.2, "curve": "stepped" },
					{ "time": 1.0333, "x": -1547.1, "y": -736.2 }
				],
				"scale": [
					{ "time": 0, "x": 1.404, "y": 1.404, "curve": "stepped" },
					{ "time": 0.0333, "x": 1.404, "y": 1.404 },
					{ "time": 0.2, "x": 2.069, "y": 2.069 },
					{ "time": 0.9333, "x": 1.404, "y": 1.404, "curve": "stepped" },
					{ "time": 1.0333, "x": 1.404, "y": 1.404 }
				]
			},
			"images/w10": {
				"rotate": [
					{ "time": 0, "angle": 0, "curve": "stepped" },
					{ "time": 0.0333, "angle": 0 },
					{ "time": 0.2, "angle": 83.9 },
					{ "time": 0.9, "angle": 120.41, "curve": "stepped" },
					{ "time": 1.0333, "angle": 120.41 }
				],
				"translate": [
					{
						"time": 0,
						"x": -931.37,
						"y": -50.02,
						"curve": [ 0.252, 0.02, 0.75, 1 ]
					},
					{
						"time": 0.0333,
						"x": -856.64,
						"y": 4.41,
						"curve": [ 0.223, 0, 0.794, 1 ]
					},
					{
						"time": 0.2,
						"x": -1050.03,
						"y": -25.03,
						"curve": [ 0.399, 0.17, 0.868, 0.5 ]
					},
					{ "time": 0.9, "x": -1300.11, "y": -656.69, "curve": "stepped" },
					{ "time": 1.0333, "x": -1300.11, "y": -656.69 }
				],
				"scale": [
					{ "time": 0, "x": 0.727, "y": 0.727, "curve": "stepped" },
					{ "time": 0.0333, "x": 0.727, "y": 0.727 },
					{ "time": 0.2, "x": 1.076, "y": 1.076 },
					{ "time": 0.9, "x": 0.727, "y": 0.727, "curve": "stepped" },
					{ "time": 1.0333, "x": 0.727, "y": 0.727 }
				]
			},
			"images/w11": {
				"rotate": [
					{ "time": 0, "angle": 0, "curve": "stepped" },
					{ "time": 0.0333, "angle": 0 },
					{ "time": 0.2, "angle": -98 },
					{ "time": 0.9333, "angle": -174.49, "curve": "stepped" },
					{ "time": 1.0333, "angle": -174.49 }
				],
				"translate": [
					{
						"time": 0,
						"x": -928.12,
						"y": -74.05,
						"curve": [ 0.252, 0.02, 0.75, 1 ]
					},
					{
						"time": 0.0333,
						"x": -853.4,
						"y": -19.6,
						"curve": [ 0.223, 0, 0.785, 1 ]
					},
					{
						"time": 0.2,
						"x": -820.39,
						"y": -50.55,
						"curve": [ 0.505, 0.14, 0.811, 0.49 ]
					},
					{ "time": 0.9333, "x": -621.72, "y": -640.75, "curve": "stepped" },
					{ "time": 1.0333, "x": -621.72, "y": -640.75 }
				],
				"scale": [
					{ "time": 0, "x": 1.392, "y": 1.392, "curve": "stepped" },
					{ "time": 0.0333, "x": 1.392, "y": 1.392 },
					{ "time": 0.2, "x": 1.921, "y": 1.921 },
					{ "time": 0.9333, "x": 1.392, "y": 1.392, "curve": "stepped" },
					{ "time": 1.0333, "x": 1.392, "y": 1.392 }
				]
			},
			"images/w12": {
				"rotate": [
					{ "time": 0, "angle": 9.29, "curve": "stepped" },
					{ "time": 0.0333, "angle": 9.29 },
					{ "time": 0.2, "angle": 105.37 },
					{ "time": 1, "angle": 154.4, "curve": "stepped" },
					{ "time": 1.0333, "angle": 154.4 }
				],
				"translate": [
					{
						"time": 0,
						"x": -1329.14,
						"y": -227.91,
						"curve": [ 0.252, 0.02, 0.75, 1 ]
					},
					{
						"time": 0.0333,
						"x": -1254.41,
						"y": -173.47,
						"curve": [ 0.223, 0, 0.785, 1 ]
					},
					{
						"time": 0.2,
						"x": -1326.99,
						"y": -332.56,
						"curve": [ 0.439, 0.2, 0.842, 0.49 ]
					},
					{ "time": 1, "x": -1370.42, "y": -1130.09, "curve": "stepped" },
					{ "time": 1.0333, "x": -1370.42, "y": -1130.09 }
				],
				"scale": [
					{ "time": 0, "x": 1, "y": 1, "curve": "stepped" },
					{ "time": 0.0333, "x": 1, "y": 1 },
					{ "time": 0.2, "x": 1.647, "y": 1.647 },
					{ "time": 1, "x": 1, "y": 1, "curve": "stepped" },
					{ "time": 1.0333, "x": 1, "y": 1 }
				]
			},
			"images/w13": {
				"rotate": [
					{ "time": 0, "angle": 90.83, "curve": "stepped" },
					{ "time": 0.0333, "angle": 90.83 },
					{ "time": 0.1666, "angle": 147.78 },
					{ "time": 0.8666, "angle": 167.43, "curve": "stepped" },
					{ "time": 1.0333, "angle": 167.43 }
				],
				"translate": [
					{
						"time": 0,
						"x": -1228.35,
						"y": -118.04,
						"curve": [ 0.252, 0.02, 0.75, 1 ]
					},
					{
						"time": 0.0333,
						"x": -1153.62,
						"y": -63.6,
						"curve": [ 0.223, 0, 0.785, 0.99 ]
					},
					{
						"time": 0.1666,
						"x": -1304.05,
						"y": -197.66,
						"curve": [ 0.441, 0.19, 0.811, 0.45 ]
					},
					{ "time": 0.8666, "x": -1409.03, "y": -808.18, "curve": "stepped" },
					{ "time": 1.0333, "x": -1409.03, "y": -808.18 }
				],
				"scale": [
					{ "time": 0, "x": 1, "y": 1, "curve": "stepped" },
					{ "time": 0.0333, "x": 1, "y": 1 },
					{ "time": 0.2, "x": 1.869, "y": 1.869 },
					{ "time": 0.8666, "x": 1, "y": 1, "curve": "stepped" },
					{ "time": 1.0333, "x": 1, "y": 1 }
				]
			},
			"images/w14": {
				"rotate": [
					{ "time": 0, "angle": -1.8, "curve": "stepped" },
					{ "time": 0.0333, "angle": -1.8 },
					{ "time": 0.2, "angle": -89.55 },
					{ "time": 1.0333, "angle": -157.43 }
				],
				"translate": [
					{
						"time": 0,
						"x": -913.1,
						"y": -245.35,
						"curve": [ 0.252, 0.02, 0.75, 1 ]
					},
					{
						"time": 0.0333,
						"x": -838.38,
						"y": -190.9,
						"curve": [ 0.227, 0, 0.785, 1 ]
					},
					{
						"time": 0.2,
						"x": -883.35,
						"y": -327.34,
						"curve": [ 0.412, 0.24, 0.798, 0.52 ]
					},
					{ "time": 1.0333, "x": -887.64, "y": -1313.1 }
				],
				"scale": [
					{ "time": 0, "x": 0.703, "y": 0.703, "curve": "stepped" },
					{ "time": 0.0333, "x": 0.703, "y": 0.703 },
					{ "time": 0.2, "x": 1.128, "y": 1.128 },
					{ "time": 1.0333, "x": 0.703, "y": 0.703 }
				]
			},
			"root": {
				"rotate": [
					{ "time": 0, "angle": 0, "curve": "stepped" },
					{ "time": 0.0333, "angle": 0, "curve": "stepped" },
					{ "time": 1.0333, "angle": 0 }
				],
				"translate": [
					{ "time": 0, "x": 0, "y": 0, "curve": "stepped" },
					{ "time": 0.0333, "x": 0, "y": 0, "curve": "stepped" },
					{ "time": 1.0333, "x": 0, "y": 0 }
				],
				"scale": [
					{ "time": 0, "x": 1, "y": 1, "curve": "stepped" },
					{ "time": 0.0333, "x": 1, "y": 1, "curve": "stepped" },
					{ "time": 1.0333, "x": 1, "y": 1 }
				]
			},
			"images/w15": {
				"rotate": [
					{ "time": 0, "angle": -84.15, "curve": "stepped" },
					{ "time": 0.0333, "angle": -84.15 },
					{ "time": 0.2, "angle": -141.88 },
					{ "time": 0.9333, "angle": 165.56, "curve": "stepped" },
					{ "time": 1.0333, "angle": 165.56 }
				],
				"translate": [
					{
						"time": 0,
						"x": -686.02,
						"y": -136.44,
						"curve": [ 0.252, 0.02, 0.75, 1 ]
					},
					{
						"time": 0.0333,
						"x": -611.3,
						"y": -82,
						"curve": [ 0.219, 0, 0.78, 0.99 ]
					},
					{
						"time": 0.2,
						"x": -603.67,
						"y": -123.31,
						"curve": [ 0.454, 0.15, 0.829, 0.46 ]
					},
					{ "time": 0.9333, "x": -575.03, "y": -696.3, "curve": "stepped" },
					{ "time": 1.0333, "x": -575.03, "y": -696.3 }
				],
				"scale": [
					{ "time": 0, "x": 0.518, "y": 0.518, "curve": "stepped" },
					{ "time": 0.0333, "x": 0.518, "y": 0.518 },
					{ "time": 0.2, "x": 0.816, "y": 0.816 },
					{ "time": 0.9333, "x": 0.518, "y": 0.518, "curve": "stepped" },
					{ "time": 1.0333, "x": 0.518, "y": 0.518 }
				]
			},
			"bone": {
				"rotate": [
					{ "time": 0, "angle": 0, "curve": "stepped" },
					{ "time": 1.0333, "angle": 0 }
				],
				"translate": [
					{ "time": 0, "x": 0, "y": 0, "curve": "stepped" },
					{ "time": 1.0333, "x": 0, "y": 0 }
				],
				"scale": [
					{ "time": 0, "x": 1, "y": 1, "curve": "stepped" },
					{ "time": 1.0333, "x": 1, "y": 1 }
				]
			},
			"images/w20": {
				"rotate": [
					{ "time": 0, "angle": 0, "curve": "stepped" },
					{ "time": 0.0333, "angle": 0 },
					{ "time": 0.1666, "angle": -27.29 },
					{ "time": 0.9666, "angle": -114.15, "curve": "stepped" },
					{ "time": 1.0333, "angle": -114.15 }
				],
				"translate": [
					{
						"time": 0,
						"x": -1194.93,
						"y": -133.26,
						"curve": [ 0.252, 0.02, 0.75, 1 ]
					},
					{
						"time": 0.0333,
						"x": -1120.2,
						"y": -78.82,
						"curve": [ 0.223, 0, 0.78, 1 ]
					},
					{
						"time": 0.1666,
						"x": -1136.69,
						"y": -26.44,
						"curve": [ 0.386, 0.17, 0.824, 0.49 ]
					},
					{ "time": 0.9666, "x": -1037.06, "y": -580.89, "curve": "stepped" },
					{ "time": 1.0333, "x": -1037.06, "y": -580.89 }
				],
				"scale": [
					{ "time": 0, "x": 1, "y": 1, "curve": "stepped" },
					{ "time": 0.0333, "x": 1, "y": 1 },
					{ "time": 0.2, "x": 1.59, "y": 1.59 },
					{ "time": 0.9666, "x": 1, "y": 1, "curve": "stepped" },
					{ "time": 1.0333, "x": 1, "y": 1 }
				]
			},
			"images/w19": {
				"rotate": [
					{ "time": 0, "angle": 0, "curve": "stepped" },
					{ "time": 0.0333, "angle": 0 },
					{ "time": 0.1666, "angle": 49.26 },
					{ "time": 0.9666, "angle": 120.12, "curve": "stepped" },
					{ "time": 1.0333, "angle": 120.12 }
				],
				"translate": [
					{
						"time": 0,
						"x": -1105.01,
						"y": -245.2,
						"curve": [ 0.252, 0.02, 0.75, 1 ]
					},
					{
						"time": 0.0333,
						"x": -1030.29,
						"y": -190.75,
						"curve": [ 0.225, 0, 0.78, 1 ]
					},
					{
						"time": 0.1666,
						"x": -1128.78,
						"y": -188.01,
						"curve": [ 0.419, 0.19, 0.811, 0.46 ]
					},
					{ "time": 0.9666, "x": -1185.08, "y": -787.34, "curve": "stepped" },
					{ "time": 1.0333, "x": -1185.08, "y": -787.34 }
				],
				"scale": [
					{ "time": 0, "x": 1, "y": 1, "curve": "stepped" },
					{ "time": 0.0333, "x": 1, "y": 1 },
					{ "time": 0.2, "x": 2.013, "y": 2.013 },
					{ "time": 0.9666, "x": 1, "y": 1, "curve": "stepped" },
					{ "time": 1.0333, "x": 1, "y": 1 }
				]
			},
			"images/w18": {
				"rotate": [
					{ "time": 0, "angle": 0, "curve": "stepped" },
					{ "time": 0.0333, "angle": 0 },
					{ "time": 0.1666, "angle": -28.83 },
					{ "time": 0.9666, "angle": -58.25, "curve": "stepped" },
					{ "time": 1.0333, "angle": -58.25 }
				],
				"translate": [
					{
						"time": 0,
						"x": -991.24,
						"y": -259.88,
						"curve": [ 0.252, 0.02, 0.75, 1 ]
					},
					{
						"time": 0.0333,
						"x": -916.52,
						"y": -205.43,
						"curve": [ 0.223, 0, 0.78, 1 ]
					},
					{
						"time": 0.1666,
						"x": -964.83,
						"y": -214.88,
						"curve": [ 0.399, 0.22, 0.838, 0.49 ]
					},
					{ "time": 0.9666, "x": -904.45, "y": -783, "curve": "stepped" },
					{ "time": 1.0333, "x": -904.45, "y": -783 }
				],
				"scale": [
					{ "time": 0, "x": 1, "y": 1, "curve": "stepped" },
					{ "time": 0.0333, "x": 1, "y": 1 },
					{ "time": 0.2, "x": 1.766, "y": 1.766 },
					{ "time": 0.9666, "x": 1, "y": 1, "curve": "stepped" },
					{ "time": 1.0333, "x": 1, "y": 1 }
				]
			},
			"images/w17": {
				"rotate": [
					{ "time": 0, "angle": -18.22, "curve": "stepped" },
					{ "time": 0.0333, "angle": -18.22 },
					{ "time": 0.1666, "angle": -80.64 },
					{ "time": 1, "angle": -111.15, "curve": "stepped" },
					{ "time": 1.0333, "angle": -111.15 }
				],
				"translate": [
					{
						"time": 0,
						"x": -881.11,
						"y": -205.71,
						"curve": [ 0.252, 0.02, 0.75, 1 ]
					},
					{
						"time": 0.0333,
						"x": -806.38,
						"y": -151.26,
						"curve": [ 0.225, 0, 0.785, 1 ]
					},
					{
						"time": 0.1666,
						"x": -837.69,
						"y": -245.95,
						"curve": [ 0.377, 0.21, 0.846, 0.5 ]
					},
					{ "time": 1, "x": -823.97, "y": -1003.51, "curve": "stepped" },
					{ "time": 1.0333, "x": -823.97, "y": -1003.51 }
				],
				"scale": [
					{ "time": 0, "x": 0.541, "y": 0.541, "curve": "stepped" },
					{ "time": 0.0333, "x": 0.541, "y": 0.541 },
					{ "time": 0.2, "x": 0.941, "y": 0.941 },
					{ "time": 1, "x": 0.541, "y": 0.541, "curve": "stepped" },
					{ "time": 1.0333, "x": 0.541, "y": 0.541 }
				]
			},
			"images/w16": {
				"rotate": [
					{ "time": 0, "angle": 63.36, "curve": "stepped" },
					{ "time": 0.0333, "angle": 63.36 },
					{ "time": 0.1666, "angle": 44.36 },
					{ "time": 0.9666, "angle": 8.8, "curve": "stepped" },
					{ "time": 1.0333, "angle": 8.8 }
				],
				"translate": [
					{
						"time": 0,
						"x": -871.65,
						"y": -186.51,
						"curve": [ 0.252, 0.02, 0.75, 1 ]
					},
					{
						"time": 0.0333,
						"x": -796.92,
						"y": -132.06,
						"curve": [ 0.227, 0, 0.785, 1 ]
					},
					{
						"time": 0.1666,
						"x": -843.18,
						"y": -86.96,
						"curve": [ 0.394, 0.18, 0.82, 0.48 ]
					},
					{ "time": 0.9666, "x": -774.4, "y": -624.07, "curve": "stepped" },
					{ "time": 1.0333, "x": -774.4, "y": -624.07 }
				],
				"scale": [
					{ "time": 0, "x": 0.58, "y": 0.58, "curve": "stepped" },
					{ "time": 0.0333, "x": 0.58, "y": 0.58 },
					{ "time": 0.2, "x": 0.937, "y": 0.937 },
					{ "time": 0.9666, "x": 0.58, "y": 0.58, "curve": "stepped" },
					{ "time": 1.0333, "x": 0.58, "y": 0.58 }
				]
			}
		},
		"drawOrder": [
			{ "time": 0 },
			{ "time": 1.0333 }
		]
	}
}
}