{
"skeleton": { "hash": "SZiDtcCMRELvdaMV2Q3wLhuTluA", "spine": "3.4.02", "width": 0, "height": 0, "images": "" },
"bones": [
	{ "name": "root" },
	{ "name": "bone3", "parent": "root", "x": -2.54, "y": -76.54, "color": "9b0507ff" },
	{ "name": "bone5", "parent": "root", "x": -1.81, "y": 55.26, "color": "dbd40bff" },
	{ "name": "images/bird_stone_03", "parent": "bone5", "x": 517.17, "y": -230.24, "color": "fcf11bff" },
	{ "name": "images/bird_stone_4", "parent": "bone5", "x": 435.29, "y": -230.24, "color": "fcf11bff" },
	{ "name": "images/bird_stone_5", "parent": "bone5", "x": 406.57, "y": -230.24, "color": "fcf11bff" },
	{ "name": "images/bird_stone_6", "parent": "bone3", "x": 381.03, "y": -98.42, "color": "ff0109ff" },
	{ "name": "images/bird_stone_7", "parent": "bone3", "x": 352.93, "y": -98.42, "color": "ff0109ff" },
	{ "name": "images/s1", "parent": "bone5", "x": 481.41, "y": -53.31, "color": "fcf11bff" },
	{ "name": "images/w6", "parent": "bone3", "x": 675.99, "y": 160.04, "color": "ff0109ff" },
	{ "name": "images/w7", "parent": "bone3", "x": 606.96, "y": -10.93, "color": "ff0109ff" },
	{ "name": "images/wood_4", "parent": "bone3", "x": 0.23, "y": -40.97 },
	{ "name": "images/wood_7", "parent": "bone3", "x": 492.91, "y": 172.35, "color": "ff0109ff" },
	{ "name": "images/wood_8", "parent": "bone5", "x": 607.57, "y": 34.37, "color": "fcf11bff" },
	{ "name": "images/wood_9", "parent": "bone3", "x": 559.07, "y": -23.23, "color": "ff0109ff" },
	{ "name": "images/wood_11", "parent": "bone3", "x": 608.3, "y": 238.93, "color": "ff0109ff" },
	{ "name": "images/wood_12", "parent": "bone5", "x": 747.57, "y": -44.31, "color": "fcf11bff" },
	{ "name": "images/wood_13", "parent": "bone5", "x": 481.41, "y": -99.65, "color": "fcf11bff" },
	{ "name": "images/wood_15", "parent": "bone5", "x": 481.41, "y": -150.63, "color": "fcf11bff" }
],
"slots": [
	{ "name": "images/wood_10", "bone": "images/wood_4" },
	{ "name": "images/wood_3", "bone": "images/wood_7" },
	{ "name": "images/wood_12", "bone": "images/wood_12" },
	{ "name": "images/s1", "bone": "images/s1" },
	{ "name": "images/wood_13", "bone": "images/wood_13" },
	{ "name": "images/wood_15", "bone": "images/wood_15" },
	{ "name": "images/wood_16", "bone": "images/wood_9" },
	{ "name": "images/wood_7", "bone": "images/w6" },
	{ "name": "images/wood_17", "bone": "images/w7" },
	{ "name": "images/wood_8", "bone": "images/wood_8" },
	{ "name": "images/wood_11", "bone": "images/wood_11" },
	{ "name": "images/bird_stone_03", "bone": "images/bird_stone_03" },
	{ "name": "images/bird_stone_4", "bone": "images/bird_stone_4" },
	{ "name": "images/bird_stone_5", "bone": "images/bird_stone_5" },
	{ "name": "images/bird_stone_6", "bone": "images/bird_stone_6" },
	{ "name": "images/bird_stone_7", "bone": "images/bird_stone_7" }
],
"skins": {
	"default": {
		"images/bird_stone_03": {
			"images/bird_stone_03": { "x": -0.17, "y": 0.26, "rotation": 89.99, "width": 107, "height": 23 }
		},
		"images/bird_stone_4": {
			"images/bird_stone_03": { "x": -0.17, "y": 0.26, "rotation": 89.99, "width": 107, "height": 23 }
		},
		"images/bird_stone_5": {
			"images/bird_stone_03": { "x": -0.17, "y": 0.26, "rotation": 89.99, "width": 107, "height": 23 }
		},
		"images/bird_stone_6": {
			"images/bird_stone_03": { "x": -0.17, "y": 0.26, "rotation": 89.99, "width": 107, "height": 23 }
		},
		"images/bird_stone_7": {
			"images/bird_stone_03": { "x": -0.17, "y": 0.26, "rotation": 89.99, "width": 107, "height": 23 }
		},
		"images/s1": {
			"images/s1": { "x": 3.05, "y": -11.08, "width": 63, "height": 66 }
		},
		"images/wood_10": {
			"images/stone_1": { "width": 251, "height": 30 },
			"images/stone_2": { "x": 3.24, "y": -0.64, "width": 251, "height": 30 },
			"images/stone_3": { "width": 251, "height": 30 }
		},
		"images/wood_11": {
			"images/s6": { "x": -7.6, "y": 3.22, "width": 88, "height": 58 }
		},
		"images/wood_12": {
			"images/s1": { "x": -0.6, "y": 0.45, "width": 63, "height": 66 }
		},
		"images/wood_13": {
			"images/s2": { "x": 3.05, "y": -11.08, "width": 67, "height": 57 }
		},
		"images/wood_15": {
			"images/s2": { "x": 3.05, "y": -11.08, "width": 67, "height": 57 }
		},
		"images/wood_16": {
			"images/s4": { "x": -6.36, "y": -4.92, "width": 67, "height": 49 }
		},
		"images/wood_17": {
			"images/s6": { "x": 3.2, "y": 3.37, "width": 88, "height": 58 }
		},
		"images/wood_3": {
			"images/s5": { "x": 10.78, "y": 1.06, "width": 60, "height": 40 }
		},
		"images/wood_7": {
			"images/s6": { "x": 3.2, "y": 3.37, "width": 88, "height": 58 }
		},
		"images/wood_8": {
			"images/s3": { "x": -7.6, "y": 3.22, "width": 81, "height": 64 }
		}
	}
},
"animations": {
	"lv1": {
		"slots": {
			"images/bird_stone_03": {
				"color": [
					{ "time": 0, "color": "ffffffff" }
				],
				"attachment": [
					{ "time": 0, "name": null }
				]
			},
			"images/bird_stone_4": {
				"color": [
					{ "time": 0, "color": "ffffffff" }
				],
				"attachment": [
					{ "time": 0, "name": null }
				]
			},
			"images/bird_stone_5": {
				"color": [
					{ "time": 0, "color": "ffffffff" }
				],
				"attachment": [
					{ "time": 0, "name": null }
				]
			},
			"images/bird_stone_6": {
				"color": [
					{ "time": 0, "color": "ffffffff" }
				],
				"attachment": [
					{ "time": 0, "name": null }
				]
			},
			"images/bird_stone_7": {
				"color": [
					{ "time": 0, "color": "ffffffff" }
				],
				"attachment": [
					{ "time": 0, "name": null }
				]
			},
			"images/s1": {
				"color": [
					{ "time": 0, "color": "ffffffff" }
				],
				"attachment": [
					{ "time": 0, "name": null }
				]
			},
			"images/wood_3": {
				"color": [
					{ "time": 0, "color": "ffffffff" }
				],
				"attachment": [
					{ "time": 0, "name": null }
				]
			},
			"images/wood_7": {
				"color": [
					{ "time": 0, "color": "ffffffff" }
				],
				"attachment": [
					{ "time": 0, "name": null }
				]
			},
			"images/wood_8": {
				"color": [
					{ "time": 0, "color": "ffffffff" }
				],
				"attachment": [
					{ "time": 0, "name": null }
				]
			},
			"images/wood_10": {
				"color": [
					{ "time": 0, "color": "ffffffff" }
				],
				"attachment": [
					{ "time": 0, "name": "images/stone_3" }
				]
			},
			"images/wood_11": {
				"color": [
					{ "time": 0, "color": "ffffffff" }
				],
				"attachment": [
					{ "time": 0, "name": null }
				]
			},
			"images/wood_12": {
				"color": [
					{ "time": 0, "color": "ffffffff" }
				],
				"attachment": [
					{ "time": 0, "name": null }
				]
			},
			"images/wood_13": {
				"color": [
					{ "time": 0, "color": "ffffffff" }
				],
				"attachment": [
					{ "time": 0, "name": null }
				]
			},
			"images/wood_15": {
				"color": [
					{ "time": 0, "color": "ffffffff" }
				],
				"attachment": [
					{ "time": 0, "name": null }
				]
			},
			"images/wood_16": {
				"color": [
					{ "time": 0, "color": "ffffffff" }
				],
				"attachment": [
					{ "time": 0, "name": null }
				]
			},
			"images/wood_17": {
				"color": [
					{ "time": 0, "color": "ffffffff" }
				],
				"attachment": [
					{ "time": 0, "name": null }
				]
			}
		},
		"bones": {
			"images/wood_8": {
				"rotate": [
					{ "time": 0, "angle": 0 }
				],
				"translate": [
					{ "time": 0, "x": 0, "y": 0 }
				],
				"scale": [
					{ "time": 0, "x": 1, "y": 1 }
				]
			},
			"images/w6": {
				"rotate": [
					{ "time": 0, "angle": -31.13 }
				],
				"translate": [
					{ "time": 0, "x": -786.32, "y": -184.18 }
				],
				"scale": [
					{ "time": 0, "x": 1, "y": 1 }
				]
			},
			"bone3": {
				"rotate": [
					{ "time": 0, "angle": 0 }
				],
				"translate": [
					{ "time": 0, "x": 2.7, "y": 118.35 }
				],
				"scale": [
					{ "time": 0, "x": 1, "y": 1 }
				]
			},
			"bone5": {
				"rotate": [
					{ "time": 0, "angle": 0 }
				],
				"translate": [
					{ "time": 0, "x": -0.91, "y": -107.02 }
				],
				"scale": [
					{ "time": 0, "x": 1, "y": 1 }
				]
			},
			"images/bird_stone_6": {
				"rotate": [
					{ "time": 0, "angle": 156.05 }
				],
				"translate": [
					{ "time": 0, "x": -433.75, "y": 50.43 }
				],
				"scale": [
					{ "time": 0, "x": 1, "y": 1 }
				]
			},
			"images/wood_13": {
				"rotate": [
					{ "time": 0, "angle": 144.9 }
				],
				"translate": [
					{ "time": 0, "x": -376.78, "y": 148.24 }
				],
				"scale": [
					{ "time": 0, "x": 0.696, "y": 0.696 }
				]
			},
			"images/wood_15": {
				"rotate": [
					{ "time": 0, "angle": 24.9 }
				],
				"translate": [
					{ "time": 0, "x": -419.11, "y": 229.88 }
				],
				"scale": [
					{ "time": 0, "x": 1, "y": 1 }
				]
			},
			"images/wood_9": {
				"rotate": [
					{ "time": 0, "angle": 0 }
				],
				"translate": [
					{ "time": 0, "x": -604.69, "y": -22.9 }
				],
				"scale": [
					{ "time": 0, "x": 1, "y": 1 }
				]
			},
			"images/bird_stone_7": {
				"rotate": [
					{ "time": 0, "angle": -141.45 }
				],
				"translate": [
					{ "time": 0, "x": -257.65, "y": 65.43 }
				],
				"scale": [
					{ "time": 0, "x": 1, "y": 1 }
				]
			},
			"images/bird_stone_03": {
				"rotate": [
					{ "time": 0, "angle": -15.95 }
				],
				"translate": [
					{ "time": 0, "x": -477.84, "y": 296.94 }
				],
				"scale": [
					{ "time": 0, "x": 1, "y": 1 }
				]
			},
			"images/wood_7": {
				"rotate": [
					{ "time": 0, "angle": 145.25 }
				],
				"translate": [
					{ "time": 0, "x": -379.06, "y": -206.15 }
				],
				"scale": [
					{ "time": 0, "x": 1.278, "y": 1.278 }
				]
			},
			"images/bird_stone_5": {
				"rotate": [
					{ "time": 0, "angle": 48.19 }
				],
				"translate": [
					{ "time": 0, "x": -496.51, "y": 277.96 }
				],
				"scale": [
					{ "time": 0, "x": 1, "y": 1 }
				]
			},
			"root": {
				"rotate": [
					{ "time": 0, "angle": 0 }
				],
				"translate": [
					{ "time": 0, "x": 0, "y": 0 }
				],
				"scale": [
					{ "time": 0, "x": 1, "y": 1 }
				]
			},
			"images/wood_4": {
				"rotate": [
					{ "time": 0, "angle": 0 }
				],
				"translate": [
					{ "time": 0, "x": 0, "y": 0 }
				],
				"scale": [
					{ "time": 0, "x": 1, "y": 1 }
				]
			},
			"images/s1": {
				"rotate": [
					{ "time": 0, "angle": 14.72 }
				],
				"translate": [
					{ "time": 0, "x": -591.89, "y": 103.67 }
				],
				"scale": [
					{ "time": 0, "x": 0.844, "y": 0.844 }
				]
			},
			"images/wood_12": {
				"rotate": [
					{ "time": 0, "angle": -158.05 }
				],
				"translate": [
					{ "time": 0, "x": -757.34, "y": 128.85 }
				],
				"scale": [
					{ "time": 0, "x": 1, "y": 1 }
				]
			},
			"images/wood_11": {
				"rotate": [
					{ "time": 0, "angle": -40.24 }
				],
				"translate": [
					{ "time": 0, "x": -586.4, "y": -288.28 }
				],
				"scale": [
					{ "time": 0, "x": 1, "y": 1 }
				]
			},
			"images/bird_stone_4": {
				"rotate": [
					{ "time": 0, "angle": 0 }
				],
				"translate": [
					{ "time": 0, "x": 0, "y": 0 }
				],
				"scale": [
					{ "time": 0, "x": 1, "y": 1 }
				]
			},
			"images/w7": {
				"rotate": [
					{ "time": 0, "angle": 0 }
				],
				"translate": [
					{ "time": 0, "x": -477.95, "y": 21.37 }
				],
				"scale": [
					{ "time": 0, "x": 1, "y": 1 }
				]
			}
		},
		"drawOrder": [
			{ "time": 0 }
		]
	},
	"lv2": {
		"slots": {
			"images/bird_stone_03": {
				"color": [
					{ "time": 0, "color": "ffffffff" }
				],
				"attachment": [
					{ "time": 0, "name": null }
				]
			},
			"images/bird_stone_4": {
				"color": [
					{ "time": 0, "color": "ffffffff" }
				],
				"attachment": [
					{ "time": 0, "name": null }
				]
			},
			"images/bird_stone_5": {
				"color": [
					{ "time": 0, "color": "ffffffff" }
				],
				"attachment": [
					{ "time": 0, "name": null }
				]
			},
			"images/bird_stone_6": {
				"color": [
					{ "time": 0, "color": "ffffffff" }
				],
				"attachment": [
					{ "time": 0, "name": null }
				]
			},
			"images/bird_stone_7": {
				"color": [
					{ "time": 0, "color": "ffffffff" }
				],
				"attachment": [
					{ "time": 0, "name": null }
				]
			},
			"images/s1": {
				"color": [
					{ "time": 0, "color": "ffffffff" }
				],
				"attachment": [
					{ "time": 0, "name": null }
				]
			},
			"images/wood_3": {
				"color": [
					{ "time": 0, "color": "ffffffff" }
				],
				"attachment": [
					{ "time": 0, "name": null }
				]
			},
			"images/wood_7": {
				"color": [
					{ "time": 0, "color": "ffffffff" }
				],
				"attachment": [
					{ "time": 0, "name": null }
				]
			},
			"images/wood_8": {
				"color": [
					{ "time": 0, "color": "ffffffff" }
				],
				"attachment": [
					{ "time": 0, "name": null }
				]
			},
			"images/wood_10": {
				"color": [
					{ "time": 0, "color": "ffffffff" }
				],
				"attachment": [
					{ "time": 0, "name": "images/stone_2" }
				]
			},
			"images/wood_11": {
				"color": [
					{ "time": 0, "color": "ffffffff" }
				],
				"attachment": [
					{ "time": 0, "name": null }
				]
			},
			"images/wood_12": {
				"color": [
					{ "time": 0, "color": "ffffffff" }
				],
				"attachment": [
					{ "time": 0, "name": null }
				]
			},
			"images/wood_13": {
				"color": [
					{ "time": 0, "color": "ffffffff" }
				],
				"attachment": [
					{ "time": 0, "name": null }
				]
			},
			"images/wood_15": {
				"color": [
					{ "time": 0, "color": "ffffffff" }
				],
				"attachment": [
					{ "time": 0, "name": null }
				]
			},
			"images/wood_16": {
				"color": [
					{ "time": 0, "color": "ffffffff" }
				],
				"attachment": [
					{ "time": 0, "name": null }
				]
			},
			"images/wood_17": {
				"color": [
					{ "time": 0, "color": "ffffffff" }
				],
				"attachment": [
					{ "time": 0, "name": null }
				]
			}
		},
		"bones": {
			"images/wood_13": {
				"rotate": [
					{ "time": 0, "angle": 144.9 }
				],
				"translate": [
					{ "time": 0, "x": -376.78, "y": 148.24 }
				],
				"scale": [
					{ "time": 0, "x": 0.696, "y": 0.696 }
				]
			},
			"images/bird_stone_7": {
				"rotate": [
					{ "time": 0, "angle": -141.45 }
				],
				"translate": [
					{ "time": 0, "x": -257.65, "y": 65.43 }
				],
				"scale": [
					{ "time": 0, "x": 1, "y": 1 }
				]
			},
			"images/wood_4": {
				"rotate": [
					{ "time": 0, "angle": 0 }
				],
				"translate": [
					{ "time": 0, "x": -3.44, "y": 0 }
				],
				"scale": [
					{ "time": 0, "x": 1, "y": 1 }
				]
			},
			"images/bird_stone_03": {
				"rotate": [
					{ "time": 0, "angle": -15.95 }
				],
				"translate": [
					{ "time": 0, "x": -477.84, "y": 296.94 }
				],
				"scale": [
					{ "time": 0, "x": 1, "y": 1 }
				]
			},
			"images/wood_7": {
				"rotate": [
					{ "time": 0, "angle": 145.25 }
				],
				"translate": [
					{ "time": 0, "x": -379.06, "y": -206.15 }
				],
				"scale": [
					{ "time": 0, "x": 1.278, "y": 1.278 }
				]
			},
			"images/wood_8": {
				"translate": [
					{ "time": 0, "x": 0, "y": 0 }
				],
				"scale": [
					{ "time": 0, "x": 1, "y": 1 }
				]
			},
			"images/wood_9": {
				"rotate": [
					{ "time": 0, "angle": 0 }
				],
				"translate": [
					{ "time": 0, "x": -604.69, "y": -22.9 }
				],
				"scale": [
					{ "time": 0, "x": 1, "y": 1 }
				]
			},
			"images/w7": {
				"rotate": [
					{ "time": 0, "angle": 0 }
				],
				"translate": [
					{ "time": 0, "x": -477.95, "y": 21.37 }
				],
				"scale": [
					{ "time": 0, "x": 1, "y": 1 }
				]
			},
			"images/wood_11": {
				"rotate": [
					{ "time": 0, "angle": -40.24 }
				],
				"translate": [
					{ "time": 0, "x": -586.4, "y": -288.28 }
				],
				"scale": [
					{ "time": 0, "x": 1, "y": 1 }
				]
			},
			"images/bird_stone_4": {
				"translate": [
					{ "time": 0, "x": 0, "y": 0 }
				],
				"scale": [
					{ "time": 0, "x": 1, "y": 1 }
				]
			},
			"images/w6": {
				"rotate": [
					{ "time": 0, "angle": -31.13 }
				],
				"translate": [
					{ "time": 0, "x": -786.32, "y": -184.18 }
				],
				"scale": [
					{ "time": 0, "x": 1, "y": 1 }
				]
			},
			"images/bird_stone_5": {
				"rotate": [
					{ "time": 0, "angle": 48.19 }
				],
				"translate": [
					{ "time": 0, "x": -496.51, "y": 277.96 }
				],
				"scale": [
					{ "time": 0, "x": 1, "y": 1 }
				]
			},
			"images/wood_15": {
				"rotate": [
					{ "time": 0, "angle": 24.9 }
				],
				"translate": [
					{ "time": 0, "x": -419.11, "y": 229.88 }
				],
				"scale": [
					{ "time": 0, "x": 1, "y": 1 }
				]
			},
			"images/wood_12": {
				"rotate": [
					{ "time": 0, "angle": -158.05 }
				],
				"translate": [
					{ "time": 0, "x": -757.34, "y": 128.85 }
				],
				"scale": [
					{ "time": 0, "x": 1, "y": 1 }
				]
			},
			"root": {
				"rotate": [
					{ "time": 0, "angle": 0 }
				],
				"translate": [
					{ "time": 0, "x": 0, "y": 0 }
				],
				"scale": [
					{ "time": 0, "x": 1, "y": 1 }
				]
			},
			"images/bird_stone_6": {
				"rotate": [
					{ "time": 0, "angle": 156.05 }
				],
				"translate": [
					{ "time": 0, "x": -433.75, "y": 50.43 }
				],
				"scale": [
					{ "time": 0, "x": 1, "y": 1 }
				]
			},
			"bone5": {
				"rotate": [
					{ "time": 0, "angle": 0 }
				],
				"translate": [
					{ "time": 0, "x": -0.91, "y": -107.02 }
				],
				"scale": [
					{ "time": 0, "x": 1, "y": 1 }
				]
			},
			"images/s1": {
				"rotate": [
					{ "time": 0, "angle": 14.72 }
				],
				"translate": [
					{ "time": 0, "x": -591.89, "y": 103.67 }
				],
				"scale": [
					{ "time": 0, "x": 0.844, "y": 0.844 }
				]
			},
			"bone3": {
				"rotate": [
					{ "time": 0, "angle": 0 }
				],
				"translate": [
					{ "time": 0, "x": 2.7, "y": 118.35 }
				],
				"scale": [
					{ "time": 0, "x": 1, "y": 1 }
				]
			}
		},
		"drawOrder": [
			{ "time": 0 }
		]
	},
	"lv3": {
		"slots": {
			"images/bird_stone_03": {
				"color": [
					{ "time": 0, "color": "ffffffff" }
				],
				"attachment": [
					{ "time": 0, "name": null }
				]
			},
			"images/bird_stone_4": {
				"color": [
					{ "time": 0, "color": "ffffffff" }
				],
				"attachment": [
					{ "time": 0, "name": null }
				]
			},
			"images/bird_stone_5": {
				"color": [
					{ "time": 0, "color": "ffffffff" }
				],
				"attachment": [
					{ "time": 0, "name": null }
				]
			},
			"images/bird_stone_6": {
				"color": [
					{ "time": 0, "color": "ffffffff" }
				],
				"attachment": [
					{ "time": 0, "name": null }
				]
			},
			"images/bird_stone_7": {
				"color": [
					{ "time": 0, "color": "ffffffff" }
				],
				"attachment": [
					{ "time": 0, "name": null }
				]
			},
			"images/s1": {
				"color": [
					{ "time": 0, "color": "ffffffff" }
				],
				"attachment": [
					{ "time": 0, "name": null }
				]
			},
			"images/wood_3": {
				"color": [
					{ "time": 0, "color": "ffffffff" }
				],
				"attachment": [
					{ "time": 0, "name": null }
				]
			},
			"images/wood_7": {
				"color": [
					{ "time": 0, "color": "ffffffff" }
				],
				"attachment": [
					{ "time": 0, "name": null }
				]
			},
			"images/wood_8": {
				"color": [
					{ "time": 0, "color": "ffffffff" }
				],
				"attachment": [
					{ "time": 0, "name": null }
				]
			},
			"images/wood_10": {
				"color": [
					{ "time": 0, "color": "ffffffff" }
				],
				"attachment": [
					{ "time": 0, "name": "images/stone_1" }
				]
			},
			"images/wood_11": {
				"color": [
					{ "time": 0, "color": "ffffffff" }
				],
				"attachment": [
					{ "time": 0, "name": null }
				]
			},
			"images/wood_12": {
				"color": [
					{ "time": 0, "color": "ffffffff" }
				],
				"attachment": [
					{ "time": 0, "name": null }
				]
			},
			"images/wood_13": {
				"color": [
					{ "time": 0, "color": "ffffffff" }
				],
				"attachment": [
					{ "time": 0, "name": null }
				]
			},
			"images/wood_15": {
				"color": [
					{ "time": 0, "color": "ffffffff" }
				],
				"attachment": [
					{ "time": 0, "name": null }
				]
			},
			"images/wood_16": {
				"color": [
					{ "time": 0, "color": "ffffffff" }
				],
				"attachment": [
					{ "time": 0, "name": null }
				]
			},
			"images/wood_17": {
				"color": [
					{ "time": 0, "color": "ffffffff" }
				],
				"attachment": [
					{ "time": 0, "name": null }
				]
			}
		},
		"bones": {
			"root": {
				"rotate": [
					{ "time": 0, "angle": 0 }
				],
				"translate": [
					{ "time": 0, "x": 0, "y": 0 }
				],
				"scale": [
					{ "time": 0, "x": 1, "y": 1 }
				]
			},
			"images/wood_4": {
				"rotate": [
					{ "time": 0, "angle": 0 }
				],
				"translate": [
					{ "time": 0, "x": 0, "y": 0 }
				],
				"scale": [
					{ "time": 0, "x": 1, "y": 1 }
				]
			},
			"images/s1": {
				"rotate": [
					{ "time": 0, "angle": 14.72 }
				],
				"translate": [
					{ "time": 0, "x": -591.89, "y": 103.67 }
				],
				"scale": [
					{ "time": 0, "x": 0.844, "y": 0.844 }
				]
			},
			"images/wood_7": {
				"rotate": [
					{ "time": 0, "angle": 145.25 }
				],
				"translate": [
					{ "time": 0, "x": -379.06, "y": -206.15 }
				],
				"scale": [
					{ "time": 0, "x": 1.278, "y": 1.278 }
				]
			},
			"images/w6": {
				"rotate": [
					{ "time": 0, "angle": -31.13 }
				],
				"translate": [
					{ "time": 0, "x": -786.32, "y": -184.18 }
				],
				"scale": [
					{ "time": 0, "x": 1, "y": 1 }
				]
			},
			"images/wood_11": {
				"rotate": [
					{ "time": 0, "angle": -40.24 }
				],
				"translate": [
					{ "time": 0, "x": -586.4, "y": -288.28 }
				],
				"scale": [
					{ "time": 0, "x": 1, "y": 1 }
				]
			},
			"images/wood_12": {
				"rotate": [
					{ "time": 0, "angle": -158.05 }
				],
				"translate": [
					{ "time": 0, "x": -757.34, "y": 128.85 }
				],
				"scale": [
					{ "time": 0, "x": 1, "y": 1 }
				]
			},
			"images/bird_stone_5": {
				"rotate": [
					{ "time": 0, "angle": 48.19 }
				],
				"translate": [
					{ "time": 0, "x": -496.51, "y": 277.96 }
				],
				"scale": [
					{ "time": 0, "x": 1, "y": 1 }
				]
			},
			"images/bird_stone_6": {
				"rotate": [
					{ "time": 0, "angle": 156.05 }
				],
				"translate": [
					{ "time": 0, "x": -433.75, "y": 50.43 }
				],
				"scale": [
					{ "time": 0, "x": 1, "y": 1 }
				]
			},
			"images/bird_stone_7": {
				"rotate": [
					{ "time": 0, "angle": -141.45 }
				],
				"translate": [
					{ "time": 0, "x": -257.65, "y": 65.43 }
				],
				"scale": [
					{ "time": 0, "x": 1, "y": 1 }
				]
			},
			"images/wood_9": {
				"rotate": [
					{ "time": 0, "angle": 0 }
				],
				"translate": [
					{ "time": 0, "x": -604.69, "y": -22.9 }
				],
				"scale": [
					{ "time": 0, "x": 1, "y": 1 }
				]
			},
			"images/w7": {
				"rotate": [
					{ "time": 0, "angle": 0 }
				],
				"translate": [
					{ "time": 0, "x": -477.95, "y": 21.37 }
				],
				"scale": [
					{ "time": 0, "x": 1, "y": 1 }
				]
			},
			"bone3": {
				"rotate": [
					{ "time": 0, "angle": 0 }
				],
				"translate": [
					{ "time": 0, "x": 2.7, "y": 118.35 }
				],
				"scale": [
					{ "time": 0, "x": 1, "y": 1 }
				]
			},
			"bone5": {
				"rotate": [
					{ "time": 0, "angle": 0 }
				],
				"translate": [
					{ "time": 0, "x": -0.91, "y": -107.02 }
				],
				"scale": [
					{ "time": 0, "x": 1, "y": 1 }
				]
			},
			"images/wood_15": {
				"rotate": [
					{ "time": 0, "angle": 24.9 }
				],
				"translate": [
					{ "time": 0, "x": -419.11, "y": 229.88 }
				],
				"scale": [
					{ "time": 0, "x": 1, "y": 1 }
				]
			},
			"images/bird_stone_03": {
				"rotate": [
					{ "time": 0, "angle": -15.95 }
				],
				"translate": [
					{ "time": 0, "x": -477.84, "y": 296.94 }
				],
				"scale": [
					{ "time": 0, "x": 1, "y": 1 }
				]
			},
			"images/wood_13": {
				"rotate": [
					{ "time": 0, "angle": 144.9 }
				],
				"translate": [
					{ "time": 0, "x": -376.78, "y": 148.24 }
				],
				"scale": [
					{ "time": 0, "x": 0.696, "y": 0.696 }
				]
			},
			"images/bird_stone_4": {
				"rotate": [
					{ "time": 0, "angle": 0 }
				],
				"translate": [
					{ "time": 0, "x": 0, "y": 0 }
				],
				"scale": [
					{ "time": 0, "x": 1, "y": 1 }
				]
			},
			"images/wood_8": {
				"rotate": [
					{ "time": 0, "angle": 0 }
				],
				"translate": [
					{ "time": 0, "x": 0, "y": 0 }
				],
				"scale": [
					{ "time": 0, "x": 1, "y": 1 }
				]
			}
		},
		"drawOrder": [
			{ "time": 0 }
		]
	},
	"run1": {
		"slots": {
			"images/bird_stone_03": {
				"color": [
					{
						"time": 0,
						"color": "ffffffff",
						"curve": [ 0.25, 0, 0.75, 1 ]
					},
					{ "time": 0.4333, "color": "ffffff00", "curve": "stepped" },
					{ "time": 0.6666, "color": "ffffff00" }
				],
				"attachment": [
					{ "time": 0, "name": "images/bird_stone_03" },
					{ "time": 0.6666, "name": "images/bird_stone_03" }
				]
			},
			"images/bird_stone_4": {
				"color": [
					{ "time": 0, "color": "ffffffff", "curve": "stepped" },
					{ "time": 0.6666, "color": "ffffffff" }
				],
				"attachment": [
					{ "time": 0, "name": null },
					{ "time": 0.6666, "name": null }
				]
			},
			"images/bird_stone_5": {
				"color": [
					{
						"time": 0,
						"color": "ffffffff",
						"curve": [ 0.25, 0, 0.75, 1 ]
					},
					{ "time": 0.4333, "color": "ffffff00", "curve": "stepped" },
					{ "time": 0.6666, "color": "ffffff00" }
				],
				"attachment": [
					{ "time": 0, "name": "images/bird_stone_03" },
					{ "time": 0.6666, "name": "images/bird_stone_03" }
				]
			},
			"images/bird_stone_6": {
				"color": [
					{ "time": 0, "color": "ffffffff", "curve": "stepped" },
					{ "time": 0.6666, "color": "ffffffff" }
				],
				"attachment": [
					{ "time": 0, "name": null },
					{ "time": 0.6666, "name": null }
				]
			},
			"images/bird_stone_7": {
				"color": [
					{ "time": 0, "color": "ffffffff", "curve": "stepped" },
					{ "time": 0.6666, "color": "ffffffff" }
				],
				"attachment": [
					{ "time": 0, "name": null },
					{ "time": 0.6666, "name": null }
				]
			},
			"images/s1": {
				"color": [
					{ "time": 0, "color": "ffffffff", "curve": "stepped" },
					{
						"time": 0.3,
						"color": "ffffffff",
						"curve": [ 0.25, 0, 0.75, 1 ]
					},
					{ "time": 0.6666, "color": "ffffff00" }
				],
				"attachment": [
					{ "time": 0, "name": "images/s1" },
					{ "time": 0.6666, "name": "images/s1" }
				]
			},
			"images/wood_3": {
				"color": [
					{ "time": 0, "color": "ffffffff", "curve": "stepped" },
					{ "time": 0.6666, "color": "ffffffff" }
				],
				"attachment": [
					{ "time": 0, "name": null },
					{ "time": 0.6666, "name": null }
				]
			},
			"images/wood_7": {
				"color": [
					{ "time": 0, "color": "ffffffff", "curve": "stepped" },
					{ "time": 0.6666, "color": "ffffffff" }
				],
				"attachment": [
					{ "time": 0, "name": null },
					{ "time": 0.6666, "name": null }
				]
			},
			"images/wood_8": {
				"color": [
					{ "time": 0, "color": "ffffffff", "curve": "stepped" },
					{ "time": 0.6666, "color": "ffffffff" }
				],
				"attachment": [
					{ "time": 0, "name": null },
					{ "time": 0.6666, "name": null }
				]
			},
			"images/wood_10": {
				"color": [
					{ "time": 0, "color": "ffffffff", "curve": "stepped" },
					{ "time": 0.6666, "color": "ffffffff" }
				],
				"attachment": [
					{ "time": 0, "name": null },
					{ "time": 0.6666, "name": null }
				]
			},
			"images/wood_11": {
				"color": [
					{ "time": 0, "color": "ffffffff", "curve": "stepped" },
					{ "time": 0.6666, "color": "ffffffff" }
				],
				"attachment": [
					{ "time": 0, "name": null },
					{ "time": 0.6666, "name": null }
				]
			},
			"images/wood_12": {
				"color": [
					{ "time": 0, "color": "ffffffff", "curve": "stepped" },
					{
						"time": 0.3,
						"color": "ffffffff",
						"curve": [ 0.302, 0.92, 0.75, 1 ]
					},
					{ "time": 0.6666, "color": "ffffff00" }
				],
				"attachment": [
					{ "time": 0, "name": "images/s1" },
					{ "time": 0.6666, "name": "images/s1" }
				]
			},
			"images/wood_13": {
				"color": [
					{ "time": 0, "color": "ffffffff", "curve": "stepped" },
					{
						"time": 0.2333,
						"color": "ffffffff",
						"curve": [ 0.214, 0.01, 0.97, 0.72 ]
					},
					{ "time": 0.6333, "color": "ffffff00", "curve": "stepped" },
					{ "time": 0.6666, "color": "ffffff00" }
				],
				"attachment": [
					{ "time": 0, "name": "images/s2" },
					{ "time": 0.6666, "name": "images/s2" }
				]
			},
			"images/wood_15": {
				"color": [
					{ "time": 0, "color": "ffffffff", "curve": "stepped" },
					{
						"time": 0.2666,
						"color": "ffffffff",
						"curve": [ 0.143, 0.03, 0.968, 0.7 ]
					},
					{ "time": 0.6666, "color": "ffffff00" }
				],
				"attachment": [
					{ "time": 0, "name": "images/s2" },
					{ "time": 0.6666, "name": "images/s2" }
				]
			},
			"images/wood_16": {
				"color": [
					{ "time": 0, "color": "ffffffff", "curve": "stepped" },
					{ "time": 0.6666, "color": "ffffffff" }
				],
				"attachment": [
					{ "time": 0, "name": null },
					{ "time": 0.6666, "name": null }
				]
			},
			"images/wood_17": {
				"color": [
					{ "time": 0, "color": "ffffffff", "curve": "stepped" },
					{ "time": 0.6666, "color": "ffffffff" }
				],
				"attachment": [
					{ "time": 0, "name": null },
					{ "time": 0.6666, "name": null }
				]
			}
		},
		"bones": {
			"root": {
				"rotate": [
					{ "time": 0, "angle": 0, "curve": "stepped" },
					{ "time": 0.6666, "angle": 0 }
				],
				"translate": [
					{ "time": 0, "x": 0, "y": 0, "curve": "stepped" },
					{ "time": 0.6666, "x": 0, "y": 0 }
				],
				"scale": [
					{ "time": 0, "x": 1, "y": 1, "curve": "stepped" },
					{ "time": 0.6666, "x": 1, "y": 1 }
				]
			},
			"images/bird_stone_03": {
				"rotate": [
					{ "time": 0, "angle": -15.95, "curve": "stepped" },
					{ "time": 0.6666, "angle": -15.95 }
				],
				"translate": [
					{
						"time": 0,
						"x": -477.84,
						"y": 296.94,
						"curve": [ 0.25, 0, 0.75, 1 ]
					},
					{ "time": 0.4333, "x": -452.54, "y": 385.5, "curve": "stepped" },
					{ "time": 0.6666, "x": -452.54, "y": 385.5 }
				],
				"scale": [
					{
						"time": 0,
						"x": 1,
						"y": 1,
						"curve": [ 0.25, 0, 0.75, 1 ]
					},
					{ "time": 0.4333, "x": 0.2, "y": 0.39, "curve": "stepped" },
					{ "time": 0.6666, "x": 0.199, "y": 0.39 }
				]
			},
			"images/s1": {
				"rotate": [
					{
						"time": 0,
						"angle": 14.72,
						"curve": [ 0.25, 0, 0.75, 1 ]
					},
					{
						"time": 0.3,
						"angle": 56.13,
						"curve": [ 0.25, 0, 0.75, 1 ]
					},
					{ "time": 0.6666, "angle": 105.22 }
				],
				"translate": [
					{
						"time": 0,
						"x": -591.89,
						"y": 103.67,
						"curve": [ 0.25, 0, 0.75, 1 ]
					},
					{
						"time": 0.3,
						"x": -639.04,
						"y": 153.92,
						"curve": [ 0.25, 0, 0.75, 1 ]
					},
					{ "time": 0.6666, "x": -692.26, "y": 80.85 }
				],
				"scale": [
					{ "time": 0, "x": 0.844, "y": 0.844, "curve": "stepped" },
					{ "time": 0.6666, "x": 0.844, "y": 0.844 }
				]
			},
			"images/wood_12": {
				"rotate": [
					{
						"time": 0,
						"angle": -158.05,
						"curve": [ 0.25, 0, 0.75, 1 ]
					},
					{
						"time": 0.3,
						"angle": -23.43,
						"curve": [ 0.302, 0.92, 0.75, 1 ]
					},
					{ "time": 0.6666, "angle": 44.68 }
				],
				"translate": [
					{
						"time": 0,
						"x": -757.34,
						"y": 128.85,
						"curve": [ 0.25, 0, 0.75, 1 ]
					},
					{
						"time": 0.3,
						"x": -777.23,
						"y": 197.8,
						"curve": [ 0.302, 0.92, 0.75, 1 ]
					},
					{ "time": 0.6666, "x": -876.01, "y": 124.26 }
				],
				"scale": [
					{ "time": 0, "x": 1, "y": 1, "curve": "stepped" },
					{ "time": 0.6666, "x": 1, "y": 1 }
				]
			},
			"images/wood_13": {
				"rotate": [
					{
						"time": 0,
						"angle": 144.9,
						"curve": [ 0.25, 0, 0.75, 1 ]
					},
					{
						"time": 0.2333,
						"angle": 67.97,
						"curve": [ 0.214, 0.01, 0.97, 0.72 ]
					},
					{ "time": 0.6333, "angle": -5.14, "curve": "stepped" },
					{ "time": 0.6666, "angle": -5.14 }
				],
				"translate": [
					{
						"time": 0,
						"x": -376.78,
						"y": 148.24,
						"curve": [ 0.25, 0, 0.75, 1 ]
					},
					{
						"time": 0.2333,
						"x": -325.85,
						"y": 192.15,
						"curve": [ 0.214, 0.01, 0.97, 0.72 ]
					},
					{ "time": 0.6333, "x": -243.24, "y": 124.33, "curve": "stepped" },
					{ "time": 0.6666, "x": -243.24, "y": 124.33 }
				],
				"scale": [
					{ "time": 0, "x": 0.696, "y": 0.696, "curve": "stepped" },
					{ "time": 0.6666, "x": 0.696, "y": 0.696 }
				]
			},
			"images/bird_stone_5": {
				"rotate": [
					{ "time": 0, "angle": 48.19, "curve": "stepped" },
					{ "time": 0.6666, "angle": 48.19 }
				],
				"translate": [
					{
						"time": 0,
						"x": -496.51,
						"y": 277.96,
						"curve": [ 0.25, 0, 0.75, 1 ]
					},
					{ "time": 0.4333, "x": -593.23, "y": 364.44, "curve": "stepped" },
					{ "time": 0.6666, "x": -593.23, "y": 364.44 }
				],
				"scale": [
					{
						"time": 0,
						"x": 1,
						"y": 1,
						"curve": [ 0.25, 0, 0.75, 1 ]
					},
					{ "time": 0.4333, "x": 0.2, "y": 0.39, "curve": "stepped" },
					{ "time": 0.6666, "x": 0.199, "y": 0.39 }
				]
			},
			"images/wood_15": {
				"rotate": [
					{
						"time": 0,
						"angle": 24.9,
						"curve": [ 0.25, 0, 0.75, 1 ]
					},
					{
						"time": 0.2666,
						"angle": -10.78,
						"curve": [ 0.143, 0.03, 0.968, 0.7 ]
					},
					{ "time": 0.6666, "angle": -62.18 }
				],
				"translate": [
					{
						"time": 0,
						"x": -419.11,
						"y": 229.88,
						"curve": [ 0.25, 0, 0.75, 1 ]
					},
					{
						"time": 0.2666,
						"x": -371.55,
						"y": 319.8,
						"curve": [ 0.143, 0.03, 0.968, 0.7 ]
					},
					{ "time": 0.6666, "x": -320.84, "y": 289.67 }
				],
				"scale": [
					{ "time": 0, "x": 1, "y": 1, "curve": "stepped" },
					{ "time": 0.6666, "x": 1, "y": 1 }
				]
			},
			"bone3": {
				"rotate": [
					{ "time": 0, "angle": 0, "curve": "stepped" },
					{ "time": 0.6666, "angle": 0 }
				],
				"translate": [
					{ "time": 0, "x": 2.7, "y": 118.35, "curve": "stepped" },
					{ "time": 0.6666, "x": 2.7, "y": 118.35 }
				],
				"scale": [
					{ "time": 0, "x": 1, "y": 1, "curve": "stepped" },
					{ "time": 0.6666, "x": 1, "y": 1 }
				]
			},
			"bone5": {
				"rotate": [
					{ "time": 0, "angle": 0, "curve": "stepped" },
					{ "time": 0.6666, "angle": 0 }
				],
				"translate": [
					{ "time": 0, "x": -0.91, "y": -107.02, "curve": "stepped" },
					{ "time": 0.6666, "x": -0.91, "y": -107.02 }
				],
				"scale": [
					{ "time": 0, "x": 1, "y": 1, "curve": "stepped" },
					{ "time": 0.6666, "x": 1, "y": 1 }
				]
			},
			"images/wood_11": {
				"rotate": [
					{ "time": 0, "angle": -40.24, "curve": "stepped" },
					{ "time": 0.6666, "angle": -40.24 }
				],
				"translate": [
					{ "time": 0, "x": -586.4, "y": -288.28, "curve": "stepped" },
					{ "time": 0.6666, "x": -586.4, "y": -288.28 }
				],
				"scale": [
					{ "time": 0, "x": 1, "y": 1, "curve": "stepped" },
					{ "time": 0.6666, "x": 1, "y": 1 }
				]
			},
			"images/w6": {
				"rotate": [
					{ "time": 0, "angle": -31.13, "curve": "stepped" },
					{ "time": 0.6666, "angle": -31.13 }
				],
				"translate": [
					{ "time": 0, "x": -786.32, "y": -184.18, "curve": "stepped" },
					{ "time": 0.6666, "x": -786.32, "y": -184.18 }
				],
				"scale": [
					{ "time": 0, "x": 1, "y": 1, "curve": "stepped" },
					{ "time": 0.6666, "x": 1, "y": 1 }
				]
			},
			"images/wood_7": {
				"rotate": [
					{ "time": 0, "angle": 145.25, "curve": "stepped" },
					{ "time": 0.6666, "angle": 145.25 }
				],
				"translate": [
					{ "time": 0, "x": -379.06, "y": -206.15, "curve": "stepped" },
					{ "time": 0.6666, "x": -379.06, "y": -206.15 }
				],
				"scale": [
					{ "time": 0, "x": 1.278, "y": 1.278, "curve": "stepped" },
					{ "time": 0.6666, "x": 1.278, "y": 1.278 }
				]
			},
			"images/bird_stone_6": {
				"rotate": [
					{ "time": 0, "angle": 156.05, "curve": "stepped" },
					{ "time": 0.6666, "angle": 156.05 }
				],
				"translate": [
					{ "time": 0, "x": -433.75, "y": 50.43, "curve": "stepped" },
					{ "time": 0.6666, "x": -433.75, "y": 50.43 }
				],
				"scale": [
					{ "time": 0, "x": 1, "y": 1, "curve": "stepped" },
					{ "time": 0.6666, "x": 1, "y": 1 }
				]
			},
			"images/wood_9": {
				"rotate": [
					{ "time": 0, "angle": 0, "curve": "stepped" },
					{ "time": 0.6666, "angle": 0 }
				],
				"translate": [
					{ "time": 0, "x": -604.69, "y": -22.9, "curve": "stepped" },
					{ "time": 0.6666, "x": -604.69, "y": -22.9 }
				],
				"scale": [
					{ "time": 0, "x": 1, "y": 1, "curve": "stepped" },
					{ "time": 0.6666, "x": 1, "y": 1 }
				]
			},
			"images/bird_stone_7": {
				"rotate": [
					{ "time": 0, "angle": -141.45, "curve": "stepped" },
					{ "time": 0.6666, "angle": -141.45 }
				],
				"translate": [
					{ "time": 0, "x": -257.65, "y": 65.43, "curve": "stepped" },
					{ "time": 0.6666, "x": -257.65, "y": 65.43 }
				],
				"scale": [
					{ "time": 0, "x": 1, "y": 1, "curve": "stepped" },
					{ "time": 0.6666, "x": 1, "y": 1 }
				]
			},
			"images/w7": {
				"rotate": [
					{ "time": 0, "angle": 0, "curve": "stepped" },
					{ "time": 0.6666, "angle": 0 }
				],
				"translate": [
					{ "time": 0, "x": -477.95, "y": 21.37, "curve": "stepped" },
					{ "time": 0.6666, "x": -477.95, "y": 21.37 }
				],
				"scale": [
					{ "time": 0, "x": 1, "y": 1, "curve": "stepped" },
					{ "time": 0.6666, "x": 1, "y": 1 }
				]
			},
			"images/wood_4": {
				"rotate": [
					{ "time": 0, "angle": 0, "curve": "stepped" },
					{ "time": 0.6666, "angle": 0 }
				],
				"translate": [
					{ "time": 0, "x": 0, "y": 0, "curve": "stepped" },
					{ "time": 0.6666, "x": 0, "y": 0 }
				],
				"scale": [
					{ "time": 0, "x": 1, "y": 1, "curve": "stepped" },
					{ "time": 0.6666, "x": 1, "y": 1 }
				]
			},
			"images/bird_stone_4": {
				"rotate": [
					{ "time": 0, "angle": 0, "curve": "stepped" },
					{ "time": 0.6666, "angle": 0 }
				],
				"translate": [
					{ "time": 0, "x": 0, "y": 0, "curve": "stepped" },
					{ "time": 0.6666, "x": 0, "y": 0 }
				],
				"scale": [
					{ "time": 0, "x": 1, "y": 1, "curve": "stepped" },
					{ "time": 0.6666, "x": 1, "y": 1 }
				]
			},
			"images/wood_8": {
				"rotate": [
					{ "time": 0, "angle": 0, "curve": "stepped" },
					{ "time": 0.6666, "angle": 0 }
				],
				"translate": [
					{ "time": 0, "x": 0, "y": 0, "curve": "stepped" },
					{ "time": 0.6666, "x": 0, "y": 0 }
				],
				"scale": [
					{ "time": 0, "x": 1, "y": 1, "curve": "stepped" },
					{ "time": 0.6666, "x": 1, "y": 1 }
				]
			}
		},
		"drawOrder": [
			{ "time": 0 },
			{ "time": 0.6666 }
		]
	},
	"run2": {
		"slots": {
			"images/bird_stone_03": {
				"color": [
					{ "time": 0, "color": "ffffffff", "curve": "stepped" },
					{ "time": 0.6666, "color": "ffffffff" }
				],
				"attachment": [
					{ "time": 0, "name": null },
					{ "time": 0.6666, "name": null }
				]
			},
			"images/bird_stone_4": {
				"color": [
					{ "time": 0, "color": "ffffffff", "curve": "stepped" },
					{ "time": 0.6666, "color": "ffffffff" }
				],
				"attachment": [
					{ "time": 0, "name": null },
					{ "time": 0.6666, "name": null }
				]
			},
			"images/bird_stone_5": {
				"color": [
					{ "time": 0, "color": "ffffffff", "curve": "stepped" },
					{ "time": 0.6666, "color": "ffffffff" }
				],
				"attachment": [
					{ "time": 0, "name": null },
					{ "time": 0.6666, "name": null }
				]
			},
			"images/bird_stone_6": {
				"color": [
					{
						"time": 0,
						"color": "ffffffff",
						"curve": [ 0.25, 0, 0.75, 1 ]
					},
					{ "time": 0.5666, "color": "ffffff00", "curve": "stepped" },
					{ "time": 0.6666, "color": "ffffff00" }
				],
				"attachment": [
					{ "time": 0, "name": "images/bird_stone_03" },
					{ "time": 0.6666, "name": "images/bird_stone_03" }
				]
			},
			"images/bird_stone_7": {
				"color": [
					{
						"time": 0,
						"color": "ffffffff",
						"curve": [ 0.25, 0, 0.75, 1 ]
					},
					{ "time": 0.4333, "color": "ffffff00", "curve": "stepped" },
					{ "time": 0.6666, "color": "ffffff00" }
				],
				"attachment": [
					{ "time": 0, "name": "images/bird_stone_03" },
					{ "time": 0.6666, "name": "images/bird_stone_03" }
				]
			},
			"images/s1": {
				"color": [
					{ "time": 0, "color": "ffffffff", "curve": "stepped" },
					{ "time": 0.6666, "color": "ffffffff" }
				],
				"attachment": [
					{ "time": 0, "name": null },
					{ "time": 0.6666, "name": null }
				]
			},
			"images/wood_3": {
				"color": [
					{ "time": 0, "color": "ffffffff", "curve": "stepped" },
					{
						"time": 0.2333,
						"color": "ffffffff",
						"curve": [ 0.274, 0.01, 0.97, 0.46 ]
					},
					{ "time": 0.6, "color": "ffffff00", "curve": "stepped" },
					{ "time": 0.6666, "color": "ffffff00" }
				],
				"attachment": [
					{ "time": 0, "name": "images/s5" },
					{ "time": 0.6666, "name": "images/s5" }
				]
			},
			"images/wood_7": {
				"color": [
					{ "time": 0, "color": "ffffffff", "curve": "stepped" },
					{
						"time": 0.2666,
						"color": "ffffffff",
						"curve": [ 0.282, 0.85, 0.75, 1 ]
					},
					{ "time": 0.6666, "color": "ffffff00" }
				],
				"attachment": [
					{ "time": 0, "name": "images/s6" },
					{ "time": 0.6666, "name": "images/s6" }
				]
			},
			"images/wood_8": {
				"color": [
					{ "time": 0, "color": "ffffffff", "curve": "stepped" },
					{ "time": 0.6666, "color": "ffffffff" }
				],
				"attachment": [
					{ "time": 0, "name": null },
					{ "time": 0.6666, "name": null }
				]
			},
			"images/wood_10": {
				"color": [
					{ "time": 0, "color": "ffffffff", "curve": "stepped" },
					{ "time": 0.6666, "color": "ffffffff" }
				],
				"attachment": [
					{ "time": 0, "name": null },
					{ "time": 0.6666, "name": null }
				]
			},
			"images/wood_11": {
				"color": [
					{ "time": 0, "color": "ffffffff", "curve": "stepped" },
					{
						"time": 0.2666,
						"color": "ffffffff",
						"curve": [ 0.271, 0.64, 0.75, 1 ]
					},
					{ "time": 0.6333, "color": "ffffff00", "curve": "stepped" },
					{ "time": 0.6666, "color": "ffffff00" }
				],
				"attachment": [
					{ "time": 0, "name": "images/s6" },
					{ "time": 0.6666, "name": "images/s6" }
				]
			},
			"images/wood_12": {
				"color": [
					{ "time": 0, "color": "ffffffff", "curve": "stepped" },
					{ "time": 0.6666, "color": "ffffffff" }
				],
				"attachment": [
					{ "time": 0, "name": null },
					{ "time": 0.6666, "name": null }
				]
			},
			"images/wood_13": {
				"color": [
					{ "time": 0, "color": "ffffffff", "curve": "stepped" },
					{ "time": 0.6666, "color": "ffffffff" }
				],
				"attachment": [
					{ "time": 0, "name": null },
					{ "time": 0.6666, "name": null }
				]
			},
			"images/wood_15": {
				"color": [
					{ "time": 0, "color": "ffffffff", "curve": "stepped" },
					{ "time": 0.6666, "color": "ffffffff" }
				],
				"attachment": [
					{ "time": 0, "name": null },
					{ "time": 0.6666, "name": null }
				]
			},
			"images/wood_16": {
				"color": [
					{ "time": 0, "color": "ffffffff", "curve": "stepped" },
					{
						"time": 0.2333,
						"color": "ffffffff",
						"curve": [ 0.35, 0.73, 0.75, 1 ]
					},
					{ "time": 0.6333, "color": "ffffff00", "curve": "stepped" },
					{ "time": 0.6666, "color": "ffffff00" }
				],
				"attachment": [
					{ "time": 0, "name": "images/s4" },
					{ "time": 0.6666, "name": "images/s4" }
				]
			},
			"images/wood_17": {
				"color": [
					{ "time": 0, "color": "ffffffff", "curve": "stepped" },
					{
						"time": 0.2333,
						"color": "ffffffff",
						"curve": [ 0.263, 0, 1, 0.64 ]
					},
					{ "time": 0.6666, "color": "ffffff00" }
				],
				"attachment": [
					{ "time": 0, "name": "images/s6" },
					{ "time": 0.6666, "name": "images/s6" }
				]
			}
		},
		"bones": {
			"root": {
				"rotate": [
					{ "time": 0, "angle": 0, "curve": "stepped" },
					{ "time": 0.6666, "angle": 0 }
				],
				"translate": [
					{ "time": 0, "x": 0, "y": 0, "curve": "stepped" },
					{ "time": 0.6666, "x": 0, "y": 0 }
				],
				"scale": [
					{ "time": 0, "x": 1, "y": 1, "curve": "stepped" },
					{ "time": 0.6666, "x": 1, "y": 1 }
				]
			},
			"images/wood_4": {
				"rotate": [
					{ "time": 0, "angle": 0, "curve": "stepped" },
					{ "time": 0.6666, "angle": 0 }
				],
				"translate": [
					{ "time": 0, "x": 0, "y": 0, "curve": "stepped" },
					{ "time": 0.6666, "x": 0, "y": 0 }
				],
				"scale": [
					{ "time": 0, "x": 1, "y": 1, "curve": "stepped" },
					{ "time": 0.6666, "x": 1, "y": 1 }
				]
			},
			"images/s1": {
				"rotate": [
					{ "time": 0, "angle": 14.72, "curve": "stepped" },
					{ "time": 0.6666, "angle": 14.72 }
				],
				"translate": [
					{ "time": 0, "x": -591.89, "y": 103.67, "curve": "stepped" },
					{ "time": 0.6666, "x": -591.89, "y": 103.67 }
				],
				"scale": [
					{ "time": 0, "x": 0.844, "y": 0.844, "curve": "stepped" },
					{ "time": 0.6666, "x": 0.844, "y": 0.844 }
				]
			},
			"images/wood_7": {
				"rotate": [
					{
						"time": 0,
						"angle": 145.25,
						"curve": [ 0.25, 0, 0.75, 1 ]
					},
					{
						"time": 0.2333,
						"angle": 65.68,
						"curve": [ 0.274, 0.01, 0.97, 0.46 ]
					},
					{ "time": 0.6, "angle": -6.56, "curve": "stepped" },
					{ "time": 0.6666, "angle": -6.56 }
				],
				"translate": [
					{
						"time": 0,
						"x": -379.06,
						"y": -206.15,
						"curve": [ 0.25, 0, 0.75, 1 ]
					},
					{
						"time": 0.2333,
						"x": -358.55,
						"y": -256.88,
						"curve": [ 0.274, 0.01, 0.97, 0.46 ]
					},
					{ "time": 0.6, "x": -317.68, "y": -401.91, "curve": "stepped" },
					{ "time": 0.6666, "x": -317.68, "y": -401.91 }
				],
				"scale": [
					{ "time": 0, "x": 1.278, "y": 1.278, "curve": "stepped" },
					{ "time": 0.6666, "x": 1.278, "y": 1.278 }
				]
			},
			"images/w6": {
				"rotate": [
					{
						"time": 0,
						"angle": -31.13,
						"curve": [ 0.25, 0, 0.75, 1 ]
					},
					{
						"time": 0.2666,
						"angle": 13.42,
						"curve": [ 0.282, 0.85, 0.75, 1 ]
					},
					{ "time": 0.6666, "angle": 76.04 }
				],
				"translate": [
					{
						"time": 0,
						"x": -786.32,
						"y": -184.18,
						"curve": [ 0.25, 0, 0.75, 1 ]
					},
					{
						"time": 0.2666,
						"x": -841.49,
						"y": -202.73,
						"curve": [ 0.282, 0.85, 0.75, 1 ]
					},
					{ "time": 0.6666, "x": -887.27, "y": -360.71 }
				],
				"scale": [
					{ "time": 0, "x": 1, "y": 1, "curve": "stepped" },
					{ "time": 0.6666, "x": 1, "y": 1 }
				]
			},
			"images/wood_11": {
				"rotate": [
					{
						"time": 0,
						"angle": -40.24,
						"curve": [ 0.25, 0, 0.75, 1 ]
					},
					{
						"time": 0.2666,
						"angle": -111,
						"curve": [ 0.271, 0.64, 0.75, 1 ]
					},
					{ "time": 0.6333, "angle": 88.44, "curve": "stepped" },
					{ "time": 0.6666, "angle": 88.44 }
				],
				"translate": [
					{
						"time": 0,
						"x": -586.4,
						"y": -288.28,
						"curve": [ 0.25, 0, 0.75, 1 ]
					},
					{
						"time": 0.2666,
						"x": -599.06,
						"y": -347.16,
						"curve": [ 0.271, 0.64, 0.75, 1 ]
					},
					{ "time": 0.6333, "x": -579.62, "y": -455.34, "curve": "stepped" },
					{ "time": 0.6666, "x": -579.62, "y": -455.34 }
				],
				"scale": [
					{ "time": 0, "x": 1, "y": 1, "curve": "stepped" },
					{ "time": 0.6666, "x": 1, "y": 1 }
				]
			},
			"images/wood_12": {
				"rotate": [
					{ "time": 0, "angle": -158.05, "curve": "stepped" },
					{ "time": 0.6666, "angle": -158.05 }
				],
				"translate": [
					{ "time": 0, "x": -757.34, "y": 128.85, "curve": "stepped" },
					{ "time": 0.6666, "x": -757.34, "y": 128.85 }
				],
				"scale": [
					{ "time": 0, "x": 1, "y": 1, "curve": "stepped" },
					{ "time": 0.6666, "x": 1, "y": 1 }
				]
			},
			"images/bird_stone_5": {
				"rotate": [
					{ "time": 0, "angle": 48.19, "curve": "stepped" },
					{ "time": 0.6666, "angle": 48.19 }
				],
				"translate": [
					{ "time": 0, "x": -496.51, "y": 277.96, "curve": "stepped" },
					{ "time": 0.6666, "x": -496.51, "y": 277.96 }
				],
				"scale": [
					{ "time": 0, "x": 1, "y": 1, "curve": "stepped" },
					{ "time": 0.6666, "x": 1, "y": 1 }
				]
			},
			"images/bird_stone_6": {
				"rotate": [
					{ "time": 0, "angle": 156.05, "curve": "stepped" },
					{ "time": 0.6666, "angle": 156.05 }
				],
				"translate": [
					{
						"time": 0,
						"x": -433.75,
						"y": 50.43,
						"curve": [ 0.25, 0, 0.75, 1 ]
					},
					{ "time": 0.5666, "x": -492.07, "y": -80.93, "curve": "stepped" },
					{ "time": 0.6666, "x": -492.07, "y": -80.93 }
				],
				"scale": [
					{
						"time": 0,
						"x": 1,
						"y": 1,
						"curve": [ 0.25, 0, 0.75, 1 ]
					},
					{ "time": 0.5666, "x": 0.2, "y": 0.39, "curve": "stepped" },
					{ "time": 0.6666, "x": 0.199, "y": 0.39 }
				]
			},
			"images/bird_stone_7": {
				"rotate": [
					{ "time": 0, "angle": -141.45, "curve": "stepped" },
					{ "time": 0.6666, "angle": -141.45 }
				],
				"translate": [
					{
						"time": 0,
						"x": -257.65,
						"y": 65.43,
						"curve": [ 0.25, 0, 0.75, 1 ]
					},
					{ "time": 0.4333, "x": -179.52, "y": -32.53, "curve": "stepped" },
					{ "time": 0.6666, "x": -179.52, "y": -32.53 }
				],
				"scale": [
					{
						"time": 0,
						"x": 1,
						"y": 1,
						"curve": [ 0.25, 0, 0.75, 1 ]
					},
					{ "time": 0.4333, "x": 0.2, "y": 0.39, "curve": "stepped" },
					{ "time": 0.6666, "x": 0.199, "y": 0.39 }
				]
			},
			"images/wood_9": {
				"rotate": [
					{
						"time": 0,
						"angle": 0,
						"curve": [ 0.25, 0, 0.75, 1 ]
					},
					{
						"time": 0.2333,
						"angle": 32.29,
						"curve": [ 0.35, 0.73, 0.75, 1 ]
					},
					{ "time": 0.6333, "angle": 57.2, "curve": "stepped" },
					{ "time": 0.6666, "angle": 57.2 }
				],
				"translate": [
					{
						"time": 0,
						"x": -604.69,
						"y": -22.9,
						"curve": [ 0.25, 0, 0.75, 1 ]
					},
					{
						"time": 0.2333,
						"x": -656.83,
						"y": -85.32,
						"curve": [ 0.35, 0.73, 0.75, 1 ]
					},
					{ "time": 0.6333, "x": -708.22, "y": -228.24, "curve": "stepped" },
					{ "time": 0.6666, "x": -708.22, "y": -228.24 }
				],
				"scale": [
					{ "time": 0, "x": 1, "y": 1, "curve": "stepped" },
					{ "time": 0.6666, "x": 1, "y": 1 }
				]
			},
			"images/w7": {
				"rotate": [
					{
						"time": 0,
						"angle": 0,
						"curve": [ 0.25, 0, 0.75, 1 ]
					},
					{
						"time": 0.2333,
						"angle": -20.34,
						"curve": [ 0.263, 0, 1, 0.64 ]
					},
					{ "time": 0.6666, "angle": -53 }
				],
				"translate": [
					{
						"time": 0,
						"x": -477.95,
						"y": 21.37,
						"curve": [ 0.25, 0, 0.75, 1 ]
					},
					{
						"time": 0.2333,
						"x": -396.39,
						"y": -13.74,
						"curve": [ 0.263, 0, 1, 0.64 ]
					},
					{ "time": 0.6666, "x": -317.4, "y": -152.98 }
				],
				"scale": [
					{ "time": 0, "x": 1, "y": 1, "curve": "stepped" },
					{ "time": 0.6666, "x": 1, "y": 1 }
				]
			},
			"bone3": {
				"rotate": [
					{ "time": 0, "angle": 0, "curve": "stepped" },
					{ "time": 0.6666, "angle": 0 }
				],
				"translate": [
					{ "time": 0, "x": 2.7, "y": 118.35, "curve": "stepped" },
					{ "time": 0.6666, "x": 2.7, "y": 118.35 }
				],
				"scale": [
					{ "time": 0, "x": 1, "y": 1, "curve": "stepped" },
					{ "time": 0.6666, "x": 1, "y": 1 }
				]
			},
			"bone5": {
				"rotate": [
					{ "time": 0, "angle": 0, "curve": "stepped" },
					{ "time": 0.6666, "angle": 0 }
				],
				"translate": [
					{ "time": 0, "x": -0.91, "y": -107.02, "curve": "stepped" },
					{ "time": 0.6666, "x": -0.91, "y": -107.02 }
				],
				"scale": [
					{ "time": 0, "x": 1, "y": 1, "curve": "stepped" },
					{ "time": 0.6666, "x": 1, "y": 1 }
				]
			},
			"images/wood_15": {
				"rotate": [
					{ "time": 0, "angle": 24.9, "curve": "stepped" },
					{ "time": 0.6666, "angle": 24.9 }
				],
				"translate": [
					{ "time": 0, "x": -419.11, "y": 229.88, "curve": "stepped" },
					{ "time": 0.6666, "x": -419.11, "y": 229.88 }
				],
				"scale": [
					{ "time": 0, "x": 1, "y": 1, "curve": "stepped" },
					{ "time": 0.6666, "x": 1, "y": 1 }
				]
			},
			"images/bird_stone_03": {
				"rotate": [
					{ "time": 0, "angle": -15.95, "curve": "stepped" },
					{ "time": 0.6666, "angle": -15.95 }
				],
				"translate": [
					{ "time": 0, "x": -477.84, "y": 296.94, "curve": "stepped" },
					{ "time": 0.6666, "x": -477.84, "y": 296.94 }
				],
				"scale": [
					{ "time": 0, "x": 1, "y": 1, "curve": "stepped" },
					{ "time": 0.6666, "x": 1, "y": 1 }
				]
			},
			"images/wood_13": {
				"rotate": [
					{ "time": 0, "angle": 144.9, "curve": "stepped" },
					{ "time": 0.6666, "angle": 144.9 }
				],
				"translate": [
					{ "time": 0, "x": -376.78, "y": 148.24, "curve": "stepped" },
					{ "time": 0.6666, "x": -376.78, "y": 148.24 }
				],
				"scale": [
					{ "time": 0, "x": 0.696, "y": 0.696, "curve": "stepped" },
					{ "time": 0.6666, "x": 0.696, "y": 0.696 }
				]
			},
			"images/bird_stone_4": {
				"rotate": [
					{ "time": 0, "angle": 0, "curve": "stepped" },
					{ "time": 0.6666, "angle": 0 }
				],
				"translate": [
					{ "time": 0, "x": 0, "y": 0, "curve": "stepped" },
					{ "time": 0.6666, "x": 0, "y": 0 }
				],
				"scale": [
					{ "time": 0, "x": 1, "y": 1, "curve": "stepped" },
					{ "time": 0.6666, "x": 1, "y": 1 }
				]
			},
			"images/wood_8": {
				"rotate": [
					{ "time": 0, "angle": 0, "curve": "stepped" },
					{ "time": 0.6666, "angle": 0 }
				],
				"translate": [
					{ "time": 0, "x": 0, "y": 0, "curve": "stepped" },
					{ "time": 0.6666, "x": 0, "y": 0 }
				],
				"scale": [
					{ "time": 0, "x": 1, "y": 1, "curve": "stepped" },
					{ "time": 0.6666, "x": 1, "y": 1 }
				]
			}
		},
		"drawOrder": [
			{ "time": 0 },
			{ "time": 0.6666 }
		]
	}
}
}