{
"skeleton": { "hash": "VyNZLrO0qRVyftZN9UTW2C5fpqY", "spine": "3.4.02", "width": 0, "height": 0, "images": "" },
"bones": [
	{ "name": "root" },
	{ "name": "bone", "parent": "root", "x": -16, "y": -182.07 },
	{ "name": "bone2", "parent": "root", "x": 71.21, "y": -5.66, "color": "110f9bff" },
	{ "name": "bone4", "parent": "root", "x": -69.7, "y": -1.35, "color": "239b15ff" },
	{ "name": "images/bird_stone_3", "parent": "bone4", "x": 543.51, "y": -173.62, "color": "1cc202ff" },
	{ "name": "images/bird_stone_4", "parent": "bone2", "x": 362.26, "y": -169.31, "color": "09009bff" },
	{ "name": "images/bird_stone_5", "parent": "bone4", "x": 474.46, "y": -173.62, "color": "1cc202ff" },
	{ "name": "images/bird_stone_7", "parent": "bone2", "x": 279.17, "y": -169.31, "color": "09009bff" },
	{ "name": "images/s1", "parent": "bone4", "x": 549.3, "y": 3.3, "color": "1cc202ff" },
	{ "name": "images/w6", "parent": "bone4", "x": 743.15, "y": 84.85, "color": "1cc202ff" },
	{ "name": "images/w7", "parent": "bone2", "x": 533.21, "y": -81.82, "color": "09009bff" },
	{ "name": "images/wood_1", "parent": "bone", "x": 13.69, "y": 290.79 },
	{ "name": "images/wood_6", "parent": "bone2", "x": 485.31, "y": 1.45, "color": "09009bff" },
	{ "name": "images/wood_7", "parent": "bone2", "x": 419.15, "y": 101.46, "color": "09009bff" },
	{ "name": "images/wood_8", "parent": "bone2", "x": 534.54, "y": 95.3, "color": "09009bff" },
	{ "name": "images/wood_10", "parent": "bone4", "x": 815.46, "y": 81.77, "color": "1cc202ff" },
	{ "name": "images/wood_13", "parent": "bone2", "x": 408.38, "y": -38.72, "color": "09009bff" },
	{ "name": "images/wood_14", "parent": "bone4", "x": 626.16, "y": 91, "color": "1cc202ff" }
],
"slots": [
	{ "name": "images/wood_1", "bone": "images/wood_1" },
	{ "name": "images/wood_3", "bone": "images/wood_7" },
	{ "name": "images/wood_4", "bone": "images/wood_10" },
	{ "name": "images/s1", "bone": "images/s1" },
	{ "name": "images/wood_13", "bone": "images/wood_13" },
	{ "name": "images/wood_6", "bone": "images/wood_6" },
	{ "name": "images/wood_7", "bone": "images/w6" },
	{ "name": "images/wood_17", "bone": "images/w7" },
	{ "name": "images/wood_8", "bone": "images/wood_8" },
	{ "name": "images/wood_14", "bone": "images/wood_14" },
	{ "name": "images/bird_stone_3", "bone": "images/bird_stone_3" },
	{ "name": "images/bird_stone_4", "bone": "images/bird_stone_4" },
	{ "name": "images/bird_stone_5", "bone": "images/bird_stone_5" },
	{ "name": "images/bird_stone_7", "bone": "images/bird_stone_7" }
],
"skins": {
	"default": {
		"images/bird_stone_3": {
			"images/bird_stone_03": { "x": -0.17, "y": 0.26, "rotation": 89.99, "width": 107, "height": 23 }
		},
		"images/bird_stone_4": {
			"images/bird_stone_03": { "x": -0.17, "y": 0.26, "rotation": 89.99, "width": 107, "height": 23 }
		},
		"images/bird_stone_5": {
			"images/bird_stone_03": { "x": -0.17, "y": 0.26, "rotation": 89.99, "width": 107, "height": 23 }
		},
		"images/bird_stone_7": {
			"images/bird_stone_03": { "x": -0.17, "y": 0.26, "rotation": 89.99, "width": 107, "height": 23 }
		},
		"images/s1": {
			"images/s1": { "x": 3.05, "y": -11.08, "width": 63, "height": 66 }
		},
		"images/wood_1": {
			"images/stone_1": { "x": 3.24, "y": -0.64, "width": 251, "height": 30 },
			"images/stone_2": { "width": 251, "height": 30 },
			"images/stone_3": { "width": 251, "height": 30 }
		},
		"images/wood_13": {
			"images/s2": { "x": 3.05, "y": -11.08, "width": 67, "height": 57 }
		},
		"images/wood_14": {
			"images/s3": { "x": -7.6, "y": 3.22, "width": 81, "height": 64 }
		},
		"images/wood_17": {
			"images/s6": { "x": 3.2, "y": 3.37, "width": 88, "height": 58 }
		},
		"images/wood_3": {
			"images/s5": { "x": 10.78, "y": 1.06, "width": 60, "height": 40 }
		},
		"images/wood_4": {
			"images/s5": { "x": -0.6, "y": 0.45, "width": 60, "height": 40 }
		},
		"images/wood_6": {
			"images/s4": { "x": -6.36, "y": -4.92, "width": 67, "height": 49 }
		},
		"images/wood_7": {
			"images/s6": { "x": 3.2, "y": 3.37, "width": 88, "height": 58 }
		},
		"images/wood_8": {
			"images/s3": { "x": -7.6, "y": 3.22, "width": 81, "height": 64 }
		}
	}
},
"animations": {
	"lv1": {
		"slots": {
			"images/bird_stone_3": {
				"color": [
					{ "time": 0, "color": "ffffffff" }
				],
				"attachment": [
					{ "time": 0, "name": null }
				]
			},
			"images/bird_stone_4": {
				"color": [
					{ "time": 0, "color": "ffffffff" }
				],
				"attachment": [
					{ "time": 0, "name": null }
				]
			},
			"images/bird_stone_5": {
				"color": [
					{ "time": 0, "color": "ffffffff" }
				],
				"attachment": [
					{ "time": 0, "name": null }
				]
			},
			"images/bird_stone_7": {
				"color": [
					{ "time": 0, "color": "ffffffff" }
				],
				"attachment": [
					{ "time": 0, "name": null }
				]
			},
			"images/s1": {
				"color": [
					{ "time": 0, "color": "ffffffff" }
				],
				"attachment": [
					{ "time": 0, "name": null }
				]
			},
			"images/wood_1": {
				"color": [
					{ "time": 0, "color": "ffffffff" }
				],
				"attachment": [
					{ "time": 0, "name": "images/stone_3" }
				]
			},
			"images/wood_3": {
				"color": [
					{ "time": 0, "color": "ffffffff" }
				],
				"attachment": [
					{ "time": 0, "name": null }
				]
			},
			"images/wood_4": {
				"color": [
					{ "time": 0, "color": "ffffffff" }
				],
				"attachment": [
					{ "time": 0, "name": null }
				]
			},
			"images/wood_6": {
				"color": [
					{ "time": 0, "color": "ffffffff" }
				],
				"attachment": [
					{ "time": 0, "name": null }
				]
			},
			"images/wood_7": {
				"color": [
					{ "time": 0, "color": "ffffffff" }
				],
				"attachment": [
					{ "time": 0, "name": null }
				]
			},
			"images/wood_8": {
				"color": [
					{ "time": 0, "color": "ffffffff" }
				],
				"attachment": [
					{ "time": 0, "name": null }
				]
			},
			"images/wood_13": {
				"color": [
					{ "time": 0, "color": "ffffffff" }
				],
				"attachment": [
					{ "time": 0, "name": null }
				]
			},
			"images/wood_14": {
				"color": [
					{ "time": 0, "color": "ffffffff" }
				],
				"attachment": [
					{ "time": 0, "name": null }
				]
			},
			"images/wood_17": {
				"color": [
					{ "time": 0, "color": "ffffffff" }
				],
				"attachment": [
					{ "time": 0, "name": null }
				]
			}
		},
		"bones": {
			"images/w6": {
				"rotate": [
					{ "time": 0, "angle": -31.13 }
				],
				"translate": [
					{ "time": 0, "x": -786.32, "y": -184.18 }
				],
				"scale": [
					{ "time": 0, "x": 1, "y": 1 }
				]
			},
			"images/wood_8": {
				"rotate": [
					{ "time": 0, "angle": 34.08 }
				],
				"translate": [
					{ "time": 0, "x": -468.27, "y": -19.73 }
				],
				"scale": [
					{ "time": 0, "x": 0.757, "y": 0.757 }
				]
			},
			"images/wood_7": {
				"rotate": [
					{ "time": 0, "angle": 145.25 }
				],
				"translate": [
					{ "time": 0, "x": -379.06, "y": -206.15 }
				],
				"scale": [
					{ "time": 0, "x": 1.278, "y": 1.278 }
				]
			},
			"images/wood_6": {
				"rotate": [
					{ "time": 0, "angle": -27.74 }
				],
				"translate": [
					{ "time": 0, "x": -435.04, "y": -4.17 }
				],
				"scale": [
					{ "time": 0, "x": 1, "y": 1 }
				]
			},
			"root": {
				"rotate": [
					{ "time": 0, "angle": 0 }
				],
				"translate": [
					{ "time": 0, "x": 0, "y": 0 }
				],
				"scale": [
					{ "time": 0, "x": 1, "y": 1 }
				]
			},
			"images/bird_stone_3": {
				"rotate": [
					{ "time": 0, "angle": 107.07 }
				],
				"translate": [
					{ "time": 0, "x": -606.35, "y": 134.49 }
				],
				"scale": [
					{ "time": 0, "x": 1, "y": 1 }
				]
			},
			"bone2": {
				"rotate": [
					{ "time": 0, "angle": 0 }
				],
				"translate": [
					{ "time": 0, "x": -109.35, "y": 6.9 }
				],
				"scale": [
					{ "time": 0, "x": 1, "y": 1 }
				]
			},
			"images/wood_1": {
				"rotate": [
					{ "time": 0, "angle": -90 }
				],
				"translate": [
					{ "time": 0, "x": 3.87, "y": -108.35 }
				],
				"scale": [
					{ "time": 0, "x": 1, "y": 1 }
				]
			},
			"images/wood_14": {
				"rotate": [
					{ "time": 0, "angle": 32.01 }
				],
				"translate": [
					{ "time": 0, "x": -634.98, "y": -64.09 }
				],
				"scale": [
					{ "time": 0, "x": 0.649, "y": 0.649 }
				]
			},
			"images/bird_stone_7": {
				"rotate": [
					{ "time": 0, "angle": -141.45 }
				],
				"translate": [
					{ "time": 0, "x": -257.65, "y": 65.43 }
				],
				"scale": [
					{ "time": 0, "x": 1, "y": 1 }
				]
			},
			"images/s1": {
				"rotate": [
					{ "time": 0, "angle": 14.72 }
				],
				"translate": [
					{ "time": 0, "x": -591.89, "y": 103.67 }
				],
				"scale": [
					{ "time": 0, "x": 0.844, "y": 0.844 }
				]
			},
			"images/wood_10": {
				"rotate": [
					{ "time": 0, "angle": 43.1 }
				],
				"translate": [
					{ "time": 0, "x": -843.2, "y": -115.33 }
				],
				"scale": [
					{ "time": 0, "x": 1, "y": 1 }
				]
			},
			"images/bird_stone_4": {
				"rotate": [
					{ "time": 0, "angle": -62.33 }
				],
				"translate": [
					{ "time": 0, "x": -293.73, "y": 232.73 }
				],
				"scale": [
					{ "time": 0, "x": 1, "y": 1 }
				]
			},
			"bone4": {
				"rotate": [
					{ "time": 0, "angle": 0 }
				],
				"translate": [
					{ "time": 0, "x": 109.33, "y": 7.13 }
				],
				"scale": [
					{ "time": 0, "x": 1, "y": 1 }
				]
			},
			"images/bird_stone_5": {
				"rotate": [
					{ "time": 0, "angle": 48.19 }
				],
				"translate": [
					{ "time": 0, "x": -496.51, "y": 277.96 }
				],
				"scale": [
					{ "time": 0, "x": 1, "y": 1 }
				]
			},
			"images/w7": {
				"rotate": [
					{ "time": 0, "angle": 0 }
				],
				"translate": [
					{ "time": 0, "x": -477.95, "y": 21.37 }
				],
				"scale": [
					{ "time": 0, "x": 1, "y": 1 }
				]
			},
			"images/wood_13": {
				"rotate": [
					{ "time": 0, "angle": 144.9 }
				],
				"translate": [
					{ "time": 0, "x": -376.78, "y": 148.24 }
				],
				"scale": [
					{ "time": 0, "x": 0.696, "y": 0.696 }
				]
			},
			"bone": {
				"rotate": [
					{ "time": 0, "angle": 0 }
				],
				"translate": [
					{ "time": 0, "x": 0, "y": 0 }
				],
				"scale": [
					{ "time": 0, "x": 1, "y": 1 }
				]
			}
		},
		"drawOrder": [
			{ "time": 0 }
		]
	},
	"lv2": {
		"slots": {
			"images/bird_stone_3": {
				"color": [
					{ "time": 0, "color": "ffffffff" }
				],
				"attachment": [
					{ "time": 0, "name": null }
				]
			},
			"images/bird_stone_4": {
				"color": [
					{ "time": 0, "color": "ffffffff" }
				],
				"attachment": [
					{ "time": 0, "name": null }
				]
			},
			"images/bird_stone_5": {
				"color": [
					{ "time": 0, "color": "ffffffff" }
				],
				"attachment": [
					{ "time": 0, "name": null }
				]
			},
			"images/bird_stone_7": {
				"color": [
					{ "time": 0, "color": "ffffffff" }
				],
				"attachment": [
					{ "time": 0, "name": null }
				]
			},
			"images/s1": {
				"color": [
					{ "time": 0, "color": "ffffffff" }
				],
				"attachment": [
					{ "time": 0, "name": null }
				]
			},
			"images/wood_1": {
				"color": [
					{ "time": 0, "color": "ffffffff" }
				],
				"attachment": [
					{ "time": 0, "name": "images/stone_2" }
				]
			},
			"images/wood_3": {
				"color": [
					{ "time": 0, "color": "ffffffff" }
				],
				"attachment": [
					{ "time": 0, "name": null }
				]
			},
			"images/wood_4": {
				"color": [
					{ "time": 0, "color": "ffffffff" }
				],
				"attachment": [
					{ "time": 0, "name": null }
				]
			},
			"images/wood_6": {
				"color": [
					{ "time": 0, "color": "ffffffff" }
				],
				"attachment": [
					{ "time": 0, "name": null }
				]
			},
			"images/wood_7": {
				"color": [
					{ "time": 0, "color": "ffffffff" }
				],
				"attachment": [
					{ "time": 0, "name": null }
				]
			},
			"images/wood_8": {
				"color": [
					{ "time": 0, "color": "ffffffff" }
				],
				"attachment": [
					{ "time": 0, "name": null }
				]
			},
			"images/wood_13": {
				"color": [
					{ "time": 0, "color": "ffffffff" }
				],
				"attachment": [
					{ "time": 0, "name": null }
				]
			},
			"images/wood_14": {
				"color": [
					{ "time": 0, "color": "ffffffff" }
				],
				"attachment": [
					{ "time": 0, "name": null }
				]
			},
			"images/wood_17": {
				"color": [
					{ "time": 0, "color": "ffffffff" }
				],
				"attachment": [
					{ "time": 0, "name": null }
				]
			}
		},
		"bones": {
			"images/bird_stone_7": {
				"rotate": [
					{ "time": 0, "angle": -141.45 }
				],
				"translate": [
					{ "time": 0, "x": -257.65, "y": 65.43 }
				],
				"scale": [
					{ "time": 0, "x": 1, "y": 1 }
				]
			},
			"images/wood_7": {
				"rotate": [
					{ "time": 0, "angle": 145.25 }
				],
				"translate": [
					{ "time": 0, "x": -379.06, "y": -206.15 }
				],
				"scale": [
					{ "time": 0, "x": 1.278, "y": 1.278 }
				]
			},
			"images/wood_13": {
				"rotate": [
					{ "time": 0, "angle": 144.9 }
				],
				"translate": [
					{ "time": 0, "x": -376.78, "y": 148.24 }
				],
				"scale": [
					{ "time": 0, "x": 0.696, "y": 0.696 }
				]
			},
			"images/bird_stone_5": {
				"rotate": [
					{ "time": 0, "angle": 48.19 }
				],
				"translate": [
					{ "time": 0, "x": -496.51, "y": 277.96 }
				],
				"scale": [
					{ "time": 0, "x": 1, "y": 1 }
				]
			},
			"bone4": {
				"rotate": [
					{ "time": 0, "angle": 0 }
				],
				"translate": [
					{ "time": 0, "x": 109.33, "y": 7.13 }
				],
				"scale": [
					{ "time": 0, "x": 1, "y": 1 }
				]
			},
			"images/wood_8": {
				"rotate": [
					{ "time": 0, "angle": 34.08 }
				],
				"translate": [
					{ "time": 0, "x": -468.27, "y": -19.73 }
				],
				"scale": [
					{ "time": 0, "x": 0.757, "y": 0.757 }
				]
			},
			"images/wood_14": {
				"rotate": [
					{ "time": 0, "angle": 32.01 }
				],
				"translate": [
					{ "time": 0, "x": -634.98, "y": -64.09 }
				],
				"scale": [
					{ "time": 0, "x": 0.649, "y": 0.649 }
				]
			},
			"images/w6": {
				"rotate": [
					{ "time": 0, "angle": -31.13 }
				],
				"translate": [
					{ "time": 0, "x": -786.32, "y": -184.18 }
				],
				"scale": [
					{ "time": 0, "x": 1, "y": 1 }
				]
			},
			"images/s1": {
				"rotate": [
					{ "time": 0, "angle": 14.72 }
				],
				"translate": [
					{ "time": 0, "x": -591.89, "y": 103.67 }
				],
				"scale": [
					{ "time": 0, "x": 0.844, "y": 0.844 }
				]
			},
			"images/wood_1": {
				"rotate": [
					{ "time": 0, "angle": -90 }
				],
				"translate": [
					{ "time": 0, "x": 3.87, "y": -108.35 }
				],
				"scale": [
					{ "time": 0, "x": 1, "y": 1 }
				]
			},
			"images/bird_stone_4": {
				"rotate": [
					{ "time": 0, "angle": -62.33 }
				],
				"translate": [
					{ "time": 0, "x": -293.73, "y": 232.73 }
				],
				"scale": [
					{ "time": 0, "x": 1, "y": 1 }
				]
			},
			"images/w7": {
				"rotate": [
					{ "time": 0, "angle": 0 }
				],
				"translate": [
					{ "time": 0, "x": -477.95, "y": 21.37 }
				],
				"scale": [
					{ "time": 0, "x": 1, "y": 1 }
				]
			},
			"root": {
				"rotate": [
					{ "time": 0, "angle": 0 }
				],
				"translate": [
					{ "time": 0, "x": 0, "y": 0 }
				],
				"scale": [
					{ "time": 0, "x": 1, "y": 1 }
				]
			},
			"images/wood_10": {
				"rotate": [
					{ "time": 0, "angle": 43.1 }
				],
				"translate": [
					{ "time": 0, "x": -843.2, "y": -115.33 }
				],
				"scale": [
					{ "time": 0, "x": 1, "y": 1 }
				]
			},
			"images/wood_6": {
				"rotate": [
					{ "time": 0, "angle": -27.74 }
				],
				"translate": [
					{ "time": 0, "x": -435.04, "y": -4.17 }
				],
				"scale": [
					{ "time": 0, "x": 1, "y": 1 }
				]
			},
			"images/bird_stone_3": {
				"rotate": [
					{ "time": 0, "angle": 107.07 }
				],
				"translate": [
					{ "time": 0, "x": -606.35, "y": 134.49 }
				],
				"scale": [
					{ "time": 0, "x": 1, "y": 1 }
				]
			},
			"bone2": {
				"rotate": [
					{ "time": 0, "angle": 0 }
				],
				"translate": [
					{ "time": 0, "x": -109.35, "y": 6.9 }
				],
				"scale": [
					{ "time": 0, "x": 1, "y": 1 }
				]
			},
			"bone": {
				"rotate": [
					{ "time": 0, "angle": 0 }
				],
				"translate": [
					{ "time": 0, "x": 0, "y": 0 }
				],
				"scale": [
					{ "time": 0, "x": 1, "y": 1 }
				]
			}
		},
		"drawOrder": [
			{ "time": 0 }
		]
	},
	"lv3": {
		"slots": {
			"images/bird_stone_3": {
				"color": [
					{ "time": 0, "color": "ffffffff" }
				],
				"attachment": [
					{ "time": 0, "name": null }
				]
			},
			"images/bird_stone_4": {
				"color": [
					{ "time": 0, "color": "ffffffff" }
				],
				"attachment": [
					{ "time": 0, "name": null }
				]
			},
			"images/bird_stone_5": {
				"color": [
					{ "time": 0, "color": "ffffffff" }
				],
				"attachment": [
					{ "time": 0, "name": null }
				]
			},
			"images/bird_stone_7": {
				"color": [
					{ "time": 0, "color": "ffffffff" }
				],
				"attachment": [
					{ "time": 0, "name": null }
				]
			},
			"images/s1": {
				"color": [
					{ "time": 0, "color": "ffffffff" }
				],
				"attachment": [
					{ "time": 0, "name": null }
				]
			},
			"images/wood_1": {
				"color": [
					{ "time": 0, "color": "ffffffff" }
				],
				"attachment": [
					{ "time": 0, "name": "images/stone_1" }
				]
			},
			"images/wood_3": {
				"color": [
					{ "time": 0, "color": "ffffffff" }
				],
				"attachment": [
					{ "time": 0, "name": null }
				]
			},
			"images/wood_4": {
				"color": [
					{ "time": 0, "color": "ffffffff" }
				],
				"attachment": [
					{ "time": 0, "name": null }
				]
			},
			"images/wood_6": {
				"color": [
					{ "time": 0, "color": "ffffffff" }
				],
				"attachment": [
					{ "time": 0, "name": null }
				]
			},
			"images/wood_7": {
				"color": [
					{ "time": 0, "color": "ffffffff" }
				],
				"attachment": [
					{ "time": 0, "name": null }
				]
			},
			"images/wood_8": {
				"color": [
					{ "time": 0, "color": "ffffffff" }
				],
				"attachment": [
					{ "time": 0, "name": null }
				]
			},
			"images/wood_13": {
				"color": [
					{ "time": 0, "color": "ffffffff" }
				],
				"attachment": [
					{ "time": 0, "name": null }
				]
			},
			"images/wood_14": {
				"color": [
					{ "time": 0, "color": "ffffffff" }
				],
				"attachment": [
					{ "time": 0, "name": null }
				]
			},
			"images/wood_17": {
				"color": [
					{ "time": 0, "color": "ffffffff" }
				],
				"attachment": [
					{ "time": 0, "name": null }
				]
			}
		},
		"bones": {
			"root": {
				"rotate": [
					{ "time": 0, "angle": 0 }
				],
				"translate": [
					{ "time": 0, "x": 0, "y": 0 }
				],
				"scale": [
					{ "time": 0, "x": 1, "y": 1 }
				]
			},
			"bone": {
				"rotate": [
					{ "time": 0, "angle": 0 }
				],
				"translate": [
					{ "time": 0, "x": 0, "y": 0 }
				],
				"scale": [
					{ "time": 0, "x": 1, "y": 1 }
				]
			},
			"images/wood_10": {
				"rotate": [
					{ "time": 0, "angle": 43.1 }
				],
				"translate": [
					{ "time": 0, "x": -843.2, "y": -115.33 }
				],
				"scale": [
					{ "time": 0, "x": 1, "y": 1 }
				]
			},
			"images/s1": {
				"rotate": [
					{ "time": 0, "angle": 14.72 }
				],
				"translate": [
					{ "time": 0, "x": -591.89, "y": 103.67 }
				],
				"scale": [
					{ "time": 0, "x": 0.844, "y": 0.844 }
				]
			},
			"images/wood_6": {
				"rotate": [
					{ "time": 0, "angle": -27.74 }
				],
				"translate": [
					{ "time": 0, "x": -435.04, "y": -4.17 }
				],
				"scale": [
					{ "time": 0, "x": 1, "y": 1 }
				]
			},
			"images/wood_7": {
				"rotate": [
					{ "time": 0, "angle": 145.25 }
				],
				"translate": [
					{ "time": 0, "x": -379.06, "y": -206.15 }
				],
				"scale": [
					{ "time": 0, "x": 1.278, "y": 1.278 }
				]
			},
			"images/wood_8": {
				"rotate": [
					{ "time": 0, "angle": 34.08 }
				],
				"translate": [
					{ "time": 0, "x": -468.27, "y": -19.73 }
				],
				"scale": [
					{ "time": 0, "x": 0.757, "y": 0.757 }
				]
			},
			"images/w6": {
				"rotate": [
					{ "time": 0, "angle": -31.13 }
				],
				"translate": [
					{ "time": 0, "x": -786.32, "y": -184.18 }
				],
				"scale": [
					{ "time": 0, "x": 1, "y": 1 }
				]
			},
			"images/wood_13": {
				"rotate": [
					{ "time": 0, "angle": 144.9 }
				],
				"translate": [
					{ "time": 0, "x": -376.78, "y": 148.24 }
				],
				"scale": [
					{ "time": 0, "x": 0.696, "y": 0.696 }
				]
			},
			"images/wood_14": {
				"rotate": [
					{ "time": 0, "angle": 32.01 }
				],
				"translate": [
					{ "time": 0, "x": -634.98, "y": -64.09 }
				],
				"scale": [
					{ "time": 0, "x": 0.649, "y": 0.649 }
				]
			},
			"images/bird_stone_3": {
				"rotate": [
					{ "time": 0, "angle": 107.07 }
				],
				"translate": [
					{ "time": 0, "x": -606.35, "y": 134.49 }
				],
				"scale": [
					{ "time": 0, "x": 1, "y": 1 }
				]
			},
			"images/bird_stone_4": {
				"rotate": [
					{ "time": 0, "angle": -62.33 }
				],
				"translate": [
					{ "time": 0, "x": -293.73, "y": 232.73 }
				],
				"scale": [
					{ "time": 0, "x": 1, "y": 1 }
				]
			},
			"images/bird_stone_5": {
				"rotate": [
					{ "time": 0, "angle": 48.19 }
				],
				"translate": [
					{ "time": 0, "x": -496.51, "y": 277.96 }
				],
				"scale": [
					{ "time": 0, "x": 1, "y": 1 }
				]
			},
			"images/bird_stone_7": {
				"rotate": [
					{ "time": 0, "angle": -141.45 }
				],
				"translate": [
					{ "time": 0, "x": -257.65, "y": 65.43 }
				],
				"scale": [
					{ "time": 0, "x": 1, "y": 1 }
				]
			},
			"images/w7": {
				"rotate": [
					{ "time": 0, "angle": 0 }
				],
				"translate": [
					{ "time": 0, "x": -477.95, "y": 21.37 }
				],
				"scale": [
					{ "time": 0, "x": 1, "y": 1 }
				]
			},
			"bone2": {
				"rotate": [
					{ "time": 0, "angle": 0 }
				],
				"translate": [
					{ "time": 0, "x": -109.35, "y": 6.9 }
				],
				"scale": [
					{ "time": 0, "x": 1, "y": 1 }
				]
			},
			"bone4": {
				"rotate": [
					{ "time": 0, "angle": 0 }
				],
				"translate": [
					{ "time": 0, "x": 109.33, "y": 7.13 }
				],
				"scale": [
					{ "time": 0, "x": 1, "y": 1 }
				]
			},
			"images/wood_1": {
				"rotate": [
					{ "time": 0, "angle": -90 }
				],
				"translate": [
					{ "time": 0, "x": 3.87, "y": -108.35 }
				],
				"scale": [
					{ "time": 0, "x": 1, "y": 1 }
				]
			}
		},
		"drawOrder": [
			{ "time": 0 }
		]
	},
	"run1": {
		"slots": {
			"images/bird_stone_3": {
				"color": [
					{ "time": 0, "color": "ffffffff", "curve": "stepped" },
					{ "time": 0.6666, "color": "ffffffff" }
				],
				"attachment": [
					{ "time": 0, "name": null },
					{ "time": 0.6666, "name": null }
				]
			},
			"images/bird_stone_4": {
				"color": [
					{
						"time": 0,
						"color": "ffffffff",
						"curve": [ 0.25, 0, 0.75, 1 ]
					},
					{ "time": 0.4333, "color": "ffffff00", "curve": "stepped" },
					{ "time": 0.6666, "color": "ffffff00" }
				],
				"attachment": [
					{ "time": 0, "name": "images/bird_stone_03" },
					{ "time": 0.6666, "name": "images/bird_stone_03" }
				]
			},
			"images/bird_stone_5": {
				"color": [
					{ "time": 0, "color": "ffffffff", "curve": "stepped" },
					{ "time": 0.6666, "color": "ffffffff" }
				],
				"attachment": [
					{ "time": 0, "name": null },
					{ "time": 0.6666, "name": null }
				]
			},
			"images/bird_stone_7": {
				"color": [
					{
						"time": 0,
						"color": "ffffffff",
						"curve": [ 0.25, 0, 0.75, 1 ]
					},
					{ "time": 0.4333, "color": "ffffff00", "curve": "stepped" },
					{ "time": 0.6666, "color": "ffffff00" }
				],
				"attachment": [
					{ "time": 0, "name": "images/bird_stone_03" },
					{ "time": 0.6666, "name": "images/bird_stone_03" }
				]
			},
			"images/s1": {
				"color": [
					{ "time": 0, "color": "ffffffff", "curve": "stepped" },
					{ "time": 0.6666, "color": "ffffffff" }
				],
				"attachment": [
					{ "time": 0, "name": null },
					{ "time": 0.6666, "name": null }
				]
			},
			"images/wood_1": {
				"color": [
					{ "time": 0, "color": "ffffffff", "curve": "stepped" },
					{ "time": 0.6666, "color": "ffffffff" }
				],
				"attachment": [
					{ "time": 0, "name": null },
					{ "time": 0.6666, "name": null }
				]
			},
			"images/wood_3": {
				"color": [
					{ "time": 0, "color": "ffffffff", "curve": "stepped" },
					{
						"time": 0.2333,
						"color": "ffffffff",
						"curve": [ 0.274, 0.01, 0.97, 0.46 ]
					},
					{ "time": 0.6, "color": "ffffff00", "curve": "stepped" },
					{ "time": 0.6666, "color": "ffffff00" }
				],
				"attachment": [
					{ "time": 0, "name": "images/s5" },
					{ "time": 0.6666, "name": "images/s5" }
				]
			},
			"images/wood_4": {
				"color": [
					{ "time": 0, "color": "ffffffff", "curve": "stepped" },
					{ "time": 0.6666, "color": "ffffffff" }
				],
				"attachment": [
					{ "time": 0, "name": null },
					{ "time": 0.6666, "name": null }
				]
			},
			"images/wood_6": {
				"color": [
					{ "time": 0, "color": "ffffffff", "curve": "stepped" },
					{
						"time": 0.2666,
						"color": "ffffffff",
						"curve": [ 0.238, 0.05, 0.946, 0.78 ]
					},
					{ "time": 0.6666, "color": "ffffff00" }
				],
				"attachment": [
					{ "time": 0, "name": "images/s4" },
					{ "time": 0.6666, "name": "images/s4" }
				]
			},
			"images/wood_7": {
				"color": [
					{ "time": 0, "color": "ffffffff", "curve": "stepped" },
					{ "time": 0.6666, "color": "ffffffff" }
				],
				"attachment": [
					{ "time": 0, "name": null },
					{ "time": 0.6666, "name": null }
				]
			},
			"images/wood_8": {
				"color": [
					{ "time": 0, "color": "ffffffff", "curve": "stepped" },
					{
						"time": 0.2,
						"color": "ffffffff",
						"curve": [ 0.216, 0.01, 0.992, 0.7 ]
					},
					{ "time": 0.6333, "color": "ffffff00", "curve": "stepped" },
					{ "time": 0.6666, "color": "ffffff00" }
				],
				"attachment": [
					{ "time": 0, "name": "images/s3" },
					{ "time": 0.6666, "name": "images/s3" }
				]
			},
			"images/wood_13": {
				"color": [
					{ "time": 0, "color": "ffffffff", "curve": "stepped" },
					{
						"time": 0.2333,
						"color": "ffffffff",
						"curve": [ 0.214, 0.01, 0.97, 0.72 ]
					},
					{ "time": 0.6333, "color": "ffffff00", "curve": "stepped" },
					{ "time": 0.6666, "color": "ffffff00" }
				],
				"attachment": [
					{ "time": 0, "name": "images/s2" },
					{ "time": 0.6666, "name": "images/s2" }
				]
			},
			"images/wood_14": {
				"color": [
					{ "time": 0, "color": "ffffffff", "curve": "stepped" },
					{ "time": 0.6666, "color": "ffffffff" }
				],
				"attachment": [
					{ "time": 0, "name": null },
					{ "time": 0.6666, "name": null }
				]
			},
			"images/wood_17": {
				"color": [
					{ "time": 0, "color": "ffffffff", "curve": "stepped" },
					{
						"time": 0.2333,
						"color": "ffffffff",
						"curve": [ 0.263, 0, 1, 0.64 ]
					},
					{ "time": 0.6666, "color": "ffffff00" }
				],
				"attachment": [
					{ "time": 0, "name": "images/s6" },
					{ "time": 0.6666, "name": "images/s6" }
				]
			}
		},
		"bones": {
			"root": {
				"rotate": [
					{ "time": 0, "angle": 0, "curve": "stepped" },
					{ "time": 0.6666, "angle": 0 }
				],
				"translate": [
					{ "time": 0, "x": 0, "y": 0, "curve": "stepped" },
					{ "time": 0.6666, "x": 0, "y": 0 }
				],
				"scale": [
					{ "time": 0, "x": 1, "y": 1, "curve": "stepped" },
					{ "time": 0.6666, "x": 1, "y": 1 }
				]
			},
			"bone": {
				"rotate": [
					{ "time": 0, "angle": 0, "curve": "stepped" },
					{ "time": 0.6666, "angle": 0 }
				],
				"translate": [
					{ "time": 0, "x": 0, "y": 0, "curve": "stepped" },
					{ "time": 0.6666, "x": 0, "y": 0 }
				],
				"scale": [
					{ "time": 0, "x": 1, "y": 1, "curve": "stepped" },
					{ "time": 0.6666, "x": 1, "y": 1 }
				]
			},
			"images/wood_10": {
				"rotate": [
					{ "time": 0, "angle": 43.1, "curve": "stepped" },
					{ "time": 0.6666, "angle": 43.1 }
				],
				"translate": [
					{ "time": 0, "x": -843.2, "y": -115.33, "curve": "stepped" },
					{ "time": 0.6666, "x": -843.2, "y": -115.33 }
				],
				"scale": [
					{ "time": 0, "x": 1, "y": 1, "curve": "stepped" },
					{ "time": 0.6666, "x": 1, "y": 1 }
				]
			},
			"images/s1": {
				"rotate": [
					{ "time": 0, "angle": 14.72, "curve": "stepped" },
					{ "time": 0.6666, "angle": 14.72 }
				],
				"translate": [
					{ "time": 0, "x": -591.89, "y": 103.67, "curve": "stepped" },
					{ "time": 0.6666, "x": -591.89, "y": 103.67 }
				],
				"scale": [
					{ "time": 0, "x": 0.844, "y": 0.844, "curve": "stepped" },
					{ "time": 0.6666, "x": 0.844, "y": 0.844 }
				]
			},
			"images/wood_6": {
				"rotate": [
					{
						"time": 0,
						"angle": -27.74,
						"curve": [ 0.25, 0, 0.75, 1 ]
					},
					{
						"time": 0.2666,
						"angle": -93.1,
						"curve": [ 0.238, 0.05, 0.946, 0.78 ]
					},
					{ "time": 0.6666, "angle": 131.9 }
				],
				"translate": [
					{
						"time": 0,
						"x": -435.04,
						"y": -4.17,
						"curve": [ 0.25, 0, 0.75, 1 ]
					},
					{
						"time": 0.2666,
						"x": -365.82,
						"y": 15.89,
						"curve": [ 0.238, 0.05, 0.946, 0.78 ]
					},
					{ "time": 0.6666, "x": -324.74, "y": -83.87 }
				],
				"scale": [
					{ "time": 0, "x": 1, "y": 1, "curve": "stepped" },
					{ "time": 0.6666, "x": 1, "y": 1 }
				]
			},
			"images/wood_7": {
				"rotate": [
					{
						"time": 0,
						"angle": 145.25,
						"curve": [ 0.25, 0, 0.75, 1 ]
					},
					{
						"time": 0.2333,
						"angle": 65.68,
						"curve": [ 0.274, 0.01, 0.97, 0.46 ]
					},
					{ "time": 0.6, "angle": -6.56, "curve": "stepped" },
					{ "time": 0.6666, "angle": -6.56 }
				],
				"translate": [
					{
						"time": 0,
						"x": -379.06,
						"y": -206.15,
						"curve": [ 0.25, 0, 0.75, 1 ]
					},
					{
						"time": 0.2333,
						"x": -358.55,
						"y": -256.88,
						"curve": [ 0.274, 0.01, 0.97, 0.46 ]
					},
					{ "time": 0.6, "x": -317.68, "y": -401.91, "curve": "stepped" },
					{ "time": 0.6666, "x": -317.68, "y": -401.91 }
				],
				"scale": [
					{ "time": 0, "x": 1.278, "y": 1.278, "curve": "stepped" },
					{ "time": 0.6666, "x": 1.278, "y": 1.278 }
				]
			},
			"images/wood_8": {
				"rotate": [
					{
						"time": 0,
						"angle": 34.08,
						"curve": [ 0.25, 0, 0.75, 1 ]
					},
					{
						"time": 0.2,
						"angle": -26.71,
						"curve": [ 0.216, 0.01, 0.992, 0.7 ]
					},
					{ "time": 0.6333, "angle": -113.79, "curve": "stepped" },
					{ "time": 0.6666, "angle": -113.79 }
				],
				"translate": [
					{
						"time": 0,
						"x": -468.27,
						"y": -19.73,
						"curve": [ 0.25, 0, 0.75, 1 ]
					},
					{
						"time": 0.2,
						"x": -419.23,
						"y": -5.78,
						"curve": [ 0.216, 0.01, 0.992, 0.7 ]
					},
					{ "time": 0.6333, "x": -335.73, "y": -91.16, "curve": "stepped" },
					{ "time": 0.6666, "x": -335.73, "y": -91.16 }
				],
				"scale": [
					{ "time": 0, "x": 0.757, "y": 0.757, "curve": "stepped" },
					{ "time": 0.6666, "x": 0.757, "y": 0.757 }
				]
			},
			"images/w6": {
				"rotate": [
					{ "time": 0, "angle": -31.13, "curve": "stepped" },
					{ "time": 0.6666, "angle": -31.13 }
				],
				"translate": [
					{ "time": 0, "x": -786.32, "y": -184.18, "curve": "stepped" },
					{ "time": 0.6666, "x": -786.32, "y": -184.18 }
				],
				"scale": [
					{ "time": 0, "x": 1, "y": 1, "curve": "stepped" },
					{ "time": 0.6666, "x": 1, "y": 1 }
				]
			},
			"images/wood_13": {
				"rotate": [
					{
						"time": 0,
						"angle": 144.9,
						"curve": [ 0.25, 0, 0.75, 1 ]
					},
					{
						"time": 0.2333,
						"angle": 67.97,
						"curve": [ 0.214, 0.01, 0.97, 0.72 ]
					},
					{ "time": 0.6333, "angle": -5.14, "curve": "stepped" },
					{ "time": 0.6666, "angle": -5.14 }
				],
				"translate": [
					{
						"time": 0,
						"x": -376.78,
						"y": 148.24,
						"curve": [ 0.25, 0, 0.75, 1 ]
					},
					{
						"time": 0.2333,
						"x": -325.85,
						"y": 192.15,
						"curve": [ 0.214, 0.01, 0.97, 0.72 ]
					},
					{ "time": 0.6333, "x": -243.24, "y": 124.33, "curve": "stepped" },
					{ "time": 0.6666, "x": -243.24, "y": 124.33 }
				],
				"scale": [
					{ "time": 0, "x": 0.696, "y": 0.696, "curve": "stepped" },
					{ "time": 0.6666, "x": 0.696, "y": 0.696 }
				]
			},
			"images/wood_14": {
				"rotate": [
					{ "time": 0, "angle": 32.01, "curve": "stepped" },
					{ "time": 0.6666, "angle": 32.01 }
				],
				"translate": [
					{ "time": 0, "x": -634.98, "y": -64.09, "curve": "stepped" },
					{ "time": 0.6666, "x": -634.98, "y": -64.09 }
				],
				"scale": [
					{ "time": 0, "x": 0.649, "y": 0.649, "curve": "stepped" },
					{ "time": 0.6666, "x": 0.649, "y": 0.649 }
				]
			},
			"images/bird_stone_3": {
				"rotate": [
					{ "time": 0, "angle": 107.07, "curve": "stepped" },
					{ "time": 0.6666, "angle": 107.07 }
				],
				"translate": [
					{ "time": 0, "x": -606.35, "y": 134.49, "curve": "stepped" },
					{ "time": 0.6666, "x": -606.35, "y": 134.49 }
				],
				"scale": [
					{ "time": 0, "x": 1, "y": 1, "curve": "stepped" },
					{ "time": 0.6666, "x": 1, "y": 1 }
				]
			},
			"images/bird_stone_4": {
				"rotate": [
					{ "time": 0, "angle": -62.33, "curve": "stepped" },
					{ "time": 0.6666, "angle": -62.33 }
				],
				"translate": [
					{
						"time": 0,
						"x": -293.73,
						"y": 232.73,
						"curve": [ 0.25, 0, 0.75, 1 ]
					},
					{ "time": 0.4333, "x": -190.89, "y": 286.67, "curve": "stepped" },
					{ "time": 0.6666, "x": -190.89, "y": 286.67 }
				],
				"scale": [
					{
						"time": 0,
						"x": 1,
						"y": 1,
						"curve": [ 0.25, 0, 0.75, 1 ]
					},
					{ "time": 0.4333, "x": 0.2, "y": 0.39, "curve": "stepped" },
					{ "time": 0.6666, "x": 0.199, "y": 0.39 }
				]
			},
			"images/bird_stone_5": {
				"rotate": [
					{ "time": 0, "angle": 48.19, "curve": "stepped" },
					{ "time": 0.6666, "angle": 48.19 }
				],
				"translate": [
					{ "time": 0, "x": -496.51, "y": 277.96, "curve": "stepped" },
					{ "time": 0.6666, "x": -496.51, "y": 277.96 }
				],
				"scale": [
					{ "time": 0, "x": 1, "y": 1, "curve": "stepped" },
					{ "time": 0.6666, "x": 1, "y": 1 }
				]
			},
			"images/bird_stone_7": {
				"rotate": [
					{ "time": 0, "angle": -141.45, "curve": "stepped" },
					{ "time": 0.6666, "angle": -141.45 }
				],
				"translate": [
					{
						"time": 0,
						"x": -257.65,
						"y": 65.43,
						"curve": [ 0.25, 0, 0.75, 1 ]
					},
					{ "time": 0.4333, "x": -179.52, "y": -32.53, "curve": "stepped" },
					{ "time": 0.6666, "x": -179.52, "y": -32.53 }
				],
				"scale": [
					{
						"time": 0,
						"x": 1,
						"y": 1,
						"curve": [ 0.25, 0, 0.75, 1 ]
					},
					{ "time": 0.4333, "x": 0.2, "y": 0.39, "curve": "stepped" },
					{ "time": 0.6666, "x": 0.199, "y": 0.39 }
				]
			},
			"images/w7": {
				"rotate": [
					{
						"time": 0,
						"angle": 0,
						"curve": [ 0.25, 0, 0.75, 1 ]
					},
					{
						"time": 0.2333,
						"angle": -20.34,
						"curve": [ 0.263, 0, 1, 0.64 ]
					},
					{ "time": 0.6666, "angle": -53 }
				],
				"translate": [
					{
						"time": 0,
						"x": -477.95,
						"y": 21.37,
						"curve": [ 0.25, 0, 0.75, 1 ]
					},
					{
						"time": 0.2333,
						"x": -396.39,
						"y": -13.74,
						"curve": [ 0.263, 0, 1, 0.64 ]
					},
					{ "time": 0.6666, "x": -317.4, "y": -152.98 }
				],
				"scale": [
					{ "time": 0, "x": 1, "y": 1, "curve": "stepped" },
					{ "time": 0.6666, "x": 1, "y": 1 }
				]
			},
			"bone2": {
				"rotate": [
					{ "time": 0, "angle": 0, "curve": "stepped" },
					{ "time": 0.6666, "angle": 0 }
				],
				"translate": [
					{ "time": 0, "x": -109.35, "y": 6.9, "curve": "stepped" },
					{ "time": 0.6666, "x": -109.35, "y": 6.9 }
				],
				"scale": [
					{ "time": 0, "x": 1, "y": 1, "curve": "stepped" },
					{ "time": 0.6666, "x": 1, "y": 1 }
				]
			},
			"bone4": {
				"rotate": [
					{ "time": 0, "angle": 0, "curve": "stepped" },
					{ "time": 0.6666, "angle": 0 }
				],
				"translate": [
					{ "time": 0, "x": 109.33, "y": 7.13, "curve": "stepped" },
					{ "time": 0.6666, "x": 109.33, "y": 7.13 }
				],
				"scale": [
					{ "time": 0, "x": 1, "y": 1, "curve": "stepped" },
					{ "time": 0.6666, "x": 1, "y": 1 }
				]
			},
			"images/wood_1": {
				"rotate": [
					{ "time": 0, "angle": 0, "curve": "stepped" },
					{ "time": 0.6666, "angle": 0 }
				],
				"translate": [
					{ "time": 0, "x": 0, "y": 0, "curve": "stepped" },
					{ "time": 0.6666, "x": 0, "y": 0 }
				],
				"scale": [
					{ "time": 0, "x": 1, "y": 1, "curve": "stepped" },
					{ "time": 0.6666, "x": 1, "y": 1 }
				]
			}
		},
		"drawOrder": [
			{ "time": 0 },
			{ "time": 0.6666 }
		]
	},
	"run2": {
		"slots": {
			"images/bird_stone_3": {
				"color": [
					{
						"time": 0,
						"color": "ffffffff",
						"curve": [ 0.25, 0, 0.75, 1 ]
					},
					{ "time": 0.4333, "color": "ffffff00", "curve": "stepped" },
					{ "time": 0.6666, "color": "ffffff00" }
				],
				"attachment": [
					{ "time": 0, "name": "images/bird_stone_03" },
					{ "time": 0.6666, "name": "images/bird_stone_03" }
				]
			},
			"images/bird_stone_4": {
				"color": [
					{ "time": 0, "color": "ffffffff", "curve": "stepped" },
					{ "time": 0.6666, "color": "ffffffff" }
				],
				"attachment": [
					{ "time": 0, "name": null },
					{ "time": 0.6666, "name": null }
				]
			},
			"images/bird_stone_5": {
				"color": [
					{
						"time": 0,
						"color": "ffffffff",
						"curve": [ 0.25, 0, 0.75, 1 ]
					},
					{ "time": 0.4333, "color": "ffffff00", "curve": "stepped" },
					{ "time": 0.6666, "color": "ffffff00" }
				],
				"attachment": [
					{ "time": 0, "name": "images/bird_stone_03" },
					{ "time": 0.6666, "name": "images/bird_stone_03" }
				]
			},
			"images/bird_stone_7": {
				"color": [
					{ "time": 0, "color": "ffffffff", "curve": "stepped" },
					{ "time": 0.6666, "color": "ffffffff" }
				],
				"attachment": [
					{ "time": 0, "name": null },
					{ "time": 0.6666, "name": null }
				]
			},
			"images/s1": {
				"color": [
					{ "time": 0, "color": "ffffffff", "curve": "stepped" },
					{
						"time": 0.3,
						"color": "ffffffff",
						"curve": [ 0.25, 0, 0.75, 1 ]
					},
					{ "time": 0.6666, "color": "ffffff00" }
				],
				"attachment": [
					{ "time": 0, "name": "images/s1" },
					{ "time": 0.6666, "name": "images/s1" }
				]
			},
			"images/wood_1": {
				"color": [
					{ "time": 0, "color": "ffffffff", "curve": "stepped" },
					{ "time": 0.6666, "color": "ffffffff" }
				],
				"attachment": [
					{ "time": 0, "name": null },
					{ "time": 0.6666, "name": null }
				]
			},
			"images/wood_3": {
				"color": [
					{ "time": 0, "color": "ffffffff", "curve": "stepped" },
					{ "time": 0.6666, "color": "ffffffff" }
				],
				"attachment": [
					{ "time": 0, "name": null },
					{ "time": 0.6666, "name": null }
				]
			},
			"images/wood_4": {
				"color": [
					{ "time": 0, "color": "ffffffff", "curve": "stepped" },
					{
						"time": 0.2333,
						"color": "ffffffff",
						"curve": [ 0.25, 0, 0.75, 1 ]
					},
					{ "time": 0.5666, "color": "ffffff00", "curve": "stepped" },
					{ "time": 0.6666, "color": "ffffff00" }
				],
				"attachment": [
					{ "time": 0, "name": "images/s5" },
					{ "time": 0.6666, "name": "images/s5" }
				]
			},
			"images/wood_6": {
				"color": [
					{ "time": 0, "color": "ffffffff", "curve": "stepped" },
					{ "time": 0.6666, "color": "ffffffff" }
				],
				"attachment": [
					{ "time": 0, "name": null },
					{ "time": 0.6666, "name": null }
				]
			},
			"images/wood_7": {
				"color": [
					{ "time": 0, "color": "ffffffff", "curve": "stepped" },
					{
						"time": 0.2666,
						"color": "ffffffff",
						"curve": [ 0.282, 0.85, 0.75, 1 ]
					},
					{ "time": 0.6666, "color": "ffffff00" }
				],
				"attachment": [
					{ "time": 0, "name": "images/s6" },
					{ "time": 0.6666, "name": "images/s6" }
				]
			},
			"images/wood_8": {
				"color": [
					{ "time": 0, "color": "ffffffff", "curve": "stepped" },
					{ "time": 0.6666, "color": "ffffffff" }
				],
				"attachment": [
					{ "time": 0, "name": null },
					{ "time": 0.6666, "name": null }
				]
			},
			"images/wood_13": {
				"color": [
					{ "time": 0, "color": "ffffffff", "curve": "stepped" },
					{ "time": 0.6666, "color": "ffffffff" }
				],
				"attachment": [
					{ "time": 0, "name": null },
					{ "time": 0.6666, "name": null }
				]
			},
			"images/wood_14": {
				"color": [
					{ "time": 0, "color": "ffffffff", "curve": "stepped" },
					{
						"time": 0.2333,
						"color": "ffffffff",
						"curve": [ 0.25, 0, 0.75, 1 ]
					},
					{ "time": 0.5666, "color": "ffffff00", "curve": "stepped" },
					{ "time": 0.6666, "color": "ffffff00" }
				],
				"attachment": [
					{ "time": 0, "name": "images/s3" },
					{ "time": 0.6666, "name": "images/s3" }
				]
			},
			"images/wood_17": {
				"color": [
					{ "time": 0, "color": "ffffffff", "curve": "stepped" },
					{ "time": 0.6666, "color": "ffffffff" }
				],
				"attachment": [
					{ "time": 0, "name": null },
					{ "time": 0.6666, "name": null }
				]
			}
		},
		"bones": {
			"root": {
				"rotate": [
					{ "time": 0, "angle": 0, "curve": "stepped" },
					{ "time": 0.6666, "angle": 0 }
				],
				"translate": [
					{ "time": 0, "x": 0, "y": 0, "curve": "stepped" },
					{ "time": 0.6666, "x": 0, "y": 0 }
				],
				"scale": [
					{ "time": 0, "x": 1, "y": 1, "curve": "stepped" },
					{ "time": 0.6666, "x": 1, "y": 1 }
				]
			},
			"bone": {
				"rotate": [
					{ "time": 0, "angle": 0, "curve": "stepped" },
					{ "time": 0.6666, "angle": 0 }
				],
				"translate": [
					{ "time": 0, "x": 0, "y": 0, "curve": "stepped" },
					{ "time": 0.6666, "x": 0, "y": 0 }
				],
				"scale": [
					{ "time": 0, "x": 1, "y": 1, "curve": "stepped" },
					{ "time": 0.6666, "x": 1, "y": 1 }
				]
			},
			"images/wood_10": {
				"rotate": [
					{
						"time": 0,
						"angle": 43.1,
						"curve": [ 0.25, 0, 0.75, 1 ]
					},
					{
						"time": 0.2333,
						"angle": 101.26,
						"curve": [ 0.25, 0, 0.75, 1 ]
					},
					{ "time": 0.5666, "angle": -156.28, "curve": "stepped" },
					{ "time": 0.6666, "angle": -156.28 }
				],
				"translate": [
					{
						"time": 0,
						"x": -843.2,
						"y": -115.33,
						"curve": [ 0.25, 0, 0.75, 1 ]
					},
					{
						"time": 0.2333,
						"x": -887.34,
						"y": -85.02,
						"curve": [ 0.25, 0, 0.75, 1 ]
					},
					{ "time": 0.5666, "x": -1027.18, "y": -224.62, "curve": "stepped" },
					{ "time": 0.6666, "x": -1027.18, "y": -224.62 }
				],
				"scale": [
					{ "time": 0, "x": 1, "y": 1, "curve": "stepped" },
					{ "time": 0.6666, "x": 1, "y": 1 }
				]
			},
			"images/s1": {
				"rotate": [
					{
						"time": 0,
						"angle": 14.72,
						"curve": [ 0.25, 0, 0.75, 1 ]
					},
					{
						"time": 0.3,
						"angle": 56.13,
						"curve": [ 0.25, 0, 0.75, 1 ]
					},
					{ "time": 0.6666, "angle": 105.22 }
				],
				"translate": [
					{
						"time": 0,
						"x": -591.89,
						"y": 103.67,
						"curve": [ 0.25, 0, 0.75, 1 ]
					},
					{
						"time": 0.3,
						"x": -639.04,
						"y": 153.92,
						"curve": [ 0.25, 0, 0.75, 1 ]
					},
					{ "time": 0.6666, "x": -692.26, "y": 80.85 }
				],
				"scale": [
					{ "time": 0, "x": 0.844, "y": 0.844, "curve": "stepped" },
					{ "time": 0.6666, "x": 0.844, "y": 0.844 }
				]
			},
			"images/wood_6": {
				"rotate": [
					{ "time": 0, "angle": -27.74, "curve": "stepped" },
					{ "time": 0.6666, "angle": -27.74 }
				],
				"translate": [
					{ "time": 0, "x": -435.04, "y": -4.17, "curve": "stepped" },
					{ "time": 0.6666, "x": -435.04, "y": -4.17 }
				],
				"scale": [
					{ "time": 0, "x": 1, "y": 1, "curve": "stepped" },
					{ "time": 0.6666, "x": 1, "y": 1 }
				]
			},
			"images/wood_7": {
				"rotate": [
					{ "time": 0, "angle": 145.25, "curve": "stepped" },
					{ "time": 0.6666, "angle": 145.25 }
				],
				"translate": [
					{ "time": 0, "x": -379.06, "y": -206.15, "curve": "stepped" },
					{ "time": 0.6666, "x": -379.06, "y": -206.15 }
				],
				"scale": [
					{ "time": 0, "x": 1.278, "y": 1.278, "curve": "stepped" },
					{ "time": 0.6666, "x": 1.278, "y": 1.278 }
				]
			},
			"images/wood_8": {
				"rotate": [
					{ "time": 0, "angle": 34.08, "curve": "stepped" },
					{ "time": 0.6666, "angle": 34.08 }
				],
				"translate": [
					{ "time": 0, "x": -468.27, "y": -19.73, "curve": "stepped" },
					{ "time": 0.6666, "x": -468.27, "y": -19.73 }
				],
				"scale": [
					{ "time": 0, "x": 0.757, "y": 0.757, "curve": "stepped" },
					{ "time": 0.6666, "x": 0.757, "y": 0.757 }
				]
			},
			"images/w6": {
				"rotate": [
					{
						"time": 0,
						"angle": -31.13,
						"curve": [ 0.25, 0, 0.75, 1 ]
					},
					{
						"time": 0.2666,
						"angle": 13.42,
						"curve": [ 0.282, 0.85, 0.75, 1 ]
					},
					{ "time": 0.6666, "angle": 76.04 }
				],
				"translate": [
					{
						"time": 0,
						"x": -786.32,
						"y": -184.18,
						"curve": [ 0.25, 0, 0.75, 1 ]
					},
					{
						"time": 0.2666,
						"x": -841.49,
						"y": -202.73,
						"curve": [ 0.282, 0.85, 0.75, 1 ]
					},
					{ "time": 0.6666, "x": -887.27, "y": -360.71 }
				],
				"scale": [
					{ "time": 0, "x": 1, "y": 1, "curve": "stepped" },
					{ "time": 0.6666, "x": 1, "y": 1 }
				]
			},
			"images/wood_13": {
				"rotate": [
					{ "time": 0, "angle": 144.9, "curve": "stepped" },
					{ "time": 0.6666, "angle": 144.9 }
				],
				"translate": [
					{ "time": 0, "x": -376.78, "y": 148.24, "curve": "stepped" },
					{ "time": 0.6666, "x": -376.78, "y": 148.24 }
				],
				"scale": [
					{ "time": 0, "x": 0.696, "y": 0.696, "curve": "stepped" },
					{ "time": 0.6666, "x": 0.696, "y": 0.696 }
				]
			},
			"images/wood_14": {
				"rotate": [
					{
						"time": 0,
						"angle": 32.01,
						"curve": [ 0.25, 0, 0.75, 1 ]
					},
					{
						"time": 0.2333,
						"angle": 57.73,
						"curve": [ 0.25, 0, 0.75, 1 ]
					},
					{ "time": 0.5666, "angle": 116.05, "curve": "stepped" },
					{ "time": 0.6666, "angle": 116.05 }
				],
				"translate": [
					{
						"time": 0,
						"x": -634.98,
						"y": -64.09,
						"curve": [ 0.25, 0, 0.75, 1 ]
					},
					{
						"time": 0.2333,
						"x": -679.35,
						"y": -15.04,
						"curve": [ 0.25, 0, 0.75, 1 ]
					},
					{ "time": 0.5666, "x": -748.47, "y": -117, "curve": "stepped" },
					{ "time": 0.6666, "x": -748.47, "y": -117 }
				],
				"scale": [
					{ "time": 0, "x": 0.649, "y": 0.649, "curve": "stepped" },
					{ "time": 0.6666, "x": 0.649, "y": 0.649 }
				]
			},
			"images/bird_stone_3": {
				"rotate": [
					{ "time": 0, "angle": 107.07, "curve": "stepped" },
					{ "time": 0.6666, "angle": 107.07 }
				],
				"translate": [
					{
						"time": 0,
						"x": -606.35,
						"y": 134.49,
						"curve": [ 0.25, 0, 0.75, 1 ]
					},
					{ "time": 0.4333, "x": -727.88, "y": 97.14, "curve": "stepped" },
					{ "time": 0.6666, "x": -727.88, "y": 97.14 }
				],
				"scale": [
					{
						"time": 0,
						"x": 1,
						"y": 1,
						"curve": [ 0.25, 0, 0.75, 1 ]
					},
					{ "time": 0.4333, "x": 0.2, "y": 0.39, "curve": "stepped" },
					{ "time": 0.6666, "x": 0.199, "y": 0.39 }
				]
			},
			"images/bird_stone_4": {
				"rotate": [
					{ "time": 0, "angle": -62.33, "curve": "stepped" },
					{ "time": 0.6666, "angle": -62.33 }
				],
				"translate": [
					{ "time": 0, "x": -293.73, "y": 232.73, "curve": "stepped" },
					{ "time": 0.6666, "x": -293.73, "y": 232.73 }
				],
				"scale": [
					{ "time": 0, "x": 1, "y": 1, "curve": "stepped" },
					{ "time": 0.6666, "x": 1, "y": 1 }
				]
			},
			"images/bird_stone_5": {
				"rotate": [
					{ "time": 0, "angle": 48.19, "curve": "stepped" },
					{ "time": 0.6666, "angle": 48.19 }
				],
				"translate": [
					{
						"time": 0,
						"x": -496.51,
						"y": 277.96,
						"curve": [ 0.25, 0, 0.75, 1 ]
					},
					{ "time": 0.4333, "x": -593.23, "y": 364.44, "curve": "stepped" },
					{ "time": 0.6666, "x": -593.23, "y": 364.44 }
				],
				"scale": [
					{
						"time": 0,
						"x": 1,
						"y": 1,
						"curve": [ 0.25, 0, 0.75, 1 ]
					},
					{ "time": 0.4333, "x": 0.2, "y": 0.39, "curve": "stepped" },
					{ "time": 0.6666, "x": 0.199, "y": 0.39 }
				]
			},
			"images/bird_stone_7": {
				"rotate": [
					{ "time": 0, "angle": -141.45, "curve": "stepped" },
					{ "time": 0.6666, "angle": -141.45 }
				],
				"translate": [
					{ "time": 0, "x": -257.65, "y": 65.43, "curve": "stepped" },
					{ "time": 0.6666, "x": -257.65, "y": 65.43 }
				],
				"scale": [
					{ "time": 0, "x": 1, "y": 1, "curve": "stepped" },
					{ "time": 0.6666, "x": 1, "y": 1 }
				]
			},
			"images/w7": {
				"rotate": [
					{ "time": 0, "angle": 0, "curve": "stepped" },
					{ "time": 0.6666, "angle": 0 }
				],
				"translate": [
					{ "time": 0, "x": -477.95, "y": 21.37, "curve": "stepped" },
					{ "time": 0.6666, "x": -477.95, "y": 21.37 }
				],
				"scale": [
					{ "time": 0, "x": 1, "y": 1, "curve": "stepped" },
					{ "time": 0.6666, "x": 1, "y": 1 }
				]
			},
			"bone2": {
				"rotate": [
					{ "time": 0, "angle": 0, "curve": "stepped" },
					{ "time": 0.6666, "angle": 0 }
				],
				"translate": [
					{ "time": 0, "x": -109.35, "y": 6.9, "curve": "stepped" },
					{ "time": 0.6666, "x": -109.35, "y": 6.9 }
				],
				"scale": [
					{ "time": 0, "x": 1, "y": 1, "curve": "stepped" },
					{ "time": 0.6666, "x": 1, "y": 1 }
				]
			},
			"bone4": {
				"rotate": [
					{ "time": 0, "angle": 0, "curve": "stepped" },
					{ "time": 0.6666, "angle": 0 }
				],
				"translate": [
					{ "time": 0, "x": 109.33, "y": 7.13, "curve": "stepped" },
					{ "time": 0.6666, "x": 109.33, "y": 7.13 }
				],
				"scale": [
					{ "time": 0, "x": 1, "y": 1, "curve": "stepped" },
					{ "time": 0.6666, "x": 1, "y": 1 }
				]
			},
			"images/wood_1": {
				"rotate": [
					{ "time": 0, "angle": 0, "curve": "stepped" },
					{ "time": 0.6666, "angle": 0 }
				],
				"translate": [
					{ "time": 0, "x": 0, "y": 0, "curve": "stepped" },
					{ "time": 0.6666, "x": 0, "y": 0 }
				],
				"scale": [
					{ "time": 0, "x": 1, "y": 1, "curve": "stepped" },
					{ "time": 0.6666, "x": 1, "y": 1 }
				]
			}
		},
		"drawOrder": [
			{ "time": 0 },
			{ "time": 0.6666 }
		]
	}
}
}