{
"skeleton": { "hash": "3D4iVX6pmectb26A/9W/HNZl/D8", "spine": "3.4.02", "width": 248.12, "height": 303.67, "images": "./picture/" },
"bones": [
	{ "name": "root" },
	{ "name": "root2", "parent": "root", "y": -359.32 },
	{ "name": "trophy_root", "parent": "root2", "length": 40, "rotation": 79.23, "x": 63.37, "y": 362.95 },
	{ "name": "cuplight", "parent": "trophy_root", "length": 120, "rotation": -0.59, "x": 33.2, "y": -1.1 },
	{ "name": "star", "parent": "cuplight", "rotation": 42.78, "x": 133.44, "y": -3.88 }
],
"slots": [
	{ "name": "light3", "bone": "trophy_root" },
	{ "name": "trophy", "bone": "trophy_root", "attachment": "eggtrophy/lv4" },
	{ "name": "cuplight", "bone": "cuplight", "blend": "additive" },
	{ "name": "star", "bone": "star" }
],
"skins": {
	"default": {
		"cuplight": {
			"light2": {
				"type": "mesh",
				"uvs": [ 1, 1, 0, 1, 0, 0, 1, 0 ],
				"triangles": [ 1, 2, 3, 1, 3, 0 ],
				"vertices": [ 125.72, -16.20999, 123.5, 16.7, 141.92, 17.95, 144.14, -14.97 ],
				"hull": 4,
				"edges": [ 0, 2, 2, 4, 4, 6, 0, 6 ],
				"width": 46,
				"height": 46
			}
		},
		"light3": {
			"light3": {
				"type": "mesh",
				"uvs": [ 1, 1, 0, 1, 0, 0, 1, 0 ],
				"triangles": [ 1, 2, 3, 1, 3, 0 ],
				"vertices": [ -40.25, -227.62, -113.45, 157.47, 274.59, 231.23, 347.79, -153.86 ],
				"hull": 4,
				"edges": [ 0, 2, 2, 4, 4, 6, 0, 6 ],
				"width": 196,
				"height": 198
			}
		},
		"star": {
			"star": { "x": 1.83, "y": 1.19, "rotation": -128.92, "width": 43, "height": 41 }
		},
		"trophy": {
			"eggtrophy/lv1": { "x": 97.66, "y": 4.85, "rotation": -87.34, "width": 197, "height": 209 },
			"eggtrophy/lv2": { "x": 127.08, "y": -1.88, "rotation": -82.82, "width": 193, "height": 256 },
			"eggtrophy/lv3": { "x": 130.12, "y": 0.63, "rotation": -92.26, "width": 204, "height": 274 },
			"eggtrophy/lv4": { "x": 120.2, "y": 2.82, "rotation": -88.95, "width": 205, "height": 273 },
			"trophy": { "x": 82.17, "y": -2.22, "rotation": -91.96, "width": 207, "height": 182 }
		}
	}
},
"animations": {
	"egglv1_appear": {
		"slots": {
			"cuplight": {
				"attachment": [
					{ "time": 0, "name": null },
					{ "time": 1.7333, "name": "light2" },
					{ "time": 2.5333, "name": null }
				]
			},
			"light3": {
				"attachment": [
					{ "time": 0, "name": null },
					{ "time": 1.5, "name": "light3" }
				]
			},
			"star": {
				"attachment": [
					{ "time": 0, "name": null },
					{ "time": 2.6333, "name": "star" },
					{ "time": 3.3, "name": null }
				]
			},
			"trophy": {
				"attachment": [
					{ "time": 0, "name": "eggtrophy/lv1" }
				]
			}
		},
		"bones": {
			"trophy_root": {
				"rotate": [
					{
						"time": 0,
						"angle": 2.56,
						"curve": [ 0, 0.29, 0.598, 0.99 ]
					},
					{
						"time": 1.5,
						"angle": -10.99,
						"curve": [ 0, 0, 0.549, 1 ]
					},
					{ "time": 1.7, "angle": 0 }
				],
				"translate": [
					{
						"time": 0,
						"x": -65.33,
						"y": -416.36,
						"curve": [ 0.014, 0.5, 0.091, 0.99 ]
					},
					{
						"time": 0.7,
						"x": -0.04,
						"y": 18.59,
						"curve": [ 0.387, 0, 1, 1 ]
					},
					{ "time": 1.5, "x": 0, "y": 0 }
				],
				"scale": [
					{
						"time": 0,
						"x": 0.402,
						"y": 0.402,
						"curve": [ 0.053, 0.58, 0.476, 1 ]
					},
					{ "time": 0.3333, "x": 1.196, "y": 1.196, "curve": "stepped" },
					{
						"time": 0.7,
						"x": 1.196,
						"y": 1.196,
						"curve": [ 0.796, 0, 1, 0.65 ]
					},
					{
						"time": 1.5,
						"x": 1,
						"y": 1,
						"curve": [ 0, 0, 0.549, 1 ]
					},
					{
						"time": 1.7,
						"x": 0.951,
						"y": 1.052,
						"curve": [ 0.25, 0, 0.75, 1 ]
					},
					{ "time": 1.9333, "x": 1, "y": 1 }
				]
			},
			"cuplight": {
				"rotate": [
					{ "time": 0, "angle": 10.33 }
				],
				"translate": [
					{ "time": 0, "x": 0, "y": 0 }
				],
				"scale": [
					{ "time": 0, "x": 1, "y": 1 }
				]
			},
			"star": {
				"rotate": [
					{ "time": 0, "angle": 7.67, "curve": "stepped" },
					{
						"time": 2.6333,
						"angle": 7.67,
						"curve": [ 0.25, 0, 1, 1 ]
					},
					{
						"time": 2.8333,
						"angle": -14.98,
						"curve": [ 0, 0, 0.75, 1 ]
					},
					{ "time": 3.3, "angle": -42.95 }
				],
				"translate": [
					{ "time": 0, "x": -76.74, "y": -56.84 }
				],
				"scale": [
					{ "time": 0, "x": 0.468, "y": 0.468, "curve": "stepped" },
					{
						"time": 2.6333,
						"x": 0.468,
						"y": 0.468,
						"curve": [ 0, 0, 0.75, 1 ]
					},
					{
						"time": 2.8333,
						"x": 1.381,
						"y": 1.326,
						"curve": [ 0.25, 0, 1, 1 ]
					},
					{ "time": 3.3, "x": 0.364, "y": 0.35 }
				]
			},
			"root2": {
				"rotate": [
					{ "time": 0, "angle": 0 }
				],
				"translate": [
					{ "time": 0, "x": 0, "y": 0 }
				],
				"scale": [
					{ "time": 0, "x": 1, "y": 1 }
				]
			}
		},
		"deform": {
			"default": {
				"cuplight": {
					"light2": [
						{
							"time": 0,
							"vertices": [ -83.87075, 10.26569, -76.37076, -2.90184, -83.73731, -7.09775, -91.23734, 6.06984 ],
							"curve": "stepped"
						},
						{
							"time": 1.7333,
							"vertices": [ -83.87075, 10.26569, -76.37076, -2.90184, -83.73731, -7.09775, -91.23734, 6.06984 ],
							"curve": [ 0.498, 0, 0.444, 1 ]
						},
						{
							"time": 2,
							"vertices": [ -95.21579, -46.52588, -89.89592, -25.89263, -75.86165, -29.36933, -81.18142, -50.00258 ],
							"curve": [ 0.539, 0, 0.573, 1 ]
						},
						{
							"time": 2.5333,
							"vertices": [ -74.35547, -48.02096, -75.88431, -68.75352, -87.61142, -67.91959, -86.08246, -47.18681 ]
						}
					]
				},
				"light3": {
					"light3": [
						{
							"time": 0,
							"vertices": [ 61.2288, 89.23563, 89.69983, -60.5467, -61.2288, -89.23563, -89.69981, 60.54675 ],
							"curve": "stepped"
						},
						{
							"time": 1.5,
							"vertices": [ 61.2288, 89.23563, 89.69983, -60.5467, -61.2288, -89.23563, -89.69981, 60.54675 ],
							"curve": [ 0, 0, 0.549, 1 ]
						},
						{
							"time": 1.7,
							"vertices": [ -34.28931, -49.97361, -50.23362, 33.90731, 34.28934, 49.97368, 50.23361, -33.90734 ],
							"curve": [ 0.25, 0, 0.75, 1 ]
						},
						{ "time": 1.9333 }
					]
				}
			}
		},
		"drawOrder": [
			{ "time": 0 }
		]
	},
	"egglv1_loop": {
		"slots": {
			"cuplight": {
				"attachment": [
					{ "time": 0, "name": null },
					{ "time": 4.8333, "name": "light2" },
					{ "time": 5.9, "name": null }
				]
			},
			"star": {
				"attachment": [
					{ "time": 0, "name": null },
					{ "time": 6, "name": "star" },
					{ "time": 6.6666, "name": null }
				]
			},
			"trophy": {
				"attachment": [
					{ "time": 0, "name": "eggtrophy/lv1" }
				]
			}
		},
		"bones": {
			"trophy_root": {
				"rotate": [
					{ "time": 0, "angle": 0 }
				],
				"translate": [
					{ "time": 0, "x": 0, "y": 0 }
				],
				"scale": [
					{ "time": 0, "x": 1, "y": 1 }
				]
			},
			"cuplight": {
				"rotate": [
					{ "time": 0, "angle": 10.33 }
				],
				"translate": [
					{ "time": 0, "x": 0, "y": 0 }
				],
				"scale": [
					{ "time": 0, "x": 1, "y": 1 }
				]
			},
			"star": {
				"rotate": [
					{ "time": 0, "angle": 7.67, "curve": "stepped" },
					{
						"time": 6,
						"angle": 7.67,
						"curve": [ 0.25, 0, 1, 1 ]
					},
					{
						"time": 6.2,
						"angle": -14.98,
						"curve": [ 0, 0, 0.75, 1 ]
					},
					{ "time": 6.6666, "angle": -42.95 }
				],
				"translate": [
					{ "time": 0, "x": -76.74, "y": -56.84 }
				],
				"scale": [
					{ "time": 0, "x": 0.468, "y": 0.468, "curve": "stepped" },
					{
						"time": 6,
						"x": 0.468,
						"y": 0.468,
						"curve": [ 0, 0, 0.75, 1 ]
					},
					{
						"time": 6.2,
						"x": 1.381,
						"y": 1.326,
						"curve": [ 0.25, 0, 1, 1 ]
					},
					{ "time": 6.6666, "x": 0.364, "y": 0.35 }
				]
			},
			"root2": {
				"rotate": [
					{ "time": 0, "angle": 0 }
				],
				"translate": [
					{ "time": 0, "x": 0, "y": 0 }
				],
				"scale": [
					{ "time": 0, "x": 1, "y": 1 }
				]
			}
		},
		"deform": {
			"default": {
				"cuplight": {
					"light2": [
						{
							"time": 0,
							"vertices": [ -83.87075, 10.26569, -76.37076, -2.90184, -83.73731, -7.09775, -91.23734, 6.06984 ],
							"curve": "stepped"
						},
						{
							"time": 4.8333,
							"vertices": [ -83.87075, 10.26569, -76.37076, -2.90184, -83.73731, -7.09775, -91.23734, 6.06984 ],
							"curve": [ 0.498, 0, 0.444, 1 ]
						},
						{
							"time": 5.3666,
							"vertices": [ -95.21579, -46.52588, -89.89592, -25.89263, -75.86165, -29.36933, -81.18142, -50.00258 ],
							"curve": [ 0.539, 0, 0.573, 1 ]
						},
						{
							"time": 5.9,
							"vertices": [ -74.35547, -48.02096, -75.88431, -68.75352, -87.61142, -67.91959, -86.08246, -47.18681 ]
						}
					]
				}
			}
		},
		"drawOrder": [
			{ "time": 0 }
		]
	},
	"egglv2_appear": {
		"slots": {
			"cuplight": {
				"attachment": [
					{ "time": 0, "name": null },
					{ "time": 1.7333, "name": "light2" },
					{ "time": 2.5333, "name": null }
				]
			},
			"light3": {
				"attachment": [
					{ "time": 0, "name": null },
					{ "time": 1.5, "name": "light3" }
				]
			},
			"star": {
				"attachment": [
					{ "time": 0, "name": null },
					{ "time": 2.6333, "name": "star" },
					{ "time": 3.3, "name": null }
				]
			},
			"trophy": {
				"attachment": [
					{ "time": 0, "name": "eggtrophy/lv2" }
				]
			}
		},
		"bones": {
			"trophy_root": {
				"rotate": [
					{
						"time": 0,
						"angle": 2.56,
						"curve": [ 0, 0.29, 0.598, 0.99 ]
					},
					{
						"time": 1.5,
						"angle": -10.99,
						"curve": [ 0, 0, 0.549, 1 ]
					},
					{ "time": 1.7, "angle": 0 }
				],
				"translate": [
					{
						"time": 0,
						"x": -65.33,
						"y": -416.36,
						"curve": [ 0.014, 0.5, 0.091, 0.99 ]
					},
					{
						"time": 0.7,
						"x": -0.04,
						"y": 18.59,
						"curve": [ 0.387, 0, 1, 1 ]
					},
					{ "time": 1.5, "x": 0, "y": 0 }
				],
				"scale": [
					{
						"time": 0,
						"x": 0.402,
						"y": 0.402,
						"curve": [ 0.053, 0.58, 0.476, 1 ]
					},
					{ "time": 0.3333, "x": 1.196, "y": 1.196, "curve": "stepped" },
					{
						"time": 0.7,
						"x": 1.196,
						"y": 1.196,
						"curve": [ 0.796, 0, 1, 0.65 ]
					},
					{
						"time": 1.5,
						"x": 1,
						"y": 1,
						"curve": [ 0, 0, 0.549, 1 ]
					},
					{
						"time": 1.7,
						"x": 0.951,
						"y": 1.052,
						"curve": [ 0.25, 0, 0.75, 1 ]
					},
					{ "time": 1.9333, "x": 1, "y": 1 }
				]
			},
			"cuplight": {
				"rotate": [
					{ "time": 0, "angle": 10.33 }
				],
				"translate": [
					{ "time": 0, "x": 0, "y": 0 }
				],
				"scale": [
					{ "time": 0, "x": 1, "y": 1 }
				]
			},
			"star": {
				"rotate": [
					{ "time": 0, "angle": 7.67, "curve": "stepped" },
					{
						"time": 2.6333,
						"angle": 7.67,
						"curve": [ 0.25, 0, 1, 1 ]
					},
					{
						"time": 2.8333,
						"angle": -14.98,
						"curve": [ 0, 0, 0.75, 1 ]
					},
					{ "time": 3.3, "angle": -42.95 }
				],
				"translate": [
					{ "time": 0, "x": -16.4, "y": -59.61 }
				],
				"scale": [
					{ "time": 0, "x": 0.468, "y": 0.468, "curve": "stepped" },
					{
						"time": 2.6333,
						"x": 0.468,
						"y": 0.468,
						"curve": [ 0, 0, 0.75, 1 ]
					},
					{
						"time": 2.8333,
						"x": 1.381,
						"y": 1.326,
						"curve": [ 0.25, 0, 1, 1 ]
					},
					{ "time": 3.3, "x": 0.364, "y": 0.35 }
				]
			},
			"root2": {
				"rotate": [
					{ "time": 0, "angle": 0 }
				],
				"translate": [
					{ "time": 0, "x": 0, "y": 0 }
				],
				"scale": [
					{ "time": 0, "x": 1, "y": 1 }
				]
			}
		},
		"deform": {
			"default": {
				"cuplight": {
					"light2": [
						{
							"time": 0,
							"vertices": [ 0.10062, -2.71812, 7.6006, -15.88566, 0.23406, -20.08157, -7.26596, -6.91397 ],
							"curve": "stepped"
						},
						{
							"time": 1.7333,
							"vertices": [ 0.10062, -2.71812, 7.6006, -15.88566, 0.23406, -20.08157, -7.26596, -6.91397 ],
							"curve": [ 0.498, 0, 0.444, 1 ]
						},
						{
							"time": 2,
							"vertices": [ -23.12601, -44.86926, -4.64072, -26.66982, 7.83058, -38.11315, -10.65461, -56.31262 ],
							"curve": [ 0.539, 0, 0.573, 1 ]
						},
						{
							"time": 2.5333,
							"vertices": [ -12.75291, -48.64198, -5.61405, -69.79312, -17.55938, -73.72133, -24.69802, -52.57026 ]
						}
					]
				},
				"light3": {
					"light3": [
						{
							"time": 0,
							"vertices": [ 61.2288, 89.23563, 89.69983, -60.5467, -61.2288, -89.23563, -89.69981, 60.54675 ],
							"curve": "stepped"
						},
						{
							"time": 1.5,
							"vertices": [ 61.2288, 89.23563, 89.69983, -60.5467, -61.2288, -89.23563, -89.69981, 60.54675 ],
							"curve": [ 0, 0, 0.549, 1 ]
						},
						{
							"time": 1.7,
							"vertices": [ -34.28931, -49.97361, -50.23362, 33.90731, 34.28934, 49.97368, 50.23361, -33.90734 ],
							"curve": [ 0.25, 0, 0.75, 1 ]
						},
						{ "time": 1.9333 }
					]
				}
			}
		},
		"drawOrder": [
			{ "time": 0 }
		]
	},
	"egglv2_loop": {
		"slots": {
			"cuplight": {
				"attachment": [
					{ "time": 0, "name": null },
					{ "time": 4.8333, "name": "light2" },
					{ "time": 5.9, "name": null }
				]
			},
			"light3": {
				"attachment": [
					{ "time": 0, "name": "light3" }
				]
			},
			"star": {
				"attachment": [
					{ "time": 0, "name": null },
					{ "time": 6, "name": "star" },
					{ "time": 6.6666, "name": null }
				]
			},
			"trophy": {
				"attachment": [
					{ "time": 0, "name": "eggtrophy/lv2" }
				]
			}
		},
		"bones": {
			"trophy_root": {
				"rotate": [
					{ "time": 0, "angle": 0 }
				],
				"translate": [
					{ "time": 0, "x": 0, "y": 0 }
				],
				"scale": [
					{ "time": 0, "x": 1, "y": 1 }
				]
			},
			"cuplight": {
				"rotate": [
					{ "time": 0, "angle": 10.33 }
				],
				"translate": [
					{ "time": 0, "x": 0, "y": 0 }
				],
				"scale": [
					{ "time": 0, "x": 1, "y": 1 }
				]
			},
			"star": {
				"rotate": [
					{ "time": 0, "angle": 7.67, "curve": "stepped" },
					{
						"time": 6,
						"angle": 7.67,
						"curve": [ 0.25, 0, 1, 1 ]
					},
					{
						"time": 6.2,
						"angle": -14.98,
						"curve": [ 0, 0, 0.75, 1 ]
					},
					{ "time": 6.6666, "angle": -42.95 }
				],
				"translate": [
					{ "time": 0, "x": -76.74, "y": -56.84 }
				],
				"scale": [
					{ "time": 0, "x": 0.468, "y": 0.468, "curve": "stepped" },
					{
						"time": 6,
						"x": 0.468,
						"y": 0.468,
						"curve": [ 0, 0, 0.75, 1 ]
					},
					{
						"time": 6.2,
						"x": 1.381,
						"y": 1.326,
						"curve": [ 0.25, 0, 1, 1 ]
					},
					{ "time": 6.6666, "x": 0.364, "y": 0.35 }
				]
			},
			"root2": {
				"rotate": [
					{ "time": 0, "angle": 0 }
				],
				"translate": [
					{ "time": 0, "x": 0, "y": 0 }
				],
				"scale": [
					{ "time": 0, "x": 1, "y": 1 }
				]
			}
		},
		"deform": {
			"default": {
				"cuplight": {
					"light2": [
						{
							"time": 0,
							"vertices": [ 0.10062, -2.71812, 7.6006, -15.88566, 0.23406, -20.08157, -7.26596, -6.91397 ],
							"curve": "stepped"
						},
						{
							"time": 4.8333,
							"vertices": [ 0.10062, -2.71812, 7.6006, -15.88566, 0.23406, -20.08157, -7.26596, -6.91397 ],
							"curve": [ 0.498, 0, 0.444, 1 ]
						},
						{
							"time": 5.3666,
							"vertices": [ -23.12601, -44.86926, -4.64072, -26.66982, 7.83058, -38.11315, -10.65461, -56.31262 ],
							"curve": [ 0.539, 0, 0.573, 1 ]
						},
						{
							"time": 5.9,
							"vertices": [ -12.75291, -48.64198, -5.61405, -69.79312, -17.55938, -73.72133, -24.69802, -52.57026 ]
						}
					]
				}
			}
		},
		"drawOrder": [
			{ "time": 0 }
		]
	},
	"egglv3_appear": {
		"slots": {
			"cuplight": {
				"attachment": [
					{ "time": 0, "name": null },
					{ "time": 1.7333, "name": "light2" },
					{ "time": 2.5333, "name": null }
				]
			},
			"light3": {
				"attachment": [
					{ "time": 0, "name": null },
					{ "time": 1.5, "name": "light3" }
				]
			},
			"star": {
				"attachment": [
					{ "time": 0, "name": null },
					{ "time": 2.6333, "name": "star" },
					{ "time": 3.3, "name": null }
				]
			},
			"trophy": {
				"attachment": [
					{ "time": 0, "name": "eggtrophy/lv3" }
				]
			}
		},
		"bones": {
			"trophy_root": {
				"rotate": [
					{
						"time": 0,
						"angle": 2.56,
						"curve": [ 0, 0.29, 0.598, 0.99 ]
					},
					{
						"time": 1.5,
						"angle": -10.99,
						"curve": [ 0, 0, 0.549, 1 ]
					},
					{ "time": 1.7, "angle": 0 }
				],
				"translate": [
					{
						"time": 0,
						"x": -65.33,
						"y": -416.36,
						"curve": [ 0.014, 0.5, 0.091, 0.99 ]
					},
					{
						"time": 0.7,
						"x": -0.04,
						"y": 18.59,
						"curve": [ 0.387, 0, 1, 1 ]
					},
					{ "time": 1.5, "x": 0, "y": 0 }
				],
				"scale": [
					{
						"time": 0,
						"x": 0.402,
						"y": 0.402,
						"curve": [ 0.053, 0.58, 0.476, 1 ]
					},
					{ "time": 0.3333, "x": 1.196, "y": 1.196, "curve": "stepped" },
					{
						"time": 0.7,
						"x": 1.196,
						"y": 1.196,
						"curve": [ 0.796, 0, 1, 0.65 ]
					},
					{
						"time": 1.5,
						"x": 1,
						"y": 1,
						"curve": [ 0, 0, 0.549, 1 ]
					},
					{
						"time": 1.7,
						"x": 0.951,
						"y": 1.052,
						"curve": [ 0.25, 0, 0.75, 1 ]
					},
					{ "time": 1.9333, "x": 1, "y": 1 }
				]
			},
			"cuplight": {
				"rotate": [
					{ "time": 0, "angle": 10.33 }
				],
				"translate": [
					{ "time": 0, "x": 0, "y": 0 }
				],
				"scale": [
					{ "time": 0, "x": 1, "y": 1 }
				]
			},
			"star": {
				"rotate": [
					{ "time": 0, "angle": 7.67, "curve": "stepped" },
					{
						"time": 2.6333,
						"angle": 7.67,
						"curve": [ 0.25, 0, 1, 1 ]
					},
					{
						"time": 2.8333,
						"angle": -14.98,
						"curve": [ 0, 0, 0.75, 1 ]
					},
					{ "time": 3.3, "angle": -42.95 }
				],
				"translate": [
					{ "time": 0, "x": 4.86, "y": -70.64 }
				],
				"scale": [
					{ "time": 0, "x": 0.468, "y": 0.468, "curve": "stepped" },
					{
						"time": 2.6333,
						"x": 0.468,
						"y": 0.468,
						"curve": [ 0, 0, 0.75, 1 ]
					},
					{
						"time": 2.8333,
						"x": 1.381,
						"y": 1.326,
						"curve": [ 0.25, 0, 1, 1 ]
					},
					{ "time": 3.3, "x": 0.364, "y": 0.35 }
				]
			},
			"root2": {
				"rotate": [
					{ "time": 0, "angle": 0 }
				],
				"translate": [
					{ "time": 0, "x": 0, "y": 0 }
				],
				"scale": [
					{ "time": 0, "x": 1, "y": 1 }
				]
			}
		},
		"deform": {
			"default": {
				"cuplight": {
					"light2": [
						{
							"time": 0,
							"vertices": [ 19.03759, -10.30736, 21.6624, -22.74081, 14.70651, -24.20928, 12.08167, -11.77573 ],
							"curve": "stepped"
						},
						{
							"time": 1.7333,
							"vertices": [ 19.03759, -10.30736, 21.6624, -22.74081, 14.70651, -24.20928, 12.08167, -11.77573 ],
							"curve": [ 0.498, 0, 0.444, 1 ]
						},
						{
							"time": 2,
							"vertices": [ -3.50641, -51.24568, 21.22882, -35.04588, 32.44617, -50.2655, 7.71111, -66.46529 ],
							"curve": [ 0.539, 0, 0.573, 1 ]
						},
						{
							"time": 2.5333,
							"vertices": [ 5.61927, -61.09763, 13.53525, -82.58565, 1.40599, -86.94123, -6.5099, -65.45347 ]
						}
					]
				},
				"light3": {
					"light3": [
						{
							"time": 0,
							"vertices": [ 61.2288, 89.23563, 89.69983, -60.5467, -61.2288, -89.23563, -89.69981, 60.54675 ],
							"curve": "stepped"
						},
						{
							"time": 1.5,
							"vertices": [ 61.2288, 89.23563, 89.69983, -60.5467, -61.2288, -89.23563, -89.69981, 60.54675 ],
							"curve": [ 0, 0, 0.549, 1 ]
						},
						{
							"time": 1.7,
							"vertices": [ -34.28931, -49.97361, -50.23362, 33.90731, 34.28934, 49.97368, 50.23361, -33.90734 ],
							"curve": [ 0.25, 0, 0.75, 1 ]
						},
						{ "time": 1.9333 }
					]
				}
			}
		},
		"drawOrder": [
			{ "time": 0 }
		]
	},
	"egglv3_loop": {
		"slots": {
			"cuplight": {
				"attachment": [
					{ "time": 0, "name": null },
					{ "time": 4.8333, "name": "light2" },
					{ "time": 5.9, "name": null }
				]
			},
			"star": {
				"attachment": [
					{ "time": 0, "name": null },
					{ "time": 6, "name": "star" },
					{ "time": 6.6666, "name": null }
				]
			},
			"trophy": {
				"attachment": [
					{ "time": 0, "name": "eggtrophy/lv3" }
				]
			}
		},
		"bones": {
			"trophy_root": {
				"rotate": [
					{ "time": 0, "angle": 0 }
				],
				"translate": [
					{ "time": 0, "x": 0, "y": 0 }
				],
				"scale": [
					{ "time": 0, "x": 1, "y": 1 }
				]
			},
			"cuplight": {
				"rotate": [
					{ "time": 0, "angle": 10.33 }
				],
				"translate": [
					{ "time": 0, "x": 0, "y": 0 }
				],
				"scale": [
					{ "time": 0, "x": 1, "y": 1 }
				]
			},
			"star": {
				"rotate": [
					{ "time": 0, "angle": 7.67, "curve": "stepped" },
					{
						"time": 6,
						"angle": 7.67,
						"curve": [ 0.25, 0, 1, 1 ]
					},
					{
						"time": 6.2,
						"angle": -14.98,
						"curve": [ 0, 0, 0.75, 1 ]
					},
					{ "time": 6.6666, "angle": -42.95 }
				],
				"translate": [
					{ "time": 0, "x": 4.86, "y": -70.64 }
				],
				"scale": [
					{ "time": 0, "x": 0.468, "y": 0.468, "curve": "stepped" },
					{
						"time": 6,
						"x": 0.468,
						"y": 0.468,
						"curve": [ 0, 0, 0.75, 1 ]
					},
					{
						"time": 6.2,
						"x": 1.381,
						"y": 1.326,
						"curve": [ 0.25, 0, 1, 1 ]
					},
					{ "time": 6.6666, "x": 0.364, "y": 0.35 }
				]
			},
			"root2": {
				"rotate": [
					{ "time": 0, "angle": 0 }
				],
				"translate": [
					{ "time": 0, "x": 0, "y": 0 }
				],
				"scale": [
					{ "time": 0, "x": 1, "y": 1 }
				]
			}
		},
		"deform": {
			"default": {
				"cuplight": {
					"light2": [
						{
							"time": 0,
							"vertices": [ 19.03759, -10.30736, 21.6624, -22.74081, 14.70651, -24.20928, 12.08167, -11.77573 ],
							"curve": "stepped"
						},
						{
							"time": 4.8333,
							"vertices": [ 19.03759, -10.30736, 21.6624, -22.74081, 14.70651, -24.20928, 12.08167, -11.77573 ],
							"curve": [ 0.498, 0, 0.444, 1 ]
						},
						{
							"time": 5.3666,
							"vertices": [ -3.50641, -51.24568, 21.22882, -35.04588, 32.44617, -50.2655, 7.71111, -66.46529 ],
							"curve": [ 0.539, 0, 0.573, 1 ]
						},
						{
							"time": 5.9,
							"vertices": [ 5.61927, -61.09763, 13.53525, -82.58565, 1.40599, -86.94123, -6.5099, -65.45347 ]
						}
					]
				}
			}
		},
		"drawOrder": [
			{ "time": 0 }
		]
	},
	"egglv4_appear": {
		"slots": {
			"cuplight": {
				"attachment": [
					{ "time": 0, "name": null },
					{ "time": 1.7333, "name": "light2" },
					{ "time": 2.5333, "name": null }
				]
			},
			"light3": {
				"attachment": [
					{ "time": 0, "name": null },
					{ "time": 1.5, "name": "light3" }
				]
			},
			"star": {
				"attachment": [
					{ "time": 0, "name": null },
					{ "time": 2.6333, "name": "star" },
					{ "time": 3.3, "name": null }
				]
			},
			"trophy": {
				"attachment": [
					{ "time": 0, "name": "eggtrophy/lv4" }
				]
			}
		},
		"bones": {
			"trophy_root": {
				"rotate": [
					{
						"time": 0,
						"angle": 2.56,
						"curve": [ 0, 0.29, 0.598, 0.99 ]
					},
					{
						"time": 1.5,
						"angle": -10.99,
						"curve": [ 0, 0, 0.549, 1 ]
					},
					{ "time": 1.7, "angle": 0 }
				],
				"translate": [
					{
						"time": 0,
						"x": -65.33,
						"y": -416.36,
						"curve": [ 0.014, 0.5, 0.091, 0.99 ]
					},
					{
						"time": 0.7,
						"x": -0.04,
						"y": 18.59,
						"curve": [ 0.387, 0, 1, 1 ]
					},
					{ "time": 1.5, "x": 0, "y": 0 }
				],
				"scale": [
					{
						"time": 0,
						"x": 0.402,
						"y": 0.402,
						"curve": [ 0.053, 0.58, 0.476, 1 ]
					},
					{ "time": 0.3333, "x": 1.196, "y": 1.196, "curve": "stepped" },
					{
						"time": 0.7,
						"x": 1.196,
						"y": 1.196,
						"curve": [ 0.796, 0, 1, 0.65 ]
					},
					{
						"time": 1.5,
						"x": 1,
						"y": 1,
						"curve": [ 0, 0, 0.549, 1 ]
					},
					{
						"time": 1.7,
						"x": 0.951,
						"y": 1.052,
						"curve": [ 0.25, 0, 0.75, 1 ]
					},
					{ "time": 1.9333, "x": 1, "y": 1 }
				]
			},
			"cuplight": {
				"rotate": [
					{ "time": 0, "angle": 10.33 }
				],
				"translate": [
					{ "time": 0, "x": 0, "y": 0 }
				],
				"scale": [
					{ "time": 0, "x": 1, "y": 1 }
				]
			},
			"star": {
				"rotate": [
					{ "time": 0, "angle": 7.67, "curve": "stepped" },
					{
						"time": 2.6333,
						"angle": 7.67,
						"curve": [ 0.25, 0, 1, 1 ]
					},
					{
						"time": 2.8333,
						"angle": -14.98,
						"curve": [ 0, 0, 0.75, 1 ]
					},
					{ "time": 3.3, "angle": -42.95 }
				],
				"translate": [
					{ "time": 0, "x": 34.32, "y": -42.29 }
				],
				"scale": [
					{ "time": 0, "x": 0.468, "y": 0.468, "curve": "stepped" },
					{
						"time": 2.6333,
						"x": 0.468,
						"y": 0.468,
						"curve": [ 0, 0, 0.75, 1 ]
					},
					{
						"time": 2.8333,
						"x": 1.381,
						"y": 1.326,
						"curve": [ 0.25, 0, 1, 1 ]
					},
					{ "time": 3.3, "x": 0.364, "y": 0.35 }
				]
			},
			"root2": {
				"rotate": [
					{ "time": 0, "angle": 0 }
				],
				"translate": [
					{ "time": 0, "x": 0, "y": 0 }
				],
				"scale": [
					{ "time": 0, "x": 1, "y": 1 }
				]
			}
		},
		"deform": {
			"default": {
				"cuplight": {
					"light2": [
						{
							"time": 0,
							"vertices": [ -41.66869, -38.823, -39.04388, -51.25644, -32.80444, -54.48861, -35.42928, -42.05505 ],
							"curve": "stepped"
						},
						{
							"time": 1.7333,
							"vertices": [ -41.66869, -38.823, -39.04388, -51.25644, -32.80444, -54.48861, -35.42928, -42.05505 ],
							"curve": [ 0.25, 0, 1, 1 ]
						},
						{
							"time": 2,
							"vertices": [ -27.46936, -67.71875, -25.09302, -30.93067, 28.28782, -29.73806, 25.91174, -66.52606 ],
							"curve": [ 0, 0, 0.75, 1 ]
						},
						{
							"time": 2.5333,
							"vertices": [ 37.17362, -36.50695, 34.69857, -57.51714, 27.81396, -54.44941, 30.28925, -33.43929 ]
						}
					]
				},
				"light3": {
					"light3": [
						{
							"time": 0,
							"vertices": [ 61.2288, 89.23563, 89.69983, -60.5467, -61.2288, -89.23563, -89.69981, 60.54675 ],
							"curve": "stepped"
						},
						{
							"time": 1.5,
							"vertices": [ 61.2288, 89.23563, 89.69983, -60.5467, -61.2288, -89.23563, -89.69981, 60.54675 ],
							"curve": [ 0, 0, 0.549, 1 ]
						},
						{
							"time": 1.7,
							"vertices": [ -34.28931, -49.97361, -50.23362, 33.90731, 34.28934, 49.97368, 50.23361, -33.90734 ],
							"curve": [ 0.25, 0, 0.75, 1 ]
						},
						{ "time": 1.9333 }
					]
				}
			}
		},
		"drawOrder": [
			{ "time": 0 }
		]
	},
	"egglv4_loop": {
		"slots": {
			"cuplight": {
				"attachment": [
					{ "time": 0, "name": null },
					{ "time": 4.8333, "name": "light2" },
					{ "time": 5.9, "name": null }
				]
			},
			"light3": {
				"attachment": [
					{ "time": 0, "name": "light3" }
				]
			},
			"star": {
				"attachment": [
					{ "time": 0, "name": null },
					{ "time": 6, "name": "star" },
					{ "time": 6.6666, "name": null }
				]
			},
			"trophy": {
				"attachment": [
					{ "time": 0, "name": "eggtrophy/lv4" }
				]
			}
		},
		"bones": {
			"trophy_root": {
				"rotate": [
					{ "time": 0, "angle": 0 }
				],
				"translate": [
					{ "time": 0, "x": 0, "y": 0 }
				],
				"scale": [
					{ "time": 0, "x": 1, "y": 1 }
				]
			},
			"cuplight": {
				"rotate": [
					{ "time": 0, "angle": 10.33 }
				],
				"translate": [
					{ "time": 0, "x": 0, "y": 0 }
				],
				"scale": [
					{ "time": 0, "x": 1, "y": 1 }
				]
			},
			"star": {
				"rotate": [
					{ "time": 0, "angle": 7.67, "curve": "stepped" },
					{
						"time": 6,
						"angle": 7.67,
						"curve": [ 0.25, 0, 1, 1 ]
					},
					{
						"time": 6.2,
						"angle": -14.98,
						"curve": [ 0, 0, 0.75, 1 ]
					},
					{ "time": 6.6666, "angle": -42.95 }
				],
				"translate": [
					{ "time": 0, "x": 34.32, "y": -42.29 }
				],
				"scale": [
					{ "time": 0, "x": 0.468, "y": 0.468, "curve": "stepped" },
					{
						"time": 6,
						"x": 0.468,
						"y": 0.468,
						"curve": [ 0, 0, 0.75, 1 ]
					},
					{
						"time": 6.2,
						"x": 1.381,
						"y": 1.326,
						"curve": [ 0.25, 0, 1, 1 ]
					},
					{ "time": 6.6666, "x": 0.364, "y": 0.35 }
				]
			},
			"root2": {
				"rotate": [
					{ "time": 0, "angle": 0 }
				],
				"translate": [
					{ "time": 0, "x": 0, "y": 0 }
				],
				"scale": [
					{ "time": 0, "x": 1, "y": 1 }
				]
			}
		},
		"deform": {
			"default": {
				"cuplight": {
					"light2": [
						{
							"time": 0,
							"vertices": [ -41.66869, -38.823, -39.04388, -51.25644, -32.80444, -54.48861, -35.42928, -42.05505 ],
							"curve": "stepped"
						},
						{
							"time": 4.8333,
							"vertices": [ -41.66869, -38.823, -39.04388, -51.25644, -32.80444, -54.48861, -35.42928, -42.05505 ],
							"curve": [ 0.25, 0, 1, 1 ]
						},
						{
							"time": 5.3333,
							"vertices": [ -27.46936, -67.71875, -25.09302, -30.93067, 28.28782, -29.73806, 25.91174, -66.52606 ],
							"curve": [ 0, 0, 0.75, 1 ]
						},
						{
							"time": 5.9,
							"vertices": [ 37.17362, -36.50695, 34.69857, -57.51714, 27.81396, -54.44941, 30.28925, -33.43929 ]
						}
					]
				},
				"light3": {
					"light3": [
						{ "time": 0 }
					]
				}
			}
		},
		"drawOrder": [
			{ "time": 0 }
		]
	},
	"lucky_appear": {
		"slots": {
			"cuplight": {
				"attachment": [
					{ "time": 0, "name": null },
					{ "time": 1.7333, "name": "light2" },
					{ "time": 2.5333, "name": null }
				]
			},
			"light3": {
				"attachment": [
					{ "time": 0, "name": null }
				]
			},
			"star": {
				"attachment": [
					{ "time": 0, "name": null },
					{ "time": 2.6333, "name": "star" },
					{ "time": 3.3, "name": null }
				]
			},
			"trophy": {
				"attachment": [
					{ "time": 0, "name": "trophy" }
				]
			}
		},
		"bones": {
			"trophy_root": {
				"rotate": [
					{
						"time": 0,
						"angle": 2.56,
						"curve": [ 0, 0.29, 0.598, 0.99 ]
					},
					{
						"time": 1.5,
						"angle": -10.99,
						"curve": [ 0, 0, 0.549, 1 ]
					},
					{ "time": 1.7, "angle": 0 }
				],
				"translate": [
					{
						"time": 0,
						"x": -65.33,
						"y": -416.36,
						"curve": [ 0.014, 0.5, 0.091, 0.99 ]
					},
					{
						"time": 0.7,
						"x": -0.04,
						"y": 18.59,
						"curve": [ 0.387, 0, 1, 1 ]
					},
					{ "time": 1.5, "x": 0, "y": 0 }
				],
				"scale": [
					{
						"time": 0,
						"x": 0.402,
						"y": 0.402,
						"curve": [ 0.053, 0.58, 0.476, 1 ]
					},
					{ "time": 0.3333, "x": 1.196, "y": 1.196, "curve": "stepped" },
					{
						"time": 0.7,
						"x": 1.196,
						"y": 1.196,
						"curve": [ 0.796, 0, 1, 0.65 ]
					},
					{
						"time": 1.5,
						"x": 1,
						"y": 1,
						"curve": [ 0, 0, 0.549, 1 ]
					},
					{
						"time": 1.7,
						"x": 0.951,
						"y": 1.052,
						"curve": [ 0.25, 0, 0.75, 1 ]
					},
					{ "time": 1.9333, "x": 1, "y": 1 }
				]
			},
			"cuplight": {
				"rotate": [
					{ "time": 0, "angle": 10.33, "curve": "stepped" },
					{
						"time": 1.7333,
						"angle": 10.33,
						"curve": [ 0.25, 0, 1, 1 ]
					},
					{
						"time": 2.1,
						"angle": -16.01,
						"curve": [ 0, 0, 0.75, 1 ]
					},
					{ "time": 2.5333, "angle": -29.92 }
				],
				"translate": [
					{ "time": 0, "x": 0, "y": 0 }
				],
				"scale": [
					{ "time": 0, "x": 1, "y": 1 }
				]
			},
			"star": {
				"rotate": [
					{ "time": 0, "angle": 7.67, "curve": "stepped" },
					{
						"time": 2.6333,
						"angle": 7.67,
						"curve": [ 0.25, 0, 1, 1 ]
					},
					{
						"time": 2.8333,
						"angle": -14.98,
						"curve": [ 0, 0, 0.75, 1 ]
					},
					{ "time": 3.3, "angle": -42.95 }
				],
				"translate": [
					{ "time": 0, "x": 0, "y": 0 }
				],
				"scale": [
					{ "time": 0, "x": 0.468, "y": 0.468, "curve": "stepped" },
					{
						"time": 2.6333,
						"x": 0.468,
						"y": 0.468,
						"curve": [ 0, 0, 0.75, 1 ]
					},
					{
						"time": 2.8333,
						"x": 1.381,
						"y": 1.326,
						"curve": [ 0.25, 0, 1, 1 ]
					},
					{ "time": 3.3, "x": 0.364, "y": 0.35 }
				]
			},
			"root2": {
				"rotate": [
					{ "time": 0, "angle": 0 }
				],
				"translate": [
					{ "time": 0, "x": 0, "y": 0 }
				],
				"scale": [
					{ "time": 0, "x": 1, "y": 1 }
				]
			}
		},
		"deform": {
			"default": {
				"cuplight": {
					"light2": [
						{
							"time": 0,
							"vertices": [ 6.97406, 4.30056, 8.30233, -15.37468, -2.70498, -16.11778, -4.03332, 3.55747 ],
							"curve": "stepped"
						},
						{
							"time": 1.7333,
							"vertices": [ 6.97406, 4.30056, 8.30233, -15.37468, -2.70498, -16.11778, -4.03332, 3.55747 ],
							"curve": [ 0.498, 0, 0.444, 1 ]
						},
						{
							"time": 2,
							"vertices": [ -0.78729, -10.65874, -1.00331, 9.88291, 0.78698, 10.65875, 1.00306, -9.88292 ],
							"curve": [ 0.539, 0, 0.573, 1 ]
						},
						{
							"time": 2.5333,
							"vertices": [ 8.8023, 10.35207, 10.18148, -9.84426, -1.2471, -10.60705, -2.62609, 9.58933 ]
						}
					]
				}
			}
		},
		"drawOrder": [
			{ "time": 0 }
		]
	},
	"lucky_loop": {
		"slots": {
			"cuplight": {
				"attachment": [
					{ "time": 0, "name": null },
					{ "time": 4.8333, "name": "light2" },
					{ "time": 5.9, "name": null }
				]
			},
			"light3": {
				"attachment": [
					{ "time": 0, "name": null }
				]
			},
			"star": {
				"attachment": [
					{ "time": 0, "name": null },
					{ "time": 6, "name": "star" },
					{ "time": 6.6666, "name": null }
				]
			},
			"trophy": {
				"attachment": [
					{ "time": 0, "name": "trophy" }
				]
			}
		},
		"bones": {
			"trophy_root": {
				"rotate": [
					{ "time": 0, "angle": 0 }
				],
				"translate": [
					{ "time": 0, "x": 0, "y": 0 }
				],
				"scale": [
					{ "time": 0, "x": 1, "y": 1 }
				]
			},
			"cuplight": {
				"rotate": [
					{ "time": 0, "angle": 10.33, "curve": "stepped" },
					{
						"time": 4.8333,
						"angle": 10.33,
						"curve": [ 0.25, 0, 1, 1 ]
					},
					{
						"time": 5.4666,
						"angle": -16.01,
						"curve": [ 0, 0, 0.75, 1 ]
					},
					{ "time": 5.9, "angle": -29.92 }
				],
				"translate": [
					{ "time": 0, "x": 0, "y": 0 }
				],
				"scale": [
					{ "time": 0, "x": 1, "y": 1 }
				]
			},
			"star": {
				"rotate": [
					{ "time": 0, "angle": 7.67, "curve": "stepped" },
					{
						"time": 6,
						"angle": 7.67,
						"curve": [ 0.25, 0, 1, 1 ]
					},
					{
						"time": 6.2,
						"angle": -14.98,
						"curve": [ 0, 0, 0.75, 1 ]
					},
					{ "time": 6.6666, "angle": -42.95 }
				],
				"translate": [
					{ "time": 0, "x": 0, "y": 0 }
				],
				"scale": [
					{ "time": 0, "x": 0.468, "y": 0.468, "curve": "stepped" },
					{
						"time": 6,
						"x": 0.468,
						"y": 0.468,
						"curve": [ 0, 0, 0.75, 1 ]
					},
					{
						"time": 6.2,
						"x": 1.381,
						"y": 1.326,
						"curve": [ 0.25, 0, 1, 1 ]
					},
					{ "time": 6.6666, "x": 0.364, "y": 0.35 }
				]
			},
			"root2": {
				"rotate": [
					{ "time": 0, "angle": 0 }
				],
				"translate": [
					{ "time": 0, "x": 0, "y": 0 }
				],
				"scale": [
					{ "time": 0, "x": 1, "y": 1 }
				]
			}
		},
		"deform": {
			"default": {
				"cuplight": {
					"light2": [
						{
							"time": 0,
							"vertices": [ 6.97406, 4.30056, 8.30233, -15.37468, -2.70498, -16.11778, -4.03332, 3.55747 ],
							"curve": "stepped"
						},
						{
							"time": 4.8333,
							"vertices": [ 6.97406, 4.30056, 8.30233, -15.37468, -2.70498, -16.11778, -4.03332, 3.55747 ],
							"curve": [ 0.498, 0, 0.444, 1 ]
						},
						{
							"time": 5.3666,
							"vertices": [ -0.78729, -10.65874, -1.00331, 9.88291, 0.78698, 10.65875, 1.00306, -9.88292 ],
							"curve": [ 0.539, 0, 0.573, 1 ]
						},
						{
							"time": 5.9,
							"vertices": [ 8.8023, 10.35207, 10.18148, -9.84426, -1.2471, -10.60705, -2.62609, 9.58933 ]
						}
					]
				}
			}
		},
		"drawOrder": [
			{ "time": 0 }
		]
	}
}
}