{
"skeleton": { "hash": "dK21hyGhFR2PbVrqnK42e8/yb3o", "spine": "3.4.02", "width": 281, "height": 107, "images": "" },
"bones": [
	{ "name": "root" },
	{ "name": "nest1", "parent": "root", "x": 13.64, "y": -15.5 }
],
"slots": [
	{ "name": "nest1", "bone": "nest1", "attachment": "nest1" }
],
"skins": {
	"default": {
		"nest1": {
			"nest1": { "x": -6.94, "y": -1.52, "width": 281, "height": 107 }
		}
	}
},
"animations": {
	"run": {
		"bones": {
			"nest1": {
				"rotate": [
					{ "time": 0, "angle": 0, "curve": "stepped" },
					{
						"time": 0.3333,
						"angle": 0,
						"curve": [ 0.25, 0, 0.75, 1 ]
					},
					{ "time": 0.6666, "angle": 23.68 },
					{ "time": 1, "angle": 80.18 },
					{ "time": 1.3333, "angle": 147.01 }
				],
				"translate": [
					{ "time": 0, "x": 0, "y": 0, "curve": "stepped" },
					{
						"time": 0.3333,
						"x": 0,
						"y": 0,
						"curve": [ 0.25, 0, 0.75, 1 ]
					},
					{
						"time": 0.6666,
						"x": 15.21,
						"y": 6.33,
						"curve": [ 0.266, -0.02, 0.618, 0.34 ]
					},
					{
						"time": 0.8333,
						"x": 34.47,
						"y": -221.94,
						"curve": [ 0.322, 0.24, 0.671, 0.59 ]
					},
					{
						"time": 1,
						"x": 40.88,
						"y": -696.8,
						"curve": [ 0.373, 0.3, 0.724, 0.64 ]
					},
					{
						"time": 1.1666,
						"x": 42.53,
						"y": -1387.2,
						"curve": [ 0.408, 0.33, 0.751, 0.66 ]
					},
					{
						"time": 1.2666,
						"x": 27.66,
						"y": -1990.17,
						"curve": [ 0.455, 0.33, 0.796, 0.67 ]
					},
					{ "time": 1.3333, "x": 23.33, "y": -2721.57 }
				],
				"scale": [
					{ "time": 0, "x": 1, "y": 1, "curve": "stepped" },
					{ "time": 0.3333, "x": 1, "y": 1, "curve": "stepped" },
					{ "time": 1.3333, "x": 1, "y": 1 }
				]
			}
		}
	},
	"stop": {
		"bones": {
			"nest1": {
				"rotate": [
					{ "time": 0, "angle": 0 }
				],
				"translate": [
					{ "time": 0, "x": 0, "y": 0 }
				],
				"scale": [
					{ "time": 0, "x": 1, "y": 1 }
				]
			}
		}
	}
}
}