{
"skeleton": { "hash": "fqqRiMaDy4eurEaMXSyHfZF2WGw", "spine": "3.4.02", "width": 205.88, "height": 242.79, "images": "./picture/" },
"bones": [
	{ "name": "root" },
	{ "name": "bone", "parent": "root", "color": "ff0008ff" },
	{ "name": "bone2", "parent": "bone", "x": -0.34, "y": -12.21, "color": "ff0008ff" },
	{ "name": "bone3", "parent": "bone2", "x": 1.77, "y": -49.78, "color": "ff0008ff" },
	{ "name": "bone4", "parent": "bone", "x": 0.11, "y": -86.86, "color": "ff0008ff" },
	{ "name": "bone5", "parent": "bone2", "x": 13.85, "y": -26.35, "color": "ff0008ff" }
],
"slots": [
	{ "name": "4", "bone": "bone4", "attachment": "4" },
	{ "name": "3", "bone": "bone3", "attachment": "3" },
	{ "name": "5", "bone": "bone4", "attachment": "2" },
	{ "name": "6", "bone": "bone4", "attachment": "2" },
	{ "name": "1", "bone": "bone2", "attachment": "1" },
	{ "name": "7", "bone": "bone4", "attachment": "5" },
	{ "name": "gaoguang", "bone": "bone5", "attachment": "gaoguang" }
],
"skins": {
	"default": {
		"1": {
			"1": {
				"type": "mesh",
				"uvs": [ 0, 0.68238, 0, 0.34442, 0.2843, 0, 0.68595, 8.3E-4, 0.99885, 0.33504, 1, 0.66883, 0.86846, 0.99999, 0.09194, 0.99999, 0.29432, 0.41951, 0.6917, 0.41952, 0.28103, 0.66712, 0.69017, 0.66532 ],
				"triangles": [ 8, 2, 3, 9, 8, 3, 1, 2, 8, 4, 9, 3, 11, 8, 9, 8, 0, 1, 10, 8, 11, 9, 4, 5, 11, 9, 5, 10, 0, 8, 6, 11, 5, 7, 0, 10, 6, 7, 10, 6, 10, 11 ],
				"vertices": [ -102.61, 32.49, -102.61, 82.73, -44.08, 133.94, 38.61, 133.81, 103.03, 84.13, 103.27, 34.5, 76.18, -14.72, -83.68, -14.72, -42.01, 71.57, 39.79, 71.57, -44.75, 34.75999, 39.48, 35.03 ],
				"hull": 8,
				"edges": [ 2, 4, 4, 6, 6, 8, 2, 0, 0, 14, 8, 10, 12, 14, 10, 12, 2, 16, 16, 18, 18, 8, 0, 20, 10, 22, 22, 20 ],
				"width": 205,
				"height": 148
			}
		},
		"3": {
			"3": {
				"type": "mesh",
				"uvs": [ 1, 1, 0, 1, 0, 0, 1, 0 ],
				"triangles": [ 1, 2, 3, 1, 3, 0 ],
				"vertices": [ 37.3, -45.93, -38.03, -45.93, -38.03, 37.59, 37.3, 37.59 ],
				"hull": 4,
				"edges": [ 0, 2, 2, 4, 4, 6, 0, 6 ],
				"width": 76,
				"height": 84
			}
		},
		"4": {
			"4": {
				"type": "mesh",
				"uvs": [ 0.99998, 0.00666, 0.99998, 0.99999, 0, 0.99999, 0, 0 ],
				"triangles": [ 2, 3, 0, 1, 2, 0 ],
				"vertices": [ 62.81, 30.37, 62.81, -34.2, -63.12, -34.2, -63.12, 30.81 ],
				"hull": 4,
				"edges": [ 0, 2, 0, 6, 2, 4, 6, 4 ],
				"width": 126,
				"height": 65
			}
		},
		"5": {
			"2": {
				"type": "mesh",
				"uvs": [ 1, 0.29817, 1, 0.67884, 1, 1, 0, 1, 0, 0.67884, 0, 0.30059, 1.0E-5, 1.0E-5, 1, 0 ],
				"triangles": [ 6, 7, 0, 5, 6, 0, 1, 4, 5, 1, 5, 0, 3, 4, 1, 3, 1, 2 ],
				"vertices": [ 48.05, 60.41, 39.97, 33.82, 33.14, 11.4, 42.71, 8.49, 49.53, 30.91, 57.57, 57.33, 63.95, 78.32, 54.39, 81.23 ],
				"hull": 8,
				"edges": [ 4, 6, 12, 14, 10, 12, 0, 14, 10, 0, 6, 8, 8, 10, 0, 2, 2, 4, 8, 2 ],
				"width": 10,
				"height": 67
			}
		},
		"6": {
			"2": {
				"type": "mesh",
				"uvs": [ 1, 0.29817, 1, 0.67884, 1, 1, 0, 1, 0, 0.67884, 0, 0.30059, 0, 0, 1, 0 ],
				"triangles": [ 6, 7, 0, 5, 6, 0, 1, 4, 5, 1, 5, 0, 3, 4, 1, 3, 1, 2 ],
				"vertices": [ -48.32, 61.48, -40.24, 34.89, -33.41999, 12.47, -42.98, 9.56, -49.8, 31.98, -57.84, 58.4, -64.23, 79.39, -54.66, 82.3 ],
				"hull": 8,
				"edges": [ 4, 6, 12, 14, 10, 12, 0, 14, 10, 0, 6, 8, 8, 10, 0, 2, 2, 4, 8, 2 ],
				"width": 10,
				"height": 67
			}
		},
		"7": {
			"5": { "color": "fffefdff", "x": 2.42, "y": -2.77, "scaleY": 1.023, "width": 90, "height": 51 }
		},
		"gaoguang": {
			"gaoguang": { "x": -4.26, "y": 1.62, "width": 167, "height": 156 }
		}
	}
},
"animations": {
	"run": {
		"slots": {
			"1": {
				"color": [
					{ "time": 0, "color": "ffffffff", "curve": "stepped" },
					{ "time": 1.5333, "color": "ffffffff" }
				],
				"attachment": [
					{ "time": 0, "name": "1" },
					{ "time": 1.5333, "name": "1" }
				]
			},
			"3": {
				"color": [
					{ "time": 0, "color": "ffffffff", "curve": "stepped" },
					{ "time": 1.5333, "color": "ffffffff" }
				],
				"attachment": [
					{ "time": 0, "name": "3" },
					{ "time": 1.5333, "name": "3" }
				]
			},
			"4": {
				"color": [
					{ "time": 0, "color": "ffffffff", "curve": "stepped" },
					{ "time": 1.5333, "color": "ffffffff" }
				],
				"attachment": [
					{ "time": 0, "name": "4" },
					{ "time": 1.5333, "name": "4" }
				]
			},
			"5": {
				"color": [
					{ "time": 0, "color": "ffffffff", "curve": "stepped" },
					{ "time": 1.5333, "color": "ffffffff" }
				],
				"attachment": [
					{ "time": 0, "name": "2" },
					{ "time": 1.5333, "name": "2" }
				]
			},
			"6": {
				"color": [
					{ "time": 0, "color": "ffffffff", "curve": "stepped" },
					{ "time": 1.5333, "color": "ffffffff" }
				],
				"attachment": [
					{ "time": 0, "name": "2" },
					{ "time": 1.5333, "name": "2" }
				]
			},
			"7": {
				"color": [
					{ "time": 0, "color": "ffffffff", "curve": "stepped" },
					{ "time": 1.5333, "color": "ffffffff" }
				],
				"attachment": [
					{ "time": 0, "name": "5" },
					{ "time": 1.5333, "name": "5" }
				]
			},
			"gaoguang": {
				"color": [
					{ "time": 0, "color": "ffffffff", "curve": "stepped" },
					{ "time": 1.5333, "color": "ffffffff" }
				],
				"attachment": [
					{ "time": 0, "name": null },
					{ "time": 1.5333, "name": null }
				]
			}
		},
		"bones": {
			"bone": {
				"rotate": [
					{ "time": 0, "angle": 0, "curve": "stepped" },
					{ "time": 1.5333, "angle": 0 }
				],
				"translate": [
					{ "time": 0, "x": 0, "y": 0 },
					{
						"time": 0.2666,
						"x": 0,
						"y": 5.33,
						"curve": [ 0.78, 0, 0.982, 0.43 ]
					},
					{
						"time": 0.6,
						"x": 0,
						"y": -3.52,
						"curve": [ 0.25, 0, 0.75, 1 ]
					},
					{ "time": 0.8666, "x": 0, "y": 0, "curve": "stepped" },
					{ "time": 1.5333, "x": 0, "y": 0 }
				],
				"scale": [
					{ "time": 0, "x": 1, "y": 1, "curve": "stepped" },
					{ "time": 1.5333, "x": 1, "y": 1 }
				]
			},
			"bone4": {
				"rotate": [
					{ "time": 0, "angle": 0, "curve": "stepped" },
					{ "time": 1.5333, "angle": 0 }
				],
				"translate": [
					{
						"time": 0,
						"x": 0,
						"y": 0,
						"curve": [ 0.196, 0.64, 0.75, 1 ]
					},
					{
						"time": 0.2666,
						"x": 0,
						"y": 12.29,
						"curve": [ 0.492, 0, 0.921, 0 ]
					},
					{
						"time": 0.6,
						"x": 0,
						"y": -4.17,
						"curve": [ 0.25, 0, 0.75, 1 ]
					},
					{
						"time": 0.8666,
						"x": 0,
						"y": 5.36,
						"curve": [ 0.25, 0, 0.75, 1 ]
					},
					{ "time": 1.0666, "x": 0, "y": -4.6 },
					{
						"time": 1.2666,
						"x": 0,
						"y": 2.56,
						"curve": [ 0.373, 0.65, 0.759, 1 ]
					},
					{ "time": 1.5333, "x": 0, "y": 0 }
				],
				"scale": [
					{ "time": 0, "x": 1, "y": 1, "curve": "stepped" },
					{ "time": 1.5333, "x": 1, "y": 1 }
				]
			},
			"bone2": {
				"rotate": [
					{ "time": 0, "angle": 0, "curve": "stepped" },
					{ "time": 1.5333, "angle": 0 }
				],
				"translate": [
					{ "time": 0, "x": 0, "y": 0, "curve": "stepped" },
					{ "time": 1.5333, "x": 0, "y": 0 }
				],
				"scale": [
					{ "time": 0, "x": 1, "y": 1, "curve": "stepped" },
					{ "time": 1.5333, "x": 1, "y": 1 }
				]
			},
			"bone3": {
				"rotate": [
					{ "time": 0, "angle": 0 },
					{ "time": 0.2666, "angle": -28.59 },
					{ "time": 0.4666, "angle": 22.49 },
					{
						"time": 0.6,
						"angle": 21.5,
						"curve": [ 0.25, 0, 0.75, 1 ]
					},
					{
						"time": 0.8666,
						"angle": -36.66,
						"curve": [ 0.25, 0, 0.75, 1 ]
					},
					{
						"time": 1.0666,
						"angle": -2.21,
						"curve": [ 0.25, 0, 0.75, 1 ]
					},
					{
						"time": 1.2666,
						"angle": -21.82,
						"curve": [ 0.25, 0, 0.75, 1 ]
					},
					{ "time": 1.5333, "angle": 0 }
				],
				"translate": [
					{
						"time": 0,
						"x": 0,
						"y": 0,
						"curve": [ 0.139, 0.79, 0.75, 1 ]
					},
					{
						"time": 0.0666,
						"x": -1.29,
						"y": 7.66,
						"curve": [ 0.237, 0.8, 0.664, 1 ]
					},
					{
						"time": 0.2666,
						"x": -0.82,
						"y": 37.62,
						"curve": [ 0.392, 0, 0.803, 0.62 ]
					},
					{
						"time": 0.6,
						"x": 0,
						"y": -9.56,
						"curve": [ 0.25, 0, 0.75, 1 ]
					},
					{
						"time": 0.8666,
						"x": 0,
						"y": -7.69,
						"curve": [ 0.25, 0, 0.75, 1 ]
					},
					{
						"time": 1.0666,
						"x": 0,
						"y": 0,
						"curve": [ 0.139, 0.79, 0.75, 1 ]
					},
					{
						"time": 1.2666,
						"x": 0,
						"y": 1.61,
						"curve": [ 0.25, 0, 0.75, 1 ]
					},
					{ "time": 1.5333, "x": 0, "y": 0 }
				],
				"scale": [
					{ "time": 0, "x": 1, "y": 1, "curve": "stepped" },
					{ "time": 1.5333, "x": 1, "y": 1 }
				]
			},
			"bone5": {
				"rotate": [
					{ "time": 0, "angle": 0, "curve": "stepped" },
					{ "time": 1.5333, "angle": 0 }
				],
				"translate": [
					{ "time": 0, "x": 0, "y": 0, "curve": "stepped" },
					{ "time": 1.5333, "x": 0, "y": 0 }
				],
				"scale": [
					{ "time": 0, "x": 1, "y": 1, "curve": "stepped" },
					{ "time": 1.5333, "x": 1, "y": 1 }
				]
			},
			"root": {
				"rotate": [
					{ "time": 0, "angle": 0, "curve": "stepped" },
					{ "time": 1.5333, "angle": 0 }
				],
				"translate": [
					{ "time": 0, "x": 0, "y": 0, "curve": "stepped" },
					{ "time": 1.5333, "x": 0, "y": 0 }
				],
				"scale": [
					{ "time": 0, "x": 1, "y": 1, "curve": "stepped" },
					{ "time": 1.5333, "x": 1, "y": 1 }
				]
			}
		},
		"deform": {
			"default": {
				"1": {
					"1": [
						{
							"time": 0,
							"curve": [ 0.106, 0.77, 0.614, 1 ]
						},
						{
							"time": 0.2666,
							"vertices": [ -15.0916, -2.30365, -18.11619, 2.77594, -19.93166, -14.85891, 15.38215, -14.32698, 16.63435, -1.79418, 12.56514, -6.55294, 2.95872, 2.91398, 3.93737, -0.53659, -8.71495, 5.86208, 11.64438, 6.05635, -12.39084, -4.38211, 13.67215, -4.58694 ],
							"curve": [ 0.25, 0, 0.75, 1 ]
						},
						{
							"time": 0.6,
							"curve": [ 0.25, 0, 0.75, 1 ]
						},
						{
							"time": 0.8666,
							"vertices": [ -4.30576, -1.06355, -4.30575, -1.12868, -6.50403, -5.22319, 4.88787, -3.86365, 2.25356, 0.75774, 2.83566, 0.03558, -0.17562, 1.58059, 1.22933, 0.8781, -1.90232, -0.84254, 4.39053, -0.67673, -2.28306, -0.26646, 0.88796, -0.44208 ],
							"curve": [ 0.375, 0.5, 0.75, 1 ]
						},
						{ "time": 1.0666 },
						{
							"time": 1.2666,
							"vertices": [ -8.05401, -3.34296, -9.61911, 1.47103, -7.40195, -3.955, 7.9321, -4.67994, 10.86812, -0.36395, 8.08102, -4.69493, -2.48999, -5.93291, 0.08601, -4.64493, -4.42201, 2.69705, 2.662, 1.82707, -3.42402, -7.26892, 1.72795, -7.93692 ],
							"curve": [ 0.25, 0, 0.75, 1 ]
						},
						{ "time": 1.5333 }
					]
				},
				"3": {
					"3": [
						{ "time": 0, "curve": "stepped" },
						{ "time": 1.5333 }
					]
				},
				"4": {
					"4": [
						{ "time": 0, "curve": "stepped" },
						{ "time": 1.5333 }
					]
				},
				"5": {
					"2": [
						{
							"time": 0,
							"curve": [ 0.196, 0.64, 0.75, 1 ]
						},
						{
							"time": 0.2666,
							"vertices": [ -4.28699, -13.17096, 6.31499, -1.31, 5.85899, 8.36995, 0, 0, 7.62496, 0.34699, -3.84799, -10.22796, -5.30099, -20.15993, -5.36896, -20.18693 ],
							"curve": [ 0.176, 0.33, 0.75, 1 ]
						},
						{
							"time": 0.6,
							"vertices": [ 0.052, 7.75999, 1.59295, -3.75298, 4.48999, -3.07701, 1.4, -0.55999, -0.02199, -1.96, -1.26401, 10.87799, -6.51999, 3.81999, -3.08001, 1.39997 ],
							"curve": [ 0.25, 0, 0.75, 1 ]
						},
						{
							"time": 0.8666,
							"vertices": [ -0.38098, -4.57199, 3.42898, 0.381, 0, 0, 0, 0, 4.19099, 0.76201, 0, -3.80998 ],
							"curve": [ 0.25, 0, 0.75, 1 ]
						},
						{ "time": 1.0666 },
						{
							"time": 1.2666,
							"vertices": [ 3.73798, -8.54399, 5.60698, -0.80099, 2.66998, 4.00499, 0, 0, 2.93698, -0.80101, 2.93699, -5.07298 ],
							"curve": [ 0.373, 0.65, 0.759, 1 ]
						},
						{ "time": 1.5333 }
					]
				},
				"6": {
					"2": [
						{
							"time": 0,
							"curve": [ 0.196, 0.64, 0.75, 1 ]
						},
						{
							"time": 0.2666,
							"vertices": [ -6.87098, -15.39296, -11.28997, 0.92196, -7.45397, 9.70494, -4.69098, 9.65497, -10.98799, -1.46002, -7.54498, -14.16799, 2.54899, -21.11493, 1.57299, -29.00594 ],
							"curve": [ 0.176, 0.33, 0.75, 1 ]
						},
						{
							"time": 0.6,
							"vertices": [ 0.83201, 3.37197, -1.40202, -5.16896, -2.3, -1.83999, 0.54699, -0.92001, 1.74799, -4.28397, 2.95001, 5.81697, 6.635, 3.75301, 4.51999, 0.791 ],
							"curve": [ 0.25, 0, 0.75, 1 ]
						},
						{
							"time": 0.8666,
							"vertices": [ -4.19097, -4.19098, 0, 0, 0, 0, 0, 0, 0, 0, -3.81002, -6.09598 ],
							"curve": [ 0.25, 0, 0.75, 1 ]
						},
						{ "time": 1.0666 },
						{
							"time": 1.2666,
							"vertices": [ -4.95402, -6.68198, -5.36195, -0.67801, -1.43701, 1.0E-5, 0, 0, -3.44796, -0.83202, -2.77296, -7.091, 0.80099, -6.67498, -0.26701, -6.67498 ],
							"curve": [ 0.338, 0.43, 0.683, 0.76 ]
						},
						{ "time": 1.5333 }
					]
				}
			}
		},
		"drawOrder": [
			{ "time": 0 },
			{ "time": 1.5333 }
		]
	},
	"run_light": {
		"slots": {
			"1": {
				"color": [
					{ "time": 0, "color": "ffffffff", "curve": "stepped" },
					{ "time": 1.9, "color": "ffffffff" }
				],
				"attachment": [
					{ "time": 0, "name": "1" },
					{ "time": 1.9, "name": "1" }
				]
			},
			"3": {
				"color": [
					{ "time": 0, "color": "ffffffff", "curve": "stepped" },
					{ "time": 1.9, "color": "ffffffff" }
				],
				"attachment": [
					{ "time": 0, "name": "3" },
					{ "time": 1.9, "name": "3" }
				]
			},
			"4": {
				"color": [
					{ "time": 0, "color": "ffffffff", "curve": "stepped" },
					{ "time": 1.9, "color": "ffffffff" }
				],
				"attachment": [
					{ "time": 0, "name": "4" },
					{ "time": 1.9, "name": "4" }
				]
			},
			"5": {
				"color": [
					{ "time": 0, "color": "ffffffff", "curve": "stepped" },
					{ "time": 1.9, "color": "ffffffff" }
				],
				"attachment": [
					{ "time": 0, "name": "2" },
					{ "time": 1.9, "name": "2" }
				]
			},
			"6": {
				"color": [
					{ "time": 0, "color": "ffffffff", "curve": "stepped" },
					{ "time": 1.9, "color": "ffffffff" }
				],
				"attachment": [
					{ "time": 0, "name": "2" },
					{ "time": 1.9, "name": "2" }
				]
			},
			"7": {
				"color": [
					{ "time": 0, "color": "ffffffff", "curve": "stepped" },
					{ "time": 1.9, "color": "ffffffff" }
				],
				"attachment": [
					{ "time": 0, "name": "5" },
					{ "time": 1.9, "name": "5" }
				]
			},
			"gaoguang": {
				"color": [
					{ "time": 0, "color": "ffffff00", "curve": "stepped" },
					{
						"time": 0.2,
						"color": "ffffff00",
						"curve": [ 0.201, 0.76, 0.75, 1 ]
					},
					{ "time": 0.4, "color": "ffffffff", "curve": "stepped" },
					{
						"time": 1.4,
						"color": "ffffffff",
						"curve": [ 0.25, 0, 0.918, 0.38 ]
					},
					{ "time": 1.9, "color": "ffffff00" }
				],
				"attachment": [
					{ "time": 0, "name": "gaoguang" },
					{ "time": 1.9, "name": null }
				]
			}
		},
		"bones": {
			"bone": {
				"translate": [
					{ "time": 0, "x": 0, "y": 0, "curve": "stepped" },
					{ "time": 1.9, "x": 0, "y": 0 }
				]
			},
			"bone4": {
				"rotate": [
					{ "time": 0, "angle": 0, "curve": "stepped" },
					{ "time": 1.9, "angle": 0 }
				],
				"translate": [
					{
						"time": 0,
						"x": 0,
						"y": 0,
						"curve": [ 0.25, 0, 0.75, 1 ]
					},
					{
						"time": 0.8333,
						"x": 0,
						"y": 2.56,
						"curve": [ 0.373, 0.65, 0.759, 1 ]
					},
					{ "time": 1.6666, "x": 0, "y": 0, "curve": "stepped" },
					{ "time": 1.9, "x": 0, "y": 0 }
				],
				"scale": [
					{ "time": 0, "x": 1, "y": 1, "curve": "stepped" },
					{ "time": 1.9, "x": 1, "y": 1 }
				]
			},
			"bone2": {
				"translate": [
					{ "time": 0, "x": 0, "y": 0, "curve": "stepped" },
					{ "time": 1.9, "x": 0, "y": 0 }
				]
			},
			"bone3": {
				"rotate": [
					{
						"time": 0,
						"angle": 0,
						"curve": [ 0.152, 0.49, 0.75, 1 ]
					},
					{
						"time": 0.8333,
						"angle": -21.82,
						"curve": [ 0.25, 0, 0.75, 1 ]
					},
					{ "time": 1.6666, "angle": 0 }
				],
				"translate": [
					{
						"time": 0,
						"x": 0,
						"y": 0,
						"curve": [ 0.152, 0.49, 0.561, 0.81 ]
					},
					{
						"time": 0.8333,
						"x": 0,
						"y": 1.61,
						"curve": [ 0.25, 0, 0.75, 1 ]
					},
					{ "time": 1.6666, "x": 0, "y": 0 }
				]
			},
			"bone5": {
				"rotate": [
					{ "time": 0, "angle": -48.92, "curve": "stepped" },
					{
						"time": 0.2,
						"angle": -48.92,
						"curve": [ 0.25, 0, 0.852, 1 ]
					},
					{ "time": 1.4, "angle": 87.44 },
					{ "time": 1.9, "angle": 150.02 }
				],
				"translate": [
					{ "time": 0, "x": 0, "y": 0, "curve": "stepped" },
					{ "time": 0.2, "x": 0, "y": 0 },
					{ "time": 0.6666, "x": 1.59, "y": 3.53 },
					{ "time": 1.4, "x": 0, "y": 0, "curve": "stepped" },
					{ "time": 1.9, "x": 0, "y": 0 }
				],
				"scale": [
					{ "time": 0, "x": 0.37, "y": 0.37, "curve": "stepped" },
					{
						"time": 0.2,
						"x": 0.37,
						"y": 0.37,
						"curve": [ 0.196, 0, 0.874, 0.2 ]
					},
					{ "time": 0.5, "x": 0.625, "y": 0.625 },
					{ "time": 1.4, "x": 0.54, "y": 0.54 },
					{ "time": 1.9, "x": 0.256, "y": 0.256 }
				]
			}
		},
		"deform": {
			"default": {
				"1": {
					"1": [
						{
							"time": 0,
							"curve": [ 0.208, 0, 0.718, 0.22 ]
						},
						{
							"time": 0.8333,
							"vertices": [ -8.05401, -3.34296, -9.61911, 1.47103, -7.40195, -3.955, 7.9321, -4.67994, 10.86812, -0.36395, 8.08102, -4.69493, -2.48999, -5.93291, 0.08601, -4.64493, -4.42201, 2.69705, 2.662, 1.82707, -3.42402, -7.26892, 1.72795, -7.93692 ],
							"curve": [ 0.25, 0, 0.75, 1 ]
						},
						{ "time": 1.6666, "curve": "stepped" },
						{ "time": 1.9 }
					]
				},
				"3": {
					"3": [
						{ "time": 0, "curve": "stepped" },
						{ "time": 1.9 }
					]
				},
				"4": {
					"4": [
						{ "time": 0, "curve": "stepped" },
						{ "time": 1.9 }
					]
				},
				"5": {
					"2": [
						{
							"time": 0,
							"curve": [ 0.25, 0, 0.75, 1 ]
						},
						{
							"time": 0.8333,
							"vertices": [ 3.73798, -8.54399, 5.60698, -0.80099, 2.66998, 4.00499, 0, 0, 2.93698, -0.80101, 2.93699, -5.07298 ],
							"curve": [ 0.373, 0.65, 0.759, 1 ]
						},
						{ "time": 1.6666, "curve": "stepped" },
						{ "time": 1.9 }
					]
				},
				"6": {
					"2": [
						{
							"time": 0,
							"curve": [ 0.25, 0, 0.75, 1 ]
						},
						{
							"time": 0.8333,
							"vertices": [ -4.95402, -6.68198, -5.36195, -0.67801, -1.43701, 1.0E-5, 0, 0, -3.44796, -0.83202, -2.77296, -7.091, 0.80099, -6.67498, -0.26701, -6.67498 ],
							"curve": [ 0.338, 0.43, 0.683, 0.76 ]
						},
						{
							"time": 1.2333,
							"vertices": [ -1.62202, -2.18778, -2.18558, -0.22199, -0.4705, 0, 0, 0, -1.55891, -0.27241, -0.90791, -2.3217, 0.26225, -2.18549, -0.08742, -2.18549 ],
							"curve": [ 0.385, 0.66, 0.734, 1 ]
						},
						{ "time": 1.6666, "curve": "stepped" },
						{ "time": 1.9 }
					]
				}
			}
		},
		"drawOrder": [
			{ "time": 0 },
			{ "time": 1.9 }
		]
	},
	"stop": {
		"slots": {
			"1": {
				"color": [
					{ "time": 0, "color": "ffffffff", "curve": "stepped" },
					{ "time": 1.6666, "color": "ffffffff" }
				],
				"attachment": [
					{ "time": 0, "name": "1" },
					{ "time": 1.6666, "name": "1" }
				]
			},
			"3": {
				"color": [
					{ "time": 0, "color": "ffffffff", "curve": "stepped" },
					{ "time": 1.6666, "color": "ffffffff" }
				],
				"attachment": [
					{ "time": 0, "name": "3" },
					{ "time": 1.6666, "name": "3" }
				]
			},
			"4": {
				"color": [
					{ "time": 0, "color": "ffffffff", "curve": "stepped" },
					{ "time": 1.6666, "color": "ffffffff" }
				],
				"attachment": [
					{ "time": 0, "name": "4" },
					{ "time": 1.6666, "name": "4" }
				]
			},
			"5": {
				"color": [
					{ "time": 0, "color": "ffffffff", "curve": "stepped" },
					{ "time": 1.6666, "color": "ffffffff" }
				],
				"attachment": [
					{ "time": 0, "name": "2" },
					{ "time": 1.6666, "name": "2" }
				]
			},
			"6": {
				"color": [
					{ "time": 0, "color": "ffffffff", "curve": "stepped" },
					{ "time": 1.6666, "color": "ffffffff" }
				],
				"attachment": [
					{ "time": 0, "name": "2" },
					{ "time": 1.6666, "name": "2" }
				]
			},
			"7": {
				"color": [
					{ "time": 0, "color": "ffffffff", "curve": "stepped" },
					{ "time": 1.6666, "color": "ffffffff" }
				],
				"attachment": [
					{ "time": 0, "name": "5" },
					{ "time": 1.6666, "name": "5" }
				]
			},
			"gaoguang": {
				"color": [
					{ "time": 0, "color": "ffffff00", "curve": "stepped" },
					{ "time": 1.6666, "color": "ffffff00" }
				],
				"attachment": [
					{ "time": 0, "name": "gaoguang" },
					{ "time": 0.8333, "name": null },
					{ "time": 1.6666, "name": null }
				]
			}
		},
		"bones": {
			"bone": {
				"translate": [
					{ "time": 0, "x": 0, "y": 0, "curve": "stepped" },
					{ "time": 1.6666, "x": 0, "y": 0 }
				]
			},
			"bone4": {
				"rotate": [
					{ "time": 0, "angle": 0, "curve": "stepped" },
					{ "time": 1.6666, "angle": 0 }
				],
				"translate": [
					{
						"time": 0,
						"x": 0,
						"y": 0,
						"curve": [ 0.25, 0, 0.75, 1 ]
					},
					{
						"time": 0.8333,
						"x": 0,
						"y": 2.56,
						"curve": [ 0.373, 0.65, 0.759, 1 ]
					},
					{ "time": 1.6666, "x": 0, "y": 0 }
				],
				"scale": [
					{ "time": 0, "x": 1, "y": 1, "curve": "stepped" },
					{ "time": 1.6666, "x": 1, "y": 1 }
				]
			},
			"bone2": {
				"translate": [
					{ "time": 0, "x": 0, "y": 0, "curve": "stepped" },
					{ "time": 1.6666, "x": 0, "y": 0 }
				]
			},
			"bone3": {
				"rotate": [
					{
						"time": 0,
						"angle": 0,
						"curve": [ 0.152, 0.49, 0.75, 1 ]
					},
					{
						"time": 0.8333,
						"angle": -21.82,
						"curve": [ 0.25, 0, 0.75, 1 ]
					},
					{ "time": 1.6666, "angle": 0 }
				],
				"translate": [
					{
						"time": 0,
						"x": 0,
						"y": 0,
						"curve": [ 0.152, 0.49, 0.561, 0.81 ]
					},
					{
						"time": 0.8333,
						"x": 0,
						"y": 1.61,
						"curve": [ 0.25, 0, 0.75, 1 ]
					},
					{ "time": 1.6666, "x": 0, "y": 0 }
				]
			},
			"bone5": {
				"rotate": [
					{ "time": 0, "angle": -48.92, "curve": "stepped" },
					{ "time": 1.6666, "angle": -48.92 }
				],
				"translate": [
					{ "time": 0, "x": 0, "y": 0, "curve": "stepped" },
					{ "time": 1.6666, "x": 0, "y": 0 }
				],
				"scale": [
					{ "time": 0, "x": 0.555, "y": 0.555, "curve": "stepped" },
					{ "time": 1.6666, "x": 0.555, "y": 0.555 }
				]
			}
		},
		"deform": {
			"default": {
				"1": {
					"1": [
						{
							"time": 0,
							"curve": [ 0.208, 0, 0.718, 0.22 ]
						},
						{
							"time": 0.8333,
							"vertices": [ -8.05401, -3.34296, -9.61911, 1.47103, -7.40195, -3.955, 7.9321, -4.67994, 10.86812, -0.36395, 8.08102, -4.69493, -2.48999, -5.93291, 0.08601, -4.64493, -4.42201, 2.69705, 2.662, 1.82707, -3.42402, -7.26892, 1.72795, -7.93692 ],
							"curve": [ 0.25, 0, 0.75, 1 ]
						},
						{ "time": 1.6666 }
					]
				},
				"3": {
					"3": [
						{ "time": 0, "curve": "stepped" },
						{ "time": 1.6666 }
					]
				},
				"4": {
					"4": [
						{ "time": 0, "curve": "stepped" },
						{ "time": 1.6666 }
					]
				},
				"5": {
					"2": [
						{
							"time": 0,
							"curve": [ 0.25, 0, 0.75, 1 ]
						},
						{
							"time": 0.8333,
							"vertices": [ 3.73798, -8.54399, 5.60698, -0.80099, 2.66998, 4.00499, 0, 0, 2.93698, -0.80101, 2.93699, -5.07298 ],
							"curve": [ 0.373, 0.65, 0.759, 1 ]
						},
						{ "time": 1.6666 }
					]
				},
				"6": {
					"2": [
						{
							"time": 0,
							"curve": [ 0.25, 0, 0.75, 1 ]
						},
						{
							"time": 0.8333,
							"vertices": [ -4.95402, -6.68198, -5.36195, -0.67801, -1.43701, 1.0E-5, 0, 0, -3.44796, -0.83202, -2.77296, -7.091, 0.80099, -6.67498, -0.26701, -6.67498 ],
							"curve": [ 0.338, 0.43, 0.683, 0.76 ]
						},
						{ "time": 1.6666 }
					]
				}
			}
		},
		"drawOrder": [
			{ "time": 0 },
			{ "time": 1.6666 }
		]
	}
}
}