{
"skeleton": {
	"hash": "DtSCGJ/O/BUP70hTssL1qaCEOnU",
	"spine": "3.4.02",
	"width": 382.16,
	"height": 369.62,
	"images": "/Users/liu/Downloads/pictures/"
},
"bones": [
	{ "name": "root" },
	{ "name": "bone2", "parent": "root", "rotation": -17.91, "x": 0.33, "y": -1.39, "scaleX": 0.716, "scaleY": 0.716 },
	{ "name": "bone3", "parent": "root", "rotation": 2.18, "x": 1.01, "y": -0.02, "scaleX": 0.919, "scaleY": 0.919 },
	{ "name": "bone5", "parent": "root", "rotation": 21.36, "x": 0.33, "y": -1.39, "scaleX": 0.642, "scaleY": 0.642 },
	{ "name": "sg1", "parent": "bone3", "length": 84.31, "rotation": 84.46, "x": 1.64, "y": 0.48, "scaleX": 1.504, "scaleY": 1.438 },
	{ "name": "sg2", "parent": "bone3", "length": 109.43, "rotation": 10.03, "x": -2.82, "y": -0.79, "scaleX": 1.113, "scaleY": 1.231 },
	{
		"name": "sg3",
		"parent": "bone3",
		"length": 114.95,
		"rotation": -58.25,
		"x": -0.76,
		"y": -1.82,
		"scaleX": 1.094,
		"scaleY": 0.943
	},
	{
		"name": "sg5",
		"parent": "bone3",
		"length": 120.44,
		"rotation": -131.43,
		"x": -3.32,
		"y": -2.11,
		"scaleX": 1.107,
		"scaleY": 1.199
	},
	{ "name": "sg6", "parent": "bone3", "length": 119.55, "rotation": 160.4, "x": -3.34, "y": -0.73, "scaleX": 0.93, "scaleY": 0.863 },
	{ "name": "sg7", "parent": "bone3", "length": 111.6, "rotation": -141.31, "x": 0.06, "y": -6.43, "scaleX": 0.892, "scaleY": 0.961 },
	{ "name": "sg15", "parent": "bone2", "length": 84.31, "rotation": 107.02, "x": 0.8, "y": -2.4, "scaleX": 1.998, "scaleY": 2.247 },
	{
		"name": "sg16",
		"parent": "bone2",
		"length": 109.43,
		"rotation": 35.94,
		"x": -0.71,
		"y": -6.21,
		"scaleX": 1.453,
		"scaleY": 1.882
	},
	{
		"name": "sg17",
		"parent": "bone2",
		"length": 114.95,
		"rotation": -29.25,
		"x": -0.2,
		"y": -7.58,
		"scaleX": 1.403,
		"scaleY": 1.685
	},
	{
		"name": "sg18",
		"parent": "bone2",
		"length": 124.32,
		"rotation": -103.06,
		"x": 0.42,
		"y": -11.93,
		"scaleX": 1.607,
		"scaleY": 2.427
	},
	{ "name": "sg19", "parent": "bone5", "length": 84.31, "rotation": 104.49, "x": -2.03, "y": -1.14, "scaleX": 1.87, "scaleY": 1.178 },
	{
		"name": "sg20",
		"parent": "bone2",
		"length": 119.55,
		"rotation": -178.93,
		"x": -6.51,
		"y": -4.53,
		"scaleX": 1.195,
		"scaleY": 1.426
	},
	{
		"name": "sg21",
		"parent": "bone2",
		"length": 111.6,
		"rotation": -142.76,
		"x": -9.37,
		"y": -8.81,
		"scaleX": 1.117,
		"scaleY": 1.489
	},
	{ "name": "sg22", "parent": "bone5", "length": 109.43, "rotation": 32.01, "x": 1.16, "y": -1.04, "scaleX": 1.367, "scaleY": 1.19 },
	{
		"name": "sg23",
		"parent": "bone5",
		"length": 114.95,
		"rotation": -34.69,
		"x": 0.91,
		"y": -8.31,
		"scaleX": 1.344,
		"scaleY": 0.937
	},
	{
		"name": "sg24",
		"parent": "bone5",
		"length": 124.32,
		"rotation": -104.78,
		"x": -3.87,
		"y": -8.01,
		"scaleX": 1.605,
		"scaleY": 1.363
	},
	{
		"name": "sg25",
		"parent": "bone5",
		"length": 119.55,
		"rotation": 176.93,
		"x": -4.41,
		"y": -7.72,
		"scaleX": 1.182,
		"scaleY": 0.772
	},
	{ "name": "sg26", "parent": "bone5", "length": 111.6, "rotation": -143.12, "x": -6.29, "y": -8.01, "scaleX": 1.1, "scaleY": 0.902 }
],
"slots": [
	{ "name": "sg15", "bone": "sg15", "attachment": "sg1", "blend": "additive" },
	{ "name": "sg16", "bone": "sg16", "attachment": "sg1", "blend": "additive" },
	{ "name": "sg17", "bone": "sg17", "attachment": "sg1", "blend": "additive" },
	{ "name": "sg18", "bone": "sg18", "attachment": "sg1", "blend": "additive" },
	{ "name": "sg20", "bone": "sg20", "attachment": "sg1", "blend": "additive" },
	{ "name": "sg21", "bone": "sg21", "attachment": "sg1", "blend": "additive" },
	{ "name": "sg1", "bone": "sg1", "attachment": "sg1", "blend": "additive" },
	{ "name": "sg19", "bone": "sg19", "attachment": "sg1", "blend": "additive" },
	{ "name": "sg2", "bone": "sg2", "attachment": "sg1", "blend": "additive" },
	{ "name": "sg22", "bone": "sg22", "attachment": "sg1", "blend": "additive" },
	{ "name": "sg3", "bone": "sg3", "attachment": "sg1", "blend": "additive" },
	{ "name": "sg23", "bone": "sg23", "attachment": "sg1", "blend": "additive" },
	{ "name": "sg24", "bone": "sg24", "attachment": "sg1", "blend": "additive" },
	{ "name": "sg5", "bone": "sg5", "attachment": "sg1", "blend": "additive" },
	{ "name": "sg6", "bone": "sg6", "attachment": "sg1", "blend": "additive" },
	{ "name": "sg25", "bone": "sg25", "attachment": "sg1", "blend": "additive" },
	{ "name": "sg7", "bone": "sg7", "attachment": "sg1", "blend": "additive" },
	{ "name": "sg26", "bone": "sg26", "attachment": "sg1", "blend": "additive" }
],
"skins": {
	"default": {
		"sg1": {
			"sg1": { "x": 60.83, "y": 1.29, "scaleY": 1.72, "rotation": -90, "width": 60, "height": 78 }
		},
		"sg15": {
			"sg1": { "x": 60.83, "y": 1.29, "scaleY": 1.72, "rotation": -90, "width": 60, "height": 78 }
		},
		"sg16": {
			"sg1": { "x": 85.45, "y": -0.06, "scaleX": 1.086, "scaleY": 2.367, "rotation": -90.15, "width": 60, "height": 78 }
		},
		"sg17": {
			"sg1": { "x": 86.35, "y": -1.67, "scaleX": 1.341, "scaleY": 2.542, "rotation": -92.02, "width": 60, "height": 78 }
		},
		"sg18": {
			"sg1": { "x": 69.73, "y": -1.2, "scaleX": 0.982, "scaleY": 2.215, "rotation": -90.46, "width": 60, "height": 78 }
		},
		"sg19": {
			"sg1": { "x": 60.83, "y": 1.29, "scaleY": 1.72, "rotation": -90, "width": 60, "height": 78 }
		},
		"sg2": {
			"sg1": { "x": 85.45, "y": -0.06, "scaleX": 1.086, "scaleY": 2.367, "rotation": -90.15, "width": 60, "height": 78 }
		},
		"sg20": {
			"sg1": { "x": 101.19, "y": -2.25, "scaleX": 1.681, "scaleY": 2.853, "rotation": -90, "width": 60, "height": 78 }
		},
		"sg21": {
			"sg1": { "x": 104.34, "y": -1.42, "scaleX": 1.522, "scaleY": 3.061, "rotation": -90.63, "width": 60, "height": 78 }
		},
		"sg22": {
			"sg1": { "x": 85.45, "y": -0.06, "scaleX": 1.086, "scaleY": 2.367, "rotation": -90.15, "width": 60, "height": 78 }
		},
		"sg23": {
			"sg1": { "x": 86.35, "y": -1.67, "scaleX": 1.341, "scaleY": 2.542, "rotation": -92.02, "width": 60, "height": 78 }
		},
		"sg24": {
			"sg1": { "x": 69.73, "y": -1.2, "scaleX": 0.982, "scaleY": 2.215, "rotation": -90.46, "width": 60, "height": 78 }
		},
		"sg25": {
			"sg1": { "x": 101.19, "y": -2.25, "scaleX": 1.681, "scaleY": 2.853, "rotation": -90, "width": 60, "height": 78 }
		},
		"sg26": {
			"sg1": { "x": 104.34, "y": -1.42, "scaleX": 1.522, "scaleY": 3.061, "rotation": -90.63, "width": 60, "height": 78 }
		},
		"sg3": {
			"sg1": { "x": 86.35, "y": -1.67, "scaleX": 1.341, "scaleY": 2.542, "rotation": -92.02, "width": 60, "height": 78 }
		},
		"sg5": {
			"sg1": { "x": 86.1, "y": -0.41, "scaleX": 1.182, "scaleY": 2.424, "rotation": -90.75, "width": 60, "height": 78 }
		},
		"sg6": {
			"sg1": { "x": 101.19, "y": -2.25, "scaleX": 1.681, "scaleY": 2.853, "rotation": -90, "width": 60, "height": 78 }
		},
		"sg7": {
			"sg1": { "x": 104.34, "y": -1.42, "scaleX": 1.522, "scaleY": 3.061, "rotation": -90.63, "width": 60, "height": 78 }
		}
	}
},
"animations": {
	"run": {
		"slots": {
			"sg1": {
				"color": [
					{ "time": 0, "color": "ffffff2e" }
				]
			},
			"sg2": {
				"color": [
					{ "time": 0, "color": "ffffff2e" }
				]
			},
			"sg3": {
				"color": [
					{ "time": 0, "color": "ffffff2e" }
				]
			},
			"sg5": {
				"color": [
					{ "time": 0, "color": "ffffff2e" }
				]
			},
			"sg6": {
				"color": [
					{ "time": 0, "color": "ffffff2e" }
				]
			},
			"sg7": {
				"color": [
					{ "time": 0, "color": "ffffff2e" }
				]
			},
			"sg15": {
				"color": [
					{ "time": 0, "color": "ffffff67" }
				]
			},
			"sg16": {
				"color": [
					{ "time": 0, "color": "ffffff67" }
				]
			},
			"sg17": {
				"color": [
					{ "time": 0, "color": "ffffff67" }
				]
			},
			"sg18": {
				"color": [
					{ "time": 0, "color": "ffffff67" }
				]
			},
			"sg19": {
				"color": [
					{ "time": 0, "color": "ffffff33" }
				]
			},
			"sg20": {
				"color": [
					{ "time": 0, "color": "ffffff67" }
				]
			},
			"sg21": {
				"color": [
					{ "time": 0, "color": "ffffff67" }
				]
			},
			"sg22": {
				"color": [
					{ "time": 0, "color": "ffffff33" }
				]
			},
			"sg23": {
				"color": [
					{ "time": 0, "color": "ffffff33" }
				]
			},
			"sg24": {
				"color": [
					{ "time": 0, "color": "ffffff33" }
				]
			},
			"sg25": {
				"color": [
					{ "time": 0, "color": "ffffff33" }
				]
			},
			"sg26": {
				"color": [
					{ "time": 0, "color": "ffffff33" }
				]
			}
		},
		"bones": {
			"root": {
				"rotate": [
					{ "time": 0, "angle": 0 }
				],
				"translate": [
					{ "time": 0, "x": -749.65, "y": 149.37, "curve": "stepped" },
					{ "time": 2.0333, "x": 12.56, "y": 97.71, "curve": "stepped" },
					{ "time": 7.4, "x": -612.8, "y": 32.46 }
				],
				"scale": [
					{ "time": 0, "x": 1, "y": 1, "curve": "stepped" },
					{
						"time": 2.0333,
						"x": 0.231,
						"y": 0.231,
						"curve": [ 0.038, 0.9, 0.75, 1 ]
					},
					{ "time": 2.5666, "x": 1, "y": 1, "curve": "stepped" },
					{ "time": 7, "x": 1, "y": 1 },
					{ "time": 7.4, "x": 0.272, "y": 0.272 }
				],
				"shear": [
					{ "time": 0, "x": 0, "y": 0 }
				]
			},
			"bone2": {
				"rotate": [
					{ "time": 0, "angle": 0 },
					{ "time": 2.5, "angle": -90.76 },
					{ "time": 5, "angle": 175.25 },
					{ "time": 7.5, "angle": 88.91 },
					{ "time": 10, "angle": 0 }
				],
				"translate": [
					{ "time": 0, "x": 9.11, "y": -35.46 }
				],
				"scale": [
					{
						"time": 0,
						"x": 1.355,
						"y": 1,
						"curve": [ 0.25, 0, 0.75, 1 ]
					},
					{
						"time": 2.5,
						"x": 1.022,
						"y": 1.379,
						"curve": [ 0.25, 0, 0.75, 1 ]
					},
					{
						"time": 5,
						"x": 1.461,
						"y": 0.912,
						"curve": [ 0.254, 0, 0.62, 0.47 ]
					},
					{
						"time": 7.5,
						"x": 0.903,
						"y": 1.341,
						"curve": [ 0.25, 0, 0.75, 1 ]
					},
					{ "time": 10, "x": 1.271, "y": 0.954 }
				],
				"shear": [
					{ "time": 0, "x": 0, "y": 0 }
				]
			},
			"bone3": {
				"rotate": [
					{ "time": 0, "angle": 0 },
					{ "time": 10, "angle": 174.97 }
				],
				"translate": [
					{ "time": 0, "x": 9.11, "y": -35.46 }
				],
				"scale": [
					{
						"time": 0,
						"x": 1.096,
						"y": 0.929,
						"curve": [ 0.244, 0, 0.699, 0.78 ]
					},
					{
						"time": 2.4666,
						"x": 1.087,
						"y": 1.087,
						"curve": [ 0.329, 0, 0.662, 0.33 ]
					},
					{
						"time": 2.5,
						"x": 1.087,
						"y": 1.089,
						"curve": [ 0.255, 0.02, 0.75, 1 ]
					},
					{
						"time": 5,
						"x": 0.963,
						"y": 1.416,
						"curve": [ 0.25, 0, 0.75, 1 ]
					},
					{
						"time": 7.5,
						"x": 1.174,
						"y": 1.32,
						"curve": [ 0.25, 0, 0.75, 1 ]
					},
					{ "time": 10, "x": 1.124, "y": 0.773 }
				],
				"shear": [
					{ "time": 0, "x": 0, "y": 0 }
				]
			},
			"sg1": {
				"rotate": [
					{ "time": 0, "angle": 0 }
				],
				"translate": [
					{ "time": 0, "x": 0, "y": 0 }
				],
				"scale": [
					{ "time": 0, "x": 1, "y": 1, "curve": "stepped" },
					{ "time": 2.5, "x": 1, "y": 1, "curve": "stepped" },
					{ "time": 5, "x": 1, "y": 1, "curve": "stepped" },
					{ "time": 7.5, "x": 1, "y": 1, "curve": "stepped" },
					{ "time": 10, "x": 1, "y": 1 }
				],
				"shear": [
					{ "time": 0, "x": 0, "y": 0 }
				]
			},
			"sg15": {
				"rotate": [
					{ "time": 0, "angle": 0 }
				],
				"translate": [
					{ "time": 0, "x": 0, "y": 0 }
				],
				"scale": [
					{ "time": 0, "x": 1, "y": 1, "curve": "stepped" },
					{ "time": 2.5, "x": 1, "y": 1, "curve": "stepped" },
					{ "time": 5, "x": 1, "y": 1, "curve": "stepped" },
					{ "time": 7.5, "x": 1, "y": 1, "curve": "stepped" },
					{ "time": 10, "x": 1, "y": 1 }
				],
				"shear": [
					{ "time": 0, "x": 0, "y": 0 }
				]
			},
			"sg16": {
				"rotate": [
					{ "time": 0, "angle": 0 }
				],
				"translate": [
					{ "time": 0, "x": 0, "y": 0 }
				],
				"scale": [
					{ "time": 0, "x": 1, "y": 1, "curve": "stepped" },
					{ "time": 2.5, "x": 1, "y": 1 },
					{ "time": 3.0333, "x": 0.93, "y": 1 },
					{ "time": 5, "x": 1, "y": 1, "curve": "stepped" },
					{ "time": 7.5, "x": 1, "y": 1, "curve": "stepped" },
					{ "time": 10, "x": 1, "y": 1 }
				],
				"shear": [
					{ "time": 0, "x": 0, "y": 0 }
				]
			},
			"sg17": {
				"rotate": [
					{ "time": 0, "angle": 0 }
				],
				"translate": [
					{ "time": 0, "x": 0, "y": 0 }
				],
				"scale": [
					{ "time": 0, "x": 1, "y": 1 },
					{ "time": 1.1333, "x": 0.836, "y": 1, "curve": "stepped" },
					{ "time": 2.5, "x": 0.836, "y": 1, "curve": "stepped" },
					{ "time": 5, "x": 0.836, "y": 1, "curve": "stepped" },
					{ "time": 7.5, "x": 0.836, "y": 1, "curve": "stepped" },
					{ "time": 10, "x": 0.836, "y": 1 }
				],
				"shear": [
					{ "time": 0, "x": 0, "y": 0 }
				]
			},
			"sg18": {
				"rotate": [
					{ "time": 0, "angle": 0 }
				],
				"translate": [
					{ "time": 0, "x": 0, "y": 0 }
				],
				"scale": [
					{ "time": 0, "x": 1, "y": 1, "curve": "stepped" },
					{ "time": 2.5, "x": 1, "y": 1, "curve": "stepped" },
					{ "time": 5, "x": 1, "y": 1, "curve": "stepped" },
					{ "time": 7.5, "x": 1, "y": 1, "curve": "stepped" },
					{ "time": 10, "x": 1, "y": 1 }
				],
				"shear": [
					{ "time": 0, "x": 0, "y": 0 }
				]
			},
			"sg2": {
				"rotate": [
					{ "time": 0, "angle": 0 }
				],
				"translate": [
					{ "time": 0, "x": 0, "y": 0 }
				],
				"scale": [
					{ "time": 0, "x": 1, "y": 1, "curve": "stepped" },
					{ "time": 2.5, "x": 1, "y": 1, "curve": "stepped" },
					{ "time": 5, "x": 1, "y": 1, "curve": "stepped" },
					{ "time": 7.5, "x": 1, "y": 1, "curve": "stepped" },
					{ "time": 10, "x": 1, "y": 1 }
				],
				"shear": [
					{ "time": 0, "x": 0, "y": 0 }
				]
			},
			"sg20": {
				"rotate": [
					{ "time": 0, "angle": 0 }
				],
				"translate": [
					{ "time": 0, "x": 0, "y": 0 }
				],
				"scale": [
					{ "time": 0, "x": 1, "y": 1, "curve": "stepped" },
					{ "time": 2.5, "x": 1, "y": 1, "curve": "stepped" },
					{ "time": 5, "x": 1, "y": 1, "curve": "stepped" },
					{ "time": 7.5, "x": 1, "y": 1, "curve": "stepped" },
					{ "time": 10, "x": 1, "y": 1 }
				],
				"shear": [
					{ "time": 0, "x": 0, "y": 0 }
				]
			},
			"sg21": {
				"rotate": [
					{ "time": 0, "angle": 0 }
				],
				"translate": [
					{ "time": 0, "x": 0, "y": 0 }
				],
				"scale": [
					{ "time": 0, "x": 1, "y": 1, "curve": "stepped" },
					{ "time": 2.5, "x": 1, "y": 1 },
					{ "time": 3.0333, "x": 0.93, "y": 1 },
					{ "time": 5, "x": 1, "y": 1, "curve": "stepped" },
					{ "time": 7.5, "x": 1, "y": 1, "curve": "stepped" },
					{ "time": 10, "x": 1, "y": 1 }
				],
				"shear": [
					{ "time": 0, "x": 0, "y": 0 }
				]
			},
			"sg3": {
				"rotate": [
					{ "time": 0, "angle": 0 }
				],
				"translate": [
					{ "time": 0, "x": 0, "y": 0 }
				],
				"scale": [
					{ "time": 0, "x": 1, "y": 1, "curve": "stepped" },
					{ "time": 2.5, "x": 1, "y": 1, "curve": "stepped" },
					{ "time": 5, "x": 1, "y": 1, "curve": "stepped" },
					{ "time": 7.5, "x": 1, "y": 1, "curve": "stepped" },
					{ "time": 10, "x": 1, "y": 1 }
				],
				"shear": [
					{ "time": 0, "x": 0, "y": 0 }
				]
			},
			"sg5": {
				"rotate": [
					{ "time": 0, "angle": 0 }
				],
				"translate": [
					{ "time": 0, "x": 0, "y": 0 }
				],
				"scale": [
					{ "time": 0, "x": 1, "y": 1, "curve": "stepped" },
					{ "time": 2.5, "x": 1, "y": 1, "curve": "stepped" },
					{ "time": 5, "x": 1, "y": 1, "curve": "stepped" },
					{ "time": 7.5, "x": 1, "y": 1, "curve": "stepped" },
					{ "time": 10, "x": 1, "y": 1 }
				],
				"shear": [
					{ "time": 0, "x": 0, "y": 0 }
				]
			},
			"sg6": {
				"rotate": [
					{ "time": 0, "angle": 0 }
				],
				"translate": [
					{ "time": 0, "x": 0, "y": 0 }
				],
				"scale": [
					{ "time": 0, "x": 1, "y": 1, "curve": "stepped" },
					{ "time": 2.5, "x": 1, "y": 1, "curve": "stepped" },
					{ "time": 5, "x": 1, "y": 1, "curve": "stepped" },
					{ "time": 7.5, "x": 1, "y": 1, "curve": "stepped" },
					{ "time": 10, "x": 1, "y": 1 }
				],
				"shear": [
					{ "time": 0, "x": 0, "y": 0 }
				]
			},
			"sg7": {
				"rotate": [
					{ "time": 0, "angle": 0 }
				],
				"translate": [
					{ "time": 0, "x": 0, "y": 0 }
				],
				"scale": [
					{ "time": 0, "x": 1, "y": 1, "curve": "stepped" },
					{ "time": 2.5, "x": 1, "y": 1, "curve": "stepped" },
					{ "time": 5, "x": 1, "y": 1, "curve": "stepped" },
					{ "time": 7.5, "x": 1, "y": 1, "curve": "stepped" },
					{ "time": 10, "x": 1, "y": 1 }
				],
				"shear": [
					{ "time": 0, "x": 0, "y": 0 }
				]
			},
			"bone5": {
				"rotate": [
					{ "time": 0, "angle": -10.37 },
					{ "time": 2.5, "angle": -100.43 },
					{ "time": 5, "angle": -194.87 },
					{ "time": 10, "angle": -10.63 }
				],
				"translate": [
					{ "time": 0, "x": 9.11, "y": -35.46 }
				],
				"scale": [
					{
						"time": 0,
						"x": 1.556,
						"y": 1.467,
						"curve": [ 0.314, 0, 0.648, 0.34 ]
					},
					{
						"time": 2.5,
						"x": 1.319,
						"y": 1.891,
						"curve": [ 0.318, 0.23, 0.652, 0.56 ]
					},
					{
						"time": 5,
						"x": 2.103,
						"y": 1.691,
						"curve": [ 0.321, 0.27, 0.655, 0.61 ]
					},
					{
						"time": 7.5,
						"x": 1.375,
						"y": 1.771,
						"curve": [ 0.324, 0.29, 0.658, 0.63 ]
					},
					{ "time": 10, "x": 1.605, "y": 1.412 }
				],
				"shear": [
					{ "time": 0, "x": 0, "y": 0 }
				]
			},
			"sg19": {
				"rotate": [
					{ "time": 0, "angle": 9.62 }
				],
				"translate": [
					{ "time": 0, "x": 0, "y": 0 }
				],
				"scale": [
					{ "time": 0, "x": 0.878, "y": 1.369, "curve": "stepped" },
					{ "time": 2.5, "x": 0.878, "y": 1.369, "curve": "stepped" },
					{ "time": 5, "x": 0.878, "y": 1.369, "curve": "stepped" },
					{ "time": 7.5, "x": 0.878, "y": 1.369, "curve": "stepped" },
					{ "time": 10, "x": 0.878, "y": 1.369 }
				],
				"shear": [
					{ "time": 0, "x": 0, "y": 0 }
				]
			},
			"sg22": {
				"rotate": [
					{ "time": 0, "angle": 11.16 }
				],
				"translate": [
					{ "time": 0, "x": 0, "y": 0 }
				],
				"scale": [
					{ "time": 0, "x": 0.878, "y": 1.237, "curve": "stepped" },
					{ "time": 2.5, "x": 0.878, "y": 1.237, "curve": "stepped" },
					{ "time": 5, "x": 0.878, "y": 1.237, "curve": "stepped" },
					{ "time": 7.5, "x": 0.878, "y": 1.237, "curve": "stepped" },
					{ "time": 10, "x": 0.878, "y": 1.237 }
				],
				"shear": [
					{ "time": 0, "x": 0, "y": 0 }
				]
			},
			"sg23": {
				"rotate": [
					{ "time": 0, "angle": 9.65 }
				],
				"translate": [
					{ "time": 0, "x": 0, "y": 0 }
				],
				"scale": [
					{ "time": 0, "x": 0.875, "y": 1.198, "curve": "stepped" },
					{ "time": 2.5, "x": 0.875, "y": 1.198, "curve": "stepped" },
					{ "time": 5, "x": 0.875, "y": 1.198, "curve": "stepped" },
					{ "time": 7.5, "x": 0.875, "y": 1.198, "curve": "stepped" },
					{ "time": 10, "x": 0.875, "y": 1.198 }
				],
				"shear": [
					{ "time": 0, "x": 0, "y": 0 }
				]
			},
			"sg24": {
				"rotate": [
					{ "time": 0, "angle": 11.82 }
				],
				"translate": [
					{ "time": 0, "x": 0, "y": 0 }
				],
				"scale": [
					{ "time": 0, "x": 0.832, "y": 1.174, "curve": "stepped" },
					{ "time": 2.5, "x": 0.832, "y": 1.174, "curve": "stepped" },
					{ "time": 5, "x": 0.832, "y": 1.174, "curve": "stepped" },
					{ "time": 7.5, "x": 0.832, "y": 1.174, "curve": "stepped" },
					{ "time": 10, "x": 0.832, "y": 1.174 }
				],
				"shear": [
					{ "time": 0, "x": 0, "y": 0 }
				]
			},
			"sg25": {
				"rotate": [
					{ "time": 0, "angle": 12.67 }
				],
				"translate": [
					{ "time": 0, "x": 0, "y": 0 }
				],
				"scale": [
					{ "time": 0, "x": 0.851, "y": 1.337 },
					{ "time": 2.5, "x": 0.86, "y": 1.316 },
					{ "time": 5, "x": 0.87, "y": 1.295 },
					{ "time": 7.5, "x": 0.879, "y": 1.274 },
					{ "time": 10, "x": 0.888, "y": 1.253 }
				],
				"shear": [
					{ "time": 0, "x": 0, "y": 0 }
				]
			},
			"sg26": {
				"rotate": [
					{ "time": 0, "angle": 0 }
				],
				"translate": [
					{ "time": 0, "x": 0, "y": 0 }
				],
				"scale": [
					{ "time": 0, "x": 1, "y": 1 },
					{ "time": 2.5, "x": 0.818, "y": 1 },
					{ "time": 3.6333, "x": 0.736, "y": 1, "curve": "stepped" },
					{ "time": 5, "x": 0.736, "y": 1, "curve": "stepped" },
					{ "time": 7.5, "x": 0.736, "y": 1, "curve": "stepped" },
					{ "time": 10, "x": 0.736, "y": 1 }
				],
				"shear": [
					{ "time": 0, "x": 0, "y": 0 }
				]
			}
		}
	}
}
}