{
"skeleton": { "hash": "Reu3kmPsr0MqQw9Tq7IbeFx2WaM", "spine": "3.4.02", "width": 827.39, "height": 265.9, "images": "./picture/" },
"bones": [
	{ "name": "root", "x": -1.71, "y": -0.01 },
	{ "name": "root2", "parent": "root", "x": 1.71, "y": 0.01 },
	{ "name": "banner", "parent": "root2", "x": -2.05, "y": -9.44 },
	{ "name": "line1", "parent": "root2", "length": 57.52, "rotation": 35.61, "x": -390.25, "y": -105.3, "scaleX": 1.396 },
	{ "name": "line2", "parent": "root2", "length": 57.52, "rotation": -35.34, "x": -382.97, "y": 110.68, "scaleX": 1.183 },
	{ "name": "line3", "parent": "root2", "length": 57.52, "rotation": -144.69, "x": 381.41, "y": 104.68, "scaleX": 1.336 },
	{ "name": "line4", "parent": "root2", "length": 57.52, "rotation": 147.57, "x": 387.34, "y": -95.21, "scaleX": 1.338 },
	{ "name": "shadow/1", "parent": "banner", "x": 87.25, "y": -39.75 },
	{ "name": "shadow/2", "parent": "banner", "x": 0.7, "y": 58.91 },
	{ "name": "shadow/3", "parent": "banner", "x": -68.53, "y": 47.95 },
	{ "name": "shadow/4", "parent": "banner", "x": -313.18, "y": 68.14 },
	{ "name": "shadow/5", "parent": "banner", "x": -305.1, "y": -39.17 },
	{ "name": "shadow/6", "parent": "banner", "x": 316.89, "y": -46.1 }
],
"slots": [
	{ "name": "line1", "bone": "line1", "attachment": "line" },
	{ "name": "line2", "bone": "line2", "attachment": "line" },
	{ "name": "line3", "bone": "line3", "attachment": "line" },
	{ "name": "line4", "bone": "line4", "attachment": "line" },
	{ "name": "banner", "bone": "banner", "attachment": "banner" },
	{ "name": "shadow/1", "bone": "shadow/1", "attachment": "shadow1" },
	{ "name": "shadow/2", "bone": "shadow/2", "attachment": "shadow2" },
	{ "name": "shadow/3", "bone": "shadow/3", "attachment": "shadow3" },
	{ "name": "shadow/4", "bone": "shadow/4", "attachment": "shadow4" },
	{ "name": "shadow/5", "bone": "shadow/5", "attachment": "shadow5" },
	{ "name": "shadow/6", "bone": "shadow/6", "attachment": "shadow6" }
],
"skins": {
	"default": {
		"line1": {
			"line": { "x": 26.46, "y": 2.52, "rotation": -35.61, "width": 77, "height": 56 }
		},
		"line2": {
			"line": { "x": 32.19, "y": 1.46, "rotation": -35.61, "width": 77, "height": 56 }
		},
		"line3": {
			"line": { "x": 24.45, "y": 3.27, "rotation": -35.61, "width": 77, "height": 56 }
		},
		"line4": {
			"line": { "x": 24.64, "y": 2.99, "rotation": -35.61, "width": 77, "height": 56 }
		}
	},
	"purple": {
		"banner": {
			"banner": { "name": "banner2p", "x": -0.05, "y": 6.95, "rotation": -0.09, "width": 678, "height": 155 }
		},
		"shadow/1": {
			"shadow1": {
				"name": "shadow/1",
				"type": "mesh",
				"color": "9031a2ff",
				"uvs": [ 0.99936, 0.0567, 0.86422, 0.6948, 0.2717, 0.99998, 0, 0.57983 ],
				"triangles": [ 1, 3, 0, 2, 3, 1 ],
				"vertices": [ 202.3, 24.78, 140.95, -2.65, -128.05, -15.77, -251.41, 2.29 ],
				"hull": 4,
				"edges": [ 4, 2, 2, 0, 4, 6, 6, 0 ],
				"width": 454,
				"height": 43
			}
		},
		"shadow/2": {
			"shadow2": {
				"name": "shadow/2",
				"type": "mesh",
				"color": "bc4bd7ff",
				"uvs": [ 1, 0.47296, 0.73891, 1, 0.36408, 1, 0, 0.35902 ],
				"triangles": [ 2, 3, 0, 1, 2, 0 ],
				"vertices": [ 327, 8.83, 156.25, -15.93, -88.88, -15.93, -326.99, 14.19 ],
				"hull": 4,
				"edges": [ 6, 4, 2, 4, 2, 0, 0, 6 ],
				"width": 654,
				"height": 47
			}
		},
		"shadow/3": {
			"shadow3": {
				"name": "shadow/3",
				"type": "mesh",
				"color": "9031a2ff",
				"uvs": [ 1, 1, 0, 1, 0, 0, 1, 0 ],
				"triangles": [ 1, 2, 3, 1, 3, 0 ],
				"vertices": [ 235.39, -15.94, -248.6, -15.94, -248.6, 33.05, 235.39, 33.05 ],
				"hull": 4,
				"edges": [ 0, 2, 2, 4, 4, 6, 0, 6 ],
				"width": 484,
				"height": 49
			}
		},
		"shadow/4": {
			"shadow4": { "name": "shadow/4", "color": "9031a2ff", "x": -2.41, "y": -0.1, "width": 20, "height": 24 }
		},
		"shadow/5": {
			"shadow5": { "name": "shadow/5", "color": "9031a2ff", "x": 19.15, "y": 10.04, "width": 80, "height": 55 }
		},
		"shadow/6": {
			"shadow6": { "name": "shadow/6", "color": "9031a2ff", "x": -9.93, "y": 5.43, "width": 40, "height": 31 }
		}
	},
	"red": {
		"banner": {
			"banner": { "x": 2.05, "y": 9.44, "rotation": -0.09, "width": 677, "height": 162 }
		},
		"shadow/1": {
			"shadow1": {
				"name": "shadow/1",
				"type": "mesh",
				"color": "8f1f11ff",
				"uvs": [ 0.99936, 0.0567, 0.86422, 0.6948, 0.2717, 0.99998, 0, 0.57983 ],
				"triangles": [ 1, 3, 0, 2, 3, 1 ],
				"vertices": [ 202.3, 24.78, 140.95, -2.65, -128.05, -15.77, -251.41, 2.29 ],
				"hull": 4,
				"edges": [ 4, 2, 2, 0, 4, 6, 6, 0 ],
				"width": 454,
				"height": 43
			}
		},
		"shadow/2": {
			"shadow2": {
				"name": "shadow/2",
				"type": "mesh",
				"color": "d43f34ff",
				"uvs": [ 1, 0.47296, 0.73891, 1, 0.36408, 1, 0, 0.35902 ],
				"triangles": [ 2, 3, 0, 1, 2, 0 ],
				"vertices": [ 327, 8.83, 156.25, -15.93, -88.88, -15.93, -326.99, 14.19 ],
				"hull": 4,
				"edges": [ 6, 4, 2, 4, 2, 0, 0, 6 ],
				"width": 654,
				"height": 47
			}
		},
		"shadow/3": {
			"shadow3": {
				"name": "shadow/3",
				"type": "mesh",
				"color": "9c2213ff",
				"uvs": [ 1, 1, 0, 1, 0, 0, 1, 0 ],
				"triangles": [ 1, 2, 3, 1, 3, 0 ],
				"vertices": [ 235.39, -15.94, -248.6, -15.94, -248.6, 33.05, 235.39, 33.05 ],
				"hull": 4,
				"edges": [ 0, 2, 2, 4, 4, 6, 0, 6 ],
				"width": 484,
				"height": 49
			}
		},
		"shadow/4": {
			"shadow4": { "name": "shadow/4", "color": "9c2213ff", "x": -2.41, "y": -0.1, "width": 20, "height": 24 }
		},
		"shadow/5": {
			"shadow5": { "name": "shadow/5", "color": "8f1f11ff", "x": 19.15, "y": 10.04, "width": 80, "height": 55 }
		},
		"shadow/6": {
			"shadow6": { "name": "shadow/6", "color": "8f1f11ff", "x": -9.93, "y": 5.43, "width": 40, "height": 31 }
		}
	}
},
"animations": {
	"run": {
		"slots": {
			"banner": {
				"color": [
					{
						"time": 0,
						"color": "ffffff00",
						"curve": [ 0.379, 0.54, 0.772, 0.83 ]
					},
					{ "time": 0.3333, "color": "ffffffff" }
				],
				"attachment": [
					{ "time": 0, "name": "banner" }
				]
			},
			"line1": {
				"color": [
					{
						"time": 0,
						"color": "ffffff00",
						"curve": [ 0.379, 0.54, 0.772, 0.83 ]
					},
					{ "time": 0.3333, "color": "ffffffff" }
				],
				"attachment": [
					{ "time": 0, "name": "line" }
				]
			},
			"line2": {
				"color": [
					{
						"time": 0,
						"color": "ffffff00",
						"curve": [ 0.379, 0.54, 0.772, 0.83 ]
					},
					{ "time": 0.3333, "color": "ffffffff" }
				],
				"attachment": [
					{ "time": 0, "name": "line" }
				]
			},
			"line3": {
				"color": [
					{
						"time": 0,
						"color": "ffffff00",
						"curve": [ 0.379, 0.54, 0.772, 0.83 ]
					},
					{ "time": 0.3333, "color": "ffffffff" }
				],
				"attachment": [
					{ "time": 0, "name": "line" }
				]
			},
			"line4": {
				"color": [
					{
						"time": 0,
						"color": "ffffff00",
						"curve": [ 0.379, 0.54, 0.772, 0.83 ]
					},
					{ "time": 0.3333, "color": "ffffffff" }
				],
				"attachment": [
					{ "time": 0, "name": "line" }
				]
			},
			"shadow/1": {
				"color": [
					{
						"time": 0,
						"color": "ffffff00",
						"curve": [ 0.375, 0.08, 0.911, 0.69 ]
					},
					{ "time": 0.3333, "color": "ffffffff" }
				],
				"attachment": [
					{ "time": 0, "name": "shadow1" }
				]
			},
			"shadow/2": {
				"color": [
					{
						"time": 0,
						"color": "ffffff00",
						"curve": [ 0.375, 0.08, 0.911, 0.69 ]
					},
					{ "time": 0.3333, "color": "ffffffff" }
				],
				"attachment": [
					{ "time": 0, "name": "shadow2" }
				]
			},
			"shadow/3": {
				"color": [
					{ "time": 0, "color": "ffffffff" },
					{
						"time": 0.5333,
						"color": "ffffff00",
						"curve": [ 0, -0.01, 0.251, 0.97 ]
					},
					{ "time": 0.7666, "color": "ffffffff" }
				],
				"attachment": [
					{ "time": 0, "name": null },
					{ "time": 0.5333, "name": "shadow3" }
				]
			},
			"shadow/4": {
				"color": [
					{
						"time": 0,
						"color": "ffffff00",
						"curve": [ 0.375, 0.08, 0.911, 0.69 ]
					},
					{ "time": 0.3333, "color": "ffffffff" }
				],
				"attachment": [
					{ "time": 0, "name": "shadow4" }
				]
			},
			"shadow/5": {
				"color": [
					{
						"time": 0,
						"color": "ffffff00",
						"curve": [ 0.375, 0.08, 0.911, 0.69 ]
					},
					{ "time": 0.3333, "color": "ffffffff" }
				],
				"attachment": [
					{ "time": 0, "name": "shadow5" }
				]
			},
			"shadow/6": {
				"color": [
					{
						"time": 0,
						"color": "ffffff00",
						"curve": [ 0.375, 0.08, 0.911, 0.69 ]
					},
					{ "time": 0.3333, "color": "ffffffff" }
				],
				"attachment": [
					{ "time": 0, "name": "shadow6" }
				]
			}
		},
		"bones": {
			"line1": {
				"rotate": [
					{
						"time": 0,
						"angle": -24.24,
						"curve": [ 0.379, 0.54, 0.772, 0.83 ]
					},
					{
						"time": 0.1,
						"angle": -27.83,
						"curve": [ 0.246, 0.05, 0.597, 0.45 ]
					},
					{
						"time": 0.1666,
						"angle": -23.16,
						"curve": [ 0.308, 0.29, 0.655, 0.66 ]
					},
					{
						"time": 0.2333,
						"angle": -11.54,
						"curve": [ 0.338, 0.35, 0.674, 0.7 ]
					},
					{
						"time": 0.2666,
						"angle": -2.31,
						"curve": [ 0.349, 0.4, 0.686, 0.75 ]
					},
					{
						"time": 0.3,
						"angle": 9.48,
						"curve": [ 0.365, 0.6, 0.702, 0.97 ]
					},
					{
						"time": 0.3333,
						"angle": 16.28,
						"curve": [ 0.248, 0.01, 0.767, 0.98 ]
					},
					{
						"time": 0.5333,
						"angle": 7.79,
						"curve": [ 0.269, 0.02, 0.628, 0.48 ]
					},
					{
						"time": 0.6333,
						"angle": 2.44,
						"curve": [ 0.361, 0.46, 0.739, 0.99 ]
					},
					{
						"time": 0.7666,
						"angle": -3.82,
						"curve": [ 0.211, 0.02, 0.653, 0.87 ]
					},
					{
						"time": 1,
						"angle": 2.23,
						"curve": [ 0.25, 0, 0.78, 0.87 ]
					},
					{ "time": 1.3, "angle": 0 }
				],
				"translate": [
					{ "time": 0, "x": 0, "y": 0, "curve": "stepped" },
					{ "time": 1.3, "x": 0, "y": 0 }
				],
				"scale": [
					{
						"time": 0,
						"x": 5.976,
						"y": 1,
						"curve": [ 0.379, 0.54, 0.772, 0.83 ]
					},
					{
						"time": 0.1,
						"x": 4.073,
						"y": 1,
						"curve": [ 0.246, 0.05, 0.597, 0.45 ]
					},
					{
						"time": 0.1666,
						"x": 3.262,
						"y": 1,
						"curve": [ 0.308, 0.29, 0.655, 0.66 ]
					},
					{
						"time": 0.2333,
						"x": 2.277,
						"y": 1,
						"curve": [ 0.338, 0.35, 0.674, 0.7 ]
					},
					{
						"time": 0.2666,
						"x": 1.858,
						"y": 1,
						"curve": [ 0.376, 0.57, 0.725, 0.98 ]
					},
					{
						"time": 0.3333,
						"x": 1.618,
						"y": 1,
						"curve": [ 0.248, 0.01, 0.767, 0.98 ]
					},
					{
						"time": 0.5333,
						"x": 0.916,
						"y": 1,
						"curve": [ 0.265, 0.02, 0.736, 0.99 ]
					},
					{
						"time": 0.7666,
						"x": 1.686,
						"y": 1,
						"curve": [ 0.211, 0.02, 0.653, 0.87 ]
					},
					{
						"time": 1,
						"x": 1.008,
						"y": 1,
						"curve": [ 0.25, 0, 0.78, 0.87 ]
					},
					{ "time": 1.3, "x": 1, "y": 1 }
				],
				"shear": [
					{ "time": 0, "x": 0, "y": 0, "curve": "stepped" },
					{ "time": 1.3, "x": 0, "y": 0 }
				]
			},
			"line2": {
				"rotate": [
					{
						"time": 0,
						"angle": 20.26,
						"curve": [ 0.379, 0.54, 0.772, 0.83 ]
					},
					{
						"time": 0.1,
						"angle": 26.23,
						"curve": [ 0.246, 0.05, 0.597, 0.45 ]
					},
					{
						"time": 0.1666,
						"angle": 23.5,
						"curve": [ 0.308, 0.29, 0.655, 0.66 ]
					},
					{
						"time": 0.2333,
						"angle": 15.35,
						"curve": [ 0.338, 0.35, 0.674, 0.7 ]
					},
					{
						"time": 0.2666,
						"angle": 8.04,
						"curve": [ 0.349, 0.4, 0.686, 0.75 ]
					},
					{
						"time": 0.3,
						"angle": -3.73,
						"curve": [ 0.365, 0.6, 0.702, 0.97 ]
					},
					{
						"time": 0.3333,
						"angle": -11.52,
						"curve": [ 0.248, 0.01, 0.767, 0.98 ]
					},
					{
						"time": 0.5333,
						"angle": -2.03,
						"curve": [ 0.265, 0.02, 0.736, 0.99 ]
					},
					{
						"time": 0.7666,
						"angle": 1.16,
						"curve": [ 0.211, 0.02, 0.653, 0.87 ]
					},
					{
						"time": 1,
						"angle": -4.38,
						"curve": [ 0.25, 0, 0.78, 0.87 ]
					},
					{ "time": 1.3, "angle": 0 }
				],
				"translate": [
					{ "time": 0, "x": 0, "y": 0, "curve": "stepped" },
					{ "time": 1.3, "x": 0, "y": 0 }
				],
				"scale": [
					{
						"time": 0,
						"x": 5.911,
						"y": 1,
						"curve": [ 0.379, 0.54, 0.772, 0.83 ]
					},
					{
						"time": 0.1,
						"x": 4.28,
						"y": 1,
						"curve": [ 0.246, 0.05, 0.597, 0.45 ]
					},
					{
						"time": 0.1666,
						"x": 3.411,
						"y": 1,
						"curve": [ 0.308, 0.29, 0.655, 0.66 ]
					},
					{
						"time": 0.2333,
						"x": 2.227,
						"y": 1,
						"curve": [ 0.372, 0.52, 0.739, 0.98 ]
					},
					{
						"time": 0.3333,
						"x": 1.368,
						"y": 1,
						"curve": [ 0.248, 0.01, 0.767, 0.98 ]
					},
					{
						"time": 0.5333,
						"x": 0.723,
						"y": 0.979,
						"curve": [ 0.265, 0.02, 0.736, 0.99 ]
					},
					{
						"time": 0.7666,
						"x": 1.785,
						"y": 0.997,
						"curve": [ 0.211, 0.02, 0.653, 0.87 ]
					},
					{
						"time": 1,
						"x": 1.042,
						"y": 1,
						"curve": [ 0.25, 0, 0.78, 0.87 ]
					},
					{ "time": 1.3, "x": 1, "y": 1 }
				],
				"shear": [
					{ "time": 0, "x": 0, "y": 0, "curve": "stepped" },
					{ "time": 1.3, "x": 0, "y": 0 }
				]
			},
			"line3": {
				"rotate": [
					{
						"time": 0,
						"angle": -21.6,
						"curve": [ 0.379, 0.54, 0.772, 0.83 ]
					},
					{
						"time": 0.1,
						"angle": -27.1,
						"curve": [ 0.246, 0.05, 0.597, 0.45 ]
					},
					{
						"time": 0.1666,
						"angle": -24.65,
						"curve": [ 0.308, 0.29, 0.655, 0.66 ]
					},
					{
						"time": 0.2333,
						"angle": -16.66,
						"curve": [ 0.338, 0.35, 0.674, 0.7 ]
					},
					{
						"time": 0.2666,
						"angle": -8.4,
						"curve": [ 0.349, 0.4, 0.686, 0.75 ]
					},
					{
						"time": 0.3,
						"angle": 2.47,
						"curve": [ 0.365, 0.6, 0.702, 0.97 ]
					},
					{
						"time": 0.3333,
						"angle": 10.25,
						"curve": [ 0.248, 0.01, 0.767, 0.98 ]
					},
					{
						"time": 0.5333,
						"angle": 3.33,
						"curve": [ 0.269, 0.02, 0.628, 0.48 ]
					},
					{
						"time": 0.6333,
						"angle": 0.59,
						"curve": [ 0.361, 0.46, 0.739, 0.99 ]
					},
					{
						"time": 0.7666,
						"angle": -1.46,
						"curve": [ 0.211, 0.02, 0.653, 0.87 ]
					},
					{
						"time": 1,
						"angle": 1.01,
						"curve": [ 0.25, 0, 0.78, 0.87 ]
					},
					{ "time": 1.3, "angle": 0 }
				],
				"translate": [
					{ "time": 0, "x": 0, "y": 0, "curve": "stepped" },
					{ "time": 1.3, "x": 0, "y": 0 }
				],
				"scale": [
					{
						"time": 0,
						"x": 5.628,
						"y": 1,
						"curve": [ 0.379, 0.54, 0.772, 0.83 ]
					},
					{
						"time": 0.1,
						"x": 4.328,
						"y": 1,
						"curve": [ 0.246, 0.05, 0.597, 0.45 ]
					},
					{
						"time": 0.1666,
						"x": 3.392,
						"y": 1,
						"curve": [ 0.308, 0.29, 0.655, 0.66 ]
					},
					{
						"time": 0.2333,
						"x": 2.226,
						"y": 1,
						"curve": [ 0.372, 0.52, 0.739, 0.98 ]
					},
					{
						"time": 0.3333,
						"x": 1.248,
						"y": 1,
						"curve": [ 0.248, 0.01, 0.767, 0.98 ]
					},
					{
						"time": 0.5333,
						"x": 0.723,
						"y": 1,
						"curve": [ 0.269, 0.02, 0.628, 0.48 ]
					},
					{
						"time": 0.6333,
						"x": 1.163,
						"y": 1.014,
						"curve": [ 0.361, 0.46, 0.739, 0.99 ]
					},
					{
						"time": 0.7666,
						"x": 1.641,
						"y": 1.035,
						"curve": [ 0.211, 0.02, 0.653, 0.87 ]
					},
					{
						"time": 1,
						"x": 0.888,
						"y": 1.035,
						"curve": [ 0.25, 0, 0.78, 0.87 ]
					},
					{ "time": 1.3, "x": 1, "y": 1 }
				],
				"shear": [
					{ "time": 0, "x": 0, "y": 0, "curve": "stepped" },
					{ "time": 1.3, "x": 0, "y": 0 }
				]
			},
			"line4": {
				"rotate": [
					{
						"time": 0,
						"angle": 21.11,
						"curve": [ 0.379, 0.54, 0.772, 0.83 ]
					},
					{
						"time": 0.1,
						"angle": 25.97,
						"curve": [ 0.246, 0.05, 0.597, 0.45 ]
					},
					{
						"time": 0.1666,
						"angle": 21.7,
						"curve": [ 0.308, 0.29, 0.655, 0.66 ]
					},
					{
						"time": 0.2333,
						"angle": 9.84,
						"curve": [ 0.338, 0.35, 0.674, 0.7 ]
					},
					{
						"time": 0.2666,
						"angle": -0.32,
						"curve": [ 0.349, 0.4, 0.686, 0.75 ]
					},
					{
						"time": 0.3,
						"angle": -13.12,
						"curve": [ 0.365, 0.6, 0.702, 0.97 ]
					},
					{
						"time": 0.3333,
						"angle": -21.93,
						"curve": [ 0.248, 0.01, 0.767, 0.98 ]
					},
					{
						"time": 0.5333,
						"angle": -10.12,
						"curve": [ 0.269, 0.02, 0.628, 0.48 ]
					},
					{
						"time": 0.6333,
						"angle": -3.7,
						"curve": [ 0.361, 0.46, 0.739, 0.99 ]
					},
					{
						"time": 0.7666,
						"angle": 3.45,
						"curve": [ 0.211, 0.02, 0.653, 0.87 ]
					},
					{
						"time": 1,
						"angle": 0.33,
						"curve": [ 0.25, 0, 0.78, 0.87 ]
					},
					{ "time": 1.3, "angle": 0 }
				],
				"translate": [
					{ "time": 0, "x": 0, "y": 0, "curve": "stepped" },
					{ "time": 1.3, "x": 0, "y": 0 }
				],
				"scale": [
					{
						"time": 0,
						"x": 5.559,
						"y": 1,
						"curve": [ 0.379, 0.54, 0.772, 0.83 ]
					},
					{
						"time": 0.1,
						"x": 4.293,
						"y": 1.151,
						"curve": [ 0.246, 0.05, 0.597, 0.45 ]
					},
					{
						"time": 0.1666,
						"x": 3.467,
						"y": 1.116,
						"curve": [ 0.308, 0.29, 0.655, 0.66 ]
					},
					{
						"time": 0.2333,
						"x": 2.296,
						"y": 1.069,
						"curve": [ 0.372, 0.52, 0.739, 0.98 ]
					},
					{
						"time": 0.3333,
						"x": 1.483,
						"y": 1.019,
						"curve": [ 0.248, 0.01, 0.767, 0.98 ]
					},
					{
						"time": 0.5333,
						"x": 0.747,
						"y": 1,
						"curve": [ 0.265, 0.02, 0.736, 0.99 ]
					},
					{
						"time": 0.7666,
						"x": 1.622,
						"y": 0.995,
						"curve": [ 0.211, 0.02, 0.653, 0.87 ]
					},
					{
						"time": 1,
						"x": 0.881,
						"y": 0.995,
						"curve": [ 0.25, 0, 0.78, 0.87 ]
					},
					{ "time": 1.3, "x": 1, "y": 1 }
				],
				"shear": [
					{ "time": 0, "x": 0, "y": 0, "curve": "stepped" },
					{ "time": 1.3, "x": 0, "y": 0 }
				]
			},
			"banner": {
				"rotate": [
					{ "time": 0, "angle": 0, "curve": "stepped" },
					{ "time": 1.3, "angle": 0 }
				],
				"translate": [
					{
						"time": 0,
						"x": 0,
						"y": 0,
						"curve": [ 0.379, 0.54, 0.772, 0.83 ]
					},
					{
						"time": 0.1,
						"x": 0,
						"y": -3.48,
						"curve": [ 0.209, 0.03, 0.732, 0.98 ]
					},
					{
						"time": 0.3333,
						"x": 0,
						"y": 18.47,
						"curve": [ 0.248, 0.01, 0.767, 0.98 ]
					},
					{
						"time": 0.5333,
						"x": 0,
						"y": 0.86,
						"curve": [ 0.265, 0.02, 0.736, 0.99 ]
					},
					{ "time": 0.7666, "x": 0, "y": 0, "curve": "stepped" },
					{ "time": 1.3, "x": 0, "y": 0 }
				],
				"scale": [
					{
						"time": 0,
						"x": 0.062,
						"y": 0.355,
						"curve": [ 0.379, 0.54, 0.772, 0.83 ]
					},
					{
						"time": 0.1,
						"x": 0.212,
						"y": 0.993,
						"curve": [ 0.209, 0.03, 0.732, 0.98 ]
					},
					{
						"time": 0.3333,
						"x": 1.026,
						"y": 0.544,
						"curve": [ 0.248, 0.01, 0.767, 0.98 ]
					},
					{
						"time": 0.5333,
						"x": 1.085,
						"y": 1.211,
						"curve": [ 0.265, 0.02, 0.736, 0.99 ]
					},
					{
						"time": 0.7666,
						"x": 0.92,
						"y": 0.779,
						"curve": [ 0.211, 0.02, 0.653, 0.87 ]
					},
					{
						"time": 1,
						"x": 1.027,
						"y": 1.055,
						"curve": [ 0.28, 0.06, 0.78, 0.87 ]
					},
					{ "time": 1.3, "x": 1, "y": 1 }
				],
				"shear": [
					{ "time": 0, "x": 0, "y": 0, "curve": "stepped" },
					{ "time": 1.3, "x": 0, "y": 0 }
				]
			},
			"shadow/1": {
				"rotate": [
					{ "time": 0, "angle": 0 },
					{ "time": 0.3333, "angle": 0.82 },
					{ "time": 1.3, "angle": 0 }
				],
				"translate": [
					{ "time": 0, "x": 0, "y": 0 },
					{ "time": 0.3333, "x": -64.25, "y": 2.65 },
					{ "time": 0.5333, "x": 3.47, "y": -3.12 },
					{ "time": 1.3, "x": 0, "y": 0 }
				],
				"scale": [
					{ "time": 0, "x": 1, "y": 1 },
					{ "time": 0.3333, "x": 0.874, "y": 0.832 },
					{ "time": 0.5333, "x": 0.913, "y": 0.827 },
					{ "time": 1.3, "x": 1, "y": 1 }
				],
				"shear": [
					{ "time": 0, "x": 0, "y": 0, "curve": "stepped" },
					{ "time": 1.3, "x": 0, "y": 0 }
				]
			},
			"shadow/2": {
				"rotate": [
					{ "time": 0, "angle": 0, "curve": "stepped" },
					{ "time": 1.3, "angle": 0 }
				],
				"translate": [
					{ "time": 0, "x": 0, "y": 0 },
					{ "time": 0.3333, "x": -9.85, "y": -3.29 },
					{ "time": 0.5333, "x": -5.72, "y": -2.61 },
					{ "time": 1.3, "x": 0, "y": 0 }
				],
				"scale": [
					{ "time": 0, "x": 1, "y": 1 },
					{ "time": 0.3333, "x": 1, "y": 1.494 },
					{ "time": 0.5333, "x": 1, "y": 1.362 },
					{ "time": 1.3, "x": 1, "y": 1 }
				],
				"shear": [
					{ "time": 0, "x": 0, "y": 0, "curve": "stepped" },
					{ "time": 1.3, "x": 0, "y": 0 }
				]
			},
			"shadow/3": {
				"rotate": [
					{ "time": 0, "angle": 0, "curve": "stepped" },
					{ "time": 1.3, "angle": 0 }
				],
				"translate": [
					{ "time": 0, "x": 0, "y": 0 },
					{ "time": 0.3333, "x": 10.17, "y": 0.53 },
					{ "time": 0.5333, "x": 32.84, "y": -0.55 },
					{ "time": 1.3, "x": 0, "y": 0 }
				],
				"scale": [
					{ "time": 0, "x": 1, "y": 1 },
					{ "time": 0.5333, "x": 1, "y": 0.712 },
					{ "time": 1.3, "x": 1, "y": 1 }
				],
				"shear": [
					{ "time": 0, "x": 0, "y": 0, "curve": "stepped" },
					{ "time": 1.3, "x": 0, "y": 0 }
				]
			},
			"shadow/4": {
				"rotate": [
					{ "time": 0, "angle": 0, "curve": "stepped" },
					{ "time": 1.3, "angle": 0 }
				],
				"translate": [
					{ "time": 0, "x": 0, "y": 0 },
					{ "time": 0.3333, "x": 0.18, "y": 0.56 },
					{ "time": 0.5333, "x": 3.69, "y": -2.31 },
					{ "time": 0.7666, "x": 6.29, "y": -8.21 },
					{ "time": 1, "x": 3.52, "y": -4.28 },
					{ "time": 1.3, "x": 0, "y": 0 }
				],
				"scale": [
					{ "time": 0, "x": 1, "y": 1 },
					{ "time": 0.3333, "x": 0.976, "y": 0.98 },
					{ "time": 0.5333, "x": 1.736, "y": 1.38 },
					{ "time": 0.7666, "x": 2.042, "y": 2.242 },
					{ "time": 1, "x": 1.404, "y": 1.504 },
					{ "time": 1.3, "x": 1, "y": 1 }
				],
				"shear": [
					{ "time": 0, "x": 0, "y": 0, "curve": "stepped" },
					{ "time": 1.3, "x": 0, "y": 0 }
				]
			},
			"shadow/5": {
				"rotate": [
					{ "time": 0, "angle": 0, "curve": "stepped" },
					{ "time": 0.3333, "angle": 0, "curve": "stepped" },
					{ "time": 1.3, "angle": 0 }
				],
				"translate": [
					{ "time": 0, "x": 0, "y": 0 },
					{ "time": 0.3333, "x": -6.37, "y": -4.05 },
					{ "time": 0.5333, "x": -3.55, "y": -2.05 },
					{ "time": 0.7666, "x": 1.77, "y": 1.59 },
					{ "time": 1, "x": -3.58, "y": -1.34 },
					{ "time": 1.3, "x": 0, "y": 0 }
				],
				"scale": [
					{ "time": 0, "x": 1, "y": 1 },
					{ "time": 0.3333, "x": 0.486, "y": 0.384 },
					{ "time": 0.5333, "x": 0.768, "y": 0.602 },
					{ "time": 0.7666, "x": 1.116, "y": 1.126 },
					{ "time": 1, "x": 0.81, "y": 0.697 },
					{ "time": 1.3, "x": 1, "y": 1 }
				],
				"shear": [
					{ "time": 0, "x": 0, "y": 0, "curve": "stepped" },
					{ "time": 1.3, "x": 0, "y": 0 }
				]
			},
			"shadow/6": {
				"rotate": [
					{ "time": 0, "angle": 0, "curve": "stepped" },
					{ "time": 1.3, "angle": 0 }
				],
				"translate": [
					{ "time": 0, "x": 0, "y": 0 },
					{ "time": 0.3333, "x": 1.08, "y": 0.06 },
					{ "time": 0.5333, "x": -3.01, "y": 2.09 },
					{ "time": 0.7666, "x": -4.41, "y": 2.45 },
					{ "time": 1, "x": -0.81, "y": -0.14 },
					{ "time": 1.3, "x": 0, "y": 0 }
				],
				"scale": [
					{ "time": 0, "x": 1, "y": 1 },
					{ "time": 0.3333, "x": 0.63, "y": 1.053 },
					{ "time": 0.5333, "x": 1.494, "y": 1.674 },
					{ "time": 0.7666, "x": 1.718, "y": 1.963 },
					{ "time": 1, "x": 1.255, "y": 1.216 },
					{ "time": 1.3, "x": 1, "y": 1 }
				],
				"shear": [
					{ "time": 0, "x": 0, "y": 0, "curve": "stepped" },
					{ "time": 1.3, "x": 0, "y": 0 }
				]
			}
		},
		"deform": {
			"red": {
				"shadow/1": {
					"shadow1": [
						{ "time": 0 },
						{
							"time": 0.1,
							"vertices": [ -48.45517, -14.64239, -34.22573, -4.76437, 5.42327, 2.0551, -28.41492, -8.73113 ]
						},
						{
							"time": 0.3333,
							"vertices": [ 66.21739, -18.23225, 12.58463, -11.24962, 72.15815, 3.91443, -34.0307, 4.65781 ]
						},
						{
							"time": 0.5333,
							"vertices": [ -16.21975, -12.47504, 29.23955, 1.09022, 34.26492, 2.67437, 91.83682, -7.83918 ]
						},
						{
							"time": 0.7666,
							"vertices": [ -14.10883, 1.57588, -8.00804, -4.51744, -19.25794, 0.24751, 1.65119, 15.22458 ]
						},
						{ "time": 1 }
					]
				},
				"shadow/2": {
					"shadow2": [
						{ "time": 0 },
						{
							"time": 0.3333,
							"offset": 3,
							"vertices": [ 12.12328, 3.0E-5, 12.12328 ]
						},
						{
							"time": 0.5333,
							"vertices": [ -0.44319, -2.57015, -36.7375, 11.33859, -2.6385, 10.25189, 0.83158, 0.04434 ]
						},
						{
							"time": 0.7666,
							"vertices": [ -1.78211, -1.38075, -16.23694, -5.92536, 0.50845, 2.32679, -0.54087, 1.3214 ]
						},
						{
							"time": 1,
							"vertices": [ 0.36327, -0.55171, -36.42892, 10.28918, -1.0818, -1.3028, 1.07192, 2.46331 ]
						},
						{ "time": 1.3 }
					]
				},
				"shadow/3": {
					"shadow3": [
						{ "time": 0 },
						{
							"time": 0.3333,
							"vertices": [ 15.60829, -2.94003, 8.33833, -12.51699, 2.90698, -6.22173, 5.1761, 24.95958 ]
						},
						{
							"time": 0.5333,
							"vertices": [ -101.22736, 11.65369, -7.57519, 7.36233, -32.87543, 14.66168, -58.35819, -4.00954 ]
						},
						{
							"time": 0.7666,
							"vertices": [ -33.88902, -23.93668, -8.06232, -24.04598, -32.89867, 11.158, 18.91776, 23.12932 ]
						},
						{
							"time": 1,
							"vertices": [ 11.54152, 6.57747, 64.6514, -5.65581, -32.09712, 8.79127, 25.84922, 2.73522 ]
						},
						{ "time": 1.3 }
					]
				}
			}
		}
	},
	"stop": {
		"bones": {
			"line1": {
				"rotate": [
					{ "time": 0, "angle": 0 }
				],
				"translate": [
					{ "time": 0, "x": 0, "y": 0 }
				],
				"scale": [
					{ "time": 0, "x": 1, "y": 1 }
				],
				"shear": [
					{ "time": 0, "x": 0, "y": 0 }
				]
			},
			"line2": {
				"rotate": [
					{ "time": 0, "angle": 0 }
				],
				"translate": [
					{ "time": 0, "x": 0, "y": 0 }
				],
				"scale": [
					{ "time": 0, "x": 1, "y": 1 }
				],
				"shear": [
					{ "time": 0, "x": 0, "y": 0 }
				]
			},
			"line3": {
				"rotate": [
					{ "time": 0, "angle": 0 }
				],
				"translate": [
					{ "time": 0, "x": 0, "y": 0 }
				],
				"scale": [
					{ "time": 0, "x": 1, "y": 1 }
				],
				"shear": [
					{ "time": 0, "x": 0, "y": 0 }
				]
			},
			"line4": {
				"rotate": [
					{ "time": 0, "angle": 0 }
				],
				"translate": [
					{ "time": 0, "x": 0, "y": 0 }
				],
				"scale": [
					{ "time": 0, "x": 1, "y": 1 }
				],
				"shear": [
					{ "time": 0, "x": 0, "y": 0 }
				]
			},
			"banner": {
				"rotate": [
					{ "time": 0, "angle": 0 }
				],
				"translate": [
					{ "time": 0, "x": 0, "y": 0 }
				],
				"scale": [
					{ "time": 0, "x": 1, "y": 1 }
				],
				"shear": [
					{ "time": 0, "x": 0, "y": 0 }
				]
			},
			"shadow/1": {
				"rotate": [
					{ "time": 0, "angle": 0 }
				],
				"translate": [
					{ "time": 0, "x": 0, "y": 0 }
				],
				"scale": [
					{ "time": 0, "x": 1, "y": 1 }
				],
				"shear": [
					{ "time": 0, "x": 0, "y": 0 }
				]
			},
			"shadow/2": {
				"rotate": [
					{ "time": 0, "angle": 0 }
				],
				"translate": [
					{ "time": 0, "x": 0, "y": 0 }
				],
				"scale": [
					{ "time": 0, "x": 1, "y": 1 }
				],
				"shear": [
					{ "time": 0, "x": 0, "y": 0 }
				]
			},
			"shadow/3": {
				"rotate": [
					{ "time": 0, "angle": 0 }
				],
				"translate": [
					{ "time": 0, "x": 0, "y": 0 }
				],
				"scale": [
					{ "time": 0, "x": 1, "y": 1 }
				],
				"shear": [
					{ "time": 0, "x": 0, "y": 0 }
				]
			},
			"shadow/4": {
				"rotate": [
					{ "time": 0, "angle": 0 }
				],
				"translate": [
					{ "time": 0, "x": 0, "y": 0 }
				],
				"scale": [
					{ "time": 0, "x": 1, "y": 1 }
				],
				"shear": [
					{ "time": 0, "x": 0, "y": 0 }
				]
			},
			"shadow/5": {
				"rotate": [
					{ "time": 0, "angle": 0 }
				],
				"translate": [
					{ "time": 0, "x": 0, "y": 0 }
				],
				"scale": [
					{ "time": 0, "x": 1, "y": 1 }
				],
				"shear": [
					{ "time": 0, "x": 0, "y": 0 }
				]
			},
			"shadow/6": {
				"rotate": [
					{ "time": 0, "angle": 0 }
				],
				"translate": [
					{ "time": 0, "x": 0, "y": 0 }
				],
				"scale": [
					{ "time": 0, "x": 1, "y": 1 }
				],
				"shear": [
					{ "time": 0, "x": 0, "y": 0 }
				]
			}
		},
		"deform": {
			"red": {
				"shadow/1": {
					"shadow1": [
						{ "time": 0 }
					]
				},
				"shadow/2": {
					"shadow2": [
						{ "time": 0 }
					]
				},
				"shadow/3": {
					"shadow3": [
						{ "time": 0 }
					]
				}
			}
		}
	}
}
}