{
"skeleton": { "hash": "AxePfRodp2aKmBi6KqVZ5k30gic", "spine": "3.4.02", "width": 0, "height": 0, "images": "" },
"bones": [
	{ "name": "root" },
	{ "name": "bone", "parent": "root", "x": -16, "y": -182.07 },
	{ "name": "bone2", "parent": "root", "x": -0.88, "y": -67.63, "color": "97269bff" },
	{ "name": "bone3", "parent": "root", "x": -0.92, "y": 54.67, "color": "289b14ff" },
	{ "name": "images/b5", "parent": "bone3", "x": 480.52, "y": -52.72, "color": "9b0209ff" },
	{ "name": "images/bird_stone_03", "parent": "bone3", "x": 516.27, "y": -229.65, "color": "9b0209ff" },
	{ "name": "images/bird_stone_5", "parent": "bone3", "x": 405.68, "y": -229.65, "color": "9b0209ff" },
	{ "name": "images/bird_stone_6", "parent": "bone2", "x": 379.37, "y": -107.34, "color": "0e009bff" },
	{ "name": "images/bird_stone_7", "parent": "bone2", "x": 351.27, "y": -107.34, "color": "0e009bff" },
	{ "name": "images/bird_stone_35", "parent": "bone", "x": 561.75, "y": -99.06 },
	{ "name": "images/w6", "parent": "bone2", "x": 674.33, "y": 151.12, "color": "0e009bff" },
	{ "name": "images/w7", "parent": "bone2", "x": 519.02, "y": -49.48, "color": "0e009bff" },
	{ "name": "images/wood_1", "parent": "bone3", "x": -1.39, "y": 54.04 },
	{ "name": "images/wood_4", "parent": "bone2", "x": -1.42, "y": -49.89 },
	{ "name": "images/wood_7", "parent": "bone2", "x": 491.25, "y": 163.43, "color": "0e009bff" },
	{ "name": "images/wood_8", "parent": "bone3", "x": 606.68, "y": 34.96, "color": "9b0209ff" },
	{ "name": "images/wood_9", "parent": "bone2", "x": 480.48, "y": -52.19, "color": "0e009bff" },
	{ "name": "images/wood_11", "parent": "bone2", "x": 606.64, "y": 230.02, "color": "0e009bff" },
	{ "name": "images/wood_12", "parent": "bone3", "x": 746.68, "y": -43.72, "color": "9b0209ff" },
	{ "name": "images/wood_13", "parent": "bone3", "x": 480.52, "y": -99.06, "color": "9b0209ff" },
	{ "name": "images/wood_15", "parent": "bone3", "x": 558.43, "y": -172.51, "color": "9b0209ff" },
	{ "name": "images/wood_16", "parent": "bone3", "x": 606.67, "y": -171.97, "color": "9b0209ff" }
],
"slots": [
	{ "name": "images/wood_1", "bone": "images/wood_1" },
	{ "name": "images/wood_10", "bone": "images/wood_4" },
	{ "name": "images/wood_3", "bone": "images/wood_7" },
	{ "name": "images/wood_17", "bone": "images/wood_15" },
	{ "name": "images/wood_12", "bone": "images/wood_12" },
	{ "name": "images/wood_18", "bone": "images/wood_16" },
	{ "name": "images/b5", "bone": "images/b5" },
	{ "name": "images/wood_15", "bone": "images/wood_9" },
	{ "name": "images/wood_13", "bone": "images/wood_13" },
	{ "name": "images/wood_7", "bone": "images/w6" },
	{ "name": "images/wood_16", "bone": "images/w7" },
	{ "name": "images/wood_8", "bone": "images/wood_8" },
	{ "name": "images/wood_11", "bone": "images/wood_11" },
	{ "name": "images/bird_stone_03", "bone": "images/bird_stone_03" },
	{ "name": "images/bird_stone_5", "bone": "images/bird_stone_5" },
	{ "name": "images/bird_stone_6", "bone": "images/bird_stone_6" },
	{ "name": "images/bird_stone_7", "bone": "images/bird_stone_7" }
],
"skins": {
	"default": {
		"images/b5": {
			"images/b5": { "x": 3.05, "y": -11.08, "width": 65, "height": 61 }
		},
		"images/bird_stone_03": {
			"images/bird_stone_03": { "x": -0.17, "y": 0.26, "rotation": 89.99, "width": 107, "height": 23 }
		},
		"images/bird_stone_5": {
			"images/bird_stone_03": { "x": -0.17, "y": 0.26, "rotation": 89.99, "width": 107, "height": 23 }
		},
		"images/bird_stone_6": {
			"images/bird_stone_03": { "x": -0.17, "y": 0.26, "rotation": 89.99, "width": 107, "height": 23 }
		},
		"images/bird_stone_7": {
			"images/bird_stone_03": { "x": -0.17, "y": 0.26, "rotation": 89.99, "width": 107, "height": 23 }
		},
		"images/wood_1": {
			"images/ice_1": { "x": 3.24, "y": -0.64, "width": 251, "height": 30 },
			"images/ice_2": { "width": 251, "height": 30 },
			"images/ice_3": { "width": 251, "height": 30 }
		},
		"images/wood_10": {
			"images/ice_1": { "width": 251, "height": 30 },
			"images/ice_2": { "x": 3.24, "y": -0.64, "width": 251, "height": 30 },
			"images/ice_3": { "path": "images/ice_2", "width": 251, "height": 30 },
			"images/ice_4": { "path": "images/ice_3", "width": 251, "height": 30 }
		},
		"images/wood_11": {
			"images/b3": { "x": -7.6, "y": 3.22, "width": 59, "height": 68 }
		},
		"images/wood_12": {
			"images/b1": { "x": -0.6, "y": 0.45, "width": 47, "height": 63 }
		},
		"images/wood_13": {
			"images/b2": { "x": 3.05, "y": -11.08, "width": 76, "height": 91 }
		},
		"images/wood_15": {
			"images/b5": { "x": 3.05, "y": -11.08, "width": 65, "height": 61 }
		},
		"images/wood_16": {
			"images/b4": { "x": 3.2, "y": 3.37, "width": 60, "height": 69 }
		},
		"images/wood_17": {
			"images/b7": { "x": -0.6, "y": 0.45, "width": 52, "height": 80 }
		},
		"images/wood_18": {
			"images/b1": { "x": -0.6, "y": 0.45, "width": 47, "height": 63 }
		},
		"images/wood_3": {
			"images/b2": { "x": 10.78, "y": 1.06, "width": 76, "height": 91 }
		},
		"images/wood_7": {
			"images/b4": { "x": 3.2, "y": 3.37, "width": 60, "height": 69 }
		},
		"images/wood_8": {
			"images/b3": { "x": -7.6, "y": 3.22, "width": 59, "height": 68 }
		}
	}
},
"animations": {
	"lv1": {
		"slots": {
			"images/b5": {
				"color": [
					{ "time": 0, "color": "ffffffff" }
				],
				"attachment": [
					{ "time": 0, "name": null }
				]
			},
			"images/bird_stone_03": {
				"color": [
					{ "time": 0, "color": "ffffffff" }
				],
				"attachment": [
					{ "time": 0, "name": null }
				]
			},
			"images/bird_stone_5": {
				"color": [
					{ "time": 0, "color": "ffffffff" }
				],
				"attachment": [
					{ "time": 0, "name": null }
				]
			},
			"images/bird_stone_6": {
				"color": [
					{ "time": 0, "color": "ffffffff" }
				],
				"attachment": [
					{ "time": 0, "name": null }
				]
			},
			"images/bird_stone_7": {
				"color": [
					{ "time": 0, "color": "ffffffff" }
				],
				"attachment": [
					{ "time": 0, "name": null }
				]
			},
			"images/wood_1": {
				"color": [
					{ "time": 0, "color": "ffffffff" }
				],
				"attachment": [
					{ "time": 0, "name": null }
				]
			},
			"images/wood_3": {
				"color": [
					{ "time": 0, "color": "ffffffff" }
				],
				"attachment": [
					{ "time": 0, "name": null }
				]
			},
			"images/wood_7": {
				"color": [
					{ "time": 0, "color": "ffffffff" }
				],
				"attachment": [
					{ "time": 0, "name": null }
				]
			},
			"images/wood_8": {
				"color": [
					{ "time": 0, "color": "ffffffff" }
				],
				"attachment": [
					{ "time": 0, "name": null }
				]
			},
			"images/wood_10": {
				"color": [
					{ "time": 0, "color": "ffffffff" }
				],
				"attachment": [
					{ "time": 0, "name": "images/ice_1" }
				]
			},
			"images/wood_11": {
				"color": [
					{ "time": 0, "color": "ffffffff" }
				],
				"attachment": [
					{ "time": 0, "name": null }
				]
			},
			"images/wood_12": {
				"color": [
					{ "time": 0, "color": "ffffffff" }
				],
				"attachment": [
					{ "time": 0, "name": null }
				]
			},
			"images/wood_13": {
				"color": [
					{ "time": 0, "color": "ffffffff" }
				],
				"attachment": [
					{ "time": 0, "name": null }
				]
			},
			"images/wood_15": {
				"color": [
					{ "time": 0, "color": "ffffffff" }
				],
				"attachment": [
					{ "time": 0, "name": null }
				]
			},
			"images/wood_16": {
				"color": [
					{ "time": 0, "color": "ffffffff" }
				],
				"attachment": [
					{ "time": 0, "name": null }
				]
			},
			"images/wood_17": {
				"color": [
					{ "time": 0, "color": "ffffffff" }
				],
				"attachment": [
					{ "time": 0, "name": null }
				]
			},
			"images/wood_18": {
				"color": [
					{ "time": 0, "color": "ffffffff" }
				],
				"attachment": [
					{ "time": 0, "name": null }
				]
			}
		},
		"bones": {
			"root": {
				"rotate": [
					{ "time": 0, "angle": 0 }
				],
				"translate": [
					{ "time": 0, "x": 0, "y": 0 }
				],
				"scale": [
					{ "time": 0, "x": 1, "y": 1 }
				]
			},
			"bone": {
				"rotate": [
					{ "time": 0, "angle": 0 }
				],
				"translate": [
					{ "time": 0, "x": 0, "y": 0 }
				],
				"scale": [
					{ "time": 0, "x": 1, "y": 1 }
				]
			},
			"images/bird_stone_03": {
				"rotate": [
					{ "time": 0, "angle": -15.95 }
				],
				"translate": [
					{ "time": 0, "x": -477.84, "y": 296.94 }
				],
				"scale": [
					{ "time": 0, "x": 1, "y": 1 }
				]
			},
			"images/bird_stone_35": {
				"rotate": [
					{ "time": 0, "angle": 0 }
				],
				"translate": [
					{ "time": 0, "x": -534.63, "y": 278.3 }
				],
				"scale": [
					{ "time": 0, "x": 0.283, "y": 0.283 }
				]
			},
			"images/wood_1": {
				"rotate": [
					{ "time": 0, "angle": 0 }
				],
				"translate": [
					{ "time": 0, "x": 0, "y": 0 }
				],
				"scale": [
					{ "time": 0, "x": 1, "y": 1 }
				]
			},
			"images/wood_4": {
				"rotate": [
					{ "time": 0, "angle": 0 }
				],
				"translate": [
					{ "time": 0, "x": 0, "y": 0 }
				],
				"scale": [
					{ "time": 0, "x": 1, "y": 1 }
				]
			},
			"images/b5": {
				"rotate": [
					{ "time": 0, "angle": 14.72 }
				],
				"translate": [
					{ "time": 0, "x": -591.89, "y": 103.67 }
				],
				"scale": [
					{ "time": 0, "x": 0.844, "y": 0.844 }
				]
			},
			"images/wood_7": {
				"rotate": [
					{ "time": 0, "angle": 145.25 }
				],
				"translate": [
					{ "time": 0, "x": -379.06, "y": -206.15 }
				],
				"scale": [
					{ "time": 0, "x": 0.653, "y": 0.653 }
				]
			},
			"images/wood_8": {
				"rotate": [
					{ "time": 0, "angle": 34.08 }
				],
				"translate": [
					{ "time": 0, "x": -468.27, "y": -19.73 }
				],
				"scale": [
					{ "time": 0, "x": 0.757, "y": 0.757 }
				]
			},
			"images/w6": {
				"rotate": [
					{ "time": 0, "angle": -31.13 }
				],
				"translate": [
					{ "time": 0, "x": -786.32, "y": -184.18 }
				],
				"scale": [
					{ "time": 0, "x": 1, "y": 1 }
				]
			},
			"images/wood_11": {
				"rotate": [
					{ "time": 0, "angle": -40.24 }
				],
				"translate": [
					{ "time": 0, "x": -586.4, "y": -288.28 }
				],
				"scale": [
					{ "time": 0, "x": 1, "y": 1 }
				]
			},
			"images/wood_12": {
				"rotate": [
					{ "time": 0, "angle": -158.05 }
				],
				"translate": [
					{ "time": 0, "x": -757.34, "y": 128.85 }
				],
				"scale": [
					{ "time": 0, "x": 1, "y": 1 }
				]
			},
			"images/wood_13": {
				"rotate": [
					{ "time": 0, "angle": 144.9 }
				],
				"translate": [
					{ "time": 0, "x": -392.42, "y": 156.77 }
				],
				"scale": [
					{ "time": 0, "x": 1, "y": 1 }
				]
			},
			"images/bird_stone_5": {
				"rotate": [
					{ "time": 0, "angle": 48.19 }
				],
				"translate": [
					{ "time": 0, "x": -496.51, "y": 277.96 }
				],
				"scale": [
					{ "time": 0, "x": 1, "y": 1 }
				]
			},
			"images/bird_stone_6": {
				"rotate": [
					{ "time": 0, "angle": 156.05 }
				],
				"translate": [
					{ "time": 0, "x": -433.75, "y": 50.43 }
				],
				"scale": [
					{ "time": 0, "x": 1, "y": 1 }
				]
			},
			"images/bird_stone_7": {
				"rotate": [
					{ "time": 0, "angle": -141.45 }
				],
				"translate": [
					{ "time": 0, "x": -257.65, "y": 65.43 }
				],
				"scale": [
					{ "time": 0, "x": 1, "y": 1 }
				]
			},
			"images/wood_9": {
				"rotate": [
					{ "time": 0, "angle": 0 }
				],
				"translate": [
					{ "time": 0, "x": -344.58, "y": 64.68 }
				],
				"scale": [
					{ "time": 0, "x": 1, "y": 1 }
				]
			},
			"images/w7": {
				"rotate": [
					{ "time": 0, "angle": 112.6 }
				],
				"translate": [
					{ "time": 0, "x": -664.17, "y": 45.8 }
				],
				"scale": [
					{ "time": 0, "x": 1, "y": 1 }
				]
			},
			"images/wood_15": {
				"rotate": [
					{ "time": 0, "angle": 0 }
				],
				"translate": [
					{ "time": 0, "x": -627.65, "y": 255.18 }
				],
				"scale": [
					{ "time": 0, "x": 1, "y": 1 }
				]
			},
			"images/wood_16": {
				"rotate": [
					{ "time": 0, "angle": 0 }
				],
				"translate": [
					{ "time": 0, "x": -557.91, "y": 253.59 }
				],
				"scale": [
					{ "time": 0, "x": 1, "y": 1 }
				]
			},
			"bone2": {
				"rotate": [
					{ "time": 0, "angle": 0 }
				],
				"translate": [
					{ "time": 0, "x": 1.89, "y": 118.37 }
				],
				"scale": [
					{ "time": 0, "x": 1, "y": 1 }
				]
			},
			"bone3": {
				"rotate": [
					{ "time": 0, "angle": 0 }
				],
				"translate": [
					{ "time": 0, "x": -0.94, "y": -107 }
				],
				"scale": [
					{ "time": 0, "x": 1, "y": 1 }
				]
			}
		},
		"drawOrder": [
			{ "time": 0 }
		]
	},
	"run1": {
		"slots": {
			"images/b5": {
				"color": [
					{ "time": 0, "color": "ffffffff", "curve": "stepped" },
					{
						"time": 0.2,
						"color": "ffffffff",
						"curve": [ 0.186, 0.03, 0.939, 0.77 ]
					},
					{ "time": 0.5666, "color": "ffffff00", "curve": "stepped" },
					{ "time": 0.6666, "color": "ffffff00" }
				],
				"attachment": [
					{ "time": 0, "name": null },
					{ "time": 0.0333, "name": "images/b5" },
					{ "time": 0.6666, "name": "images/b5" }
				]
			},
			"images/bird_stone_03": {
				"color": [
					{ "time": 0, "color": "ffffffff", "curve": "stepped" },
					{
						"time": 0.0333,
						"color": "ffffffff",
						"curve": [ 0.25, 0, 0.75, 1 ]
					},
					{ "time": 0.1333, "color": "ffffff00", "curve": "stepped" },
					{ "time": 0.6666, "color": "ffffff00" }
				],
				"attachment": [
					{ "time": 0, "name": null },
					{ "time": 0.0333, "name": "images/bird_stone_03" },
					{ "time": 0.6666, "name": "images/bird_stone_03" }
				]
			},
			"images/bird_stone_5": {
				"color": [
					{ "time": 0, "color": "ffffffff", "curve": "stepped" },
					{
						"time": 0.0333,
						"color": "ffffffff",
						"curve": [ 0.25, 0, 0.75, 1 ]
					},
					{ "time": 0.2, "color": "ffffff00", "curve": "stepped" },
					{ "time": 0.6666, "color": "ffffff00" }
				],
				"attachment": [
					{ "time": 0, "name": null },
					{ "time": 0.0333, "name": "images/bird_stone_03" },
					{ "time": 0.6666, "name": "images/bird_stone_03" }
				]
			},
			"images/bird_stone_6": {
				"color": [
					{ "time": 0, "color": "ffffffff", "curve": "stepped" },
					{ "time": 0.6666, "color": "ffffffff" }
				],
				"attachment": [
					{ "time": 0, "name": null },
					{ "time": 0.6666, "name": null }
				]
			},
			"images/bird_stone_7": {
				"color": [
					{ "time": 0, "color": "ffffffff", "curve": "stepped" },
					{ "time": 0.6666, "color": "ffffffff" }
				],
				"attachment": [
					{ "time": 0, "name": null },
					{ "time": 0.6666, "name": null }
				]
			},
			"images/wood_1": {
				"color": [
					{ "time": 0, "color": "ffffffff", "curve": "stepped" },
					{ "time": 0.6666, "color": "ffffffff" }
				],
				"attachment": [
					{ "time": 0, "name": null },
					{ "time": 0.6666, "name": null }
				]
			},
			"images/wood_3": {
				"color": [
					{ "time": 0, "color": "ffffffff", "curve": "stepped" },
					{ "time": 0.6666, "color": "ffffffff" }
				],
				"attachment": [
					{ "time": 0, "name": null },
					{ "time": 0.6666, "name": null }
				]
			},
			"images/wood_7": {
				"color": [
					{ "time": 0, "color": "ffffffff", "curve": "stepped" },
					{ "time": 0.6666, "color": "ffffffff" }
				],
				"attachment": [
					{ "time": 0, "name": null },
					{ "time": 0.6666, "name": null }
				]
			},
			"images/wood_8": {
				"color": [
					{ "time": 0, "color": "ffffffff", "curve": "stepped" },
					{
						"time": 0.1333,
						"color": "ffffffff",
						"curve": [ 0.104, 0.04, 0.997, 0.73 ]
					},
					{ "time": 0.5666, "color": "ffffff00", "curve": "stepped" },
					{ "time": 0.6666, "color": "ffffff00" }
				],
				"attachment": [
					{ "time": 0, "name": null },
					{ "time": 0.0333, "name": "images/b3" },
					{ "time": 0.6666, "name": "images/b3" }
				]
			},
			"images/wood_10": {
				"color": [
					{ "time": 0, "color": "ffffffff", "curve": "stepped" },
					{ "time": 0.6666, "color": "ffffffff" }
				],
				"attachment": [
					{ "time": 0, "name": null },
					{ "time": 0.6666, "name": null }
				]
			},
			"images/wood_11": {
				"color": [
					{ "time": 0, "color": "ffffffff", "curve": "stepped" },
					{ "time": 0.6666, "color": "ffffffff" }
				],
				"attachment": [
					{ "time": 0, "name": null },
					{ "time": 0.6666, "name": null }
				]
			},
			"images/wood_12": {
				"color": [
					{ "time": 0, "color": "ffffffff", "curve": "stepped" },
					{
						"time": 0.1333,
						"color": "ffffffff",
						"curve": [ 0.25, 0, 0.75, 1 ]
					},
					{ "time": 0.6666, "color": "ffffff00" }
				],
				"attachment": [
					{ "time": 0, "name": null },
					{ "time": 0.0333, "name": "images/b1" },
					{ "time": 0.6666, "name": "images/b1" }
				]
			},
			"images/wood_13": {
				"color": [
					{ "time": 0, "color": "ffffffff", "curve": "stepped" },
					{
						"time": 0.1333,
						"color": "ffffffff",
						"curve": [ 0.275, 0.01, 0.989, 0.78 ]
					},
					{ "time": 0.6333, "color": "ffffff00", "curve": "stepped" },
					{ "time": 0.6666, "color": "ffffff00" }
				],
				"attachment": [
					{ "time": 0, "name": null },
					{ "time": 0.0333, "name": "images/b2" },
					{ "time": 0.6666, "name": "images/b2" }
				]
			},
			"images/wood_15": {
				"color": [
					{ "time": 0, "color": "ffffffff", "curve": "stepped" },
					{ "time": 0.6666, "color": "ffffffff" }
				],
				"attachment": [
					{ "time": 0, "name": null },
					{ "time": 0.6666, "name": null }
				]
			},
			"images/wood_16": {
				"color": [
					{ "time": 0, "color": "ffffffff", "curve": "stepped" },
					{ "time": 0.6666, "color": "ffffffff" }
				],
				"attachment": [
					{ "time": 0, "name": null },
					{ "time": 0.6666, "name": null }
				]
			},
			"images/wood_17": {
				"color": [
					{ "time": 0, "color": "ffffffff", "curve": "stepped" },
					{
						"time": 0.1666,
						"color": "ffffffff",
						"curve": [ 0.139, 0.05, 0.993, 0.79 ]
					},
					{ "time": 0.5666, "color": "ffffff00", "curve": "stepped" },
					{ "time": 0.6666, "color": "ffffff00" }
				],
				"attachment": [
					{ "time": 0, "name": null },
					{ "time": 0.0333, "name": "images/b7" },
					{ "time": 0.6666, "name": "images/b7" }
				]
			},
			"images/wood_18": {
				"color": [
					{ "time": 0, "color": "ffffffff", "curve": "stepped" },
					{
						"time": 0.1333,
						"color": "ffffffff",
						"curve": [ 0.25, 0, 0.75, 1 ]
					},
					{ "time": 0.5666, "color": "ffffff00", "curve": "stepped" },
					{ "time": 0.6666, "color": "ffffff00" }
				],
				"attachment": [
					{ "time": 0, "name": null },
					{ "time": 0.0333, "name": "images/b1" },
					{ "time": 0.6666, "name": "images/b1" }
				]
			}
		},
		"bones": {
			"root": {
				"rotate": [
					{ "time": 0, "angle": 0, "curve": "stepped" },
					{ "time": 0.0333, "angle": 0, "curve": "stepped" },
					{ "time": 0.6666, "angle": 0 }
				],
				"translate": [
					{ "time": 0, "x": 0, "y": 0, "curve": "stepped" },
					{ "time": 0.0333, "x": 0, "y": 0, "curve": "stepped" },
					{ "time": 0.6666, "x": 0, "y": 0 }
				],
				"scale": [
					{ "time": 0, "x": 1, "y": 1, "curve": "stepped" },
					{ "time": 0.0333, "x": 1, "y": 1, "curve": "stepped" },
					{ "time": 0.6666, "x": 1, "y": 1 }
				]
			},
			"bone": {
				"rotate": [
					{ "time": 0, "angle": 0, "curve": "stepped" },
					{ "time": 0.0333, "angle": 0, "curve": "stepped" },
					{ "time": 0.6666, "angle": 0 }
				],
				"translate": [
					{ "time": 0, "x": 0, "y": 0, "curve": "stepped" },
					{ "time": 0.0333, "x": 0, "y": 0, "curve": "stepped" },
					{ "time": 0.6666, "x": 0, "y": 0 }
				],
				"scale": [
					{ "time": 0, "x": 1, "y": 1, "curve": "stepped" },
					{ "time": 0.0333, "x": 1, "y": 1, "curve": "stepped" },
					{ "time": 0.6666, "x": 1, "y": 1 }
				]
			},
			"images/bird_stone_03": {
				"rotate": [
					{ "time": 0, "angle": -15.95, "curve": "stepped" },
					{ "time": 0.0333, "angle": -15.95, "curve": "stepped" },
					{ "time": 0.6666, "angle": -15.95 }
				],
				"translate": [
					{ "time": 0, "x": -477.84, "y": 296.94, "curve": "stepped" },
					{
						"time": 0.0333,
						"x": -477.84,
						"y": 296.94,
						"curve": [ 0.25, 0, 0.75, 1 ]
					},
					{ "time": 0.1333, "x": -452.54, "y": 385.5, "curve": "stepped" },
					{ "time": 0.6666, "x": -452.54, "y": 385.5 }
				],
				"scale": [
					{ "time": 0, "x": 1, "y": 1, "curve": "stepped" },
					{
						"time": 0.0333,
						"x": 1,
						"y": 1,
						"curve": [ 0.25, 0, 0.75, 1 ]
					},
					{ "time": 0.1333, "x": 0.596, "y": 0.274, "curve": "stepped" },
					{ "time": 0.6666, "x": 0.596, "y": 0.274 }
				]
			},
			"images/bird_stone_35": {
				"rotate": [
					{ "time": 0, "angle": 0, "curve": "stepped" },
					{ "time": 0.0333, "angle": 0, "curve": "stepped" },
					{ "time": 0.6666, "angle": 0 }
				],
				"translate": [
					{ "time": 0, "x": -534.63, "y": 278.3, "curve": "stepped" },
					{ "time": 0.0333, "x": -534.63, "y": 278.3, "curve": "stepped" },
					{ "time": 0.6666, "x": -534.63, "y": 278.3 }
				],
				"scale": [
					{ "time": 0, "x": 0.283, "y": 0.283, "curve": "stepped" },
					{
						"time": 0.0333,
						"x": 0.283,
						"y": 0.283,
						"curve": [ 0.25, 0, 0.75, 1 ]
					},
					{ "time": 0.1333, "x": 0.755, "y": 0.755, "curve": "stepped" },
					{ "time": 0.6666, "x": 0.755, "y": 0.755 }
				]
			},
			"images/wood_1": {
				"rotate": [
					{ "time": 0, "angle": 0, "curve": "stepped" },
					{ "time": 0.6666, "angle": 0 }
				],
				"translate": [
					{ "time": 0, "x": 0, "y": 0, "curve": "stepped" },
					{ "time": 0.6666, "x": 0, "y": 0 }
				],
				"scale": [
					{ "time": 0, "x": 1, "y": 1, "curve": "stepped" },
					{ "time": 0.6666, "x": 1, "y": 1 }
				]
			},
			"images/wood_4": {
				"rotate": [
					{ "time": 0, "angle": 0, "curve": "stepped" },
					{ "time": 0.6666, "angle": 0 }
				],
				"translate": [
					{ "time": 0, "x": 0, "y": 0, "curve": "stepped" },
					{ "time": 0.6666, "x": 0, "y": 0 }
				],
				"scale": [
					{ "time": 0, "x": 1, "y": 1, "curve": "stepped" },
					{ "time": 0.6666, "x": 1, "y": 1 }
				]
			},
			"images/b5": {
				"rotate": [
					{ "time": 0, "angle": 14.72, "curve": "stepped" },
					{
						"time": 0.0333,
						"angle": 14.72,
						"curve": [ 0.25, 0, 0.75, 1 ]
					},
					{
						"time": 0.2,
						"angle": 56.13,
						"curve": [ 0.186, 0.03, 0.939, 0.77 ]
					},
					{ "time": 0.5666, "angle": 105.22, "curve": "stepped" },
					{ "time": 0.6666, "angle": 105.22 }
				],
				"translate": [
					{ "time": 0, "x": -591.89, "y": 103.67, "curve": "stepped" },
					{
						"time": 0.0333,
						"x": -591.89,
						"y": 103.67,
						"curve": [ 0.25, 0, 0.75, 1 ]
					},
					{
						"time": 0.2,
						"x": -693.02,
						"y": 62.79,
						"curve": [ 0.186, 0.03, 0.939, 0.77 ]
					},
					{ "time": 0.5666, "x": -748.7, "y": -51.61, "curve": "stepped" },
					{ "time": 0.6666, "x": -748.7, "y": -51.61 }
				],
				"scale": [
					{ "time": 0, "x": 0.844, "y": 0.844, "curve": "stepped" },
					{ "time": 0.0333, "x": 0.844, "y": 0.844, "curve": "stepped" },
					{ "time": 0.6666, "x": 0.844, "y": 0.844 }
				]
			},
			"images/wood_7": {
				"rotate": [
					{ "time": 0, "angle": 145.25, "curve": "stepped" },
					{ "time": 0.6666, "angle": 145.25 }
				],
				"translate": [
					{ "time": 0, "x": -379.06, "y": -206.15, "curve": "stepped" },
					{ "time": 0.6666, "x": -379.06, "y": -206.15 }
				],
				"scale": [
					{ "time": 0, "x": 0.653, "y": 0.653, "curve": "stepped" },
					{ "time": 0.6666, "x": 0.653, "y": 0.653 }
				]
			},
			"images/wood_8": {
				"rotate": [
					{ "time": 0, "angle": 34.08, "curve": "stepped" },
					{
						"time": 0.0333,
						"angle": 34.08,
						"curve": [ 0.25, 0, 0.75, 1 ]
					},
					{
						"time": 0.1333,
						"angle": -26.71,
						"curve": [ 0.104, 0.04, 0.997, 0.73 ]
					},
					{ "time": 0.5666, "angle": -113.79, "curve": "stepped" },
					{ "time": 0.6666, "angle": -113.79 }
				],
				"translate": [
					{ "time": 0, "x": -468.27, "y": -19.73, "curve": "stepped" },
					{
						"time": 0.0333,
						"x": -468.27,
						"y": -19.73,
						"curve": [ 0.25, 0, 0.75, 1 ]
					},
					{
						"time": 0.1333,
						"x": -430.28,
						"y": 25.14,
						"curve": [ 0.104, 0.04, 0.997, 0.73 ]
					},
					{ "time": 0.5666, "x": -364.98, "y": -142.93, "curve": "stepped" },
					{ "time": 0.6666, "x": -364.98, "y": -142.93 }
				],
				"scale": [
					{ "time": 0, "x": 0.757, "y": 0.757, "curve": "stepped" },
					{ "time": 0.0333, "x": 0.757, "y": 0.757, "curve": "stepped" },
					{ "time": 0.6666, "x": 0.757, "y": 0.757 }
				]
			},
			"images/w6": {
				"rotate": [
					{ "time": 0, "angle": -31.13, "curve": "stepped" },
					{ "time": 0.6666, "angle": -31.13 }
				],
				"translate": [
					{ "time": 0, "x": -786.32, "y": -184.18, "curve": "stepped" },
					{ "time": 0.6666, "x": -786.32, "y": -184.18 }
				],
				"scale": [
					{ "time": 0, "x": 1, "y": 1, "curve": "stepped" },
					{ "time": 0.6666, "x": 1, "y": 1 }
				]
			},
			"images/wood_11": {
				"rotate": [
					{ "time": 0, "angle": -40.24, "curve": "stepped" },
					{ "time": 0.6666, "angle": -40.24 }
				],
				"translate": [
					{ "time": 0, "x": -586.4, "y": -288.28, "curve": "stepped" },
					{ "time": 0.6666, "x": -586.4, "y": -288.28 }
				],
				"scale": [
					{ "time": 0, "x": 1, "y": 1, "curve": "stepped" },
					{ "time": 0.6666, "x": 1, "y": 1 }
				]
			},
			"images/wood_12": {
				"rotate": [
					{ "time": 0, "angle": -158.05, "curve": "stepped" },
					{
						"time": 0.0333,
						"angle": -158.05,
						"curve": [ 0.25, 0, 0.75, 1 ]
					},
					{
						"time": 0.1333,
						"angle": -23.43,
						"curve": [ 0.251, 0, 0.622, 0.48 ]
					},
					{
						"time": 0.3666,
						"angle": 2.39,
						"curve": [ 0.191, 0.02, 0.953, 0.86 ]
					},
					{ "time": 0.6666, "angle": -34.1 }
				],
				"translate": [
					{ "time": 0, "x": -757.34, "y": 128.85, "curve": "stepped" },
					{
						"time": 0.0333,
						"x": -757.34,
						"y": 128.85,
						"curve": [ 0.25, 0, 0.75, 1 ]
					},
					{
						"time": 0.1333,
						"x": -794.85,
						"y": 246.24,
						"curve": [ 0.251, 0, 0.622, 0.48 ]
					},
					{
						"time": 0.3666,
						"x": -853.87,
						"y": 164.19,
						"curve": [ 0.191, 0.02, 0.953, 0.86 ]
					},
					{ "time": 0.6666, "x": -901.93, "y": 21.51 }
				],
				"scale": [
					{ "time": 0, "x": 1, "y": 1, "curve": "stepped" },
					{ "time": 0.6666, "x": 1, "y": 1 }
				]
			},
			"images/wood_13": {
				"rotate": [
					{ "time": 0, "angle": 144.9, "curve": "stepped" },
					{
						"time": 0.0333,
						"angle": 144.9,
						"curve": [ 0.25, 0, 0.75, 1 ]
					},
					{
						"time": 0.1333,
						"angle": 67.97,
						"curve": [ 0.275, 0.01, 0.989, 0.78 ]
					},
					{ "time": 0.6333, "angle": -45.52, "curve": "stepped" },
					{ "time": 0.6666, "angle": -45.52 }
				],
				"translate": [
					{ "time": 0, "x": -392.42, "y": 156.77, "curve": "stepped" },
					{
						"time": 0.0333,
						"x": -392.42,
						"y": 156.77,
						"curve": [ 0.25, 0, 0.75, 1 ]
					},
					{
						"time": 0.1333,
						"x": -386.71,
						"y": 197.56,
						"curve": [ 0.275, 0.01, 0.989, 0.78 ]
					},
					{ "time": 0.6333, "x": -264, "y": 11.88, "curve": "stepped" },
					{ "time": 0.6666, "x": -264, "y": 11.88 }
				],
				"scale": [
					{ "time": 0, "x": 1, "y": 1 },
					{ "time": 0.0333, "x": 0.696, "y": 0.696, "curve": "stepped" },
					{ "time": 0.6666, "x": 0.696, "y": 0.696 }
				]
			},
			"images/bird_stone_5": {
				"rotate": [
					{ "time": 0, "angle": 48.19, "curve": "stepped" },
					{ "time": 0.0333, "angle": 48.19, "curve": "stepped" },
					{ "time": 0.6666, "angle": 48.19 }
				],
				"translate": [
					{ "time": 0, "x": -496.51, "y": 277.96, "curve": "stepped" },
					{
						"time": 0.0333,
						"x": -496.51,
						"y": 277.96,
						"curve": [ 0.25, 0, 0.75, 1 ]
					},
					{ "time": 0.2, "x": -593.23, "y": 364.44, "curve": "stepped" },
					{ "time": 0.6666, "x": -593.23, "y": 364.44 }
				],
				"scale": [
					{ "time": 0, "x": 1, "y": 1, "curve": "stepped" },
					{
						"time": 0.0333,
						"x": 1,
						"y": 1,
						"curve": [ 0.25, 0, 0.75, 1 ]
					},
					{ "time": 0.2, "x": 0.2, "y": 0.39, "curve": "stepped" },
					{ "time": 0.6666, "x": 0.199, "y": 0.39 }
				]
			},
			"images/bird_stone_6": {
				"rotate": [
					{ "time": 0, "angle": 156.05, "curve": "stepped" },
					{ "time": 0.6666, "angle": 156.05 }
				],
				"translate": [
					{ "time": 0, "x": -433.75, "y": 50.43, "curve": "stepped" },
					{ "time": 0.6666, "x": -433.75, "y": 50.43 }
				],
				"scale": [
					{ "time": 0, "x": 1, "y": 1, "curve": "stepped" },
					{ "time": 0.6666, "x": 1, "y": 1 }
				]
			},
			"images/bird_stone_7": {
				"rotate": [
					{ "time": 0, "angle": -141.45, "curve": "stepped" },
					{ "time": 0.6666, "angle": -141.45 }
				],
				"translate": [
					{ "time": 0, "x": -257.65, "y": 65.43, "curve": "stepped" },
					{ "time": 0.6666, "x": -257.65, "y": 65.43 }
				],
				"scale": [
					{ "time": 0, "x": 1, "y": 1, "curve": "stepped" },
					{ "time": 0.6666, "x": 1, "y": 1 }
				]
			},
			"images/wood_9": {
				"rotate": [
					{ "time": 0, "angle": 0, "curve": "stepped" },
					{ "time": 0.6666, "angle": 0 }
				],
				"translate": [
					{ "time": 0, "x": -344.58, "y": 64.68, "curve": "stepped" },
					{ "time": 0.6666, "x": -344.58, "y": 64.68 }
				],
				"scale": [
					{ "time": 0, "x": 1, "y": 1, "curve": "stepped" },
					{ "time": 0.6666, "x": 1, "y": 1 }
				]
			},
			"images/w7": {
				"rotate": [
					{ "time": 0, "angle": 112.6, "curve": "stepped" },
					{ "time": 0.6666, "angle": 112.6 }
				],
				"translate": [
					{ "time": 0, "x": -664.17, "y": 45.8, "curve": "stepped" },
					{ "time": 0.6666, "x": -664.17, "y": 45.8 }
				],
				"scale": [
					{ "time": 0, "x": 1, "y": 1, "curve": "stepped" },
					{ "time": 0.6666, "x": 1, "y": 1 }
				]
			},
			"images/wood_15": {
				"rotate": [
					{ "time": 0, "angle": 0, "curve": "stepped" },
					{
						"time": 0.0333,
						"angle": 0,
						"curve": [ 0.25, 0, 0.75, 1 ]
					},
					{
						"time": 0.1666,
						"angle": 42.17,
						"curve": [ 0.139, 0.05, 0.993, 0.79 ]
					},
					{ "time": 0.5666, "angle": 82.02, "curve": "stepped" },
					{ "time": 0.6666, "angle": 82.02 }
				],
				"translate": [
					{ "time": 0, "x": -627.65, "y": 255.18, "curve": "stepped" },
					{
						"time": 0.0333,
						"x": -627.65,
						"y": 255.18,
						"curve": [ 0.25, 0, 0.75, 1 ]
					},
					{
						"time": 0.1666,
						"x": -694.25,
						"y": 291.7,
						"curve": [ 0.139, 0.05, 0.993, 0.79 ]
					},
					{ "time": 0.5666, "x": -791.92, "y": 186.78, "curve": "stepped" },
					{ "time": 0.6666, "x": -791.92, "y": 186.78 }
				],
				"scale": [
					{ "time": 0, "x": 1, "y": 1, "curve": "stepped" },
					{ "time": 0.6666, "x": 1, "y": 1 }
				]
			},
			"images/wood_16": {
				"rotate": [
					{ "time": 0, "angle": 0, "curve": "stepped" },
					{
						"time": 0.0333,
						"angle": 0,
						"curve": [ 0.25, 0, 0.75, 1 ]
					},
					{
						"time": 0.1333,
						"angle": -61.02,
						"curve": [ 0.25, 0, 0.75, 1 ]
					},
					{
						"time": 0.3666,
						"angle": -120.27,
						"curve": [ 0.154, 0.06, 1, 0.53 ]
					},
					{ "time": 0.5666, "angle": -147.86, "curve": "stepped" },
					{ "time": 0.6666, "angle": -147.86 }
				],
				"translate": [
					{ "time": 0, "x": -557.91, "y": 253.59, "curve": "stepped" },
					{
						"time": 0.0333,
						"x": -557.91,
						"y": 253.59,
						"curve": [ 0.25, 0, 0.75, 1 ]
					},
					{
						"time": 0.1333,
						"x": -517.4,
						"y": 348.12,
						"curve": [ 0.25, 0, 0.75, 1 ]
					},
					{
						"time": 0.3666,
						"x": -479.77,
						"y": 327.57,
						"curve": [ 0.154, 0.06, 1, 0.53 ]
					},
					{ "time": 0.5666, "x": -402.11, "y": 216.43, "curve": "stepped" },
					{ "time": 0.6666, "x": -402.11, "y": 216.43 }
				],
				"scale": [
					{ "time": 0, "x": 1, "y": 1, "curve": "stepped" },
					{ "time": 0.0333, "x": 1, "y": 1, "curve": "stepped" },
					{ "time": 0.6666, "x": 1, "y": 1 }
				]
			},
			"bone3": {
				"rotate": [
					{ "time": 0, "angle": 0, "curve": "stepped" },
					{ "time": 0.6666, "angle": 0 }
				],
				"translate": [
					{ "time": 0, "x": -0.94, "y": -107, "curve": "stepped" },
					{ "time": 0.6666, "x": -0.94, "y": -107 }
				],
				"scale": [
					{ "time": 0, "x": 1, "y": 1, "curve": "stepped" },
					{ "time": 0.6666, "x": 1, "y": 1 }
				]
			},
			"bone2": {
				"rotate": [
					{ "time": 0, "angle": 0, "curve": "stepped" },
					{ "time": 0.6666, "angle": 0 }
				],
				"translate": [
					{ "time": 0, "x": 1.89, "y": 118.37, "curve": "stepped" },
					{ "time": 0.6666, "x": 1.89, "y": 118.37 }
				],
				"scale": [
					{ "time": 0, "x": 1, "y": 1, "curve": "stepped" },
					{ "time": 0.6666, "x": 1, "y": 1 }
				]
			}
		},
		"drawOrder": [
			{ "time": 0 },
			{ "time": 0.6666 }
		]
	},
	"run2": {
		"slots": {
			"images/b5": {
				"color": [
					{ "time": 0, "color": "ffffffff", "curve": "stepped" },
					{ "time": 0.6666, "color": "ffffffff" }
				],
				"attachment": [
					{ "time": 0, "name": null },
					{ "time": 0.6666, "name": null }
				]
			},
			"images/bird_stone_03": {
				"color": [
					{ "time": 0, "color": "ffffffff", "curve": "stepped" },
					{ "time": 0.6666, "color": "ffffffff" }
				],
				"attachment": [
					{ "time": 0, "name": null },
					{ "time": 0.6666, "name": null }
				]
			},
			"images/bird_stone_5": {
				"color": [
					{ "time": 0, "color": "ffffffff", "curve": "stepped" },
					{ "time": 0.6666, "color": "ffffffff" }
				],
				"attachment": [
					{ "time": 0, "name": null },
					{ "time": 0.6666, "name": null }
				]
			},
			"images/bird_stone_6": {
				"color": [
					{ "time": 0, "color": "ffffffff", "curve": "stepped" },
					{
						"time": 0.0333,
						"color": "ffffffff",
						"curve": [ 0.25, 0, 0.75, 1 ]
					},
					{ "time": 0.2, "color": "ffffff00", "curve": "stepped" },
					{ "time": 0.6666, "color": "ffffff00" }
				],
				"attachment": [
					{ "time": 0, "name": null },
					{ "time": 0.0333, "name": "images/bird_stone_03" },
					{ "time": 0.6666, "name": "images/bird_stone_03" }
				]
			},
			"images/bird_stone_7": {
				"color": [
					{ "time": 0, "color": "ffffffff", "curve": "stepped" },
					{
						"time": 0.0333,
						"color": "ffffffff",
						"curve": [ 0.25, 0, 0.75, 1 ]
					},
					{ "time": 0.2, "color": "ffffff00", "curve": "stepped" },
					{ "time": 0.6666, "color": "ffffff00" }
				],
				"attachment": [
					{ "time": 0, "name": null },
					{ "time": 0.0333, "name": "images/bird_stone_03" },
					{ "time": 0.6666, "name": "images/bird_stone_03" }
				]
			},
			"images/wood_1": {
				"color": [
					{ "time": 0, "color": "ffffffff", "curve": "stepped" },
					{ "time": 0.6666, "color": "ffffffff" }
				],
				"attachment": [
					{ "time": 0, "name": null },
					{ "time": 0.6666, "name": null }
				]
			},
			"images/wood_3": {
				"color": [
					{ "time": 0, "color": "ffffffff", "curve": "stepped" },
					{
						"time": 0.1333,
						"color": "ffffffff",
						"curve": [ 0.188, 0, 1, 0.74 ]
					},
					{ "time": 0.5666, "color": "ffffff00", "curve": "stepped" },
					{ "time": 0.6666, "color": "ffffff00" }
				],
				"attachment": [
					{ "time": 0, "name": null },
					{ "time": 0.0333, "name": "images/b2" },
					{ "time": 0.6666, "name": "images/b2" }
				]
			},
			"images/wood_7": {
				"color": [
					{ "time": 0, "color": "ffffffff", "curve": "stepped" },
					{
						"time": 0.1666,
						"color": "ffffffff",
						"curve": [ 0.207, 0.05, 0.985, 0.8 ]
					},
					{ "time": 0.6333, "color": "ffffff00", "curve": "stepped" },
					{ "time": 0.6666, "color": "ffffff00" }
				],
				"attachment": [
					{ "time": 0, "name": null },
					{ "time": 0.0333, "name": "images/b4" },
					{ "time": 0.6666, "name": "images/b4" }
				]
			},
			"images/wood_8": {
				"color": [
					{ "time": 0, "color": "ffffffff", "curve": "stepped" },
					{ "time": 0.6666, "color": "ffffffff" }
				],
				"attachment": [
					{ "time": 0, "name": null },
					{ "time": 0.6666, "name": null }
				]
			},
			"images/wood_10": {
				"color": [
					{ "time": 0, "color": "ffffffff", "curve": "stepped" },
					{ "time": 0.6666, "color": "ffffffff" }
				],
				"attachment": [
					{ "time": 0, "name": null },
					{ "time": 0.6666, "name": null }
				]
			},
			"images/wood_11": {
				"color": [
					{ "time": 0, "color": "ffffffff", "curve": "stepped" },
					{
						"time": 0.2,
						"color": "ffffffff",
						"curve": [ 0.181, 0.04, 0.993, 0.76 ]
					},
					{ "time": 0.5666, "color": "ffffff00", "curve": "stepped" },
					{ "time": 0.6666, "color": "ffffff00" }
				],
				"attachment": [
					{ "time": 0, "name": null },
					{ "time": 0.0333, "name": "images/b3" },
					{ "time": 0.6666, "name": "images/b3" }
				]
			},
			"images/wood_12": {
				"color": [
					{ "time": 0, "color": "ffffffff", "curve": "stepped" },
					{ "time": 0.6666, "color": "ffffffff" }
				],
				"attachment": [
					{ "time": 0, "name": null },
					{ "time": 0.6666, "name": null }
				]
			},
			"images/wood_13": {
				"color": [
					{ "time": 0, "color": "ffffffff", "curve": "stepped" },
					{ "time": 0.6666, "color": "ffffffff" }
				],
				"attachment": [
					{ "time": 0, "name": null },
					{ "time": 0.6666, "name": null }
				]
			},
			"images/wood_15": {
				"color": [
					{ "time": 0, "color": "ffffffff", "curve": "stepped" },
					{
						"time": 0.2,
						"color": "ffffffff",
						"curve": [ 0.12, 0.08, 0.962, 0.79 ]
					},
					{ "time": 0.5666, "color": "ffffff00", "curve": "stepped" },
					{ "time": 0.6666, "color": "ffffff00" }
				],
				"attachment": [
					{ "time": 0, "name": null },
					{ "time": 0.0333, "name": "images/b5" },
					{ "time": 0.6666, "name": "images/b5" }
				]
			},
			"images/wood_16": {
				"color": [
					{ "time": 0, "color": "ffffffff", "curve": "stepped" },
					{
						"time": 0.1666,
						"color": "ffffffff",
						"curve": [ 0.199, 0.05, 0.993, 0.8 ]
					},
					{ "time": 0.6666, "color": "ffffff00" }
				],
				"attachment": [
					{ "time": 0, "name": null },
					{ "time": 0.0333, "name": "images/b4" },
					{ "time": 0.6666, "name": "images/b4" }
				]
			},
			"images/wood_17": {
				"color": [
					{ "time": 0, "color": "ffffffff", "curve": "stepped" },
					{ "time": 0.6666, "color": "ffffffff" }
				],
				"attachment": [
					{ "time": 0, "name": null },
					{ "time": 0.6666, "name": null }
				]
			},
			"images/wood_18": {
				"color": [
					{ "time": 0, "color": "ffffffff", "curve": "stepped" },
					{ "time": 0.6666, "color": "ffffffff" }
				],
				"attachment": [
					{ "time": 0, "name": null },
					{ "time": 0.6666, "name": null }
				]
			}
		},
		"bones": {
			"root": {
				"rotate": [
					{ "time": 0, "angle": 0, "curve": "stepped" },
					{ "time": 0.0333, "angle": 0, "curve": "stepped" },
					{ "time": 0.6666, "angle": 0 }
				],
				"translate": [
					{ "time": 0, "x": 0, "y": 0, "curve": "stepped" },
					{ "time": 0.0333, "x": 0, "y": 0, "curve": "stepped" },
					{ "time": 0.6666, "x": 0, "y": 0 }
				],
				"scale": [
					{ "time": 0, "x": 1, "y": 1, "curve": "stepped" },
					{ "time": 0.0333, "x": 1, "y": 1, "curve": "stepped" },
					{ "time": 0.6666, "x": 1, "y": 1 }
				]
			},
			"bone": {
				"rotate": [
					{ "time": 0, "angle": 0, "curve": "stepped" },
					{ "time": 0.0333, "angle": 0, "curve": "stepped" },
					{ "time": 0.6666, "angle": 0 }
				],
				"translate": [
					{ "time": 0, "x": 0, "y": 0, "curve": "stepped" },
					{ "time": 0.0333, "x": 0, "y": 0, "curve": "stepped" },
					{ "time": 0.6666, "x": 0, "y": 0 }
				],
				"scale": [
					{ "time": 0, "x": 1, "y": 1, "curve": "stepped" },
					{ "time": 0.0333, "x": 1, "y": 1, "curve": "stepped" },
					{ "time": 0.6666, "x": 1, "y": 1 }
				]
			},
			"images/bird_stone_03": {
				"rotate": [
					{ "time": 0, "angle": -15.95, "curve": "stepped" },
					{ "time": 0.6666, "angle": -15.95 }
				],
				"translate": [
					{ "time": 0, "x": -477.84, "y": 296.94, "curve": "stepped" },
					{ "time": 0.6666, "x": -477.84, "y": 296.94 }
				],
				"scale": [
					{ "time": 0, "x": 1, "y": 1, "curve": "stepped" },
					{ "time": 0.6666, "x": 1, "y": 1 }
				]
			},
			"images/bird_stone_35": {
				"rotate": [
					{ "time": 0, "angle": 0, "curve": "stepped" },
					{ "time": 0.0333, "angle": 0, "curve": "stepped" },
					{ "time": 0.6666, "angle": 0 }
				],
				"translate": [
					{ "time": 0, "x": -534.63, "y": 278.3, "curve": "stepped" },
					{ "time": 0.0333, "x": -534.63, "y": 278.3, "curve": "stepped" },
					{ "time": 0.6666, "x": -534.63, "y": 278.3 }
				],
				"scale": [
					{ "time": 0, "x": 0.283, "y": 0.283, "curve": "stepped" },
					{
						"time": 0.0333,
						"x": 0.283,
						"y": 0.283,
						"curve": [ 0.25, 0, 0.75, 1 ]
					},
					{ "time": 0.1333, "x": 0.755, "y": 0.755, "curve": "stepped" },
					{ "time": 0.6666, "x": 0.755, "y": 0.755 }
				]
			},
			"images/wood_1": {
				"rotate": [
					{ "time": 0, "angle": 0, "curve": "stepped" },
					{ "time": 0.6666, "angle": 0 }
				],
				"translate": [
					{ "time": 0, "x": 0, "y": 0, "curve": "stepped" },
					{ "time": 0.6666, "x": 0, "y": 0 }
				],
				"scale": [
					{ "time": 0, "x": 1, "y": 1, "curve": "stepped" },
					{ "time": 0.6666, "x": 1, "y": 1 }
				]
			},
			"images/wood_4": {
				"rotate": [
					{ "time": 0, "angle": 0, "curve": "stepped" },
					{ "time": 0.6666, "angle": 0 }
				],
				"translate": [
					{ "time": 0, "x": 0, "y": 0, "curve": "stepped" },
					{ "time": 0.6666, "x": 0, "y": 0 }
				],
				"scale": [
					{ "time": 0, "x": 1, "y": 1, "curve": "stepped" },
					{ "time": 0.6666, "x": 1, "y": 1 }
				]
			},
			"images/b5": {
				"rotate": [
					{ "time": 0, "angle": 14.72, "curve": "stepped" },
					{ "time": 0.6666, "angle": 14.72 }
				],
				"translate": [
					{ "time": 0, "x": -591.89, "y": 103.67, "curve": "stepped" },
					{ "time": 0.6666, "x": -591.89, "y": 103.67 }
				],
				"scale": [
					{ "time": 0, "x": 0.844, "y": 0.844, "curve": "stepped" },
					{ "time": 0.6666, "x": 0.844, "y": 0.844 }
				]
			},
			"images/wood_7": {
				"rotate": [
					{ "time": 0, "angle": 145.25, "curve": "stepped" },
					{
						"time": 0.0333,
						"angle": 145.25,
						"curve": [ 0.25, 0, 0.75, 1 ]
					},
					{
						"time": 0.1333,
						"angle": 65.68,
						"curve": [ 0.188, 0, 1, 0.74 ]
					},
					{ "time": 0.5666, "angle": -6.56, "curve": "stepped" },
					{ "time": 0.6666, "angle": -6.56 }
				],
				"translate": [
					{ "time": 0, "x": -379.06, "y": -206.15, "curve": "stepped" },
					{
						"time": 0.0333,
						"x": -379.06,
						"y": -206.15,
						"curve": [ 0.25, 0, 0.75, 1 ]
					},
					{
						"time": 0.1333,
						"x": -335.32,
						"y": -285.56,
						"curve": [ 0.188, 0, 1, 0.74 ]
					},
					{ "time": 0.5666, "x": -330.37, "y": -442.3, "curve": "stepped" },
					{ "time": 0.6666, "x": -330.37, "y": -442.3 }
				],
				"scale": [
					{ "time": 0, "x": 0.653, "y": 0.653, "curve": "stepped" },
					{ "time": 0.0333, "x": 0.653, "y": 0.653, "curve": "stepped" },
					{ "time": 0.6666, "x": 0.653, "y": 0.653 }
				]
			},
			"images/wood_8": {
				"rotate": [
					{ "time": 0, "angle": 34.08, "curve": "stepped" },
					{ "time": 0.6666, "angle": 34.08 }
				],
				"translate": [
					{ "time": 0, "x": -468.27, "y": -19.73, "curve": "stepped" },
					{ "time": 0.6666, "x": -468.27, "y": -19.73 }
				],
				"scale": [
					{ "time": 0, "x": 0.757, "y": 0.757, "curve": "stepped" },
					{ "time": 0.6666, "x": 0.757, "y": 0.757 }
				]
			},
			"images/w6": {
				"rotate": [
					{ "time": 0, "angle": -31.13, "curve": "stepped" },
					{
						"time": 0.0333,
						"angle": -31.13,
						"curve": [ 0.25, 0, 0.75, 1 ]
					},
					{
						"time": 0.1666,
						"angle": 13.42,
						"curve": [ 0.207, 0.05, 0.985, 0.8 ]
					},
					{ "time": 0.6333, "angle": 76.04, "curve": "stepped" },
					{ "time": 0.6666, "angle": 76.04 }
				],
				"translate": [
					{ "time": 0, "x": -786.32, "y": -184.18, "curve": "stepped" },
					{
						"time": 0.0333,
						"x": -786.32,
						"y": -184.18,
						"curve": [ 0.25, 0, 0.75, 1 ]
					},
					{
						"time": 0.1666,
						"x": -839.54,
						"y": -244.23,
						"curve": [ 0.207, 0.05, 0.985, 0.8 ]
					},
					{ "time": 0.6333, "x": -871.42, "y": -381.9, "curve": "stepped" },
					{ "time": 0.6666, "x": -871.42, "y": -381.9 }
				],
				"scale": [
					{ "time": 0, "x": 1, "y": 1, "curve": "stepped" },
					{ "time": 0.0333, "x": 1, "y": 1, "curve": "stepped" },
					{ "time": 0.6666, "x": 1, "y": 1 }
				]
			},
			"images/wood_11": {
				"rotate": [
					{ "time": 0, "angle": -40.24, "curve": "stepped" },
					{
						"time": 0.0333,
						"angle": -40.24,
						"curve": [ 0.25, 0, 0.75, 1 ]
					},
					{
						"time": 0.2,
						"angle": 37.85,
						"curve": [ 0.181, 0.04, 0.993, 0.76 ]
					},
					{ "time": 0.5666, "angle": 88.44, "curve": "stepped" },
					{ "time": 0.6666, "angle": 88.44 }
				],
				"translate": [
					{ "time": 0, "x": -586.4, "y": -288.28, "curve": "stepped" },
					{
						"time": 0.0333,
						"x": -586.4,
						"y": -288.28,
						"curve": [ 0.25, 0, 0.75, 1 ]
					},
					{
						"time": 0.2,
						"x": -593.77,
						"y": -360.82,
						"curve": [ 0.181, 0.04, 0.993, 0.76 ]
					},
					{ "time": 0.5666, "x": -592.15, "y": -535.47, "curve": "stepped" },
					{ "time": 0.6666, "x": -592.15, "y": -535.47 }
				],
				"scale": [
					{ "time": 0, "x": 1, "y": 1, "curve": "stepped" },
					{ "time": 0.6666, "x": 1, "y": 1 }
				]
			},
			"images/wood_12": {
				"rotate": [
					{ "time": 0, "angle": -158.05, "curve": "stepped" },
					{ "time": 0.6666, "angle": -158.05 }
				],
				"translate": [
					{ "time": 0, "x": -757.34, "y": 128.85, "curve": "stepped" },
					{ "time": 0.6666, "x": -757.34, "y": 128.85 }
				],
				"scale": [
					{ "time": 0, "x": 1, "y": 1, "curve": "stepped" },
					{ "time": 0.6666, "x": 1, "y": 1 }
				]
			},
			"images/wood_13": {
				"rotate": [
					{ "time": 0, "angle": 144.9, "curve": "stepped" },
					{ "time": 0.6666, "angle": 144.9 }
				],
				"translate": [
					{ "time": 0, "x": -392.42, "y": 156.77, "curve": "stepped" },
					{ "time": 0.6666, "x": -392.42, "y": 156.77 }
				],
				"scale": [
					{ "time": 0, "x": 1, "y": 1, "curve": "stepped" },
					{ "time": 0.6666, "x": 1, "y": 1 }
				]
			},
			"images/bird_stone_5": {
				"rotate": [
					{ "time": 0, "angle": 48.19, "curve": "stepped" },
					{ "time": 0.6666, "angle": 48.19 }
				],
				"translate": [
					{ "time": 0, "x": -496.51, "y": 277.96, "curve": "stepped" },
					{ "time": 0.6666, "x": -496.51, "y": 277.96 }
				],
				"scale": [
					{ "time": 0, "x": 1, "y": 1, "curve": "stepped" },
					{ "time": 0.6666, "x": 1, "y": 1 }
				]
			},
			"images/bird_stone_6": {
				"rotate": [
					{ "time": 0, "angle": 156.05, "curve": "stepped" },
					{ "time": 0.0333, "angle": 156.05, "curve": "stepped" },
					{ "time": 0.6666, "angle": 156.05 }
				],
				"translate": [
					{ "time": 0, "x": -433.75, "y": 50.43, "curve": "stepped" },
					{
						"time": 0.0333,
						"x": -433.75,
						"y": 50.43,
						"curve": [ 0.25, 0, 0.75, 1 ]
					},
					{ "time": 0.2, "x": -492.07, "y": -80.93, "curve": "stepped" },
					{ "time": 0.6666, "x": -492.07, "y": -80.93 }
				],
				"scale": [
					{ "time": 0, "x": 1, "y": 1, "curve": "stepped" },
					{
						"time": 0.0333,
						"x": 1,
						"y": 1,
						"curve": [ 0.25, 0, 0.75, 1 ]
					},
					{ "time": 0.2, "x": 0.2, "y": 0.39, "curve": "stepped" },
					{ "time": 0.6666, "x": 0.199, "y": 0.39 }
				]
			},
			"images/bird_stone_7": {
				"rotate": [
					{ "time": 0, "angle": -141.45, "curve": "stepped" },
					{ "time": 0.0333, "angle": -141.45, "curve": "stepped" },
					{ "time": 0.6666, "angle": -141.45 }
				],
				"translate": [
					{ "time": 0, "x": -257.65, "y": 65.43, "curve": "stepped" },
					{
						"time": 0.0333,
						"x": -257.65,
						"y": 65.43,
						"curve": [ 0.25, 0, 0.75, 1 ]
					},
					{ "time": 0.2, "x": -179.52, "y": -32.53, "curve": "stepped" },
					{ "time": 0.6666, "x": -179.52, "y": -32.53 }
				],
				"scale": [
					{ "time": 0, "x": 1, "y": 1, "curve": "stepped" },
					{
						"time": 0.0333,
						"x": 1,
						"y": 1,
						"curve": [ 0.25, 0, 0.75, 1 ]
					},
					{ "time": 0.2, "x": 0.2, "y": 0.39, "curve": "stepped" },
					{ "time": 0.6666, "x": 0.199, "y": 0.39 }
				]
			},
			"images/wood_9": {
				"rotate": [
					{ "time": 0, "angle": 0, "curve": "stepped" },
					{
						"time": 0.0333,
						"angle": 0,
						"curve": [ 0.25, 0, 0.75, 1 ]
					},
					{
						"time": 0.2,
						"angle": -60.49,
						"curve": [ 0.12, 0.08, 0.962, 0.79 ]
					},
					{ "time": 0.5666, "angle": -120.42, "curve": "stepped" },
					{ "time": 0.6666, "angle": -120.42 }
				],
				"translate": [
					{ "time": 0, "x": -344.58, "y": 64.68, "curve": "stepped" },
					{
						"time": 0.0333,
						"x": -344.58,
						"y": 64.68,
						"curve": [ 0.25, 0, 0.75, 1 ]
					},
					{
						"time": 0.2,
						"x": -256.81,
						"y": -11.27,
						"curve": [ 0.12, 0.08, 0.962, 0.79 ]
					},
					{ "time": 0.5666, "x": -221.69, "y": -158.16, "curve": "stepped" },
					{ "time": 0.6666, "x": -221.69, "y": -158.16 }
				],
				"scale": [
					{ "time": 0, "x": 1, "y": 1, "curve": "stepped" },
					{ "time": 0.0333, "x": 1, "y": 1, "curve": "stepped" },
					{ "time": 0.6666, "x": 1, "y": 1 }
				]
			},
			"images/w7": {
				"rotate": [
					{ "time": 0, "angle": 112.6, "curve": "stepped" },
					{
						"time": 0.0333,
						"angle": 112.6,
						"curve": [ 0.25, 0, 0.75, 1 ]
					},
					{
						"time": 0.1666,
						"angle": 143.5,
						"curve": [ 0.199, 0.05, 0.993, 0.8 ]
					},
					{ "time": 0.6666, "angle": 165.76 }
				],
				"translate": [
					{ "time": 0, "x": -664.17, "y": 45.8, "curve": "stepped" },
					{
						"time": 0.0333,
						"x": -664.17,
						"y": 45.8,
						"curve": [ 0.25, 0, 0.75, 1 ]
					},
					{
						"time": 0.1666,
						"x": -732.82,
						"y": 37.74,
						"curve": [ 0.199, 0.05, 0.993, 0.8 ]
					},
					{ "time": 0.6666, "x": -798.02, "y": -83.12 }
				],
				"scale": [
					{ "time": 0, "x": 1, "y": 1, "curve": "stepped" },
					{ "time": 0.6666, "x": 1, "y": 1 }
				]
			},
			"images/wood_15": {
				"rotate": [
					{ "time": 0, "angle": 0, "curve": "stepped" },
					{ "time": 0.6666, "angle": 0 }
				],
				"translate": [
					{ "time": 0, "x": -627.65, "y": 255.18, "curve": "stepped" },
					{ "time": 0.6666, "x": -627.65, "y": 255.18 }
				],
				"scale": [
					{ "time": 0, "x": 1, "y": 1, "curve": "stepped" },
					{ "time": 0.6666, "x": 1, "y": 1 }
				]
			},
			"images/wood_16": {
				"rotate": [
					{ "time": 0, "angle": 0, "curve": "stepped" },
					{ "time": 0.6666, "angle": 0 }
				],
				"translate": [
					{ "time": 0, "x": -557.91, "y": 253.59, "curve": "stepped" },
					{ "time": 0.6666, "x": -557.91, "y": 253.59 }
				],
				"scale": [
					{ "time": 0, "x": 1, "y": 1, "curve": "stepped" },
					{ "time": 0.6666, "x": 1, "y": 1 }
				]
			},
			"bone2": {
				"rotate": [
					{ "time": 0, "angle": 0, "curve": "stepped" },
					{ "time": 0.6666, "angle": 0 }
				],
				"translate": [
					{ "time": 0, "x": 1.89, "y": 118.37, "curve": "stepped" },
					{ "time": 0.6666, "x": 1.89, "y": 118.37 }
				],
				"scale": [
					{ "time": 0, "x": 1, "y": 1, "curve": "stepped" },
					{ "time": 0.6666, "x": 1, "y": 1 }
				]
			},
			"bone3": {
				"rotate": [
					{ "time": 0, "angle": 0, "curve": "stepped" },
					{ "time": 0.6666, "angle": 0 }
				],
				"translate": [
					{ "time": 0, "x": -0.94, "y": -107, "curve": "stepped" },
					{ "time": 0.6666, "x": -0.94, "y": -107 }
				],
				"scale": [
					{ "time": 0, "x": 1, "y": 1, "curve": "stepped" },
					{ "time": 0.6666, "x": 1, "y": 1 }
				]
			}
		},
		"drawOrder": [
			{ "time": 0 },
			{ "time": 0.6666 }
		]
	}
}
}