{
"skeleton": { "hash": "a7poLtkzpCB1NlR1a9OJpkrRTMY", "spine": "3.4.02", "width": 390.89, "height": 399.08, "images": "" },
"bones": [
	{ "name": "root" },
	{ "name": "bone2", "parent": "root", "rotation": -17.16, "x": -1.1, "y": 13.33, "scaleX": 0.755, "scaleY": 0.755 },
	{ "name": "bone3", "parent": "root", "x": -1.26, "y": 13.57, "scaleX": 0.988, "scaleY": 0.988 },
	{ "name": "sg1", "parent": "bone3", "length": 84.31, "rotation": 91.18, "x": 4.66, "y": -1.76, "scaleX": 1.408, "scaleY": 1.414 },
	{ "name": "sg2", "parent": "bone3", "length": 109.43, "rotation": 27.85, "x": -3.02, "y": -5.26, "scaleX": 1.03, "scaleY": 1.176 },
	{ "name": "sg3", "parent": "bone3", "length": 114.95, "rotation": -29.2, "x": -4.2, "y": -1.39, "scaleX": 1.008 },
	{ "name": "sg5", "parent": "bone3", "length": 120.44, "rotation": -91.79, "x": 3.18, "y": -3.15, "scaleX": 1.216, "scaleY": 1.106 },
	{
		"name": "sg6",
		"parent": "bone3",
		"length": 119.55,
		"rotation": 154.13,
		"x": -1.06,
		"y": -2.39,
		"scaleX": 0.921,
		"scaleY": 0.949
	},
	{ "name": "sg7", "parent": "bone3", "length": 111.6, "rotation": -148.75, "x": -3.26, "y": -6.3, "scaleX": 0.994 },
	{ "name": "sg15", "parent": "bone2", "length": 84.31, "rotation": 76.75, "x": 1.29, "y": -0.84, "scaleX": 1.583, "scaleY": 1.41 },
	{ "name": "sg16", "parent": "bone2", "length": 109.43, "rotation": 16.4, "x": -1.67, "y": -3.93, "scaleX": 1.15, "scaleY": 1.193 },
	{ "name": "sg17", "parent": "bone2", "length": 114.95, "rotation": -43.87, "x": 2.11, "y": -8.74, "scaleX": 1.17, "scaleY": 0.992 },
	{
		"name": "sg18",
		"parent": "bone2",
		"length": 124.32,
		"rotation": -100.43,
		"x": -1.65,
		"y": -12.24,
		"scaleX": 1.574,
		"scaleY": 1.377
	},
	{
		"name": "sg20",
		"parent": "bone2",
		"length": 119.55,
		"rotation": 140.03,
		"x": -3.1,
		"y": -2.02,
		"scaleX": 0.957,
		"scaleY": 0.784
	},
	{
		"name": "sg21",
		"parent": "bone2",
		"length": 111.6,
		"rotation": -158.5,
		"x": -5.95,
		"y": -6.29,
		"scaleX": 0.995,
		"scaleY": 0.838
	}
],
"slots": [
	{ "name": "sg1", "bone": "sg1", "attachment": "sg1" },
	{ "name": "sg15", "bone": "sg15", "attachment": "sg1" },
	{ "name": "sg2", "bone": "sg2", "attachment": "sg1" },
	{ "name": "sg16", "bone": "sg16", "attachment": "sg1" },
	{ "name": "sg3", "bone": "sg3", "attachment": "sg1" },
	{ "name": "sg17", "bone": "sg17", "attachment": "sg1" },
	{ "name": "sg18", "bone": "sg18", "attachment": "sg1" },
	{ "name": "sg5", "bone": "sg5", "attachment": "sg1" },
	{ "name": "sg6", "bone": "sg6", "attachment": "sg1" },
	{ "name": "sg20", "bone": "sg20", "attachment": "sg1" },
	{ "name": "sg7", "bone": "sg7", "attachment": "sg1" },
	{ "name": "sg21", "bone": "sg21", "attachment": "sg1" }
],
"skins": {
	"default": {
		"sg1": {
			"sg1": { "x": 60.83, "y": 1.29, "scaleY": 1.72, "rotation": -90, "width": 60, "height": 78 }
		},
		"sg15": {
			"sg1": { "x": 60.83, "y": 1.29, "scaleY": 1.72, "rotation": -90, "width": 60, "height": 78 }
		},
		"sg16": {
			"sg1": { "x": 85.45, "y": -0.06, "scaleX": 1.086, "scaleY": 2.367, "rotation": -90.15, "width": 60, "height": 78 }
		},
		"sg17": {
			"sg1": { "x": 86.35, "y": -1.67, "scaleX": 1.341, "scaleY": 2.542, "rotation": -92.02, "width": 60, "height": 78 }
		},
		"sg18": {
			"sg1": { "x": 69.73, "y": -1.2, "scaleX": 0.982, "scaleY": 2.215, "rotation": -90.46, "width": 60, "height": 78 }
		},
		"sg2": {
			"sg1": { "x": 85.45, "y": -0.06, "scaleX": 1.086, "scaleY": 2.367, "rotation": -90.15, "width": 60, "height": 78 }
		},
		"sg20": {
			"sg1": { "x": 101.19, "y": -2.25, "scaleX": 1.681, "scaleY": 2.853, "rotation": -90, "width": 60, "height": 78 }
		},
		"sg21": {
			"sg1": { "x": 104.34, "y": -1.42, "scaleX": 1.522, "scaleY": 3.061, "rotation": -90.63, "width": 60, "height": 78 }
		},
		"sg3": {
			"sg1": { "x": 86.35, "y": -1.67, "scaleX": 1.341, "scaleY": 2.542, "rotation": -92.02, "width": 60, "height": 78 }
		},
		"sg5": {
			"sg1": { "x": 86.1, "y": -0.41, "scaleX": 1.182, "scaleY": 2.424, "rotation": -90.75, "width": 60, "height": 78 }
		},
		"sg6": {
			"sg1": { "x": 101.19, "y": -2.25, "scaleX": 1.681, "scaleY": 2.853, "rotation": -90, "width": 60, "height": 78 }
		},
		"sg7": {
			"sg1": { "x": 104.34, "y": -1.42, "scaleX": 1.522, "scaleY": 3.061, "rotation": -90.63, "width": 60, "height": 78 }
		}
	}
},
"animations": {
	"light": {
		"slots": {
			"sg1": {
				"color": [
					{ "time": 0, "color": "ffffffff", "curve": "stepped" },
					{ "time": 12, "color": "ffffffff" }
				],
				"attachment": [
					{ "time": 0, "name": "sg1" },
					{ "time": 12, "name": "sg1" }
				]
			},
			"sg2": {
				"color": [
					{ "time": 0, "color": "ffffffff", "curve": "stepped" },
					{ "time": 12, "color": "ffffffff" }
				],
				"attachment": [
					{ "time": 0, "name": "sg1" },
					{ "time": 12, "name": "sg1" }
				]
			},
			"sg3": {
				"color": [
					{ "time": 0, "color": "ffffffff", "curve": "stepped" },
					{ "time": 12, "color": "ffffffff" }
				],
				"attachment": [
					{ "time": 0, "name": "sg1" },
					{ "time": 12, "name": "sg1" }
				]
			},
			"sg5": {
				"color": [
					{ "time": 0, "color": "ffffffff", "curve": "stepped" },
					{ "time": 12, "color": "ffffffff" }
				],
				"attachment": [
					{ "time": 0, "name": "sg1" },
					{ "time": 12, "name": "sg1" }
				]
			},
			"sg6": {
				"color": [
					{ "time": 0, "color": "ffffffff", "curve": "stepped" },
					{ "time": 12, "color": "ffffffff" }
				],
				"attachment": [
					{ "time": 0, "name": "sg1" },
					{ "time": 12, "name": "sg1" }
				]
			},
			"sg7": {
				"color": [
					{ "time": 0, "color": "ffffffff", "curve": "stepped" },
					{ "time": 12, "color": "ffffffff" }
				],
				"attachment": [
					{ "time": 0, "name": "sg1" },
					{ "time": 12, "name": "sg1" }
				]
			},
			"sg15": {
				"color": [
					{ "time": 0, "color": "ffffffff", "curve": "stepped" },
					{ "time": 12, "color": "ffffffff" }
				],
				"attachment": [
					{ "time": 0, "name": "sg1" },
					{ "time": 12, "name": "sg1" }
				]
			},
			"sg16": {
				"color": [
					{ "time": 0, "color": "ffffffff", "curve": "stepped" },
					{ "time": 12, "color": "ffffffff" }
				],
				"attachment": [
					{ "time": 0, "name": "sg1" },
					{ "time": 12, "name": "sg1" }
				]
			},
			"sg17": {
				"color": [
					{ "time": 0, "color": "ffffffff", "curve": "stepped" },
					{ "time": 12, "color": "ffffffff" }
				],
				"attachment": [
					{ "time": 0, "name": "sg1" },
					{ "time": 12, "name": "sg1" }
				]
			},
			"sg18": {
				"color": [
					{ "time": 0, "color": "ffffffff", "curve": "stepped" },
					{ "time": 12, "color": "ffffffff" }
				],
				"attachment": [
					{ "time": 0, "name": "sg1" },
					{ "time": 12, "name": "sg1" }
				]
			},
			"sg20": {
				"color": [
					{ "time": 0, "color": "ffffffff", "curve": "stepped" },
					{ "time": 12, "color": "ffffffff" }
				],
				"attachment": [
					{ "time": 0, "name": "sg1" },
					{ "time": 12, "name": "sg1" }
				]
			},
			"sg21": {
				"color": [
					{ "time": 0, "color": "ffffffff", "curve": "stepped" },
					{ "time": 12, "color": "ffffffff" }
				],
				"attachment": [
					{ "time": 0, "name": "sg1" },
					{ "time": 12, "name": "sg1" }
				]
			}
		},
		"bones": {
			"root": {
				"rotate": [
					{ "time": 0, "angle": 0, "curve": "stepped" },
					{ "time": 6, "angle": 0, "curve": "stepped" },
					{ "time": 12, "angle": 0 }
				],
				"translate": [
					{ "time": 0, "x": 0, "y": 0, "curve": "stepped" },
					{ "time": 6, "x": 0, "y": 0, "curve": "stepped" },
					{ "time": 12, "x": 0, "y": 0 }
				],
				"scale": [
					{ "time": 0, "x": 1, "y": 1, "curve": "stepped" },
					{ "time": 6, "x": 1, "y": 1, "curve": "stepped" },
					{ "time": 12, "x": 1, "y": 1 }
				]
			},
			"bone3": {
				"rotate": [
					{ "time": 0, "angle": -1.83 },
					{ "time": 2.9333, "angle": -86.32 },
					{ "time": 6, "angle": 178.16 },
					{ "time": 12, "angle": -1.83 }
				],
				"translate": [
					{ "time": 0, "x": 0, "y": 0, "curve": "stepped" },
					{ "time": 12, "x": 0, "y": 0 }
				],
				"scale": [
					{ "time": 0, "x": 1, "y": 1, "curve": "stepped" },
					{ "time": 12, "x": 1, "y": 1 }
				]
			},
			"sg1": {
				"rotate": [
					{ "time": 0, "angle": 0, "curve": "stepped" },
					{ "time": 12, "angle": 0 }
				],
				"translate": [
					{ "time": 0, "x": 0, "y": 0, "curve": "stepped" },
					{ "time": 12, "x": 0, "y": 0 }
				],
				"scale": [
					{
						"time": 0,
						"x": 0.849,
						"y": 1.058,
						"curve": [ 0.25, 0, 0.75, 1 ]
					},
					{
						"time": 1.4666,
						"x": 1.076,
						"y": 1.058,
						"curve": [ 0.25, 0, 0.75, 1 ]
					},
					{
						"time": 2.9333,
						"x": 0.913,
						"y": 1.058,
						"curve": [ 0.25, 0, 0.75, 1 ]
					},
					{
						"time": 4.4,
						"x": 1.172,
						"y": 0.988,
						"curve": [ 0.25, 0, 0.75, 1 ]
					},
					{
						"time": 6,
						"x": 1.036,
						"y": 1.058,
						"curve": [ 0.25, 0, 0.75, 1 ]
					},
					{
						"time": 7.4666,
						"x": 1.436,
						"y": 1.058,
						"curve": [ 0.25, 0, 0.75, 1 ]
					},
					{
						"time": 8.9333,
						"x": 1.137,
						"y": 1.058,
						"curve": [ 0.25, 0, 0.75, 1 ]
					},
					{
						"time": 10.4,
						"x": 1.005,
						"y": 1.058,
						"curve": [ 0.25, 0, 0.75, 1 ]
					},
					{ "time": 12, "x": 0.849, "y": 1.058 }
				]
			},
			"sg2": {
				"rotate": [
					{ "time": 0, "angle": 1.83, "curve": "stepped" },
					{ "time": 12, "angle": 1.83 }
				],
				"translate": [
					{ "time": 0, "x": 0, "y": 0, "curve": "stepped" },
					{ "time": 12, "x": 0, "y": 0 }
				],
				"scale": [
					{ "time": 0, "x": 0.988, "y": 1 },
					{ "time": 1.4666, "x": 1.131, "y": 1.067 },
					{ "time": 2.9333, "x": 1.046, "y": 1.134 },
					{ "time": 4.4, "x": 1.145, "y": 1.201 },
					{ "time": 6, "x": 1.285, "y": 1.274 },
					{ "time": 7.4666, "x": 1.167, "y": 1.207 },
					{ "time": 8.9333, "x": 0.856, "y": 1.14 },
					{ "time": 10.4, "x": 0.982, "y": 1.201 },
					{ "time": 12, "x": 0.988, "y": 1 }
				]
			},
			"sg3": {
				"rotate": [
					{ "time": 0, "angle": 5.85, "curve": "stepped" },
					{ "time": 12, "angle": 5.85 }
				],
				"translate": [
					{ "time": 0, "x": 0, "y": 0, "curve": "stepped" },
					{ "time": 12, "x": 0, "y": 0 }
				],
				"scale": [
					{
						"time": 0,
						"x": 1.075,
						"y": 1,
						"curve": [ 0.25, 0, 0.75, 1 ]
					},
					{
						"time": 1.4666,
						"x": 1.112,
						"y": 1.025,
						"curve": [ 0.25, 0, 0.75, 1 ]
					},
					{
						"time": 2.9333,
						"x": 1.108,
						"y": 1.051,
						"curve": [ 0.25, 0, 0.75, 1 ]
					},
					{
						"time": 4.4,
						"x": 1.332,
						"y": 1.076,
						"curve": [ 0.25, 0, 0.75, 1 ]
					},
					{
						"time": 6,
						"x": 1.061,
						"y": 1.104,
						"curve": [ 0.25, 0, 0.75, 1 ]
					},
					{
						"time": 7.4666,
						"x": 0.923,
						"y": 1.079,
						"curve": [ 0.25, 0, 0.75, 1 ]
					},
					{
						"time": 8.9333,
						"x": 0.876,
						"y": 1.053,
						"curve": [ 0.25, 0, 0.75, 1 ]
					},
					{
						"time": 10.4,
						"x": 1.035,
						"y": 1.027,
						"curve": [ 0.25, 0, 0.75, 1 ]
					},
					{ "time": 12, "x": 1.075, "y": 1 }
				]
			},
			"sg5": {
				"rotate": [
					{ "time": 0, "angle": 1.83, "curve": "stepped" },
					{ "time": 12, "angle": 1.83 }
				],
				"translate": [
					{ "time": 0, "x": 0, "y": 0, "curve": "stepped" },
					{ "time": 12, "x": 0, "y": 0 }
				],
				"scale": [
					{
						"time": 0,
						"x": 0.861,
						"y": 1,
						"curve": [ 0.25, 0, 0.75, 1 ]
					},
					{
						"time": 1.4666,
						"x": 1.022,
						"y": 1.048,
						"curve": [ 0.25, 0, 0.75, 1 ]
					},
					{
						"time": 2.9333,
						"x": 0.962,
						"y": 1.097,
						"curve": [ 0.25, 0, 0.75, 1 ]
					},
					{
						"time": 4.4,
						"x": 0.835,
						"y": 1.145,
						"curve": [ 0.25, 0, 0.75, 1 ]
					},
					{
						"time": 6,
						"x": 0.731,
						"y": 1.198,
						"curve": [ 0.25, 0, 0.75, 1 ]
					},
					{
						"time": 7.4666,
						"x": 0.863,
						"y": 1.15,
						"curve": [ 0.25, 0, 0.75, 1 ]
					},
					{
						"time": 8.9333,
						"x": 0.797,
						"y": 1.101,
						"curve": [ 0.25, 0, 0.75, 1 ]
					},
					{
						"time": 10.4,
						"x": 0.991,
						"y": 1.053,
						"curve": [ 0.25, 0, 0.75, 1 ]
					},
					{ "time": 12, "x": 0.861, "y": 1 }
				]
			},
			"sg6": {
				"rotate": [
					{ "time": 0, "angle": 0, "curve": "stepped" },
					{ "time": 12, "angle": 0 }
				],
				"translate": [
					{ "time": 0, "x": 0, "y": 0, "curve": "stepped" },
					{ "time": 12, "x": 0, "y": 0 }
				],
				"scale": [
					{
						"time": 0,
						"x": 0.963,
						"y": 1.111,
						"curve": [ 0.25, 0, 0.75, 1 ]
					},
					{
						"time": 1.4666,
						"x": 0.872,
						"y": 0.977,
						"curve": [ 0.25, 0, 0.75, 1 ]
					},
					{
						"time": 2.9333,
						"x": 0.796,
						"y": 0.955,
						"curve": [ 0.25, 0, 0.75, 1 ]
					},
					{
						"time": 4.4,
						"x": 0.963,
						"y": 0.933,
						"curve": [ 0.25, 0, 0.75, 1 ]
					},
					{
						"time": 6,
						"x": 1.031,
						"y": 0.909,
						"curve": [ 0.25, 0, 0.75, 1 ]
					},
					{
						"time": 7.4666,
						"x": 1.01,
						"y": 0.931,
						"curve": [ 0.25, 0, 0.75, 1 ]
					},
					{
						"time": 8.9333,
						"x": 0.971,
						"y": 0.953,
						"curve": [ 0.25, 0, 0.75, 1 ]
					},
					{
						"time": 10.4,
						"x": 1.15,
						"y": 0.975,
						"curve": [ 0.25, 0, 0.75, 1 ]
					},
					{ "time": 12, "x": 0.963, "y": 1.111 }
				]
			},
			"sg7": {
				"rotate": [
					{ "time": 0, "angle": 0.95, "curve": "stepped" },
					{ "time": 12, "angle": 0.95 }
				],
				"translate": [
					{ "time": 0, "x": 0, "y": 0, "curve": "stepped" },
					{ "time": 12, "x": 0, "y": 0 }
				],
				"scale": [
					{
						"time": 0,
						"x": 1.025,
						"y": 1,
						"curve": [ 0.25, 0, 0.75, 1 ]
					},
					{
						"time": 1.4666,
						"x": 0.875,
						"y": 0.976,
						"curve": [ 0.25, 0, 0.75, 1 ]
					},
					{
						"time": 2.9333,
						"x": 0.706,
						"y": 0.953,
						"curve": [ 0.25, 0, 0.75, 1 ]
					},
					{
						"time": 4.4,
						"x": 0.754,
						"y": 0.93,
						"curve": [ 0.25, 0, 0.75, 1 ]
					},
					{
						"time": 6,
						"x": 0.769,
						"y": 0.905,
						"curve": [ 0.25, 0, 0.75, 1 ]
					},
					{
						"time": 7.4666,
						"x": 0.922,
						"y": 0.928,
						"curve": [ 0.25, 0, 0.75, 1 ]
					},
					{
						"time": 8.9333,
						"x": 0.765,
						"y": 0.951,
						"curve": [ 0.25, 0, 0.75, 1 ]
					},
					{
						"time": 10.4,
						"x": 0.93,
						"y": 0.974,
						"curve": [ 0.25, 0, 0.75, 1 ]
					},
					{ "time": 12, "x": 1.025, "y": 1 }
				]
			},
			"bone2": {
				"rotate": [
					{ "time": 0, "angle": 0 },
					{ "time": 1.6, "angle": 89.15 },
					{ "time": 3.2, "angle": 180.63 },
					{ "time": 6, "angle": 0 },
					{ "time": 7.4666, "angle": 88.64 },
					{ "time": 8.9333, "angle": 181.32 },
					{ "time": 12, "angle": 0 }
				],
				"translate": [
					{ "time": 0, "x": 0, "y": 0, "curve": "stepped" },
					{ "time": 12, "x": 0, "y": 0 }
				],
				"scale": [
					{ "time": 0, "x": 1, "y": 1, "curve": "stepped" },
					{ "time": 12, "x": 1, "y": 1 }
				]
			},
			"sg17": {
				"rotate": [
					{ "time": 0, "angle": 0 },
					{ "time": 2.9333, "angle": 5.6, "curve": "stepped" },
					{ "time": 6, "angle": 5.6 },
					{ "time": 12, "angle": 0 }
				],
				"translate": [
					{ "time": 0, "x": 0, "y": 0, "curve": "stepped" },
					{ "time": 12, "x": 0, "y": 0 }
				],
				"scale": [
					{
						"time": 0,
						"x": 1,
						"y": 1,
						"curve": [ 0.25, 0, 0.75, 1 ]
					},
					{
						"time": 1.4666,
						"x": 0.76,
						"y": 1,
						"curve": [ 0.25, 0, 0.75, 1 ]
					},
					{
						"time": 2.9333,
						"x": 0.912,
						"y": 1,
						"curve": [ 0.25, 0, 0.75, 1 ]
					},
					{
						"time": 4.4,
						"x": 0.85,
						"y": 1,
						"curve": [ 0.25, 0, 0.75, 1 ]
					},
					{
						"time": 6,
						"x": 0.945,
						"y": 1,
						"curve": [ 0.25, 0, 0.75, 1 ]
					},
					{
						"time": 7.4666,
						"x": 0.797,
						"y": 1,
						"curve": [ 0.25, 0, 0.75, 1 ]
					},
					{
						"time": 8.9333,
						"x": 0.818,
						"y": 1,
						"curve": [ 0.25, 0, 0.75, 1 ]
					},
					{
						"time": 10.4,
						"x": 0.821,
						"y": 1,
						"curve": [ 0.25, 0, 0.75, 1 ]
					},
					{ "time": 12, "x": 1, "y": 1 }
				]
			},
			"sg16": {
				"rotate": [
					{ "time": 0, "angle": 0 },
					{ "time": 6, "angle": 3.27 },
					{ "time": 12, "angle": 0 }
				],
				"translate": [
					{ "time": 0, "x": 0, "y": 0, "curve": "stepped" },
					{ "time": 12, "x": 0, "y": 0 }
				],
				"scale": [
					{
						"time": 0,
						"x": 1,
						"y": 1,
						"curve": [ 0.25, 0, 0.75, 1 ]
					},
					{
						"time": 1.4666,
						"x": 0.835,
						"y": 1,
						"curve": [ 0.25, 0, 0.75, 1 ]
					},
					{
						"time": 2.9333,
						"x": 1.182,
						"y": 1,
						"curve": [ 0.25, 0, 0.75, 1 ]
					},
					{
						"time": 4.4,
						"x": 0.894,
						"y": 1.08,
						"curve": [ 0.25, 0, 0.75, 1 ]
					},
					{
						"time": 6,
						"x": 1.106,
						"y": 1,
						"curve": [ 0.25, 0, 0.75, 1 ]
					},
					{
						"time": 7.4666,
						"x": 0.852,
						"y": 1,
						"curve": [ 0.25, 0, 0.75, 1 ]
					},
					{
						"time": 8.9333,
						"x": 1.291,
						"y": 1,
						"curve": [ 0.25, 0, 0.75, 1 ]
					},
					{
						"time": 10.4,
						"x": 0.982,
						"y": 1,
						"curve": [ 0.25, 0, 0.75, 1 ]
					},
					{ "time": 12, "x": 1, "y": 1 }
				]
			},
			"sg15": {
				"rotate": [
					{ "time": 0, "angle": 0 },
					{ "time": 6, "angle": 1.08 },
					{ "time": 12, "angle": 0 }
				],
				"translate": [
					{ "time": 0, "x": 0, "y": 0, "curve": "stepped" },
					{ "time": 12, "x": 0, "y": 0 }
				],
				"scale": [
					{
						"time": 0,
						"x": 1,
						"y": 1,
						"curve": [ 0.25, 0, 0.75, 1 ]
					},
					{
						"time": 1.4666,
						"x": 0.898,
						"y": 1,
						"curve": [ 0.25, 0, 0.75, 1 ]
					},
					{
						"time": 2.9333,
						"x": 1.218,
						"y": 1,
						"curve": [ 0.25, 0, 0.75, 1 ]
					},
					{
						"time": 4.4,
						"x": 0.856,
						"y": 1,
						"curve": [ 0.25, 0, 0.75, 1 ]
					},
					{
						"time": 6,
						"x": 1.108,
						"y": 1,
						"curve": [ 0.25, 0, 0.75, 1 ]
					},
					{
						"time": 7.4666,
						"x": 0.843,
						"y": 1,
						"curve": [ 0.25, 0, 0.75, 1 ]
					},
					{
						"time": 8.9333,
						"x": 1.184,
						"y": 1,
						"curve": [ 0.25, 0, 0.75, 1 ]
					},
					{
						"time": 10.4,
						"x": 0.931,
						"y": 0.932,
						"curve": [ 0.25, 0, 0.75, 1 ]
					},
					{ "time": 12, "x": 1, "y": 1 }
				]
			},
			"sg20": {
				"rotate": [
					{ "time": 0, "angle": 0 },
					{ "time": 6, "angle": -1.48 },
					{ "time": 12, "angle": 0 }
				],
				"translate": [
					{ "time": 0, "x": 0, "y": 0, "curve": "stepped" },
					{ "time": 12, "x": 0, "y": 0 }
				],
				"scale": [
					{
						"time": 0,
						"x": 1,
						"y": 1,
						"curve": [ 0.25, 0, 0.75, 1 ]
					},
					{
						"time": 1.4666,
						"x": 0.893,
						"y": 1,
						"curve": [ 0.25, 0, 0.75, 1 ]
					},
					{
						"time": 2.9333,
						"x": 1.117,
						"y": 1,
						"curve": [ 0.25, 0, 0.75, 1 ]
					},
					{
						"time": 4.4,
						"x": 0.833,
						"y": 1,
						"curve": [ 0.25, 0, 0.75, 1 ]
					},
					{
						"time": 6,
						"x": 1.029,
						"y": 1,
						"curve": [ 0.25, 0, 0.75, 1 ]
					},
					{
						"time": 7.4666,
						"x": 0.957,
						"y": 1,
						"curve": [ 0.25, 0, 0.75, 1 ]
					},
					{
						"time": 8.9333,
						"x": 1.055,
						"y": 1,
						"curve": [ 0.25, 0, 0.75, 1 ]
					},
					{
						"time": 10.4,
						"x": 0.829,
						"y": 1,
						"curve": [ 0.25, 0, 0.75, 1 ]
					},
					{ "time": 12, "x": 1, "y": 1 }
				]
			},
			"sg21": {
				"rotate": [
					{ "time": 0, "angle": 0 },
					{ "time": 6, "angle": -5.66 },
					{ "time": 12, "angle": 0 }
				],
				"translate": [
					{ "time": 0, "x": 0, "y": 0, "curve": "stepped" },
					{ "time": 12, "x": 0, "y": 0 }
				],
				"scale": [
					{
						"time": 0,
						"x": 1,
						"y": 1,
						"curve": [ 0.25, 0, 0.75, 1 ]
					},
					{
						"time": 1.4666,
						"x": 0.823,
						"y": 1,
						"curve": [ 0.25, 0, 0.75, 1 ]
					},
					{
						"time": 2.9333,
						"x": 0.866,
						"y": 1,
						"curve": [ 0.25, 0, 0.75, 1 ]
					},
					{
						"time": 4.4,
						"x": 0.709,
						"y": 1,
						"curve": [ 0.25, 0, 0.75, 1 ]
					},
					{
						"time": 6,
						"x": 0.996,
						"y": 1,
						"curve": [ 0.25, 0, 0.75, 1 ]
					},
					{
						"time": 7.4666,
						"x": 0.806,
						"y": 1.028,
						"curve": [ 0.25, 0, 0.75, 1 ]
					},
					{
						"time": 8.9333,
						"x": 0.909,
						"y": 1.025,
						"curve": [ 0.25, 0, 0.75, 1 ]
					},
					{
						"time": 10.4,
						"x": 0.713,
						"y": 1,
						"curve": [ 0.25, 0, 0.75, 1 ]
					},
					{ "time": 12, "x": 1, "y": 1 }
				]
			},
			"sg18": {
				"rotate": [
					{ "time": 0, "angle": 0 },
					{ "time": 6, "angle": -4.58 },
					{ "time": 12, "angle": 0 }
				],
				"translate": [
					{ "time": 0, "x": 0, "y": 0, "curve": "stepped" },
					{ "time": 12, "x": 0, "y": 0 }
				],
				"scale": [
					{
						"time": 0,
						"x": 1,
						"y": 1,
						"curve": [ 0.25, 0, 0.75, 1 ]
					},
					{
						"time": 1.4666,
						"x": 0.693,
						"y": 1,
						"curve": [ 0.25, 0, 0.75, 1 ]
					},
					{
						"time": 2.9333,
						"x": 0.745,
						"y": 1,
						"curve": [ 0.25, 0, 0.75, 1 ]
					},
					{
						"time": 4.4,
						"x": 0.657,
						"y": 1,
						"curve": [ 0.25, 0, 0.75, 1 ]
					},
					{
						"time": 6,
						"x": 0.987,
						"y": 1,
						"curve": [ 0.25, 0, 0.75, 1 ]
					},
					{
						"time": 7.4666,
						"x": 0.685,
						"y": 1,
						"curve": [ 0.25, 0, 0.75, 1 ]
					},
					{
						"time": 8.9333,
						"x": 0.788,
						"y": 1,
						"curve": [ 0.25, 0, 0.75, 1 ]
					},
					{
						"time": 10.4,
						"x": 0.654,
						"y": 1,
						"curve": [ 0.25, 0, 0.75, 1 ]
					},
					{ "time": 12, "x": 1, "y": 1 }
				]
			}
		},
		"drawOrder": [
			{ "time": 0 },
			{ "time": 12 }
		]
	}
}
}