{
"skeleton": { "hash": "lT2X8GWuvlV8ot6HVi5o4dST/yI", "spine": "3.4.02", "width": 49.05, "height": 84.17, "images": "" },
"bones": [
	{ "name": "root" },
	{ "name": "picture(1)/light4", "parent": "root", "x": -3.38, "y": 22.75, "scaleX": 1.09, "scaleY": 1.09 },
	{ "name": "picture(1)/light6", "parent": "root", "x": -3.38, "y": -12.37, "scaleX": 1.09, "scaleY": 1.09 },
	{ "name": "picture(1)/light7", "parent": "root", "x": -3.38, "y": -12.37, "scaleX": 1.09, "scaleY": 1.09 },
	{ "name": "picture(1)/light10", "parent": "root", "x": -3.38, "y": -12.37, "scaleX": 1.09, "scaleY": 1.09 },
	{ "name": "picture(1)/light11", "parent": "root", "x": -3.38, "y": -12.37, "scaleX": 1.09, "scaleY": 1.09 },
	{ "name": "picture(1)/light12", "parent": "root", "x": -3.38, "y": -12.37, "scaleX": 1.09, "scaleY": 1.09 },
	{ "name": "picture(1)/light14", "parent": "root", "x": -3.38, "y": -12.37, "scaleX": 1.09, "scaleY": 1.09 },
	{ "name": "picture(1)/light15", "parent": "root", "x": -3.38, "y": -12.37, "scaleX": 1.09, "scaleY": 1.09 },
	{ "name": "picture(1)/light16", "parent": "root", "x": -3.38, "y": -12.37, "scaleX": 1.09, "scaleY": 1.09 },
	{ "name": "picture(1)/light17", "parent": "root", "x": -3.38, "y": -12.37, "scaleX": 1.09, "scaleY": 1.09 },
	{ "name": "picture(1)/light18", "parent": "root", "x": -3.38, "y": -12.37, "scaleX": 1.09, "scaleY": 1.09 },
	{ "name": "picture(1)/light20", "parent": "root", "x": -3.38, "y": -12.37, "scaleX": 1.09, "scaleY": 1.09 }
],
"slots": [
	{ "name": "picture(1)/light4", "bone": "picture(1)/light4", "attachment": "picture(1)/light" },
	{ "name": "picture(1)/light6", "bone": "picture(1)/light6", "attachment": "picture(1)/light" },
	{ "name": "picture(1)/light7", "bone": "picture(1)/light7", "attachment": "picture(1)/light" },
	{ "name": "picture(1)/light10", "bone": "picture(1)/light10", "attachment": "picture(1)/light" },
	{ "name": "picture(1)/light11", "bone": "picture(1)/light11", "attachment": "picture(1)/light" },
	{ "name": "picture(1)/light12", "bone": "picture(1)/light12", "attachment": "picture(1)/light" },
	{ "name": "picture(1)/light14", "bone": "picture(1)/light14", "attachment": "picture(1)/light" },
	{ "name": "picture(1)/light15", "bone": "picture(1)/light15", "attachment": "picture(1)/light" },
	{ "name": "picture(1)/light16", "bone": "picture(1)/light16", "attachment": "picture(1)/light" },
	{ "name": "picture(1)/light17", "bone": "picture(1)/light17", "attachment": "picture(1)/light" },
	{ "name": "picture(1)/light18", "bone": "picture(1)/light18", "attachment": "picture(1)/light" },
	{ "name": "picture(1)/light20", "bone": "picture(1)/light20", "attachment": "picture(1)/light" }
],
"skins": {
	"default": {
		"picture(1)/light10": {
			"picture(1)/light": { "color": "feff7fff", "x": 0.71, "y": 0.62, "width": 45, "height": 45 }
		},
		"picture(1)/light11": {
			"picture(1)/light": { "color": "feff7fff", "x": 0.71, "y": 0.62, "width": 45, "height": 45 }
		},
		"picture(1)/light12": {
			"picture(1)/light": { "color": "feff7fff", "x": 0.71, "y": 0.62, "width": 45, "height": 45 }
		},
		"picture(1)/light14": {
			"picture(1)/light": { "color": "feff7fff", "x": 0.71, "y": 0.62, "width": 45, "height": 45 }
		},
		"picture(1)/light15": {
			"picture(1)/light": { "color": "feff7fff", "x": 0.71, "y": 0.62, "width": 45, "height": 45 }
		},
		"picture(1)/light16": {
			"picture(1)/light": { "color": "feff7fff", "x": 0.71, "y": 0.62, "width": 45, "height": 45 }
		},
		"picture(1)/light17": {
			"picture(1)/light": { "color": "feff7fff", "x": 0.71, "y": 0.62, "width": 45, "height": 45 }
		},
		"picture(1)/light18": {
			"picture(1)/light": { "color": "feff7fff", "x": 0.71, "y": 0.62, "width": 45, "height": 45 }
		},
		"picture(1)/light20": {
			"picture(1)/light": { "color": "feff7fff", "x": 0.71, "y": 0.62, "width": 45, "height": 45 }
		},
		"picture(1)/light4": {
			"picture(1)/light": { "color": "feff7fff", "x": 0.71, "y": 0.62, "width": 45, "height": 45 }
		},
		"picture(1)/light6": {
			"picture(1)/light": { "color": "feff7fff", "x": 0.71, "y": 0.62, "width": 45, "height": 45 }
		},
		"picture(1)/light7": {
			"picture(1)/light": { "color": "feff7fff", "x": 0.71, "y": 0.62, "width": 45, "height": 45 }
		}
	}
},
"animations": {
	"run": {
		"slots": {
			"picture(1)/light4": {
				"color": [
					{ "time": 0, "color": "fffc76ff", "curve": "stepped" },
					{
						"time": 0.4666,
						"color": "ffffffff",
						"curve": [ 0.798, 0.02, 0.886, 0.97 ]
					},
					{ "time": 2.3666, "color": "ffffff00", "curve": "stepped" },
					{ "time": 2.4333, "color": "ffffff00" }
				],
				"attachment": [
					{ "time": 0, "name": null },
					{ "time": 0.4666, "name": "picture(1)/light" },
					{ "time": 2.3666, "name": null },
					{ "time": 2.4333, "name": null }
				]
			},
			"picture(1)/light6": {
				"color": [
					{ "time": 0, "color": "fffc76ff", "curve": "stepped" },
					{
						"time": 0.4,
						"color": "ffffffff",
						"curve": [ 0.798, 0.02, 0.886, 0.97 ]
					},
					{ "time": 2.0666, "color": "ffffff00", "curve": "stepped" },
					{ "time": 2.4333, "color": "ffffff00" }
				],
				"attachment": [
					{ "time": 0, "name": null },
					{ "time": 0.4, "name": "picture(1)/light" },
					{ "time": 2.0666, "name": null },
					{ "time": 2.4333, "name": null }
				]
			},
			"picture(1)/light7": {
				"color": [
					{ "time": 0, "color": "fffc76ff", "curve": "stepped" },
					{
						"time": 0.5666,
						"color": "ffffffff",
						"curve": [ 0.798, 0.02, 0.886, 0.97 ]
					},
					{ "time": 2.3666, "color": "ffffff00", "curve": "stepped" },
					{ "time": 2.4333, "color": "ffffff00" }
				],
				"attachment": [
					{ "time": 0, "name": null },
					{ "time": 0.5666, "name": "picture(1)/light" },
					{ "time": 2.3666, "name": null },
					{ "time": 2.4333, "name": null }
				]
			},
			"picture(1)/light10": {
				"color": [
					{ "time": 0, "color": "fffc76ff", "curve": "stepped" },
					{
						"time": 0.5333,
						"color": "ffffffff",
						"curve": [ 0.798, 0.02, 0.886, 0.97 ]
					},
					{ "time": 2.0333, "color": "ffffff00", "curve": "stepped" },
					{ "time": 2.4333, "color": "ffffff00" }
				],
				"attachment": [
					{ "time": 0, "name": null },
					{ "time": 0.5333, "name": "picture(1)/light" },
					{ "time": 2.0333, "name": null },
					{ "time": 2.4333, "name": null }
				]
			},
			"picture(1)/light11": {
				"color": [
					{ "time": 0, "color": "fffc76ff", "curve": "stepped" },
					{
						"time": 0.1333,
						"color": "ffffffff",
						"curve": [ 0.798, 0.02, 0.886, 0.97 ]
					},
					{ "time": 1.5333, "color": "ffffff00", "curve": "stepped" },
					{ "time": 2.4333, "color": "ffffff00" }
				],
				"attachment": [
					{ "time": 0, "name": null },
					{ "time": 0.1333, "name": "picture(1)/light" },
					{ "time": 1.5333, "name": null },
					{ "time": 2.4333, "name": null }
				]
			},
			"picture(1)/light12": {
				"color": [
					{ "time": 0, "color": "fffc76ff", "curve": "stepped" },
					{
						"time": 0.5666,
						"color": "ffffffff",
						"curve": [ 0.798, 0.02, 0.886, 0.97 ]
					},
					{ "time": 2.2666, "color": "ffffff00", "curve": "stepped" },
					{ "time": 2.4333, "color": "ffffff00" }
				],
				"attachment": [
					{ "time": 0, "name": null },
					{ "time": 0.5666, "name": "picture(1)/light" },
					{ "time": 2.2666, "name": null },
					{ "time": 2.4333, "name": null }
				]
			},
			"picture(1)/light14": {
				"color": [
					{ "time": 0, "color": "fffc76ff", "curve": "stepped" },
					{
						"time": 0.3333,
						"color": "ffffffff",
						"curve": [ 0.798, 0.02, 0.886, 0.97 ]
					},
					{ "time": 1.9333, "color": "ffffff00", "curve": "stepped" },
					{ "time": 2.4333, "color": "ffffff00" }
				],
				"attachment": [
					{ "time": 0, "name": null },
					{ "time": 0.3333, "name": "picture(1)/light" },
					{ "time": 1.9333, "name": null },
					{ "time": 2.4333, "name": null }
				]
			},
			"picture(1)/light15": {
				"color": [
					{ "time": 0, "color": "fffc76ff", "curve": "stepped" },
					{
						"time": 0.3333,
						"color": "ffffffff",
						"curve": [ 0.798, 0.02, 0.886, 0.97 ]
					},
					{ "time": 2.0333, "color": "ffffff00", "curve": "stepped" },
					{ "time": 2.4333, "color": "ffffff00" }
				],
				"attachment": [
					{ "time": 0, "name": null },
					{ "time": 0.3333, "name": "picture(1)/light" },
					{ "time": 2.0333, "name": null },
					{ "time": 2.4333, "name": null }
				]
			},
			"picture(1)/light16": {
				"color": [
					{ "time": 0, "color": "fffc76ff", "curve": "stepped" },
					{
						"time": 0.5,
						"color": "ffffffff",
						"curve": [ 0.798, 0.02, 0.886, 0.97 ]
					},
					{ "time": 2.1, "color": "ffffff00", "curve": "stepped" },
					{ "time": 2.4333, "color": "ffffff00" }
				],
				"attachment": [
					{ "time": 0, "name": null },
					{ "time": 0.5, "name": "picture(1)/light" },
					{ "time": 2.1, "name": null },
					{ "time": 2.4333, "name": null }
				]
			},
			"picture(1)/light17": {
				"color": [
					{ "time": 0, "color": "fffc76ff", "curve": "stepped" },
					{
						"time": 0.6,
						"color": "ffffffff",
						"curve": [ 0.798, 0.02, 0.886, 0.97 ]
					},
					{ "time": 2.4333, "color": "ffffff00" }
				],
				"attachment": [
					{ "time": 0, "name": null },
					{ "time": 0.6, "name": "picture(1)/light" },
					{ "time": 2.4333, "name": null }
				]
			},
			"picture(1)/light18": {
				"color": [
					{ "time": 0, "color": "fffc76ff", "curve": "stepped" },
					{
						"time": 0.3333,
						"color": "ffffffff",
						"curve": [ 0.798, 0.02, 0.886, 0.97 ]
					},
					{ "time": 2.0333, "color": "ffffff00", "curve": "stepped" },
					{ "time": 2.4333, "color": "ffffff00" }
				],
				"attachment": [
					{ "time": 0, "name": null },
					{ "time": 0.3333, "name": "picture(1)/light" },
					{ "time": 2.0333, "name": null },
					{ "time": 2.4333, "name": null }
				]
			},
			"picture(1)/light20": {
				"color": [
					{ "time": 0, "color": "fffc76ff", "curve": "stepped" },
					{
						"time": 0.2666,
						"color": "ffffffff",
						"curve": [ 0.798, 0.02, 0.886, 0.97 ]
					},
					{ "time": 1.7666, "color": "ffffff00", "curve": "stepped" },
					{ "time": 2.4333, "color": "ffffff00" }
				],
				"attachment": [
					{ "time": 0, "name": null },
					{ "time": 0.2666, "name": "picture(1)/light" },
					{ "time": 1.7666, "name": null },
					{ "time": 2.4333, "name": null }
				]
			}
		},
		"bones": {
			"picture(1)/light4": {
				"rotate": [
					{ "time": 0, "angle": 14.17, "curve": "stepped" },
					{ "time": 0.4666, "angle": 14.17 },
					{ "time": 1.1, "angle": -85.66 },
					{ "time": 1.7333, "angle": 172.42 },
					{ "time": 2.3666, "angle": 91.53, "curve": "stepped" },
					{ "time": 2.4333, "angle": 91.53 }
				],
				"translate": [
					{ "time": 0, "x": -5.81, "y": -17.2, "curve": "stepped" },
					{
						"time": 0.4666,
						"x": -5.81,
						"y": -17.2,
						"curve": [ 0, 0.4, 0.542, 1.08 ]
					},
					{ "time": 2.3666, "x": -72.72, "y": -31.76, "curve": "stepped" },
					{ "time": 2.4333, "x": -72.72, "y": -31.76 }
				],
				"scale": [
					{ "time": 0, "x": 0.414, "y": 0.414, "curve": "stepped" },
					{ "time": 0.4666, "x": 0.414, "y": 0.414 },
					{
						"time": 0.6333,
						"x": 0.905,
						"y": 0.905,
						"curve": [ 0.229, 0, 0.154, 1 ]
					},
					{ "time": 2.3666, "x": 0.699, "y": 0.699, "curve": "stepped" },
					{ "time": 2.4333, "x": 0.699, "y": 0.699 }
				]
			},
			"picture(1)/light6": {
				"rotate": [
					{ "time": 0, "angle": 0, "curve": "stepped" },
					{ "time": 0.4, "angle": 0 },
					{ "time": 0.9666, "angle": 88.74 },
					{ "time": 1.5333, "angle": 175.32 },
					{ "time": 2.0666, "angle": -92.87, "curve": "stepped" },
					{ "time": 2.4333, "angle": -92.87 }
				],
				"translate": [
					{ "time": 0, "x": -14.3, "y": 23.57, "curve": "stepped" },
					{
						"time": 0.4,
						"x": -14.3,
						"y": 23.57,
						"curve": [ 0, 0.4, 0.542, 1.08 ]
					},
					{ "time": 2.0666, "x": -67.26, "y": 42.17, "curve": "stepped" },
					{ "time": 2.4333, "x": -67.26, "y": 42.17 }
				],
				"scale": [
					{ "time": 0, "x": 0.294, "y": 0.294, "curve": "stepped" },
					{ "time": 0.4, "x": 0.294, "y": 0.294 },
					{
						"time": 0.5666,
						"x": 0.703,
						"y": 0.703,
						"curve": [ 0.229, 0, 0.154, 1 ]
					},
					{ "time": 2.0666, "x": 0.304, "y": 0.304, "curve": "stepped" },
					{ "time": 2.4333, "x": 0.304, "y": 0.304 }
				]
			},
			"picture(1)/light7": {
				"rotate": [
					{ "time": 0, "angle": 16.67, "curve": "stepped" },
					{ "time": 0.5666, "angle": 16.67 },
					{ "time": 1.1666, "angle": 117.65 },
					{ "time": 1.7666, "angle": -156.87 },
					{ "time": 2.3666, "angle": -60.66, "curve": "stepped" },
					{ "time": 2.4333, "angle": -60.66 }
				],
				"translate": [
					{ "time": 0, "x": 13.77, "y": 23.38, "curve": "stepped" },
					{
						"time": 0.5666,
						"x": 13.77,
						"y": 23.38,
						"curve": [ 0, 0.4, 0.542, 1.08 ]
					},
					{ "time": 2.3666, "x": 73.58, "y": 34.3, "curve": "stepped" },
					{ "time": 2.4333, "x": 73.58, "y": 34.3 }
				],
				"scale": [
					{ "time": 0, "x": 0.344, "y": 0.344, "curve": "stepped" },
					{ "time": 0.5666, "x": 0.344, "y": 0.344 },
					{
						"time": 0.7333,
						"x": 0.637,
						"y": 0.637,
						"curve": [ 0.229, 0, 0.154, 1 ]
					},
					{ "time": 2.3666, "x": 0.482, "y": 0.482, "curve": "stepped" },
					{ "time": 2.4333, "x": 0.482, "y": 0.482 }
				]
			},
			"picture(1)/light10": {
				"rotate": [
					{ "time": 0, "angle": -16.5, "curve": "stepped" },
					{ "time": 0.5333, "angle": -16.5 },
					{ "time": 1.0333, "angle": 71.23 },
					{ "time": 1.5333, "angle": 152.17 },
					{ "time": 2.0333, "angle": -101.44, "curve": "stepped" },
					{ "time": 2.4333, "angle": -101.44 }
				],
				"translate": [
					{ "time": 0, "x": 6.72, "y": 35.4, "curve": "stepped" },
					{
						"time": 0.5333,
						"x": 6.72,
						"y": 35.4,
						"curve": [ 0, 0.4, 0.542, 1.08 ]
					},
					{ "time": 2.0333, "x": 23.47, "y": 77.19, "curve": "stepped" },
					{ "time": 2.4333, "x": 23.47, "y": 77.19 }
				],
				"scale": [
					{ "time": 0, "x": 0.292, "y": 0.292, "curve": "stepped" },
					{ "time": 0.5333, "x": 0.292, "y": 0.292 },
					{
						"time": 0.7,
						"x": 0.609,
						"y": 0.609,
						"curve": [ 0.229, 0, 0.154, 1 ]
					},
					{ "time": 2.0333, "x": 0.472, "y": 0.472, "curve": "stepped" },
					{ "time": 2.4333, "x": 0.472, "y": 0.472 }
				]
			},
			"picture(1)/light11": {
				"rotate": [
					{ "time": 0, "angle": 31.98, "curve": "stepped" },
					{ "time": 0.1333, "angle": 31.98 },
					{ "time": 0.6, "angle": -50.41 },
					{ "time": 1.0666, "angle": -142.17 },
					{ "time": 1.5333, "angle": 121.79, "curve": "stepped" },
					{ "time": 2.4333, "angle": 121.79 }
				],
				"translate": [
					{ "time": 0, "x": -2.27, "y": 27.83, "curve": "stepped" },
					{
						"time": 0.1333,
						"x": -2.27,
						"y": 27.83,
						"curve": [ 0, 0.4, 0.542, 1.08 ]
					},
					{ "time": 1.5333, "x": -11.63, "y": 84.47, "curve": "stepped" },
					{ "time": 2.4333, "x": -11.63, "y": 84.47 }
				],
				"scale": [
					{ "time": 0, "x": 0.449, "y": 0.449, "curve": "stepped" },
					{ "time": 0.1333, "x": 0.449, "y": 0.449 },
					{
						"time": 0.3,
						"x": 0.986,
						"y": 0.986,
						"curve": [ 0.229, 0, 0.154, 1 ]
					},
					{ "time": 1.5333, "x": 0.812, "y": 0.812, "curve": "stepped" },
					{ "time": 2.4333, "x": 0.812, "y": 0.812 }
				]
			},
			"picture(1)/light12": {
				"rotate": [
					{ "time": 0, "angle": 46.81, "curve": "stepped" },
					{ "time": 0.5666, "angle": 46.81 },
					{ "time": 1.1333, "angle": -53.55 },
					{ "time": 1.7, "angle": -128.13 },
					{ "time": 2.2666, "angle": 97.78, "curve": "stepped" },
					{ "time": 2.4333, "angle": 97.78 }
				],
				"translate": [
					{ "time": 0, "x": -1.53, "y": 31.69, "curve": "stepped" },
					{
						"time": 0.5666,
						"x": -1.53,
						"y": 31.69,
						"curve": [ 0, 0.4, 0.542, 1.08 ]
					},
					{ "time": 2.2666, "x": -44.04, "y": 65.29, "curve": "stepped" },
					{ "time": 2.4333, "x": -44.04, "y": 65.29 }
				],
				"scale": [
					{ "time": 0, "x": 0.624, "y": 0.624, "curve": "stepped" },
					{ "time": 0.5666, "x": 0.624, "y": 0.624 },
					{
						"time": 0.7333,
						"x": 1.035,
						"y": 1.035,
						"curve": [ 0.229, 0, 0.154, 1 ]
					},
					{ "time": 2.2666, "x": 0.529, "y": 0.529, "curve": "stepped" },
					{ "time": 2.4333, "x": 0.529, "y": 0.529 }
				]
			},
			"picture(1)/light14": {
				"rotate": [
					{ "time": 0, "angle": -32.09, "curve": "stepped" },
					{ "time": 0.3333, "angle": -32.09 },
					{ "time": 0.8666, "angle": -129.5 },
					{ "time": 1.4, "angle": 136.74 },
					{ "time": 1.9333, "angle": 49.51, "curve": "stepped" },
					{ "time": 2.4333, "angle": 49.51 }
				],
				"translate": [
					{ "time": 0, "x": -3.13, "y": 11.53, "curve": "stepped" },
					{
						"time": 0.3333,
						"x": -3.13,
						"y": 11.53,
						"curve": [ 0, 0.4, 0.542, 1.08 ]
					},
					{ "time": 1.9333, "x": -46.32, "y": -28.51, "curve": "stepped" },
					{ "time": 2.4333, "x": -46.32, "y": -28.51 }
				],
				"scale": [
					{ "time": 0, "x": 0.554, "y": 0.554, "curve": "stepped" },
					{ "time": 0.3333, "x": 0.554, "y": 0.554 },
					{
						"time": 0.5,
						"x": 1.295,
						"y": 1.295,
						"curve": [ 0.229, 0, 0.154, 1 ]
					},
					{ "time": 1.9333, "x": 0.507, "y": 0.507, "curve": "stepped" },
					{ "time": 2.4333, "x": 0.507, "y": 0.507 }
				]
			},
			"picture(1)/light15": {
				"rotate": [
					{ "time": 0, "angle": -7.35, "curve": "stepped" },
					{ "time": 0.3333, "angle": -7.35 },
					{ "time": 0.9, "angle": -110.19 },
					{ "time": 1.4666, "angle": 143.91 },
					{ "time": 2.0333, "angle": -7.35, "curve": "stepped" },
					{ "time": 2.4333, "angle": -7.35 }
				],
				"translate": [
					{ "time": 0, "x": 0.79, "y": 18.17, "curve": "stepped" },
					{
						"time": 0.3333,
						"x": 0.79,
						"y": 18.17,
						"curve": [ 0, 0.4, 0.542, 1.08 ]
					},
					{ "time": 2.0333, "x": 78.15, "y": 3.1, "curve": "stepped" },
					{ "time": 2.4333, "x": 78.15, "y": 3.1 }
				],
				"scale": [
					{ "time": 0, "x": 0.501, "y": 0.501, "curve": "stepped" },
					{ "time": 0.3333, "x": 0.501, "y": 0.501 },
					{
						"time": 0.5,
						"x": 1.115,
						"y": 1.115,
						"curve": [ 0.229, 0, 0.154, 1 ]
					},
					{ "time": 2.0333, "x": 0.798, "y": 0.798, "curve": "stepped" },
					{ "time": 2.4333, "x": 0.798, "y": 0.798 }
				]
			},
			"picture(1)/light16": {
				"rotate": [
					{ "time": 0, "angle": -36.74, "curve": "stepped" },
					{ "time": 0.5, "angle": -36.74 },
					{ "time": 1.0333, "angle": -125.41 },
					{ "time": 1.5666, "angle": 129.36 },
					{ "time": 2.1, "angle": 47.07, "curve": "stepped" },
					{ "time": 2.4333, "angle": 47.07 }
				],
				"translate": [
					{ "time": 0, "x": 11.92, "y": 8.51, "curve": "stepped" },
					{
						"time": 0.5,
						"x": 11.92,
						"y": 8.51,
						"curve": [ 0, 0.4, 0.542, 1.08 ]
					},
					{ "time": 2.1, "x": 61.49, "y": -31.79, "curve": "stepped" },
					{ "time": 2.4333, "x": 61.49, "y": -31.79 }
				],
				"scale": [
					{ "time": 0, "x": 0.455, "y": 0.455, "curve": "stepped" },
					{ "time": 0.5, "x": 0.455, "y": 0.455 },
					{
						"time": 0.6666,
						"x": 0.575,
						"y": 0.575,
						"curve": [ 0.229, 0, 0.154, 1 ]
					},
					{ "time": 2.1, "x": 0.416, "y": 0.416, "curve": "stepped" },
					{ "time": 2.4333, "x": 0.416, "y": 0.416 }
				]
			},
			"picture(1)/light17": {
				"rotate": [
					{ "time": 0, "angle": 0, "curve": "stepped" },
					{ "time": 0.6, "angle": 0 },
					{ "time": 1.2333, "angle": 94.68 },
					{ "time": 1.8333, "angle": -172.15 },
					{ "time": 2.4333, "angle": -81.95 }
				],
				"translate": [
					{ "time": 0, "x": 6.98, "y": 10.14, "curve": "stepped" },
					{
						"time": 0.6,
						"x": 6.98,
						"y": 10.14,
						"curve": [ 0, 0.4, 0.542, 1.08 ]
					},
					{ "time": 2.4333, "x": 34.39, "y": -46.8 }
				],
				"scale": [
					{ "time": 0, "x": 0.373, "y": 0.373, "curve": "stepped" },
					{ "time": 0.6, "x": 0.373, "y": 0.373 },
					{
						"time": 0.7666,
						"x": 0.859,
						"y": 0.859,
						"curve": [ 0.229, 0, 0.154, 1 ]
					},
					{ "time": 2.4333, "x": 0.359, "y": 0.359 }
				]
			},
			"picture(1)/light18": {
				"rotate": [
					{ "time": 0, "angle": -37.98, "curve": "stepped" },
					{ "time": 0.3333, "angle": -37.98 },
					{ "time": 0.9, "angle": -141.45 },
					{ "time": 1.4666, "angle": 137.11 },
					{ "time": 2.0333, "angle": 38.03, "curve": "stepped" },
					{ "time": 2.4333, "angle": 38.03 }
				],
				"translate": [
					{ "time": 0, "x": 10.49, "y": 25.82, "curve": "stepped" },
					{
						"time": 0.3333,
						"x": 10.49,
						"y": 25.82,
						"curve": [ 0, 0.4, 0.542, 1.08 ]
					},
					{ "time": 2.0333, "x": 53.09, "y": 64, "curve": "stepped" },
					{ "time": 2.4333, "x": 53.09, "y": 64 }
				],
				"scale": [
					{ "time": 0, "x": 1.165, "y": 1.165, "curve": "stepped" },
					{ "time": 0.3333, "x": 1.165, "y": 1.165 },
					{
						"time": 0.5,
						"x": 0.828,
						"y": 0.828,
						"curve": [ 0.229, 0, 0.154, 1 ]
					},
					{ "time": 2.0333, "x": 0.321, "y": 0.321, "curve": "stepped" },
					{ "time": 2.4333, "x": 0.321, "y": 0.321 }
				]
			},
			"picture(1)/light20": {
				"rotate": [
					{ "time": 0, "angle": 0, "curve": "stepped" },
					{ "time": 0.2666, "angle": 0 },
					{ "time": 0.7666, "angle": -86.87 },
					{ "time": 1.2666, "angle": -176.74 },
					{ "time": 1.7666, "angle": 91.29, "curve": "stepped" },
					{ "time": 2.4333, "angle": 91.29 }
				],
				"translate": [
					{ "time": 0, "x": 0, "y": 3.44, "curve": "stepped" },
					{
						"time": 0.2666,
						"x": 0,
						"y": 3.44,
						"curve": [ 0, 0.4, 0.542, 1.08 ]
					},
					{ "time": 1.7666, "x": -5.61, "y": -47.37, "curve": "stepped" },
					{ "time": 2.4333, "x": -5.61, "y": -47.37 }
				],
				"scale": [
					{ "time": 0, "x": 0.213, "y": 0.213, "curve": "stepped" },
					{ "time": 0.2666, "x": 0.213, "y": 0.213 },
					{
						"time": 0.4333,
						"x": 0.757,
						"y": 0.757,
						"curve": [ 0.229, 0, 0.154, 1 ]
					},
					{ "time": 1.7666, "x": 0.53, "y": 0.53, "curve": "stepped" },
					{ "time": 2.4333, "x": 0.53, "y": 0.53 }
				]
			},
			"root": {
				"rotate": [
					{ "time": 0, "angle": 0, "curve": "stepped" },
					{ "time": 2.4333, "angle": 0 }
				],
				"translate": [
					{ "time": 0, "x": 0, "y": 0, "curve": "stepped" },
					{ "time": 2.4333, "x": 0, "y": 0 }
				],
				"scale": [
					{ "time": 0, "x": 1, "y": 1, "curve": "stepped" },
					{ "time": 2.4333, "x": 1, "y": 1 }
				]
			}
		},
		"drawOrder": [
			{ "time": 0 },
			{ "time": 2.3666 },
			{ "time": 2.4333 }
		]
	}
}
}