{
"skeleton": { "hash": "BEwMq/K8/5lV1KHjVq+Gl3PqmGI", "spine": "3.4.02", "width": 270, "height": 422, "images": "./draw_eles/" },
"bones": [
	{ "name": "root" }
],
"slots": [
	{ "name": "bubble_1", "bone": "root", "attachment": "bubble_1" },
	{ "name": "bubble_2", "bone": "root", "attachment": "bubble_2" },
	{ "name": "bubble_3", "bone": "root", "attachment": "bubble_3" },
	{ "name": "bubble_4", "bone": "root", "attachment": "bubble_4" },
	{ "name": "bubble_5", "bone": "root", "attachment": "bubble_5" },
	{ "name": "bubble_6", "bone": "root", "attachment": "bubble_6" },
	{ "name": "bubble_7", "bone": "root", "attachment": "bubble_7" },
	{ "name": "tail_1", "bone": "root", "attachment": "tail_1" },
	{ "name": "tail_2", "bone": "root", "attachment": "tail_2" },
	{ "name": "tail_3", "bone": "root", "attachment": "tail_3" },
	{ "name": "tail_4", "bone": "root", "attachment": "tail_4" },
	{ "name": "tail_5", "bone": "root", "attachment": "tail_5" },
	{ "name": "tail_6", "bone": "root", "attachment": "tail_6" },
	{ "name": "tail_7", "bone": "root", "attachment": "tail_7" }
],
"skins": {
	"default": {
		"bubble_1": {
			"bubble_1": { "x": -49.03, "y": 18.42, "width": 93, "height": 93 }
		},
		"bubble_2": {
			"bubble_2": { "x": 48.96, "y": 18.42, "width": 93, "height": 93 }
		},
		"bubble_3": {
			"bubble_3": { "x": -49.03, "y": -79.57, "width": 93, "height": 93 }
		},
		"bubble_4": {
			"bubble_4": { "x": 48.96, "y": -79.57, "width": 93, "height": 93 }
		},
		"bubble_5": {
			"bubble_5": { "x": -49.03, "y": -177.57, "width": 93, "height": 93 }
		},
		"bubble_6": {
			"bubble_6": { "x": 48.96, "y": -177.57, "width": 93, "height": 93 }
		},
		"bubble_7": {
			"bubble_7": { "x": -49.03, "y": -275.57, "width": 93, "height": 93 }
		},
		"tail_1": {
			"tail_1": { "x": -80.03, "y": 78.92, "width": 31, "height": 18 }
		},
		"tail_2": {
			"tail_2": { "x": -44.03, "y": 78.92, "width": 31, "height": 18 }
		},
		"tail_3": {
			"tail_3": { "x": -8.03, "y": 78.92, "width": 31, "height": 18 }
		},
		"tail_4": {
			"tail_4": { "x": 27.96, "y": 78.92, "width": 31, "height": 18 }
		},
		"tail_5": {
			"tail_5": { "x": 63.96, "y": 78.92, "width": 31, "height": 18 }
		},
		"tail_6": {
			"tail_6": { "x": 99.96, "y": 78.92, "width": 31, "height": 18 }
		},
		"tail_7": {
			"tail_7": { "x": 135.96, "y": 78.92, "width": 31, "height": 18 }
		}
	}
},
"animations": {
	"animation": {}
}
}