{
"skeleton": { "hash": "Ue+tZDuvwMbFKRCQn5fE6pCCuKI", "spine": "3.4.02", "width": 112.46, "height": 368.35, "images": "./picture/" },
"bones": [
	{ "name": "root" },
	{ "name": "Balloon", "parent": "root", "x": -1.21, "y": 71.21 },
	{ "name": "balloon", "parent": "Balloon", "x": 2.86, "y": -135.63 }
],
"slots": [
	{ "name": "balloon", "bone": "balloon", "attachment": "balloon" },
	{ "name": "rope", "bone": "Balloon", "attachment": "rope" }
],
"skins": {
	"default": {
		"rope": {
			"rope": {
				"type": "mesh",
				"uvs": [ 1, 0.08567, 1, 0.20119, 1, 0.30702, 1, 0.40766, 1, 0.70108, 0, 1, 0, 0.69864, 0, 0.416, 0, 0.30946, 0, 0.20119, 0, 0.0881, 0, 0, 1, 0 ],
				"triangles": [ 11, 12, 0, 10, 11, 0, 1, 9, 10, 1, 10, 0, 9, 1, 2, 8, 9, 2, 8, 2, 3, 7, 8, 3, 4, 6, 7, 4, 7, 3, 5, 6, 4 ],
				"vertices": [ 13.61, -161.66, 13.61, -187.31, 13.61, -210.8, 13.61, -233.14, 13.61, -298.28, -17.37999, -364.64, -17.37999, -297.74, -17.37999, -234.99, -17.37999, -211.34, -17.37999, -187.31, -17.37999, -162.2, -17.37999, -142.64, 13.61, -142.64 ],
				"hull": 13,
				"edges": [ 22, 24, 18, 20, 20, 22, 2, 0, 0, 24, 14, 16, 16, 18, 2, 4, 4, 6, 10, 12, 12, 14, 6, 8, 8, 10 ],
				"width": 31,
				"height": 222
			}
		}
	},
	"balloon1": {
		"balloon": {
			"balloon": { "x": -1.64, "y": 64.41, "width": 110, "height": 150 }
		}
	},
	"balloon2": {
		"balloon": {
			"balloon": { "name": "balloon2", "x": 0.02, "y": 63.85, "scaleX": 1.013, "scaleY": 1.013, "width": 111, "height": 149 }
		}
	}
},
"animations": {
	"run": {
		"slots": {
			"balloon": {
				"attachment": [
					{ "time": 0, "name": "balloon" }
				]
			},
			"rope": {
				"attachment": [
					{ "time": 0, "name": "rope" }
				]
			}
		},
		"bones": {
			"balloon": {
				"rotate": [
					{
						"time": 0,
						"angle": 7.89,
						"curve": [ 0.25, 0, 0.75, 1 ]
					},
					{
						"time": 5,
						"angle": -3.86,
						"curve": [ 0.25, 0, 0.75, 1 ]
					},
					{
						"time": 10,
						"angle": 7.89,
						"curve": [ 0.25, 0, 0.75, 1 ]
					},
					{
						"time": 15,
						"angle": -3.86,
						"curve": [ 0.25, 0, 0.75, 1 ]
					},
					{
						"time": 20,
						"angle": 7.89,
						"curve": [ 0.25, 0, 0.75, 1 ]
					},
					{
						"time": 25,
						"angle": -3.86,
						"curve": [ 0.25, 0, 0.75, 1 ]
					},
					{
						"time": 30,
						"angle": 7.89,
						"curve": [ 0.25, 0, 0.75, 1 ]
					},
					{
						"time": 35,
						"angle": -3.86,
						"curve": [ 0.25, 0, 0.75, 1 ]
					},
					{
						"time": 40,
						"angle": 7.89,
						"curve": [ 0.25, 0, 0.75, 1 ]
					},
					{
						"time": 45,
						"angle": -3.86,
						"curve": [ 0.25, 0, 0.75, 1 ]
					},
					{
						"time": 50,
						"angle": 7.89,
						"curve": [ 0.25, 0, 0.75, 1 ]
					},
					{
						"time": 55,
						"angle": -3.86,
						"curve": [ 0.25, 0, 0.75, 1 ]
					},
					{
						"time": 60,
						"angle": 7.89,
						"curve": [ 0.25, 0, 0.75, 1 ]
					},
					{
						"time": 65,
						"angle": -3.86,
						"curve": [ 0.25, 0, 0.75, 1 ]
					},
					{
						"time": 70,
						"angle": 7.89,
						"curve": [ 0.25, 0, 0.75, 1 ]
					},
					{
						"time": 75,
						"angle": -3.86,
						"curve": [ 0.25, 0, 0.75, 1 ]
					},
					{
						"time": 80,
						"angle": 7.89,
						"curve": [ 0.25, 0, 0.75, 1 ]
					},
					{
						"time": 85,
						"angle": -3.86,
						"curve": [ 0.25, 0, 0.75, 1 ]
					},
					{
						"time": 90,
						"angle": 7.89,
						"curve": [ 0.25, 0, 0.75, 1 ]
					},
					{
						"time": 95,
						"angle": -3.86,
						"curve": [ 0.25, 0, 0.75, 1 ]
					},
					{
						"time": 100,
						"angle": 7.89,
						"curve": [ 0.25, 0, 0.75, 1 ]
					},
					{
						"time": 105,
						"angle": -3.86,
						"curve": [ 0.25, 0, 0.75, 1 ]
					},
					{
						"time": 110,
						"angle": 7.89,
						"curve": [ 0.25, 0, 0.75, 1 ]
					},
					{
						"time": 115,
						"angle": -3.86,
						"curve": [ 0.25, 0, 0.75, 1 ]
					},
					{
						"time": 120,
						"angle": 7.89,
						"curve": [ 0.25, 0, 0.75, 1 ]
					},
					{
						"time": 125,
						"angle": -3.86,
						"curve": [ 0.25, 0, 0.75, 1 ]
					},
					{
						"time": 130,
						"angle": 7.89,
						"curve": [ 0.25, 0, 0.75, 1 ]
					},
					{ "time": 135, "angle": -3.86 }
				],
				"translate": [
					{
						"time": 0,
						"x": 15.16,
						"y": -0.93,
						"curve": [ 0.25, 0, 0.75, 1 ]
					},
					{
						"time": 5,
						"x": -8.79,
						"y": -0.47,
						"curve": [ 0.25, 0, 0.75, 1 ]
					},
					{
						"time": 10,
						"x": 15.16,
						"y": -0.93,
						"curve": [ 0.25, 0, 0.75, 1 ]
					},
					{
						"time": 15,
						"x": -8.79,
						"y": -0.47,
						"curve": [ 0.25, 0, 0.75, 1 ]
					},
					{
						"time": 20,
						"x": 15.16,
						"y": -0.93,
						"curve": [ 0.25, 0, 0.75, 1 ]
					},
					{
						"time": 25,
						"x": -8.79,
						"y": -0.47,
						"curve": [ 0.25, 0, 0.75, 1 ]
					},
					{
						"time": 30,
						"x": 15.16,
						"y": -0.93,
						"curve": [ 0.25, 0, 0.75, 1 ]
					},
					{
						"time": 35,
						"x": -8.79,
						"y": -0.47,
						"curve": [ 0.25, 0, 0.75, 1 ]
					},
					{
						"time": 40,
						"x": 15.16,
						"y": -0.93,
						"curve": [ 0.25, 0, 0.75, 1 ]
					},
					{
						"time": 45,
						"x": -8.79,
						"y": -0.47,
						"curve": [ 0.25, 0, 0.75, 1 ]
					},
					{
						"time": 50,
						"x": 15.16,
						"y": -0.93,
						"curve": [ 0.25, 0, 0.75, 1 ]
					},
					{
						"time": 55,
						"x": -8.79,
						"y": -0.47,
						"curve": [ 0.25, 0, 0.75, 1 ]
					},
					{
						"time": 60,
						"x": 15.16,
						"y": -0.93,
						"curve": [ 0.25, 0, 0.75, 1 ]
					},
					{
						"time": 65,
						"x": -8.79,
						"y": -0.47,
						"curve": [ 0.25, 0, 0.75, 1 ]
					},
					{
						"time": 70,
						"x": 15.16,
						"y": -0.93,
						"curve": [ 0.25, 0, 0.75, 1 ]
					},
					{
						"time": 75,
						"x": -8.79,
						"y": -0.47,
						"curve": [ 0.25, 0, 0.75, 1 ]
					},
					{
						"time": 80,
						"x": 15.16,
						"y": -0.93,
						"curve": [ 0.25, 0, 0.75, 1 ]
					},
					{
						"time": 85,
						"x": -8.79,
						"y": -0.47,
						"curve": [ 0.25, 0, 0.75, 1 ]
					},
					{
						"time": 90,
						"x": 15.16,
						"y": -0.93,
						"curve": [ 0.25, 0, 0.75, 1 ]
					},
					{
						"time": 95,
						"x": -8.79,
						"y": -0.47,
						"curve": [ 0.25, 0, 0.75, 1 ]
					},
					{
						"time": 100,
						"x": 15.16,
						"y": -0.93,
						"curve": [ 0.25, 0, 0.75, 1 ]
					},
					{
						"time": 105,
						"x": -8.79,
						"y": -0.47,
						"curve": [ 0.25, 0, 0.75, 1 ]
					},
					{
						"time": 110,
						"x": 15.16,
						"y": -0.93,
						"curve": [ 0.25, 0, 0.75, 1 ]
					},
					{
						"time": 115,
						"x": -8.79,
						"y": -0.47,
						"curve": [ 0.25, 0, 0.75, 1 ]
					},
					{
						"time": 120,
						"x": 15.16,
						"y": -0.93,
						"curve": [ 0.25, 0, 0.75, 1 ]
					},
					{
						"time": 125,
						"x": -8.79,
						"y": -0.47,
						"curve": [ 0.25, 0, 0.75, 1 ]
					},
					{
						"time": 130,
						"x": 15.16,
						"y": -0.93,
						"curve": [ 0.25, 0, 0.75, 1 ]
					},
					{ "time": 135, "x": -8.79, "y": -0.47 }
				],
				"scale": [
					{ "time": 0, "x": 1, "y": 1 }
				]
			},
			"Balloon": {
				"rotate": [
					{ "time": 0, "angle": -21.3 }
				],
				"translate": [
					{ "time": 0, "x": -35.52, "y": 0 },
					{ "time": 135, "x": 1169.03, "y": 3088.29 }
				],
				"scale": [
					{ "time": 0, "x": 1, "y": 1 }
				]
			},
			"root": {
				"rotate": [
					{ "time": 0, "angle": 0 }
				],
				"translate": [
					{ "time": 0, "x": 0, "y": 0 }
				],
				"scale": [
					{ "time": 0, "x": 1, "y": 1 }
				]
			}
		},
		"deform": {
			"default": {
				"rope": {
					"rope": [
						{
							"time": 0,
							"vertices": [ 18.88299, -3.58036, 10.62216, 3.80015, -0.34225, 2.86391, -16.10641, -2.20938, -11.07727, -2.59931, -7.02799, 21.81362, -1.55651, 10.20686, -9.32654, 0.46247, 0.72738, 6.08667, 12.88967, 6.75402, 17.82826, -1.22911, 16.03595, -1.24311, 15.55629, -3.67105 ],
							"curve": [ 0.25, 0, 1, 1 ]
						},
						{
							"time": 2.5,
							"vertices": [ 7.71351, 1.24777, 19.29131, 2.45201, 4.38487, -2.33037, -12.68325, -1.90038, -8.60367, 3.91899, 18.69551, 3.67623, -7.37682, 1.59673, -12.68325, -1.90038, 5.17274, 1.15032, 15.54801, 2.07964, 4.2242, -0.15776 ],
							"curve": [ 0, 0, 0.75, 1 ]
						},
						{
							"time": 5,
							"vertices": [ -8.99613, 13.71138, 0.48686, 10.32334, -0.08261, 10.08682, -5.99512, 12.09717, -10.60503, 20.03958, -10.55806, 35.69312, -9.32395, 13.20147, 0.97511, 10.68407, 3.95928, 5.78029, 5.62049, 3.20373, -3.124, 3.51031, -10.40618, -2.15783, -11.03263, 4.39013 ],
							"curve": [ 0.25, 0, 1, 1 ]
						},
						{
							"time": 7.5,
							"offset": 4,
							"vertices": [ -3.05681, -0.37702, -5.67697, -0.70021, -7.208, 1.80197, -16.21798, 4.50497, 0, 0, -5.67697, -0.70021, -3.05681, -0.37702 ],
							"curve": [ 0, 0, 0.75, 1 ]
						},
						{
							"time": 10,
							"vertices": [ 18.88299, -3.58036, 10.62216, 3.80015, -0.34225, 2.86391, -16.10641, -2.20938, -11.07727, -2.59931, -7.02799, 21.81362, -1.55651, 10.20686, -9.32654, 0.46247, 0.72738, 6.08667, 12.88967, 6.75402, 17.82826, -1.22911, 16.03595, -1.24311, 15.55629, -3.67105 ],
							"curve": [ 0.25, 0, 1, 1 ]
						},
						{
							"time": 12.5,
							"vertices": [ 7.71351, 1.24777, 19.29131, 2.45201, 4.38487, -2.33037, -12.68325, -1.90038, -8.60367, 3.91899, 18.69551, 3.67623, -7.37682, 1.59673, -12.68325, -1.90038, 5.17274, 1.15032, 15.54801, 2.07964, 4.2242, -0.15776 ],
							"curve": [ 0, 0, 0.75, 1 ]
						},
						{
							"time": 15,
							"vertices": [ -8.99613, 13.71138, 0.48686, 10.32334, -0.08261, 10.08682, -5.99512, 12.09717, -10.60503, 20.03958, -10.55806, 35.69312, -9.32395, 13.20147, 0.97511, 10.68407, 3.95928, 5.78029, 5.62049, 3.20373, -3.124, 3.51031, -10.40618, -2.15783, -11.03263, 4.39013 ],
							"curve": [ 0.25, 0, 1, 1 ]
						},
						{
							"time": 17.5,
							"offset": 4,
							"vertices": [ -3.05681, -0.37702, -5.67697, -0.70021, -7.208, 1.80197, -16.21798, 4.50497, 0, 0, -5.67697, -0.70021, -3.05681, -0.37702 ],
							"curve": [ 0, 0, 0.75, 1 ]
						},
						{
							"time": 20,
							"vertices": [ 18.88299, -3.58036, 10.62216, 3.80015, -0.34225, 2.86391, -16.10641, -2.20938, -11.07727, -2.59931, -7.02799, 21.81362, -1.55651, 10.20686, -9.32654, 0.46247, 0.72738, 6.08667, 12.88967, 6.75402, 17.82826, -1.22911, 16.03595, -1.24311, 15.55629, -3.67105 ],
							"curve": [ 0.25, 0, 1, 1 ]
						},
						{
							"time": 22.5,
							"vertices": [ 7.71351, 1.24777, 19.29131, 2.45201, 4.38487, -2.33037, -12.68325, -1.90038, -8.60367, 3.91899, 18.69551, 3.67623, -7.37682, 1.59673, -12.68325, -1.90038, 5.17274, 1.15032, 15.54801, 2.07964, 4.2242, -0.15776 ],
							"curve": [ 0, 0, 0.75, 1 ]
						},
						{
							"time": 25,
							"vertices": [ -8.99613, 13.71138, 0.48686, 10.32334, -0.08261, 10.08682, -5.99512, 12.09717, -10.60503, 20.03958, -10.55806, 35.69312, -9.32395, 13.20147, 0.97511, 10.68407, 3.95928, 5.78029, 5.62049, 3.20373, -3.124, 3.51031, -10.40618, -2.15783, -11.03263, 4.39013 ],
							"curve": [ 0.25, 0, 1, 1 ]
						},
						{
							"time": 27.5,
							"offset": 4,
							"vertices": [ -3.05681, -0.37702, -5.67697, -0.70021, -7.208, 1.80197, -16.21798, 4.50497, 0, 0, -5.67697, -0.70021, -3.05681, -0.37702 ],
							"curve": [ 0, 0, 0.75, 1 ]
						},
						{
							"time": 30,
							"vertices": [ 18.88299, -3.58036, 10.62216, 3.80015, -0.34225, 2.86391, -16.10641, -2.20938, -11.07727, -2.59931, -7.02799, 21.81362, -1.55651, 10.20686, -9.32654, 0.46247, 0.72738, 6.08667, 12.88967, 6.75402, 17.82826, -1.22911, 16.03595, -1.24311, 15.55629, -3.67105 ],
							"curve": [ 0.25, 0, 1, 1 ]
						},
						{
							"time": 32.5,
							"vertices": [ 7.71351, 1.24777, 19.29131, 2.45201, 4.38487, -2.33037, -12.68325, -1.90038, -8.60367, 3.91899, 18.69551, 3.67623, -7.37682, 1.59673, -12.68325, -1.90038, 5.17274, 1.15032, 15.54801, 2.07964, 4.2242, -0.15776 ],
							"curve": [ 0, 0, 0.75, 1 ]
						},
						{
							"time": 35,
							"vertices": [ -8.99613, 13.71138, 0.48686, 10.32334, -0.08261, 10.08682, -5.99512, 12.09717, -10.60503, 20.03958, -10.55806, 35.69312, -9.32395, 13.20147, 0.97511, 10.68407, 3.95928, 5.78029, 5.62049, 3.20373, -3.124, 3.51031, -10.40618, -2.15783, -11.03263, 4.39013 ],
							"curve": [ 0.25, 0, 1, 1 ]
						},
						{
							"time": 37.5,
							"offset": 4,
							"vertices": [ -3.05681, -0.37702, -5.67697, -0.70021, -7.208, 1.80197, -16.21798, 4.50497, 0, 0, -5.67697, -0.70021, -3.05681, -0.37702 ],
							"curve": [ 0, 0, 0.75, 1 ]
						},
						{
							"time": 40,
							"vertices": [ 18.88299, -3.58036, 10.62216, 3.80015, -0.34225, 2.86391, -16.10641, -2.20938, -11.07727, -2.59931, -7.02799, 21.81362, -1.55651, 10.20686, -9.32654, 0.46247, 0.72738, 6.08667, 12.88967, 6.75402, 17.82826, -1.22911, 16.03595, -1.24311, 15.55629, -3.67105 ],
							"curve": [ 0.25, 0, 1, 1 ]
						},
						{
							"time": 42.5,
							"vertices": [ 7.71351, 1.24777, 19.29131, 2.45201, 4.38487, -2.33037, -12.68325, -1.90038, -8.60367, 3.91899, 18.69551, 3.67623, -7.37682, 1.59673, -12.68325, -1.90038, 5.17274, 1.15032, 15.54801, 2.07964, 4.2242, -0.15776 ],
							"curve": [ 0, 0, 0.75, 1 ]
						},
						{
							"time": 45,
							"vertices": [ -8.99613, 13.71138, 0.48686, 10.32334, -0.08261, 10.08682, -5.99512, 12.09717, -10.60503, 20.03958, -10.55806, 35.69312, -9.32395, 13.20147, 0.97511, 10.68407, 3.95928, 5.78029, 5.62049, 3.20373, -3.124, 3.51031, -10.40618, -2.15783, -11.03263, 4.39013 ],
							"curve": [ 0.25, 0, 1, 1 ]
						},
						{
							"time": 47.5,
							"offset": 4,
							"vertices": [ -3.05681, -0.37702, -5.67697, -0.70021, -7.208, 1.80197, -16.21798, 4.50497, 0, 0, -5.67697, -0.70021, -3.05681, -0.37702 ],
							"curve": [ 0, 0, 0.75, 1 ]
						},
						{
							"time": 50,
							"vertices": [ 18.88299, -3.58036, 10.62216, 3.80015, -0.34225, 2.86391, -16.10641, -2.20938, -11.07727, -2.59931, -7.02799, 21.81362, -1.55651, 10.20686, -9.32654, 0.46247, 0.72738, 6.08667, 12.88967, 6.75402, 17.82826, -1.22911, 16.03595, -1.24311, 15.55629, -3.67105 ],
							"curve": [ 0.25, 0, 1, 1 ]
						},
						{
							"time": 52.5,
							"vertices": [ 7.71351, 1.24777, 19.29131, 2.45201, 4.38487, -2.33037, -12.68325, -1.90038, -8.60367, 3.91899, 18.69551, 3.67623, -7.37682, 1.59673, -12.68325, -1.90038, 5.17274, 1.15032, 15.54801, 2.07964, 4.2242, -0.15776 ],
							"curve": [ 0, 0, 0.75, 1 ]
						},
						{
							"time": 55,
							"vertices": [ -8.99613, 13.71138, 0.48686, 10.32334, -0.08261, 10.08682, -5.99512, 12.09717, -10.60503, 20.03958, -10.55806, 35.69312, -9.32395, 13.20147, 0.97511, 10.68407, 3.95928, 5.78029, 5.62049, 3.20373, -3.124, 3.51031, -10.40618, -2.15783, -11.03263, 4.39013 ],
							"curve": [ 0.25, 0, 1, 1 ]
						},
						{
							"time": 57.5,
							"offset": 4,
							"vertices": [ -3.05681, -0.37702, -5.67697, -0.70021, -7.208, 1.80197, -16.21798, 4.50497, 0, 0, -5.67697, -0.70021, -3.05681, -0.37702 ],
							"curve": [ 0, 0, 0.75, 1 ]
						},
						{
							"time": 60,
							"vertices": [ 18.88299, -3.58036, 10.62216, 3.80015, -0.34225, 2.86391, -16.10641, -2.20938, -11.07727, -2.59931, -7.02799, 21.81362, -1.55651, 10.20686, -9.32654, 0.46247, 0.72738, 6.08667, 12.88967, 6.75402, 17.82826, -1.22911, 16.03595, -1.24311, 15.55629, -3.67105 ],
							"curve": [ 0.25, 0, 1, 1 ]
						},
						{
							"time": 62.5,
							"vertices": [ 7.71351, 1.24777, 19.29131, 2.45201, 4.38487, -2.33037, -12.68325, -1.90038, -8.60367, 3.91899, 18.69551, 3.67623, -7.37682, 1.59673, -12.68325, -1.90038, 5.17274, 1.15032, 15.54801, 2.07964, 4.2242, -0.15776 ],
							"curve": [ 0, 0, 0.75, 1 ]
						},
						{
							"time": 65,
							"vertices": [ -8.99613, 13.71138, 0.48686, 10.32334, -0.08261, 10.08682, -5.99512, 12.09717, -10.60503, 20.03958, -10.55806, 35.69312, -9.32395, 13.20147, 0.97511, 10.68407, 3.95928, 5.78029, 5.62049, 3.20373, -3.124, 3.51031, -10.40618, -2.15783, -11.03263, 4.39013 ],
							"curve": [ 0.25, 0, 1, 1 ]
						},
						{
							"time": 67.5,
							"offset": 4,
							"vertices": [ -3.05681, -0.37702, -5.67697, -0.70021, -7.208, 1.80197, -16.21798, 4.50497, 0, 0, -5.67697, -0.70021, -3.05681, -0.37702 ],
							"curve": [ 0, 0, 0.75, 1 ]
						},
						{
							"time": 70,
							"vertices": [ 18.88299, -3.58036, 10.62216, 3.80015, -0.34225, 2.86391, -16.10641, -2.20938, -11.07727, -2.59931, -7.02799, 21.81362, -1.55651, 10.20686, -9.32654, 0.46247, 0.72738, 6.08667, 12.88967, 6.75402, 17.82826, -1.22911, 16.03595, -1.24311, 15.55629, -3.67105 ],
							"curve": [ 0.25, 0, 1, 1 ]
						},
						{
							"time": 72.5,
							"vertices": [ 7.71351, 1.24777, 19.29131, 2.45201, 4.38487, -2.33037, -12.68325, -1.90038, -8.60367, 3.91899, 18.69551, 3.67623, -7.37682, 1.59673, -12.68325, -1.90038, 5.17274, 1.15032, 15.54801, 2.07964, 4.2242, -0.15776 ],
							"curve": [ 0, 0, 0.75, 1 ]
						},
						{
							"time": 75,
							"vertices": [ -8.99613, 13.71138, 0.48686, 10.32334, -0.08261, 10.08682, -5.99512, 12.09717, -10.60503, 20.03958, -10.55806, 35.69312, -9.32395, 13.20147, 0.97511, 10.68407, 3.95928, 5.78029, 5.62049, 3.20373, -3.124, 3.51031, -10.40618, -2.15783, -11.03263, 4.39013 ],
							"curve": [ 0.25, 0, 1, 1 ]
						},
						{
							"time": 77.5,
							"offset": 4,
							"vertices": [ -3.05681, -0.37702, -5.67697, -0.70021, -7.208, 1.80197, -16.21798, 4.50497, 0, 0, -5.67697, -0.70021, -3.05681, -0.37702 ],
							"curve": [ 0, 0, 0.75, 1 ]
						},
						{
							"time": 80,
							"vertices": [ 18.88299, -3.58036, 10.62216, 3.80015, -0.34225, 2.86391, -16.10641, -2.20938, -11.07727, -2.59931, -7.02799, 21.81362, -1.55651, 10.20686, -9.32654, 0.46247, 0.72738, 6.08667, 12.88967, 6.75402, 17.82826, -1.22911, 16.03595, -1.24311, 15.55629, -3.67105 ],
							"curve": [ 0.25, 0, 1, 1 ]
						},
						{
							"time": 82.5,
							"vertices": [ 7.71351, 1.24777, 19.29131, 2.45201, 4.38487, -2.33037, -12.68325, -1.90038, -8.60367, 3.91899, 18.69551, 3.67623, -7.37682, 1.59673, -12.68325, -1.90038, 5.17274, 1.15032, 15.54801, 2.07964, 4.2242, -0.15776 ],
							"curve": [ 0, 0, 0.75, 1 ]
						},
						{
							"time": 85,
							"vertices": [ -8.99613, 13.71138, 0.48686, 10.32334, -0.08261, 10.08682, -5.99512, 12.09717, -10.60503, 20.03958, -10.55806, 35.69312, -9.32395, 13.20147, 0.97511, 10.68407, 3.95928, 5.78029, 5.62049, 3.20373, -3.124, 3.51031, -10.40618, -2.15783, -11.03263, 4.39013 ],
							"curve": [ 0.25, 0, 1, 1 ]
						},
						{
							"time": 87.5,
							"offset": 4,
							"vertices": [ -3.05681, -0.37702, -5.67697, -0.70021, -7.208, 1.80197, -16.21798, 4.50497, 0, 0, -5.67697, -0.70021, -3.05681, -0.37702 ],
							"curve": [ 0, 0, 0.75, 1 ]
						},
						{
							"time": 90,
							"vertices": [ 18.88299, -3.58036, 10.62216, 3.80015, -0.34225, 2.86391, -16.10641, -2.20938, -11.07727, -2.59931, -7.02799, 21.81362, -1.55651, 10.20686, -9.32654, 0.46247, 0.72738, 6.08667, 12.88967, 6.75402, 17.82826, -1.22911, 16.03595, -1.24311, 15.55629, -3.67105 ],
							"curve": [ 0.25, 0, 1, 1 ]
						},
						{
							"time": 92.5,
							"vertices": [ 7.71351, 1.24777, 19.29131, 2.45201, 4.38487, -2.33037, -12.68325, -1.90038, -8.60367, 3.91899, 18.69551, 3.67623, -7.37682, 1.59673, -12.68325, -1.90038, 5.17274, 1.15032, 15.54801, 2.07964, 4.2242, -0.15776 ],
							"curve": [ 0, 0, 0.75, 1 ]
						},
						{
							"time": 95,
							"vertices": [ -8.99613, 13.71138, 0.48686, 10.32334, -0.08261, 10.08682, -5.99512, 12.09717, -10.60503, 20.03958, -10.55806, 35.69312, -9.32395, 13.20147, 0.97511, 10.68407, 3.95928, 5.78029, 5.62049, 3.20373, -3.124, 3.51031, -10.40618, -2.15783, -11.03263, 4.39013 ],
							"curve": [ 0.25, 0, 1, 1 ]
						},
						{
							"time": 97.5,
							"offset": 4,
							"vertices": [ -3.05681, -0.37702, -5.67697, -0.70021, -7.208, 1.80197, -16.21798, 4.50497, 0, 0, -5.67697, -0.70021, -3.05681, -0.37702 ],
							"curve": [ 0, 0, 0.75, 1 ]
						},
						{
							"time": 100,
							"vertices": [ 18.88299, -3.58036, 10.62216, 3.80015, -0.34225, 2.86391, -16.10641, -2.20938, -11.07727, -2.59931, -7.02799, 21.81362, -1.55651, 10.20686, -9.32654, 0.46247, 0.72738, 6.08667, 12.88967, 6.75402, 17.82826, -1.22911, 16.03595, -1.24311, 15.55629, -3.67105 ],
							"curve": [ 0.25, 0, 1, 1 ]
						},
						{
							"time": 102.5,
							"vertices": [ 7.71351, 1.24777, 19.29131, 2.45201, 4.38487, -2.33037, -12.68325, -1.90038, -8.60367, 3.91899, 18.69551, 3.67623, -7.37682, 1.59673, -12.68325, -1.90038, 5.17274, 1.15032, 15.54801, 2.07964, 4.2242, -0.15776 ],
							"curve": [ 0, 0, 0.75, 1 ]
						},
						{
							"time": 105,
							"vertices": [ -8.99613, 13.71138, 0.48686, 10.32334, -0.08261, 10.08682, -5.99512, 12.09717, -10.60503, 20.03958, -10.55806, 35.69312, -9.32395, 13.20147, 0.97511, 10.68407, 3.95928, 5.78029, 5.62049, 3.20373, -3.124, 3.51031, -10.40618, -2.15783, -11.03263, 4.39013 ],
							"curve": [ 0.25, 0, 1, 1 ]
						},
						{
							"time": 107.5,
							"offset": 4,
							"vertices": [ -3.05681, -0.37702, -5.67697, -0.70021, -7.208, 1.80197, -16.21798, 4.50497, 0, 0, -5.67697, -0.70021, -3.05681, -0.37702 ],
							"curve": [ 0, 0, 0.75, 1 ]
						},
						{
							"time": 110,
							"vertices": [ 18.88299, -3.58036, 10.62216, 3.80015, -0.34225, 2.86391, -16.10641, -2.20938, -11.07727, -2.59931, -7.02799, 21.81362, -1.55651, 10.20686, -9.32654, 0.46247, 0.72738, 6.08667, 12.88967, 6.75402, 17.82826, -1.22911, 16.03595, -1.24311, 15.55629, -3.67105 ],
							"curve": [ 0.25, 0, 1, 1 ]
						},
						{
							"time": 112.5,
							"vertices": [ 7.71351, 1.24777, 19.29131, 2.45201, 4.38487, -2.33037, -12.68325, -1.90038, -8.60367, 3.91899, 18.69551, 3.67623, -7.37682, 1.59673, -12.68325, -1.90038, 5.17274, 1.15032, 15.54801, 2.07964, 4.2242, -0.15776 ],
							"curve": [ 0, 0, 0.75, 1 ]
						},
						{
							"time": 115,
							"vertices": [ -8.99613, 13.71138, 0.48686, 10.32334, -0.08261, 10.08682, -5.99512, 12.09717, -10.60503, 20.03958, -10.55806, 35.69312, -9.32395, 13.20147, 0.97511, 10.68407, 3.95928, 5.78029, 5.62049, 3.20373, -3.124, 3.51031, -10.40618, -2.15783, -11.03263, 4.39013 ],
							"curve": [ 0.25, 0, 1, 1 ]
						},
						{
							"time": 117.5,
							"offset": 4,
							"vertices": [ -3.05681, -0.37702, -5.67697, -0.70021, -7.208, 1.80197, -16.21798, 4.50497, 0, 0, -5.67697, -0.70021, -3.05681, -0.37702 ],
							"curve": [ 0, 0, 0.75, 1 ]
						},
						{
							"time": 120,
							"vertices": [ 18.88299, -3.58036, 10.62216, 3.80015, -0.34225, 2.86391, -16.10641, -2.20938, -11.07727, -2.59931, -7.02799, 21.81362, -1.55651, 10.20686, -9.32654, 0.46247, 0.72738, 6.08667, 12.88967, 6.75402, 17.82826, -1.22911, 16.03595, -1.24311, 15.55629, -3.67105 ],
							"curve": [ 0.25, 0, 1, 1 ]
						},
						{
							"time": 122.5,
							"vertices": [ 7.71351, 1.24777, 19.29131, 2.45201, 4.38487, -2.33037, -12.68325, -1.90038, -8.60367, 3.91899, 18.69551, 3.67623, -7.37682, 1.59673, -12.68325, -1.90038, 5.17274, 1.15032, 15.54801, 2.07964, 4.2242, -0.15776 ],
							"curve": [ 0, 0, 0.75, 1 ]
						},
						{
							"time": 125,
							"vertices": [ -8.99613, 13.71138, 0.48686, 10.32334, -0.08261, 10.08682, -5.99512, 12.09717, -10.60503, 20.03958, -10.55806, 35.69312, -9.32395, 13.20147, 0.97511, 10.68407, 3.95928, 5.78029, 5.62049, 3.20373, -3.124, 3.51031, -10.40618, -2.15783, -11.03263, 4.39013 ],
							"curve": [ 0.25, 0, 1, 1 ]
						},
						{
							"time": 127.5,
							"offset": 4,
							"vertices": [ -3.05681, -0.37702, -5.67697, -0.70021, -7.208, 1.80197, -16.21798, 4.50497, 0, 0, -5.67697, -0.70021, -3.05681, -0.37702 ],
							"curve": [ 0, 0, 0.75, 1 ]
						},
						{
							"time": 130,
							"vertices": [ 18.88299, -3.58036, 10.62216, 3.80015, -0.34225, 2.86391, -16.10641, -2.20938, -11.07727, -2.59931, -7.02799, 21.81362, -1.55651, 10.20686, -9.32654, 0.46247, 0.72738, 6.08667, 12.88967, 6.75402, 17.82826, -1.22911, 16.03595, -1.24311, 15.55629, -3.67105 ],
							"curve": [ 0.25, 0, 1, 1 ]
						},
						{
							"time": 132.5,
							"vertices": [ 7.71351, 1.24777, 19.29131, 2.45201, 4.38487, -2.33037, -12.68325, -1.90038, -8.60367, 3.91899, 18.69551, 3.67623, -7.37682, 1.59673, -12.68325, -1.90038, 5.17274, 1.15032, 15.54801, 2.07964, 4.2242, -0.15776 ],
							"curve": [ 0, 0, 0.75, 1 ]
						},
						{
							"time": 135,
							"vertices": [ -8.99613, 13.71138, 0.48686, 10.32334, -0.08261, 10.08682, -5.99512, 12.09717, -10.60503, 20.03958, -10.55806, 35.69312, -9.32395, 13.20147, 0.97511, 10.68407, 3.95928, 5.78029, 5.62049, 3.20373, -3.124, 3.51031, -10.40618, -2.15783, -11.03263, 4.39013 ]
						}
					]
				}
			}
		}
	}
}
}