{
"skeleton": { "hash": "9u4CdY2E8D9DY4v2xHPjUD/lvFg", "spine": "3.4.02", "width": 111.7, "height": 107.09, "images": "./picture/pig/" },
"bones": [
	{ "name": "root" },
	{ "name": "PIG_root", "parent": "root" },
	{ "name": "pig", "parent": "PIG_root", "x": -4.33, "y": -45.45, "color": "45521dff" },
	{ "name": "L_ear", "parent": "pig", "length": 12.76, "rotation": 136.39, "x": -29.3, "y": 67.9, "color": "729c37ff" },
	{ "name": "L_eye", "parent": "pig", "x": -22.5, "y": 29, "color": "cfcfcfff" },
	{ "name": "L_eyeball", "parent": "L_eye", "x": 4.14, "y": 6.65, "color": "000000ff" },
	{ "name": "R_ear", "parent": "pig", "length": 11.56, "rotation": 110.3, "x": -13.28, "y": 78.28, "color": "729c37ff" },
	{ "name": "R_eye", "parent": "pig", "x": 40.07, "y": 28.43, "color": "cfcfcfff" },
	{ "name": "R_eyeball", "parent": "R_eye", "x": -0.15, "y": 8.47, "scaleX": 0.748, "scaleY": 0.748, "color": "000000ff" },
	{ "name": "mouth", "parent": "pig", "x": 9.66, "y": 16.84, "color": "ffffffff" },
	{ "name": "nose", "parent": "pig", "length": 20.72, "rotation": 3.63, "x": -5.42, "y": 35.53, "color": "729c37ff" },
	{ "name": "shadow", "parent": "PIG_root", "x": -14.95, "y": -29.17, "color": "73709cff" },
	{ "name": "star1/pig/L_brow", "parent": "L_eye", "length": 9.2, "rotation": 24.17, "x": -6, "y": 31.3, "color": "000000ff" },
	{ "name": "star1/pig/L_eyelid", "parent": "L_eye", "length": 8.49, "rotation": 80.17, "x": -2.36, "y": -0.91, "color": "729c37ff" },
	{ "name": "star1/pig/R_brow", "parent": "R_eye", "length": 7.42, "rotation": 168.86, "x": 0.2, "y": 41.51, "color": "000000ff" },
	{ "name": "star1/pig/R_eyelid", "parent": "R_eye", "length": 9.08, "rotation": 91.8, "x": 0.45, "y": -1.94, "color": "729c37ff" },
	{ "name": "tail", "parent": "pig", "length": 22.89, "rotation": 143.49, "x": -37.6, "y": 37.37, "color": "729c37ff" }
],
"slots": [
	{ "name": "shadow", "bone": "shadow", "color": "ffffffd6", "attachment": "shadow" },
	{ "name": "tail", "bone": "tail", "attachment": "tail" },
	{ "name": "R_ear", "bone": "R_ear", "attachment": "R_ear" },
	{ "name": "L_ear", "bone": "L_ear", "attachment": "L_ear" },
	{ "name": "body", "bone": "pig", "attachment": "body" },
	{ "name": "R_eye", "bone": "R_eye", "attachment": "R_eye" },
	{ "name": "R_eyeball", "bone": "R_eyeball", "attachment": "L_eyeball" },
	{ "name": "R_eyelid", "bone": "star1/pig/R_eyelid", "attachment": "R_eyelid" },
	{ "name": "R_brow", "bone": "star1/pig/R_brow", "attachment": "R_brow" },
	{ "name": "L_eye", "bone": "L_eye", "attachment": "L_eye" },
	{ "name": "L_eyeball", "bone": "L_eyeball", "attachment": "L_eyeball" },
	{ "name": "L_eyelid", "bone": "star1/pig/L_eyelid", "attachment": "L_eyelid" },
	{ "name": "L_brow", "bone": "star1/pig/L_brow", "attachment": "L_brow" },
	{ "name": "mouth", "bone": "mouth", "attachment": "mouth" },
	{ "name": "nose", "bone": "nose", "attachment": "nose" }
],
"skins": {
	"default": {
		"L_brow": {
			"L_brow": { "x": 4.43, "y": 0.43, "rotation": -24.17, "width": 10, "height": 6 }
		},
		"L_ear": {
			"L_ear": { "x": 8.99, "y": 0.44, "rotation": -136.39, "width": 22, "height": 21 }
		},
		"L_eye": {
			"L_eye": { "x": 0.01, "y": 8.76, "width": 18, "height": 17 }
		},
		"L_eyeball": {
			"L_eyeball": { "x": -0.12, "y": 0.52, "width": 6, "height": 7 }
		},
		"L_eyelid": {
			"L_eyelid": { "x": 4.75, "y": -1.26, "rotation": -80.17, "width": 18, "height": 10 },
			"L_eyelid02": { "x": 9.83, "y": -1.54, "scaleX": 1.069, "scaleY": 1.069, "rotation": -80.17, "width": 17, "height": 18 }
		},
		"R_brow": {
			"R_brow": { "x": 4.25, "y": -0.06, "rotation": -168.86, "width": 9, "height": 5 }
		},
		"R_ear": {
			"R_ear": { "x": 7.89, "y": 0.61, "rotation": -110.3, "width": 19, "height": 18 }
		},
		"R_eye": {
			"R_eye": { "x": -2.28, "y": 7.97, "width": 11, "height": 16 }
		},
		"R_eyeball": {
			"L_eyeball": { "x": -0.12, "y": 0.52, "width": 6, "height": 7 }
		},
		"R_eyelid": {
			"R_eyelid": { "x": 4.43, "y": 0.78, "rotation": -91.8, "width": 12, "height": 10 },
			"R_eyelid02": { "x": 8.82, "y": 1.17, "rotation": -91.8, "width": 11, "height": 18 }
		},
		"body": {
			"body": { "x": 2.94, "y": 43.03, "width": 97, "height": 86 }
		},
		"mouth": {
			"mouth": { "x": -19.08, "y": 5.31, "width": 47, "height": 22 },
			"mouth02": { "x": 0.44, "y": -1.81, "width": 21, "height": 20 },
			"mouth03": { "x": 2.35, "y": -0.71, "scaleX": 0.733, "scaleY": 0.733, "width": 33, "height": 31 },
			"mouth04": { "x": -14.72, "y": -2.75, "rotation": -12.09, "width": 66, "height": 27 }
		},
		"nose": {
			"nose": { "x": 18.71, "y": -3.3, "rotation": -3.63, "width": 44, "height": 35 }
		},
		"shadow": {
			"shadow": { "x": -2.36, "y": 0.59, "width": 81, "height": 59 }
		},
		"tail": {
			"tail": { "x": 13.24, "y": -1.66, "rotation": -143.49, "width": 26, "height": 23 }
		}
	}
},
"animations": {
	"jump_loop": {
		"slots": {
			"L_brow": {
				"attachment": [
					{ "time": 0, "name": "L_brow" }
				]
			},
			"L_ear": {
				"attachment": [
					{ "time": 0, "name": "L_ear" }
				]
			},
			"L_eye": {
				"attachment": [
					{ "time": 0, "name": "L_eye" }
				]
			},
			"L_eyeball": {
				"attachment": [
					{ "time": 0, "name": "L_eyeball" }
				]
			},
			"L_eyelid": {
				"attachment": [
					{ "time": 0, "name": "L_eyelid" }
				]
			},
			"R_brow": {
				"attachment": [
					{ "time": 0, "name": "R_brow" }
				]
			},
			"R_ear": {
				"attachment": [
					{ "time": 0, "name": "R_ear" }
				]
			},
			"R_eye": {
				"attachment": [
					{ "time": 0, "name": "R_eye" }
				]
			},
			"R_eyeball": {
				"attachment": [
					{ "time": 0, "name": "L_eyeball" }
				]
			},
			"R_eyelid": {
				"attachment": [
					{ "time": 0, "name": "R_eyelid" }
				]
			},
			"body": {
				"attachment": [
					{ "time": 0, "name": "body" }
				]
			},
			"mouth": {
				"attachment": [
					{ "time": 0, "name": "mouth04" }
				]
			},
			"nose": {
				"attachment": [
					{ "time": 0, "name": "nose" }
				]
			},
			"shadow": {
				"color": [
					{
						"time": 0.4,
						"color": "ffffffd6",
						"curve": [ 0.144, 0, 0.448, 1 ]
					},
					{
						"time": 0.8,
						"color": "ffffff97",
						"curve": [ 0.682, 0, 1, 1 ]
					},
					{ "time": 1.2, "color": "ffffffd6" }
				],
				"attachment": [
					{ "time": 0, "name": "shadow" }
				]
			},
			"tail": {
				"attachment": [
					{ "time": 0, "name": "tail" }
				]
			}
		},
		"bones": {
			"pig": {
				"rotate": [
					{ "time": 0, "angle": 0 }
				],
				"translate": [
					{ "time": 0, "x": 0, "y": 0, "curve": "stepped" },
					{
						"time": 0.4,
						"x": 0,
						"y": 0,
						"curve": [ 0.144, 0, 0.448, 1 ]
					},
					{
						"time": 0.8,
						"x": 0,
						"y": 84.83,
						"curve": [ 0.792, 0, 1, 1 ]
					},
					{ "time": 1.2, "x": 0, "y": 0 }
				],
				"scale": [
					{
						"time": 0,
						"x": 1,
						"y": 1,
						"curve": [ 0, 0, 0.634, 1 ]
					},
					{
						"time": 0.4,
						"x": 1.116,
						"y": 0.883,
						"curve": [ 0.144, 0, 0.448, 1 ]
					},
					{
						"time": 0.8,
						"x": 0.853,
						"y": 1.147,
						"curve": [ 0.792, 0, 1, 1 ]
					},
					{ "time": 1.2, "x": 1, "y": 1 }
				]
			},
			"L_ear": {
				"rotate": [
					{ "time": 0, "angle": 0 }
				],
				"translate": [
					{
						"time": 0,
						"x": 0,
						"y": 0,
						"curve": [ 0, 0, 0.634, 1 ]
					},
					{
						"time": 0.4,
						"x": 16.41,
						"y": 10.84,
						"curve": [ 0, 0.38, 0.026, 0.99 ]
					},
					{
						"time": 0.8,
						"x": 4.16,
						"y": -6.9,
						"curve": [ 1, 0, 1, 1 ]
					},
					{ "time": 1.2, "x": 0, "y": 0 }
				],
				"scale": [
					{ "time": 0, "x": 1, "y": 1 }
				]
			},
			"R_ear": {
				"rotate": [
					{ "time": 0, "angle": 0 }
				],
				"translate": [
					{
						"time": 0,
						"x": 0,
						"y": 0,
						"curve": [ 0, 0, 0.634, 1 ]
					},
					{
						"time": 0.4,
						"x": 21.16,
						"y": 2.42,
						"curve": [ 0, 0.38, 0.026, 0.99 ]
					},
					{
						"time": 0.8,
						"x": 11.96,
						"y": -7.62,
						"curve": [ 1, 0, 1, 1 ]
					},
					{ "time": 1.2, "x": 0, "y": 0 }
				],
				"scale": [
					{ "time": 0, "x": 1, "y": 1 }
				]
			},
			"L_eye": {
				"rotate": [
					{ "time": 0, "angle": 0 }
				],
				"translate": [
					{
						"time": 0,
						"x": 0,
						"y": 0,
						"curve": [ 0, 0, 0.634, 1 ]
					},
					{
						"time": 0.4,
						"x": 0,
						"y": -8.92,
						"curve": [ 0, 0.38, 0.026, 0.99 ]
					},
					{
						"time": 0.8,
						"x": 0,
						"y": 20.58,
						"curve": [ 1, 0, 1, 1 ]
					},
					{ "time": 1.2, "x": 0, "y": 0 }
				],
				"scale": [
					{ "time": 0, "x": 1, "y": 1 }
				]
			},
			"R_eye": {
				"rotate": [
					{ "time": 0, "angle": 0 }
				],
				"translate": [
					{
						"time": 0,
						"x": 0,
						"y": 0,
						"curve": [ 0, 0, 0.634, 1 ]
					},
					{
						"time": 0.4,
						"x": 0,
						"y": -8.92,
						"curve": [ 0, 0.38, 0.026, 0.99 ]
					},
					{
						"time": 0.8,
						"x": 0,
						"y": 20.57,
						"curve": [ 1, 0, 1, 1 ]
					},
					{ "time": 1.2, "x": 0, "y": 0 }
				],
				"scale": [
					{ "time": 0, "x": 1, "y": 1 }
				]
			},
			"mouth": {
				"rotate": [
					{ "time": 0, "angle": 0 }
				],
				"translate": [
					{
						"time": 0,
						"x": 0,
						"y": 0,
						"curve": [ 0, 0, 0.634, 1 ]
					},
					{
						"time": 0.4,
						"x": 0,
						"y": -5.75,
						"curve": [ 0, 0.38, 0.026, 0.99 ]
					},
					{
						"time": 0.8,
						"x": 0,
						"y": 19.91,
						"curve": [ 1, 0, 1, 1 ]
					},
					{ "time": 1.2, "x": 0, "y": 0 }
				],
				"scale": [
					{ "time": 0, "x": 0.853, "y": 0.853 }
				]
			},
			"nose": {
				"rotate": [
					{
						"time": 0,
						"angle": 0,
						"curve": [ 0, 0, 0.634, 1 ]
					},
					{
						"time": 0.4,
						"angle": -8.68,
						"curve": [ 0, 0.38, 0.026, 0.99 ]
					},
					{ "time": 0.8, "angle": 0 }
				],
				"translate": [
					{
						"time": 0,
						"x": 0,
						"y": 0,
						"curve": [ 0, 0, 0.634, 1 ]
					},
					{
						"time": 0.4,
						"x": 0,
						"y": -13.29,
						"curve": [ 0, 0.38, 0.026, 0.99 ]
					},
					{
						"time": 0.8,
						"x": 0,
						"y": 26.19,
						"curve": [ 1, 0, 1, 1 ]
					},
					{ "time": 1.2, "x": 0, "y": 0 }
				],
				"scale": [
					{ "time": 0, "x": 1, "y": 1 }
				]
			},
			"tail": {
				"rotate": [
					{
						"time": 0,
						"angle": 0,
						"curve": [ 0, 0, 0.634, 1 ]
					},
					{
						"time": 0.4,
						"angle": -24.83,
						"curve": [ 0, 0.38, 0.026, 0.99 ]
					},
					{
						"time": 0.8,
						"angle": 25.31,
						"curve": [ 1, 0, 1, 1 ]
					},
					{ "time": 1.2, "angle": 0 }
				],
				"translate": [
					{
						"time": 0,
						"x": 3.64,
						"y": 0,
						"curve": [ 0, 0, 0.634, 1 ]
					},
					{
						"time": 0.4,
						"x": 1.61,
						"y": 12.67,
						"curve": [ 0, 0.38, 0.026, 0.99 ]
					},
					{
						"time": 0.8,
						"x": 4.8,
						"y": -15.6,
						"curve": [ 1, 0, 1, 1 ]
					},
					{ "time": 1.2, "x": 3.64, "y": 0 }
				],
				"scale": [
					{ "time": 0, "x": 1, "y": 1 }
				]
			},
			"star1/pig/L_brow": {
				"rotate": [
					{ "time": 0, "angle": 0 }
				],
				"translate": [
					{
						"time": 0,
						"x": 0,
						"y": 0,
						"curve": [ 0, 0, 0.634, 1 ]
					},
					{
						"time": 0.4,
						"x": 0,
						"y": -14.56,
						"curve": [ 0, 0.38, 0.026, 0.99 ]
					},
					{
						"time": 0.8,
						"x": 0,
						"y": 5.44,
						"curve": [ 1, 0, 1, 1 ]
					},
					{ "time": 1.2, "x": 0, "y": 0 }
				],
				"scale": [
					{ "time": 0, "x": 1, "y": 1 }
				]
			},
			"star1/pig/L_eyelid": {
				"rotate": [
					{ "time": 0, "angle": 0 }
				],
				"translate": [
					{ "time": 0, "x": 0, "y": 0 }
				],
				"scale": [
					{
						"time": 0,
						"x": 1,
						"y": 1,
						"curve": [ 0, 0, 0.634, 1 ]
					},
					{
						"time": 0.4,
						"x": 1.097,
						"y": 1.297,
						"curve": [ 0, 0.38, 0.026, 0.99 ]
					},
					{
						"time": 0.8,
						"x": 1.097,
						"y": 0.712,
						"curve": [ 1, 0, 1, 1 ]
					},
					{ "time": 1.2, "x": 1, "y": 1 }
				]
			},
			"star1/pig/R_brow": {
				"rotate": [
					{ "time": 0, "angle": 0 }
				],
				"translate": [
					{
						"time": 0,
						"x": 0,
						"y": 0,
						"curve": [ 0, 0, 0.634, 1 ]
					},
					{
						"time": 0.4,
						"x": 0,
						"y": -20.59,
						"curve": [ 0, 0.38, 0.026, 0.99 ]
					},
					{
						"time": 0.8,
						"x": 0,
						"y": 5.44,
						"curve": [ 1, 0, 1, 1 ]
					},
					{ "time": 1.2, "x": 0, "y": 0 }
				],
				"scale": [
					{ "time": 0, "x": 1, "y": 1 }
				]
			},
			"star1/pig/R_eyelid": {
				"rotate": [
					{ "time": 0, "angle": 0 }
				],
				"translate": [
					{ "time": 0, "x": 0, "y": 0 }
				],
				"scale": [
					{
						"time": 0,
						"x": 1,
						"y": 1,
						"curve": [ 0, 0, 0.634, 1 ]
					},
					{
						"time": 0.4,
						"x": 0.919,
						"y": 1.256,
						"curve": [ 0, 0.38, 0.026, 0.99 ]
					},
					{
						"time": 0.8,
						"x": 0.814,
						"y": 0.642,
						"curve": [ 1, 0, 1, 1 ]
					},
					{ "time": 1.2, "x": 1, "y": 1 }
				]
			},
			"L_eyeball": {
				"rotate": [
					{ "time": 0, "angle": 0 }
				],
				"translate": [
					{ "time": 0, "x": 0, "y": 4.18, "curve": "stepped" },
					{ "time": 0.4, "x": 0, "y": 4.18 },
					{ "time": 0.8, "x": 0, "y": 1.45 },
					{ "time": 1.2, "x": 0, "y": 4.18 }
				],
				"scale": [
					{ "time": 0, "x": 1, "y": 1 }
				]
			},
			"R_eyeball": {
				"rotate": [
					{ "time": 0, "angle": 0 }
				],
				"translate": [
					{ "time": 0, "x": 0, "y": 2.32, "curve": "stepped" },
					{ "time": 0.4, "x": 0, "y": 2.32 },
					{ "time": 0.8, "x": 0, "y": -0.4 },
					{ "time": 1.2, "x": 0, "y": 2.32 }
				],
				"scale": [
					{ "time": 0, "x": 1, "y": 1 }
				]
			},
			"shadow": {
				"rotate": [
					{ "time": 0, "angle": 0 }
				],
				"translate": [
					{ "time": 0, "x": 0, "y": 0 }
				],
				"scale": [
					{
						"time": 0,
						"x": 1,
						"y": 1,
						"curve": [ 0, 0, 0.634, 1 ]
					},
					{
						"time": 0.4,
						"x": 1.126,
						"y": 1,
						"curve": [ 0.144, 0, 0.448, 1 ]
					},
					{
						"time": 0.8,
						"x": 0.632,
						"y": 0.632,
						"curve": [ 0.682, 0, 1, 1 ]
					},
					{ "time": 1.2, "x": 1, "y": 1 }
				]
			},
			"root": {
				"rotate": [
					{ "time": 0, "angle": 0 }
				],
				"translate": [
					{ "time": 0, "x": 0, "y": 0 }
				],
				"scale": [
					{ "time": 0, "x": 1, "y": 1 }
				]
			},
			"PIG_root": {
				"rotate": [
					{ "time": 0, "angle": 0 }
				],
				"translate": [
					{ "time": 0, "x": 0, "y": 0 }
				],
				"scale": [
					{ "time": 0, "x": 1, "y": 1 }
				]
			}
		}
	},
	"laugh": {
		"slots": {
			"L_brow": {
				"attachment": [
					{ "time": 0, "name": "L_brow" }
				]
			},
			"L_ear": {
				"attachment": [
					{ "time": 0, "name": "L_ear" }
				]
			},
			"L_eye": {
				"attachment": [
					{ "time": 0, "name": "L_eye" }
				]
			},
			"L_eyeball": {
				"attachment": [
					{ "time": 0, "name": "L_eyeball" }
				]
			},
			"L_eyelid": {
				"attachment": [
					{ "time": 0, "name": "L_eyelid" }
				]
			},
			"R_brow": {
				"attachment": [
					{ "time": 0, "name": "R_brow" }
				]
			},
			"R_ear": {
				"attachment": [
					{ "time": 0, "name": "R_ear" }
				]
			},
			"R_eye": {
				"attachment": [
					{ "time": 0, "name": "R_eye" }
				]
			},
			"R_eyeball": {
				"attachment": [
					{ "time": 0, "name": "L_eyeball" }
				]
			},
			"R_eyelid": {
				"attachment": [
					{ "time": 0, "name": "R_eyelid" }
				]
			},
			"body": {
				"attachment": [
					{ "time": 0, "name": "body" }
				]
			},
			"mouth": {
				"attachment": [
					{ "time": 0, "name": "mouth" },
					{ "time": 2.6, "name": "mouth04" },
					{ "time": 4.4, "name": "mouth" }
				]
			},
			"nose": {
				"attachment": [
					{ "time": 0, "name": "nose" }
				]
			},
			"shadow": {
				"attachment": [
					{ "time": 0, "name": "shadow" }
				]
			},
			"tail": {
				"attachment": [
					{ "time": 0, "name": "tail" }
				]
			}
		},
		"bones": {
			"star1/pig/L_eyelid": {
				"rotate": [
					{ "time": 0, "angle": 0 }
				],
				"translate": [
					{ "time": 0, "x": 0, "y": 0 }
				],
				"scale": [
					{ "time": 0, "x": 1, "y": 1 },
					{ "time": 0.3333, "x": 0.894, "y": 1, "curve": "stepped" },
					{
						"time": 2.6,
						"x": 0.894,
						"y": 1,
						"curve": [ 0.25, 0, 0.75, 1 ]
					},
					{
						"time": 2.7333,
						"x": 1.336,
						"y": 1.355,
						"curve": [ 0.25, 0, 0.75, 1 ]
					},
					{
						"time": 2.8666,
						"x": 1.336,
						"y": 1.096,
						"curve": [ 0.25, 0, 0.75, 1 ]
					},
					{
						"time": 3,
						"x": 1.336,
						"y": 1.355,
						"curve": [ 0.25, 0, 0.75, 1 ]
					},
					{
						"time": 3.1333,
						"x": 1.336,
						"y": 1.096,
						"curve": [ 0.25, 0, 0.75, 1 ]
					},
					{
						"time": 3.2666,
						"x": 1.336,
						"y": 1.355,
						"curve": [ 0.25, 0, 0.75, 1 ]
					},
					{
						"time": 3.4,
						"x": 1.336,
						"y": 1.096,
						"curve": [ 0.25, 0, 0.75, 1 ]
					},
					{
						"time": 3.5333,
						"x": 1.336,
						"y": 1.355,
						"curve": [ 0.25, 0, 0.75, 1 ]
					},
					{
						"time": 3.6666,
						"x": 1.336,
						"y": 1.096,
						"curve": [ 0.25, 0, 0.75, 1 ]
					},
					{
						"time": 3.8,
						"x": 1.336,
						"y": 1.355,
						"curve": [ 0.25, 0, 0.75, 1 ]
					},
					{
						"time": 3.9333,
						"x": 1.336,
						"y": 1.096,
						"curve": [ 0.25, 0, 0.75, 1 ]
					},
					{
						"time": 4.0666,
						"x": 1.336,
						"y": 1.355,
						"curve": [ 0.25, 0, 0.75, 1 ]
					},
					{
						"time": 4.2,
						"x": 1.336,
						"y": 1.096,
						"curve": [ 0.25, 0, 0.75, 1 ]
					},
					{ "time": 4.4, "x": 1, "y": 1 }
				]
			},
			"star1/pig/R_eyelid": {
				"rotate": [
					{ "time": 0, "angle": 0 }
				],
				"translate": [
					{ "time": 0, "x": 0, "y": 0 }
				],
				"scale": [
					{ "time": 0, "x": 1, "y": 1 },
					{ "time": 0.3333, "x": 0.784, "y": 1, "curve": "stepped" },
					{
						"time": 2.6,
						"x": 0.784,
						"y": 1,
						"curve": [ 0.25, 0, 0.75, 1 ]
					},
					{
						"time": 2.7333,
						"x": 1.136,
						"y": 1,
						"curve": [ 0.25, 0, 0.75, 1 ]
					},
					{
						"time": 2.8666,
						"x": 1.166,
						"y": 0.906,
						"curve": [ 0.25, 0, 0.75, 1 ]
					},
					{
						"time": 3,
						"x": 1.136,
						"y": 1,
						"curve": [ 0.25, 0, 0.75, 1 ]
					},
					{
						"time": 3.1333,
						"x": 1.166,
						"y": 0.906,
						"curve": [ 0.25, 0, 0.75, 1 ]
					},
					{
						"time": 3.2666,
						"x": 1.136,
						"y": 1,
						"curve": [ 0.25, 0, 0.75, 1 ]
					},
					{
						"time": 3.4,
						"x": 1.166,
						"y": 0.906,
						"curve": [ 0.25, 0, 0.75, 1 ]
					},
					{
						"time": 3.5333,
						"x": 1.136,
						"y": 1,
						"curve": [ 0.25, 0, 0.75, 1 ]
					},
					{
						"time": 3.6666,
						"x": 1.166,
						"y": 0.906,
						"curve": [ 0.25, 0, 0.75, 1 ]
					},
					{
						"time": 3.8,
						"x": 1.136,
						"y": 1,
						"curve": [ 0.25, 0, 0.75, 1 ]
					},
					{
						"time": 3.9333,
						"x": 1.166,
						"y": 0.906,
						"curve": [ 0.25, 0, 0.75, 1 ]
					},
					{
						"time": 4.0666,
						"x": 1.136,
						"y": 1,
						"curve": [ 0.25, 0, 0.75, 1 ]
					},
					{
						"time": 4.2,
						"x": 1.166,
						"y": 0.906,
						"curve": [ 0.25, 0, 0.75, 1 ]
					},
					{ "time": 4.4, "x": 1, "y": 1 }
				]
			},
			"mouth": {
				"rotate": [
					{ "time": 0, "angle": 0, "curve": "stepped" },
					{
						"time": 2.6,
						"angle": 0,
						"curve": [ 0.25, 0, 0.75, 1 ]
					},
					{
						"time": 2.7333,
						"angle": -6.63,
						"curve": [ 0.25, 0, 0.75, 1 ]
					},
					{
						"time": 2.8666,
						"angle": -4.17,
						"curve": [ 0.25, 0, 0.75, 1 ]
					},
					{
						"time": 3,
						"angle": -6.63,
						"curve": [ 0.25, 0, 0.75, 1 ]
					},
					{
						"time": 3.1333,
						"angle": -4.17,
						"curve": [ 0.25, 0, 0.75, 1 ]
					},
					{
						"time": 3.2666,
						"angle": -6.63,
						"curve": [ 0.25, 0, 0.75, 1 ]
					},
					{
						"time": 3.4,
						"angle": -4.17,
						"curve": [ 0.25, 0, 0.75, 1 ]
					},
					{
						"time": 3.5333,
						"angle": -6.63,
						"curve": [ 0.25, 0, 0.75, 1 ]
					},
					{
						"time": 3.6666,
						"angle": -4.17,
						"curve": [ 0.25, 0, 0.75, 1 ]
					},
					{
						"time": 3.8,
						"angle": -6.63,
						"curve": [ 0.25, 0, 0.75, 1 ]
					},
					{
						"time": 3.9333,
						"angle": -4.17,
						"curve": [ 0.25, 0, 0.75, 1 ]
					},
					{
						"time": 4.0666,
						"angle": -6.63,
						"curve": [ 0.25, 0, 0.75, 1 ]
					},
					{ "time": 4.2, "angle": -4.17, "curve": "stepped" },
					{
						"time": 4.6666,
						"angle": -4.17,
						"curve": [ 0.25, 0, 0.75, 1 ]
					},
					{ "time": 5.1333, "angle": 0 }
				],
				"translate": [
					{
						"time": 0,
						"x": 0,
						"y": 0,
						"curve": [ 0.25, 0, 0.75, 1 ]
					},
					{ "time": 0.5333, "x": 5.5, "y": 3.67, "curve": "stepped" },
					{
						"time": 4.6666,
						"x": 5.5,
						"y": 3.67,
						"curve": [ 0.25, 0, 0.75, 1 ]
					},
					{ "time": 5.1333, "x": 0, "y": 0 }
				],
				"scale": [
					{ "time": 0, "x": 1, "y": 1 }
				]
			},
			"tail": {
				"rotate": [
					{
						"time": 0,
						"angle": 0,
						"curve": [ 0.25, 0, 0.75, 1 ]
					},
					{ "time": 0.5333, "angle": 22.81, "curve": "stepped" },
					{
						"time": 4.6666,
						"angle": 22.81,
						"curve": [ 0.25, 0, 0.75, 1 ]
					},
					{ "time": 5.1333, "angle": 0 }
				],
				"translate": [
					{
						"time": 0,
						"x": 3.64,
						"y": 0,
						"curve": [ 0.25, 0, 0.75, 1 ]
					},
					{ "time": 0.5333, "x": 2.05, "y": -11.37, "curve": "stepped" },
					{
						"time": 4.6666,
						"x": 2.05,
						"y": -11.37,
						"curve": [ 0.25, 0, 0.75, 1 ]
					},
					{ "time": 5.1333, "x": 3.64, "y": 0 }
				],
				"scale": [
					{ "time": 0, "x": 1, "y": 1 }
				]
			},
			"L_eyeball": {
				"rotate": [
					{ "time": 0, "angle": 0 }
				],
				"translate": [
					{ "time": 0, "x": 0, "y": 0 },
					{ "time": 0.3333, "x": 1.82, "y": 2.09, "curve": "stepped" },
					{ "time": 0.6666, "x": 1.82, "y": 2.09 },
					{ "time": 1.6666, "x": 0.45, "y": 4.58, "curve": "stepped" },
					{ "time": 4.2, "x": 0.45, "y": 4.58 },
					{ "time": 4.4, "x": 0, "y": 0 }
				],
				"scale": [
					{ "time": 0, "x": 1, "y": 1 }
				]
			},
			"R_eyeball": {
				"rotate": [
					{ "time": 0, "angle": 0 }
				],
				"translate": [
					{ "time": 0, "x": 0, "y": 0 },
					{ "time": 0.3333, "x": 1.36, "y": -0.66, "curve": "stepped" },
					{ "time": 0.6666, "x": 1.36, "y": -0.66 },
					{ "time": 1.6666, "x": 0, "y": 1.83, "curve": "stepped" },
					{ "time": 4.2, "x": 0, "y": 1.83 },
					{ "time": 4.4, "x": 0, "y": 0 }
				],
				"scale": [
					{ "time": 0, "x": 1, "y": 1 }
				]
			},
			"R_eye": {
				"rotate": [
					{ "time": 0, "angle": 0 }
				],
				"translate": [
					{
						"time": 0,
						"x": 0,
						"y": 0,
						"curve": [ 0.25, 0, 0.75, 1 ]
					},
					{ "time": 0.5333, "x": 1.83, "y": 5.5, "curve": "stepped" },
					{
						"time": 4.6666,
						"x": 1.83,
						"y": 5.5,
						"curve": [ 0.25, 0, 0.75, 1 ]
					},
					{ "time": 5.1333, "x": 0, "y": 0 }
				],
				"scale": [
					{ "time": 0, "x": 1, "y": 1 }
				]
			},
			"L_eye": {
				"rotate": [
					{ "time": 0, "angle": 0 }
				],
				"translate": [
					{
						"time": 0,
						"x": 0,
						"y": 0,
						"curve": [ 0.25, 0, 0.75, 1 ]
					},
					{ "time": 0.5333, "x": 5.5, "y": 5.5, "curve": "stepped" },
					{
						"time": 4.6666,
						"x": 5.5,
						"y": 5.5,
						"curve": [ 0.25, 0, 0.75, 1 ]
					},
					{ "time": 5.1333, "x": 0, "y": 0 }
				],
				"scale": [
					{ "time": 0, "x": 1, "y": 1 }
				]
			},
			"nose": {
				"rotate": [
					{ "time": 0, "angle": 0 }
				],
				"translate": [
					{
						"time": 0,
						"x": 0,
						"y": 0,
						"curve": [ 0.25, 0, 0.75, 1 ]
					},
					{ "time": 0.5333, "x": 5.5, "y": 6.88, "curve": "stepped" },
					{
						"time": 4.6666,
						"x": 5.5,
						"y": 6.88,
						"curve": [ 0.25, 0, 0.75, 1 ]
					},
					{ "time": 5.1333, "x": 0, "y": 0 }
				],
				"scale": [
					{ "time": 0, "x": 1, "y": 1 }
				]
			},
			"L_ear": {
				"rotate": [
					{
						"time": 0,
						"angle": 0,
						"curve": [ 0.25, 0, 0.75, 1 ]
					},
					{ "time": 0.5333, "angle": 32.75, "curve": "stepped" },
					{ "time": 2.6, "angle": 32.75 },
					{ "time": 2.7333, "angle": -28.34, "curve": "stepped" },
					{
						"time": 4.6666,
						"angle": -28.34,
						"curve": [ 0.25, 0, 0.75, 1 ]
					},
					{ "time": 5.1333, "angle": 0 }
				],
				"translate": [
					{
						"time": 0,
						"x": 0,
						"y": 0,
						"curve": [ 0.25, 0, 0.75, 1 ]
					},
					{ "time": 0.5333, "x": -2.51, "y": -3.51, "curve": "stepped" },
					{
						"time": 4.6666,
						"x": -2.51,
						"y": -3.51,
						"curve": [ 0.25, 0, 0.75, 1 ]
					},
					{ "time": 5.1333, "x": 0, "y": 0 }
				],
				"scale": [
					{ "time": 0, "x": 1, "y": 1 }
				]
			},
			"R_ear": {
				"rotate": [
					{
						"time": 0,
						"angle": 0,
						"curve": [ 0.25, 0, 0.75, 1 ]
					},
					{ "time": 0.5333, "angle": 8.99, "curve": "stepped" },
					{ "time": 2.6, "angle": 8.99 },
					{ "time": 2.7333, "angle": 7.09, "curve": "stepped" },
					{
						"time": 4.6666,
						"angle": 7.09,
						"curve": [ 0.25, 0, 0.75, 1 ]
					},
					{ "time": 5.1333, "angle": 0 }
				],
				"translate": [
					{
						"time": 0,
						"x": 0,
						"y": 0,
						"curve": [ 0.25, 0, 0.75, 1 ]
					},
					{ "time": 0.5333, "x": -4.51, "y": -3.51, "curve": "stepped" },
					{
						"time": 4.6666,
						"x": -4.51,
						"y": -3.51,
						"curve": [ 0.25, 0, 0.75, 1 ]
					},
					{ "time": 5.1333, "x": 0, "y": 0 }
				],
				"scale": [
					{ "time": 0, "x": 1, "y": 1 }
				]
			},
			"pig": {
				"rotate": [
					{ "time": 0, "angle": 0 }
				],
				"translate": [
					{ "time": 0, "x": 0, "y": 0 }
				],
				"scale": [
					{ "time": 0, "x": 1, "y": 1, "curve": "stepped" },
					{
						"time": 2.3333,
						"x": 1,
						"y": 1,
						"curve": [ 0.25, 0, 0.543, 1 ]
					},
					{
						"time": 2.6,
						"x": 0.909,
						"y": 1.089,
						"curve": [ 0.25, 0, 0.75, 1 ]
					},
					{
						"time": 2.7333,
						"x": 1.048,
						"y": 0.947,
						"curve": [ 0.25, 0, 0.75, 1 ]
					},
					{
						"time": 2.8666,
						"x": 0.946,
						"y": 1.045,
						"curve": [ 0.25, 0, 0.75, 1 ]
					},
					{
						"time": 3,
						"x": 1.048,
						"y": 0.947,
						"curve": [ 0.25, 0, 0.75, 1 ]
					},
					{
						"time": 3.1333,
						"x": 0.946,
						"y": 1.045,
						"curve": [ 0.25, 0, 0.75, 1 ]
					},
					{
						"time": 3.2666,
						"x": 1.048,
						"y": 0.947,
						"curve": [ 0.25, 0, 0.75, 1 ]
					},
					{
						"time": 3.4,
						"x": 0.946,
						"y": 1.045,
						"curve": [ 0.25, 0, 0.75, 1 ]
					},
					{
						"time": 3.5333,
						"x": 1.048,
						"y": 0.947,
						"curve": [ 0.25, 0, 0.75, 1 ]
					},
					{
						"time": 3.6666,
						"x": 0.946,
						"y": 1.045,
						"curve": [ 0.25, 0, 0.75, 1 ]
					},
					{
						"time": 3.8,
						"x": 1.048,
						"y": 0.947,
						"curve": [ 0.25, 0, 0.75, 1 ]
					},
					{
						"time": 3.9333,
						"x": 0.946,
						"y": 1.045,
						"curve": [ 0.25, 0, 0.75, 1 ]
					},
					{
						"time": 4.0666,
						"x": 1.048,
						"y": 0.947,
						"curve": [ 0.25, 0, 0.75, 1 ]
					},
					{
						"time": 4.2,
						"x": 0.946,
						"y": 1.045,
						"curve": [ 0.25, 0, 0.75, 1 ]
					},
					{ "time": 4.4, "x": 1, "y": 1, "curve": "stepped" },
					{
						"time": 4.6666,
						"x": 1,
						"y": 1,
						"curve": [ 0.25, 0, 0.75, 1 ]
					},
					{
						"time": 4.9,
						"x": 1.055,
						"y": 0.938,
						"curve": [ 0.25, 0, 0.75, 1 ]
					},
					{ "time": 5.1333, "x": 1, "y": 1 }
				]
			},
			"root": {
				"rotate": [
					{ "time": 0, "angle": 0 }
				],
				"translate": [
					{ "time": 0, "x": 0, "y": 0 }
				],
				"scale": [
					{ "time": 0, "x": 1, "y": 1 }
				]
			},
			"star1/pig/L_brow": {
				"rotate": [
					{ "time": 0, "angle": 0 }
				],
				"translate": [
					{ "time": 0, "x": 0, "y": 0 }
				],
				"scale": [
					{ "time": 0, "x": 1, "y": 1 }
				]
			},
			"star1/pig/R_brow": {
				"rotate": [
					{ "time": 0, "angle": 0 }
				],
				"translate": [
					{ "time": 0, "x": 0, "y": 0 }
				],
				"scale": [
					{ "time": 0, "x": 1, "y": 1 }
				]
			},
			"shadow": {
				"rotate": [
					{
						"time": 0,
						"angle": 0,
						"curve": [ 0.25, 0, 0.75, 1 ]
					},
					{ "time": 0.6666, "angle": 10.42, "curve": "stepped" },
					{
						"time": 4.6666,
						"angle": 10.42,
						"curve": [ 0.25, 0, 0.75, 1 ]
					},
					{ "time": 5.1333, "angle": 0 }
				],
				"translate": [
					{ "time": 0, "x": 0, "y": 0 }
				],
				"scale": [
					{ "time": 0, "x": 1, "y": 1, "curve": "stepped" },
					{
						"time": 2.3333,
						"x": 1,
						"y": 1,
						"curve": [ 0.25, 0, 0.75, 1 ]
					},
					{
						"time": 2.6,
						"x": 0.906,
						"y": 1,
						"curve": [ 0.25, 0, 0.75, 1 ]
					},
					{
						"time": 2.7333,
						"x": 1.102,
						"y": 1,
						"curve": [ 0.25, 0, 0.75, 1 ]
					},
					{
						"time": 2.8666,
						"x": 1.023,
						"y": 0.928,
						"curve": [ 0.25, 0, 0.75, 1 ]
					},
					{
						"time": 3,
						"x": 1.102,
						"y": 1,
						"curve": [ 0.25, 0, 0.75, 1 ]
					},
					{
						"time": 3.1333,
						"x": 1.023,
						"y": 0.928,
						"curve": [ 0.25, 0, 0.75, 1 ]
					},
					{
						"time": 3.2666,
						"x": 1.102,
						"y": 1,
						"curve": [ 0.25, 0, 0.75, 1 ]
					},
					{
						"time": 3.4,
						"x": 1.023,
						"y": 0.928,
						"curve": [ 0.25, 0, 0.75, 1 ]
					},
					{
						"time": 3.5333,
						"x": 1.102,
						"y": 1,
						"curve": [ 0.25, 0, 0.75, 1 ]
					},
					{
						"time": 3.6666,
						"x": 1.023,
						"y": 0.928,
						"curve": [ 0.25, 0, 0.75, 1 ]
					},
					{
						"time": 3.8,
						"x": 1.102,
						"y": 1,
						"curve": [ 0.25, 0, 0.75, 1 ]
					},
					{
						"time": 3.9333,
						"x": 1.023,
						"y": 0.928,
						"curve": [ 0.25, 0, 0.75, 1 ]
					},
					{
						"time": 4.0666,
						"x": 1.102,
						"y": 1,
						"curve": [ 0.25, 0, 0.75, 1 ]
					},
					{
						"time": 4.2,
						"x": 1.023,
						"y": 0.928,
						"curve": [ 0.25, 0, 0.75, 1 ]
					},
					{ "time": 4.4, "x": 1, "y": 1, "curve": "stepped" },
					{
						"time": 4.6666,
						"x": 1,
						"y": 1,
						"curve": [ 0.25, 0, 0.75, 1 ]
					},
					{ "time": 4.9, "x": 1.088, "y": 1.088 },
					{ "time": 5.1333, "x": 1, "y": 1 }
				]
			},
			"PIG_root": {
				"rotate": [
					{ "time": 0, "angle": 0 }
				],
				"translate": [
					{ "time": 0, "x": 0, "y": 0 }
				],
				"scale": [
					{ "time": 0, "x": 1, "y": 1 }
				]
			}
		}
	},
	"sleep_loop": {
		"slots": {
			"L_brow": {
				"attachment": [
					{ "time": 0, "name": "L_brow" }
				]
			},
			"L_ear": {
				"attachment": [
					{ "time": 0, "name": "L_ear" }
				]
			},
			"L_eye": {
				"attachment": [
					{ "time": 0, "name": "L_eye" }
				]
			},
			"L_eyeball": {
				"attachment": [
					{ "time": 0, "name": "L_eyeball" }
				]
			},
			"L_eyelid": {
				"attachment": [
					{ "time": 0, "name": "L_eyelid02" }
				]
			},
			"R_brow": {
				"attachment": [
					{ "time": 0, "name": "R_brow" }
				]
			},
			"R_ear": {
				"attachment": [
					{ "time": 0, "name": "R_ear" }
				]
			},
			"R_eye": {
				"attachment": [
					{ "time": 0, "name": "R_eye" }
				]
			},
			"R_eyeball": {
				"attachment": [
					{ "time": 0, "name": "L_eyeball" }
				]
			},
			"R_eyelid": {
				"attachment": [
					{ "time": 0, "name": "R_eyelid02" }
				]
			},
			"body": {
				"attachment": [
					{ "time": 0, "name": "body" }
				]
			},
			"mouth": {
				"attachment": [
					{ "time": 0, "name": "mouth02" },
					{ "time": 0.2, "name": "mouth03" },
					{ "time": 2.6666, "name": "mouth02" },
					{ "time": 4.7333, "name": "mouth03" },
					{ "time": 7.2, "name": "mouth02" }
				]
			},
			"nose": {
				"attachment": [
					{ "time": 0, "name": "nose" }
				]
			},
			"shadow": {
				"attachment": [
					{ "time": 0, "name": "shadow" }
				]
			},
			"tail": {
				"attachment": [
					{ "time": 0, "name": "tail" }
				]
			}
		},
		"bones": {
			"L_eye": {
				"rotate": [
					{ "time": 0, "angle": 0 }
				],
				"translate": [
					{
						"time": 0,
						"x": 0,
						"y": 0.29,
						"curve": [ 0.244, 0.44, 0.474, 0.99 ]
					},
					{
						"time": 1,
						"x": 0,
						"y": 19.76,
						"curve": [ 0.581, 0, 0.594, 1 ]
					},
					{ "time": 3.3333, "x": 0, "y": -12.5, "curve": "stepped" },
					{
						"time": 3.8666,
						"x": 0,
						"y": -12.5,
						"curve": [ 0.42, 0, 0.453, 0.99 ]
					},
					{
						"time": 5.5333,
						"x": 0,
						"y": 19.76,
						"curve": [ 0.581, 0, 0.594, 1 ]
					},
					{ "time": 7.8666, "x": 0, "y": -12.5, "curve": "stepped" },
					{
						"time": 8.5333,
						"x": 0,
						"y": -12.5,
						"curve": [ 0.447, 0, 0.729, 0.45 ]
					},
					{ "time": 9.2, "x": 0, "y": 0.29 }
				],
				"scale": [
					{ "time": 0, "x": 1, "y": 1 }
				]
			},
			"R_eye": {
				"rotate": [
					{ "time": 0, "angle": 0 }
				],
				"translate": [
					{
						"time": 0,
						"x": 0,
						"y": 3.44,
						"curve": [ 0.244, 0.44, 0.474, 0.99 ]
					},
					{
						"time": 1,
						"x": 0,
						"y": 22.92,
						"curve": [ 0.581, 0, 0.594, 1 ]
					},
					{ "time": 3.3333, "x": 0, "y": -9.34, "curve": "stepped" },
					{
						"time": 3.8666,
						"x": 0,
						"y": -9.34,
						"curve": [ 0.42, 0, 0.453, 0.99 ]
					},
					{
						"time": 5.5333,
						"x": 0,
						"y": 22.92,
						"curve": [ 0.581, 0, 0.594, 1 ]
					},
					{ "time": 7.8666, "x": 0, "y": -9.34, "curve": "stepped" },
					{
						"time": 8.5333,
						"x": 0,
						"y": -9.34,
						"curve": [ 0.447, 0, 0.729, 0.45 ]
					},
					{ "time": 9.2, "x": 0, "y": 3.44 }
				],
				"scale": [
					{ "time": 0, "x": 1, "y": 1 }
				]
			},
			"nose": {
				"rotate": [
					{
						"time": 0,
						"angle": -4.94,
						"curve": [ 0.244, 0.44, 0.474, 0.99 ]
					},
					{
						"time": 1,
						"angle": -3.07,
						"curve": [ 0.581, 0, 0.594, 1 ]
					},
					{ "time": 3.3333, "angle": -6.17, "curve": "stepped" },
					{
						"time": 3.8666,
						"angle": -6.17,
						"curve": [ 0.42, 0, 0.453, 0.99 ]
					},
					{
						"time": 5.5333,
						"angle": -3.07,
						"curve": [ 0.581, 0, 0.594, 1 ]
					},
					{ "time": 7.8666, "angle": -6.17, "curve": "stepped" },
					{
						"time": 8.5333,
						"angle": -6.17,
						"curve": [ 0.447, 0, 0.729, 0.45 ]
					},
					{ "time": 9.2, "angle": -4.94 }
				],
				"translate": [
					{
						"time": 0,
						"x": 0.75,
						"y": 6.05,
						"curve": [ 0.244, 0.44, 0.474, 0.99 ]
					},
					{
						"time": 1,
						"x": 0.75,
						"y": 32,
						"curve": [ 0.581, 0, 0.594, 1 ]
					},
					{ "time": 3.3333, "x": 0.75, "y": -10.98, "curve": "stepped" },
					{
						"time": 3.8666,
						"x": 0.75,
						"y": -10.98,
						"curve": [ 0.42, 0, 0.453, 0.99 ]
					},
					{
						"time": 5.5333,
						"x": 0.75,
						"y": 32,
						"curve": [ 0.581, 0, 0.594, 1 ]
					},
					{ "time": 7.8666, "x": 0.75, "y": -10.98, "curve": "stepped" },
					{
						"time": 8.5333,
						"x": 0.75,
						"y": -10.98,
						"curve": [ 0.447, 0, 0.729, 0.45 ]
					},
					{ "time": 9.2, "x": 0.75, "y": 6.05 }
				],
				"scale": [
					{
						"time": 0,
						"x": 1.071,
						"y": 1.071,
						"curve": [ 0.244, 0.44, 0.474, 0.99 ]
					},
					{
						"time": 1,
						"x": 1.18,
						"y": 1.18,
						"curve": [ 0.581, 0, 0.594, 1 ]
					},
					{ "time": 3.3333, "x": 1, "y": 1, "curve": "stepped" },
					{
						"time": 3.8666,
						"x": 1,
						"y": 1,
						"curve": [ 0.42, 0, 0.453, 0.99 ]
					},
					{
						"time": 5.5333,
						"x": 1.18,
						"y": 1.18,
						"curve": [ 0.581, 0, 0.594, 1 ]
					},
					{ "time": 7.8666, "x": 1, "y": 1, "curve": "stepped" },
					{
						"time": 8.5333,
						"x": 1,
						"y": 1,
						"curve": [ 0.447, 0, 0.729, 0.45 ]
					},
					{ "time": 9.2, "x": 1.071, "y": 1.071 }
				]
			},
			"mouth": {
				"rotate": [
					{ "time": 0, "angle": 0, "curve": "stepped" },
					{ "time": 3.8666, "angle": 0 }
				],
				"translate": [
					{
						"time": 0,
						"x": 0,
						"y": 4.36,
						"curve": [ 0.244, 0.44, 0.474, 0.99 ]
					},
					{
						"time": 1,
						"x": 0,
						"y": 17.84,
						"curve": [ 0.581, 0, 0.594, 1 ]
					},
					{ "time": 3.3333, "x": 0, "y": -4.5, "curve": "stepped" },
					{
						"time": 3.8666,
						"x": 0,
						"y": -4.5,
						"curve": [ 0.42, 0, 0.453, 0.99 ]
					},
					{
						"time": 5.5333,
						"x": 0,
						"y": 17.84,
						"curve": [ 0.581, 0, 0.594, 1 ]
					},
					{ "time": 7.8666, "x": 0, "y": -4.5, "curve": "stepped" },
					{
						"time": 8.5333,
						"x": 0,
						"y": -4.5,
						"curve": [ 0.447, 0, 0.729, 0.45 ]
					},
					{ "time": 9.2, "x": 0, "y": 4.36 }
				],
				"scale": [
					{
						"time": 0,
						"x": 1.211,
						"y": 1.136,
						"curve": [ 0.386, 0.44, 0.716, 1 ]
					},
					{
						"time": 1,
						"x": 1.769,
						"y": 1.496,
						"curve": [ 0.581, 0, 0.594, 1 ]
					},
					{ "time": 3.3333, "x": 1, "y": 1, "curve": "stepped" },
					{
						"time": 3.8666,
						"x": 1,
						"y": 1,
						"curve": [ 0.42, 0, 0.744, 1 ]
					},
					{
						"time": 5.5333,
						"x": 1.769,
						"y": 1.496,
						"curve": [ 0.581, 0, 0.594, 1 ]
					},
					{ "time": 7.8666, "x": 1, "y": 1, "curve": "stepped" },
					{
						"time": 8.5333,
						"x": 1,
						"y": 1,
						"curve": [ 0.365, 0, 0.697, 0.45 ]
					},
					{ "time": 9.2, "x": 1.211, "y": 1.136 }
				]
			},
			"star1/pig/L_brow": {
				"rotate": [
					{ "time": 0, "angle": 14.41 }
				],
				"translate": [
					{
						"time": 0,
						"x": 0,
						"y": -6.16,
						"curve": [ 0.244, 0.44, 0.474, 0.99 ]
					},
					{
						"time": 1,
						"x": 0,
						"y": -9.77,
						"curve": [ 0.581, 0, 0.594, 1 ]
					},
					{ "time": 3.3333, "x": 0, "y": -3.78, "curve": "stepped" },
					{
						"time": 3.8666,
						"x": 0,
						"y": -3.78,
						"curve": [ 0.42, 0, 0.453, 0.99 ]
					},
					{
						"time": 5.5333,
						"x": 0,
						"y": -9.77,
						"curve": [ 0.581, 0, 0.594, 1 ]
					},
					{ "time": 7.8666, "x": 0, "y": -3.78, "curve": "stepped" },
					{
						"time": 8.5333,
						"x": 0,
						"y": -3.78,
						"curve": [ 0.447, 0, 0.729, 0.45 ]
					},
					{ "time": 9.2, "x": 0, "y": -6.16 }
				],
				"scale": [
					{ "time": 0, "x": 1, "y": 1 }
				]
			},
			"star1/pig/R_brow": {
				"rotate": [
					{ "time": 0, "angle": -12.13 }
				],
				"translate": [
					{
						"time": 0,
						"x": 0,
						"y": -13.11,
						"curve": [ 0.244, 0.44, 0.474, 0.99 ]
					},
					{
						"time": 1,
						"x": 0,
						"y": -19.62,
						"curve": [ 0.581, 0, 0.594, 1 ]
					},
					{ "time": 3.3333, "x": 0, "y": -8.83, "curve": "stepped" },
					{
						"time": 3.8666,
						"x": 0,
						"y": -8.83,
						"curve": [ 0.42, 0, 0.453, 0.99 ]
					},
					{
						"time": 5.5333,
						"x": 0,
						"y": -19.62,
						"curve": [ 0.581, 0, 0.594, 1 ]
					},
					{ "time": 7.8666, "x": 0, "y": -8.83, "curve": "stepped" },
					{
						"time": 8.5333,
						"x": 0,
						"y": -8.83,
						"curve": [ 0.447, 0, 0.729, 0.45 ]
					},
					{ "time": 9.2, "x": 0, "y": -13.11 }
				],
				"scale": [
					{ "time": 0, "x": 1, "y": 1 }
				]
			},
			"L_ear": {
				"rotate": [
					{
						"time": 0,
						"angle": 0,
						"curve": [ 0.244, 0.44, 0.474, 0.99 ]
					},
					{
						"time": 1,
						"angle": 26.97,
						"curve": [ 0.581, 0, 0.594, 1 ]
					},
					{ "time": 3.3333, "angle": 0, "curve": "stepped" },
					{
						"time": 3.8666,
						"angle": 0,
						"curve": [ 0.42, 0, 0.453, 0.99 ]
					},
					{
						"time": 5.5333,
						"angle": 26.97,
						"curve": [ 0.581, 0, 0.594, 1 ]
					},
					{ "time": 7.8666, "angle": 0 }
				],
				"translate": [
					{
						"time": 0,
						"x": 0,
						"y": 0,
						"curve": [ 0.244, 0.44, 0.474, 0.99 ]
					},
					{
						"time": 1,
						"x": -2.78,
						"y": -7.28,
						"curve": [ 0.581, 0, 0.594, 1 ]
					},
					{ "time": 3.3333, "x": -0.07, "y": 2.17, "curve": "stepped" },
					{
						"time": 3.8666,
						"x": -0.07,
						"y": 2.17,
						"curve": [ 0.42, 0, 0.453, 0.99 ]
					},
					{
						"time": 5.5333,
						"x": -2.23,
						"y": -6.8,
						"curve": [ 0.581, 0, 0.594, 1 ]
					},
					{ "time": 7.8666, "x": 5.32, "y": 7.57, "curve": "stepped" },
					{
						"time": 8.5333,
						"x": 5.32,
						"y": 7.57,
						"curve": [ 0.447, 0, 0.729, 0.45 ]
					},
					{ "time": 9.2, "x": 0, "y": 0 }
				],
				"scale": [
					{ "time": 0, "x": 1, "y": 1 }
				]
			},
			"R_ear": {
				"rotate": [
					{
						"time": 0,
						"angle": 0,
						"curve": [ 0.244, 0.44, 0.474, 0.99 ]
					},
					{
						"time": 1,
						"angle": -19.39,
						"curve": [ 0.581, 0, 0.594, 1 ]
					},
					{ "time": 3.3333, "angle": -12.47, "curve": "stepped" },
					{
						"time": 3.8666,
						"angle": -12.47,
						"curve": [ 0.42, 0, 0.453, 0.99 ]
					},
					{
						"time": 5.5333,
						"angle": -19.39,
						"curve": [ 0.581, 0, 0.594, 1 ]
					},
					{ "time": 7.8666, "angle": -12.47, "curve": "stepped" },
					{
						"time": 8.5333,
						"angle": -12.47,
						"curve": [ 0.447, 0, 0.729, 0.45 ]
					},
					{ "time": 9.2, "angle": 0 }
				],
				"translate": [
					{
						"time": 0,
						"x": 0,
						"y": 0,
						"curve": [ 0.244, 0.44, 0.474, 0.99 ]
					},
					{
						"time": 1,
						"x": -7.1,
						"y": -12.33,
						"curve": [ 0.581, 0, 0.594, 1 ]
					},
					{ "time": 3.3333, "x": 4.97, "y": 1.44, "curve": "stepped" },
					{
						"time": 3.8666,
						"x": 4.97,
						"y": 1.44,
						"curve": [ 0.42, 0, 0.453, 0.99 ]
					},
					{
						"time": 5.5333,
						"x": -7.1,
						"y": -12.33,
						"curve": [ 0.581, 0, 0.594, 1 ]
					},
					{ "time": 7.8666, "x": 6.59, "y": 4.68, "curve": "stepped" },
					{
						"time": 8.5333,
						"x": 6.59,
						"y": 4.68,
						"curve": [ 0.447, 0, 0.729, 0.45 ]
					},
					{ "time": 9.2, "x": 0, "y": 0 }
				],
				"scale": [
					{ "time": 0, "x": 1, "y": 1 }
				]
			},
			"tail": {
				"rotate": [
					{
						"time": 0,
						"angle": 12.18,
						"curve": [ 0.244, 0.44, 0.474, 0.99 ]
					},
					{
						"time": 1,
						"angle": 30.72,
						"curve": [ 0.581, 0, 0.594, 1 ]
					},
					{ "time": 3.3333, "angle": 0, "curve": "stepped" },
					{
						"time": 3.8666,
						"angle": 0,
						"curve": [ 0.42, 0, 0.453, 0.99 ]
					},
					{
						"time": 5.5333,
						"angle": 30.72,
						"curve": [ 0.581, 0, 0.594, 1 ]
					},
					{ "time": 7.8666, "angle": 0, "curve": "stepped" },
					{
						"time": 8.5333,
						"angle": 0,
						"curve": [ 0.447, 0, 0.729, 0.45 ]
					},
					{ "time": 9.2, "angle": 12.18 }
				],
				"translate": [
					{
						"time": 0,
						"x": 4.74,
						"y": -6.26,
						"curve": [ 0.244, 0.44, 0.474, 0.99 ]
					},
					{
						"time": 1,
						"x": 9.41,
						"y": -20.91,
						"curve": [ 0.581, 0, 0.594, 1 ]
					},
					{ "time": 3.3333, "x": 1.68, "y": 3.36, "curve": "stepped" },
					{
						"time": 3.8666,
						"x": 1.68,
						"y": 3.36,
						"curve": [ 0.42, 0, 0.453, 0.99 ]
					},
					{
						"time": 5.5333,
						"x": 9.41,
						"y": -20.91,
						"curve": [ 0.581, 0, 0.594, 1 ]
					},
					{ "time": 7.8666, "x": 1.68, "y": 3.36, "curve": "stepped" },
					{
						"time": 8.5333,
						"x": 1.68,
						"y": 3.36,
						"curve": [ 0.447, 0, 0.729, 0.45 ]
					},
					{ "time": 9.2, "x": 4.74, "y": -6.26 }
				],
				"scale": [
					{ "time": 0, "x": 1, "y": 1 }
				]
			},
			"PIG_root": {
				"rotate": [
					{ "time": 0, "angle": 0 }
				],
				"translate": [
					{ "time": 0, "x": 0, "y": 0 }
				],
				"scale": [
					{ "time": 0, "x": 1, "y": 1 }
				]
			},
			"pig": {
				"rotate": [
					{ "time": 0, "angle": 0 }
				],
				"translate": [
					{ "time": 0, "x": 0, "y": 0 }
				],
				"scale": [
					{
						"time": 0,
						"x": 0.994,
						"y": 1.036,
						"curve": [ 0.331, 0.44, 0.617, 1 ]
					},
					{
						"time": 1,
						"x": 0.98,
						"y": 1.12,
						"curve": [ 0.25, 0, 0.75, 1 ]
					},
					{ "time": 2.6666, "x": 1, "y": 1, "curve": "stepped" },
					{
						"time": 3.8666,
						"x": 1,
						"y": 1,
						"curve": [ 0.43, 0, 0.639, 1 ]
					},
					{
						"time": 5.5333,
						"x": 0.98,
						"y": 1.12,
						"curve": [ 0.25, 0, 0.75, 1 ]
					},
					{ "time": 7.2, "x": 1, "y": 1, "curve": "stepped" },
					{ "time": 7.8666, "x": 1, "y": 1, "curve": "stepped" },
					{
						"time": 8.5333,
						"x": 1,
						"y": 1,
						"curve": [ 0.396, 0, 0.711, 0.45 ]
					},
					{ "time": 9.2, "x": 0.994, "y": 1.036 }
				]
			},
			"shadow": {
				"rotate": [
					{
						"time": 0,
						"angle": 2.31,
						"curve": [ 0.244, 0.44, 0.474, 0.99 ]
					},
					{
						"time": 1,
						"angle": 5.83,
						"curve": [ 0.581, 0, 0.594, 1 ]
					},
					{ "time": 3.3333, "angle": 0, "curve": "stepped" },
					{
						"time": 3.8666,
						"angle": 0,
						"curve": [ 0.42, 0, 0.453, 0.99 ]
					},
					{
						"time": 5.5333,
						"angle": 5.83,
						"curve": [ 0.581, 0, 0.594, 1 ]
					},
					{ "time": 7.8666, "angle": 0, "curve": "stepped" },
					{
						"time": 8.5333,
						"angle": 0,
						"curve": [ 0.447, 0, 0.729, 0.45 ]
					},
					{ "time": 9.2, "angle": 2.31 }
				],
				"translate": [
					{
						"time": 0,
						"x": 1.27,
						"y": -1.01,
						"curve": [ 0.244, 0.44, 0.474, 0.99 ]
					},
					{
						"time": 1,
						"x": 3.21,
						"y": -2.57,
						"curve": [ 0.581, 0, 0.594, 1 ]
					},
					{ "time": 3.3333, "x": 0, "y": 0, "curve": "stepped" },
					{
						"time": 3.8666,
						"x": 0,
						"y": 0,
						"curve": [ 0.42, 0, 0.453, 0.99 ]
					},
					{
						"time": 5.5333,
						"x": 3.21,
						"y": -2.57,
						"curve": [ 0.581, 0, 0.594, 1 ]
					},
					{ "time": 7.8666, "x": 0, "y": 0, "curve": "stepped" },
					{
						"time": 8.5333,
						"x": 0,
						"y": 0,
						"curve": [ 0.447, 0, 0.729, 0.45 ]
					},
					{ "time": 9.2, "x": 1.27, "y": -1.01 }
				],
				"scale": [
					{
						"time": 0,
						"x": 0.994,
						"y": 0.921,
						"curve": [ 0.244, 0.44, 0.474, 0.99 ]
					},
					{
						"time": 1,
						"x": 0.985,
						"y": 0.803,
						"curve": [ 0.581, 0, 0.594, 1 ]
					},
					{ "time": 3.3333, "x": 1, "y": 1, "curve": "stepped" },
					{
						"time": 3.8666,
						"x": 1,
						"y": 1,
						"curve": [ 0.42, 0, 0.453, 0.99 ]
					},
					{
						"time": 5.5333,
						"x": 0.985,
						"y": 0.803,
						"curve": [ 0.581, 0, 0.594, 1 ]
					},
					{ "time": 7.8666, "x": 1, "y": 1, "curve": "stepped" },
					{
						"time": 8.5333,
						"x": 1,
						"y": 1,
						"curve": [ 0.447, 0, 0.729, 0.45 ]
					},
					{ "time": 9.2, "x": 0.994, "y": 0.921 }
				]
			},
			"L_eyeball": {
				"rotate": [
					{ "time": 0, "angle": 0 }
				],
				"translate": [
					{ "time": 0, "x": 0, "y": 0 }
				],
				"scale": [
					{ "time": 0, "x": 1, "y": 1 }
				]
			},
			"R_eyeball": {
				"rotate": [
					{ "time": 0, "angle": 0 }
				],
				"translate": [
					{ "time": 0, "x": 0, "y": 0 }
				],
				"scale": [
					{ "time": 0, "x": 1, "y": 1 }
				]
			},
			"star1/pig/L_eyelid": {
				"rotate": [
					{ "time": 0, "angle": 0 }
				],
				"translate": [
					{ "time": 0, "x": 0, "y": 0 }
				],
				"scale": [
					{ "time": 0, "x": 1, "y": 1 }
				]
			},
			"star1/pig/R_eyelid": {
				"rotate": [
					{ "time": 0, "angle": 0 }
				],
				"translate": [
					{ "time": 0, "x": 0, "y": 0 }
				],
				"scale": [
					{ "time": 0, "x": 1, "y": 1 }
				]
			}
		}
	},
	"stop_animation": {
		"slots": {
			"L_brow": {
				"attachment": [
					{ "time": 0, "name": "L_brow" }
				]
			},
			"L_ear": {
				"attachment": [
					{ "time": 0, "name": "L_ear" }
				]
			},
			"L_eye": {
				"attachment": [
					{ "time": 0, "name": "L_eye" }
				]
			},
			"L_eyeball": {
				"attachment": [
					{ "time": 0, "name": "L_eyeball" }
				]
			},
			"L_eyelid": {
				"attachment": [
					{ "time": 0, "name": "L_eyelid" }
				]
			},
			"R_brow": {
				"attachment": [
					{ "time": 0, "name": "R_brow" }
				]
			},
			"R_ear": {
				"attachment": [
					{ "time": 0, "name": "R_ear" }
				]
			},
			"R_eye": {
				"attachment": [
					{ "time": 0, "name": "R_eye" }
				]
			},
			"R_eyeball": {
				"attachment": [
					{ "time": 0, "name": "L_eyeball" }
				]
			},
			"R_eyelid": {
				"attachment": [
					{ "time": 0, "name": "R_eyelid" }
				]
			},
			"body": {
				"attachment": [
					{ "time": 0, "name": "body" }
				]
			},
			"mouth": {
				"attachment": [
					{ "time": 0, "name": "mouth" }
				]
			},
			"nose": {
				"attachment": [
					{ "time": 0, "name": "nose" }
				]
			},
			"shadow": {
				"attachment": [
					{ "time": 0, "name": "shadow" },
					{ "time": 22.8666, "name": "shadow" }
				]
			},
			"tail": {
				"attachment": [
					{ "time": 0, "name": "tail" }
				]
			}
		},
		"bones": {
			"star1/pig/L_eyelid": {
				"rotate": [
					{ "time": 0, "angle": 0 }
				],
				"translate": [
					{ "time": 0, "x": 0, "y": 0 }
				],
				"scale": [
					{ "time": 0, "x": 1, "y": 1, "curve": "stepped" },
					{
						"time": 0.6666,
						"x": 1,
						"y": 1,
						"curve": [ 0.25, 0, 0.75, 1 ]
					},
					{ "time": 0.7666, "x": 0.852, "y": 1, "curve": "stepped" },
					{
						"time": 5,
						"x": 0.852,
						"y": 1,
						"curve": [ 0.25, 0, 0.75, 1 ]
					},
					{ "time": 5.4666, "x": 1, "y": 1, "curve": "stepped" },
					{
						"time": 12.1666,
						"x": 1,
						"y": 1,
						"curve": [ 0.25, 0, 0.75, 1 ]
					},
					{ "time": 12.6333, "x": 1.286, "y": 1.033, "curve": "stepped" },
					{
						"time": 19.2,
						"x": 1.286,
						"y": 1.033,
						"curve": [ 0.25, 0, 0.75, 1 ]
					},
					{ "time": 19.5333, "x": 1, "y": 1 }
				]
			},
			"star1/pig/R_eyelid": {
				"rotate": [
					{ "time": 0, "angle": 0 }
				],
				"translate": [
					{ "time": 0, "x": 0, "y": 0 }
				],
				"scale": [
					{ "time": 0, "x": 1, "y": 1, "curve": "stepped" },
					{
						"time": 0.6666,
						"x": 1,
						"y": 1,
						"curve": [ 0.25, 0, 0.75, 1 ]
					},
					{ "time": 0.7666, "x": 0.757, "y": 0.834, "curve": "stepped" },
					{
						"time": 5,
						"x": 0.757,
						"y": 0.834,
						"curve": [ 0.25, 0, 0.75, 1 ]
					},
					{ "time": 5.4666, "x": 1, "y": 1, "curve": "stepped" },
					{
						"time": 12.1666,
						"x": 1,
						"y": 1,
						"curve": [ 0.25, 0, 0.75, 1 ]
					},
					{ "time": 12.6333, "x": 1.125, "y": 1.005, "curve": "stepped" },
					{
						"time": 19.2,
						"x": 1.125,
						"y": 1.005,
						"curve": [ 0.25, 0, 0.75, 1 ]
					},
					{ "time": 19.5333, "x": 1, "y": 1 }
				]
			},
			"mouth": {
				"rotate": [
					{ "time": 0, "angle": 0 }
				],
				"translate": [
					{ "time": 0, "x": 0, "y": 0, "curve": "stepped" },
					{
						"time": 2.3333,
						"x": 0,
						"y": 0,
						"curve": [ 0.25, 0, 0.75, 1 ]
					},
					{
						"time": 2.6666,
						"x": 4.52,
						"y": -8.18,
						"curve": [ 0.25, 0, 0.75, 1 ]
					},
					{ "time": 3.1333, "x": 4.52, "y": -3.46, "curve": "stepped" },
					{
						"time": 4.6666,
						"x": 4.52,
						"y": -3.46,
						"curve": [ 0.25, 0, 0.75, 1 ]
					},
					{
						"time": 5,
						"x": 4.52,
						"y": -8.45,
						"curve": [ 0.25, 0, 0.75, 1 ]
					},
					{ "time": 5.4666, "x": 8.02, "y": 2.27, "curve": "stepped" },
					{
						"time": 7.8333,
						"x": 8.02,
						"y": 2.27,
						"curve": [ 0.25, 0, 0.75, 1 ]
					},
					{
						"time": 8.1666,
						"x": 18.03,
						"y": -6.99,
						"curve": [ 0.25, 0, 0.75, 1 ]
					},
					{ "time": 8.6333, "x": 18.03, "y": -4.53, "curve": "stepped" },
					{
						"time": 11.8333,
						"x": 18.03,
						"y": -4.53,
						"curve": [ 0.25, 0, 0.75, 1 ]
					},
					{
						"time": 12.1666,
						"x": 18.03,
						"y": -6.83,
						"curve": [ 0.25, 0, 0.75, 1 ]
					},
					{
						"time": 12.6333,
						"x": 8.08,
						"y": 8.94,
						"curve": [ 0.25, 0, 0.75, 1 ]
					},
					{ "time": 17.5, "x": 2.3, "y": 8.62, "curve": "stepped" },
					{
						"time": 19.2,
						"x": 2.3,
						"y": 8.62,
						"curve": [ 0.25, 0, 0.75, 1 ]
					},
					{
						"time": 19.5333,
						"x": 9.11,
						"y": -0.8,
						"curve": [ 0.25, 0, 0.75, 1 ]
					},
					{ "time": 20, "x": 9.11, "y": 3.01, "curve": "stepped" },
					{
						"time": 22.5333,
						"x": 9.11,
						"y": 3.01,
						"curve": [ 0.25, 0, 0.75, 1 ]
					},
					{
						"time": 22.8666,
						"x": 0,
						"y": -4.9,
						"curve": [ 0.25, 0, 0.75, 1 ]
					},
					{ "time": 23.3333, "x": 0, "y": 0 }
				],
				"scale": [
					{ "time": 0, "x": 1, "y": 1 }
				]
			},
			"tail": {
				"rotate": [
					{ "time": 0, "angle": 0, "curve": "stepped" },
					{
						"time": 2.3333,
						"angle": 0,
						"curve": [ 0.25, 0, 0.75, 1 ]
					},
					{
						"time": 2.6666,
						"angle": -17.79,
						"curve": [ 0.25, 0, 0.75, 1 ]
					},
					{ "time": 3.1333, "angle": 0, "curve": "stepped" },
					{
						"time": 4.6666,
						"angle": 0,
						"curve": [ 0.25, 0, 0.75, 1 ]
					},
					{
						"time": 5,
						"angle": -17.79,
						"curve": [ 0.25, 0, 0.75, 1 ]
					},
					{ "time": 5.4666, "angle": 0, "curve": "stepped" },
					{
						"time": 7.8333,
						"angle": 0,
						"curve": [ 0.25, 0, 0.75, 1 ]
					},
					{
						"time": 8.1666,
						"angle": -17.79,
						"curve": [ 0.25, 0, 0.75, 1 ]
					},
					{ "time": 8.6333, "angle": 0, "curve": "stepped" },
					{
						"time": 11.8333,
						"angle": 0,
						"curve": [ 0.25, 0, 0.75, 1 ]
					},
					{
						"time": 12.1666,
						"angle": -17.79,
						"curve": [ 0.25, 0, 0.75, 1 ]
					},
					{ "time": 12.6333, "angle": 0, "curve": "stepped" },
					{
						"time": 19.2,
						"angle": 0,
						"curve": [ 0.25, 0, 0.75, 1 ]
					},
					{
						"time": 19.5333,
						"angle": -17.79,
						"curve": [ 0.25, 0, 0.75, 1 ]
					},
					{ "time": 20, "angle": 0, "curve": "stepped" },
					{
						"time": 22.5333,
						"angle": 0,
						"curve": [ 0.25, 0, 0.75, 1 ]
					},
					{
						"time": 22.8666,
						"angle": -17.79,
						"curve": [ 0.25, 0, 0.75, 1 ]
					},
					{ "time": 23.3333, "angle": 0 }
				],
				"translate": [
					{ "time": 0, "x": 3.64, "y": 0, "curve": "stepped" },
					{
						"time": 2.3333,
						"x": 3.64,
						"y": 0,
						"curve": [ 0.25, 0, 0.75, 1 ]
					},
					{ "time": 2.6666, "x": 0.61, "y": 1.86, "curve": "stepped" },
					{
						"time": 5,
						"x": 0.61,
						"y": 1.86,
						"curve": [ 0.25, 0, 0.75, 1 ]
					},
					{ "time": 5.4666, "x": 0.61, "y": -10.66, "curve": "stepped" },
					{
						"time": 7.8333,
						"x": 0.61,
						"y": -10.66,
						"curve": [ 0.25, 0, 0.75, 1 ]
					},
					{ "time": 8.1666, "x": -0.98, "y": -1.03, "curve": "stepped" },
					{
						"time": 12.1666,
						"x": -0.98,
						"y": -1.03,
						"curve": [ 0.25, 0, 0.75, 1 ]
					},
					{
						"time": 12.6333,
						"x": -0.98,
						"y": -9.67,
						"curve": [ 0.25, 0, 0.75, 1 ]
					},
					{ "time": 17.5, "x": 11.43, "y": -6.3, "curve": "stepped" },
					{ "time": 19.2, "x": 11.43, "y": -6.3, "curve": "stepped" },
					{
						"time": 19.5333,
						"x": 11.43,
						"y": -6.3,
						"curve": [ 0.25, 0, 0.75, 1 ]
					},
					{ "time": 20, "x": 3.03, "y": -5.58, "curve": "stepped" },
					{
						"time": 22.8666,
						"x": 3.03,
						"y": -5.58,
						"curve": [ 0.25, 0, 0.75, 1 ]
					},
					{ "time": 23.3333, "x": 3.64, "y": 0 }
				],
				"scale": [
					{ "time": 0, "x": 1, "y": 1 }
				]
			},
			"L_eyeball": {
				"rotate": [
					{ "time": 0, "angle": 0 }
				],
				"translate": [
					{ "time": 0, "x": 0, "y": 0, "curve": "stepped" },
					{
						"time": 0.6666,
						"x": 0,
						"y": 0,
						"curve": [ 0.25, 0, 0.75, 1 ]
					},
					{ "time": 0.7666, "x": 1.57, "y": -1.04, "curve": "stepped" },
					{
						"time": 2.3333,
						"x": 1.57,
						"y": -1.04,
						"curve": [ 0.25, 0, 0.75, 1 ]
					},
					{ "time": 2.6666, "x": 1.81, "y": -0.97, "curve": "stepped" },
					{
						"time": 4.6666,
						"x": 1.81,
						"y": -0.97,
						"curve": [ 0.25, 0, 0.75, 1 ]
					},
					{ "time": 5, "x": 0.76, "y": 4.82, "curve": "stepped" },
					{
						"time": 7.8333,
						"x": 0.76,
						"y": 4.82,
						"curve": [ 0.25, 0, 0.75, 1 ]
					},
					{ "time": 8.1666, "x": 2.04, "y": -1.5, "curve": "stepped" },
					{
						"time": 11.8333,
						"x": 2.04,
						"y": -1.5,
						"curve": [ 0.25, 0, 0.75, 1 ]
					},
					{
						"time": 12.1666,
						"x": -1.48,
						"y": 4.91,
						"curve": [ 0.25, 0, 0.75, 1 ]
					},
					{ "time": 17.5, "x": -2.44, "y": 4.91, "curve": "stepped" },
					{
						"time": 19.2,
						"x": -2.44,
						"y": 4.91,
						"curve": [ 0.25, 0, 0.75, 1 ]
					},
					{ "time": 19.5333, "x": 0.76, "y": 1.38, "curve": "stepped" },
					{
						"time": 22.5333,
						"x": 0.76,
						"y": 1.38,
						"curve": [ 0.25, 0, 0.75, 1 ]
					},
					{ "time": 22.8666, "x": 0, "y": 0 }
				],
				"scale": [
					{ "time": 0, "x": 1, "y": 1 }
				]
			},
			"R_eyeball": {
				"rotate": [
					{ "time": 0, "angle": 0 }
				],
				"translate": [
					{ "time": 0, "x": 0, "y": 0, "curve": "stepped" },
					{
						"time": 0.6666,
						"x": 0,
						"y": 0,
						"curve": [ 0.25, 0, 0.75, 1 ]
					},
					{ "time": 0.7666, "x": 1.57, "y": -1.04, "curve": "stepped" },
					{
						"time": 2.3333,
						"x": 1.57,
						"y": -1.04,
						"curve": [ 0.25, 0, 0.75, 1 ]
					},
					{ "time": 2.6666, "x": 1.46, "y": -1.86, "curve": "stepped" },
					{
						"time": 4.6666,
						"x": 1.46,
						"y": -1.86,
						"curve": [ 0.25, 0, 0.75, 1 ]
					},
					{ "time": 5, "x": 0.47, "y": 2, "curve": "stepped" },
					{
						"time": 7.8333,
						"x": 0.47,
						"y": 2,
						"curve": [ 0.25, 0, 0.75, 1 ]
					},
					{ "time": 8.1666, "x": 2.04, "y": -1.5, "curve": "stepped" },
					{
						"time": 11.8333,
						"x": 2.04,
						"y": -1.5,
						"curve": [ 0.25, 0, 0.75, 1 ]
					},
					{
						"time": 12.1666,
						"x": -0.37,
						"y": 1.9,
						"curve": [ 0.25, 0, 0.75, 1 ]
					},
					{ "time": 17.5, "x": -1.49, "y": 2.46, "curve": "stepped" },
					{
						"time": 19.2,
						"x": -1.49,
						"y": 2.46,
						"curve": [ 0.25, 0, 0.75, 1 ]
					},
					{ "time": 19.5333, "x": 0.76, "y": 1.38, "curve": "stepped" },
					{
						"time": 22.5333,
						"x": 0.76,
						"y": 1.38,
						"curve": [ 0.25, 0, 0.75, 1 ]
					},
					{ "time": 22.8666, "x": 0, "y": 0 }
				],
				"scale": [
					{ "time": 0, "x": 1, "y": 1 }
				]
			},
			"R_eye": {
				"rotate": [
					{ "time": 0, "angle": 0, "curve": "stepped" },
					{
						"time": 2.3333,
						"angle": 0,
						"curve": [ 0.25, 0, 0.75, 1 ]
					},
					{
						"time": 2.6666,
						"angle": -8.62,
						"curve": [ 0.25, 0, 0.75, 1 ]
					},
					{ "time": 3.1333, "angle": -6.86, "curve": "stepped" },
					{
						"time": 4.6666,
						"angle": -6.86,
						"curve": [ 0.25, 0, 0.75, 1 ]
					},
					{
						"time": 5,
						"angle": -13.76,
						"curve": [ 0.25, 0, 0.75, 1 ]
					},
					{ "time": 5.4666, "angle": 0, "curve": "stepped" },
					{
						"time": 19.2,
						"angle": 0,
						"curve": [ 0.25, 0, 0.75, 1 ]
					},
					{
						"time": 19.5333,
						"angle": -5.95,
						"curve": [ 0.25, 0, 0.75, 1 ]
					},
					{ "time": 20, "angle": 0 }
				],
				"translate": [
					{ "time": 0, "x": 0, "y": 0, "curve": "stepped" },
					{
						"time": 2.3333,
						"x": 0,
						"y": 0,
						"curve": [ 0.25, 0, 0.75, 1 ]
					},
					{
						"time": 2.6666,
						"x": 0.43,
						"y": -7.67,
						"curve": [ 0.25, 0, 0.75, 1 ]
					},
					{ "time": 3.1333, "x": 1.16, "y": -3.46, "curve": "stepped" },
					{
						"time": 4.6666,
						"x": 1.16,
						"y": -3.46,
						"curve": [ 0.25, 0, 0.75, 1 ]
					},
					{
						"time": 5,
						"x": -0.22,
						"y": -8.45,
						"curve": [ 0.25, 0, 0.75, 1 ]
					},
					{ "time": 5.4666, "x": 1.74, "y": 6.79, "curve": "stepped" },
					{
						"time": 7.8333,
						"x": 1.74,
						"y": 6.79,
						"curve": [ 0.25, 0, 0.75, 1 ]
					},
					{
						"time": 8.1666,
						"x": 5.74,
						"y": -4.43,
						"curve": [ 0.25, 0, 0.75, 1 ]
					},
					{ "time": 8.6333, "x": 3.01, "y": -1.68, "curve": "stepped" },
					{
						"time": 11.8333,
						"x": 3.01,
						"y": -1.68,
						"curve": [ 0.25, 0, 0.75, 1 ]
					},
					{
						"time": 12.1666,
						"x": 5.74,
						"y": -4.28,
						"curve": [ 0.25, 0, 0.75, 1 ]
					},
					{
						"time": 12.6333,
						"x": 0.61,
						"y": 13.42,
						"curve": [ 0.25, 0, 0.75, 1 ]
					},
					{ "time": 17.5, "x": -2.91, "y": 13.42, "curve": "stepped" },
					{
						"time": 19.2,
						"x": -2.91,
						"y": 13.42,
						"curve": [ 0.25, 0, 0.75, 1 ]
					},
					{
						"time": 19.5333,
						"x": 2.07,
						"y": 2.97,
						"curve": [ 0.25, 0, 0.75, 1 ]
					},
					{ "time": 20, "x": 1.88, "y": 6.79, "curve": "stepped" },
					{
						"time": 22.5333,
						"x": 1.88,
						"y": 6.79,
						"curve": [ 0.25, 0, 0.75, 1 ]
					},
					{
						"time": 22.8666,
						"x": 0,
						"y": -4.9,
						"curve": [ 0.25, 0, 0.75, 1 ]
					},
					{ "time": 23.3333, "x": 0, "y": 0 }
				],
				"scale": [
					{ "time": 0, "x": 1, "y": 1 }
				]
			},
			"L_eye": {
				"rotate": [
					{ "time": 0, "angle": 0 }
				],
				"translate": [
					{ "time": 0, "x": 0, "y": 0, "curve": "stepped" },
					{
						"time": 2.3333,
						"x": 0,
						"y": 0,
						"curve": [ 0.25, 0, 0.75, 1 ]
					},
					{
						"time": 2.6666,
						"x": 4.52,
						"y": -8.18,
						"curve": [ 0.25, 0, 0.75, 1 ]
					},
					{ "time": 3.1333, "x": 4.52, "y": -3.46, "curve": "stepped" },
					{
						"time": 4.6666,
						"x": 4.52,
						"y": -3.46,
						"curve": [ 0.25, 0, 0.75, 1 ]
					},
					{
						"time": 5,
						"x": 4.52,
						"y": -8.46,
						"curve": [ 0.25, 0, 0.75, 1 ]
					},
					{ "time": 5.4666, "x": 6.14, "y": 6.79, "curve": "stepped" },
					{
						"time": 7.8333,
						"x": 6.14,
						"y": 6.79,
						"curve": [ 0.25, 0, 0.75, 1 ]
					},
					{
						"time": 8.1666,
						"x": 19.87,
						"y": -6.1,
						"curve": [ 0.25, 0, 0.75, 1 ]
					},
					{ "time": 8.6333, "x": 19.87, "y": -3.64, "curve": "stepped" },
					{
						"time": 11.8333,
						"x": 19.87,
						"y": -3.64,
						"curve": [ 0.25, 0, 0.75, 1 ]
					},
					{
						"time": 12.1666,
						"x": 19.87,
						"y": -5.94,
						"curve": [ 0.25, 0, 0.75, 1 ]
					},
					{
						"time": 12.6333,
						"x": 8.64,
						"y": 11.76,
						"curve": [ 0.25, 0, 0.75, 1 ]
					},
					{ "time": 17.5, "x": 1.25, "y": 11.76, "curve": "stepped" },
					{
						"time": 19.2,
						"x": 1.25,
						"y": 11.76,
						"curve": [ 0.25, 0, 0.75, 1 ]
					},
					{
						"time": 19.5333,
						"x": 6.14,
						"y": 2.97,
						"curve": [ 0.25, 0, 0.75, 1 ]
					},
					{ "time": 20, "x": 6.14, "y": 6.79, "curve": "stepped" },
					{
						"time": 22.5333,
						"x": 6.14,
						"y": 6.79,
						"curve": [ 0.25, 0, 0.75, 1 ]
					},
					{
						"time": 22.8666,
						"x": 0,
						"y": -4.9,
						"curve": [ 0.25, 0, 0.75, 1 ]
					},
					{ "time": 23.3333, "x": 0, "y": 0 }
				],
				"scale": [
					{ "time": 0, "x": 1, "y": 1 }
				]
			},
			"nose": {
				"rotate": [
					{ "time": 0, "angle": 0, "curve": "stepped" },
					{
						"time": 12.6333,
						"angle": 0,
						"curve": [ 0.25, 0, 0.75, 1 ]
					},
					{ "time": 17.5, "angle": -4.58, "curve": "stepped" },
					{
						"time": 19.2,
						"angle": -4.58,
						"curve": [ 0.25, 0, 0.75, 1 ]
					},
					{ "time": 19.5333, "angle": 0 }
				],
				"translate": [
					{ "time": 0, "x": 0, "y": 0, "curve": "stepped" },
					{
						"time": 2.3333,
						"x": 0,
						"y": 0,
						"curve": [ 0.25, 0, 0.75, 1 ]
					},
					{
						"time": 2.6666,
						"x": 5.46,
						"y": -8.18,
						"curve": [ 0.25, 0, 0.75, 1 ]
					},
					{ "time": 3.1333, "x": 7.6, "y": -3.46, "curve": "stepped" },
					{
						"time": 4.6666,
						"x": 7.6,
						"y": -3.46,
						"curve": [ 0.25, 0, 0.75, 1 ]
					},
					{
						"time": 5,
						"x": 7.6,
						"y": -8.46,
						"curve": [ 0.25, 0, 0.75, 1 ]
					},
					{ "time": 5.4666, "x": 9.22, "y": 6.79, "curve": "stepped" },
					{
						"time": 7.8333,
						"x": 9.22,
						"y": 6.79,
						"curve": [ 0.25, 0, 0.75, 1 ]
					},
					{
						"time": 8.1666,
						"x": 20.49,
						"y": -6.1,
						"curve": [ 0.25, 0, 0.75, 1 ]
					},
					{ "time": 8.6333, "x": 21.86, "y": -3.64, "curve": "stepped" },
					{
						"time": 11.8333,
						"x": 21.86,
						"y": -3.64,
						"curve": [ 0.25, 0, 0.75, 1 ]
					},
					{
						"time": 12.1666,
						"x": 16.68,
						"y": -9.12,
						"curve": [ 0.25, 0, 0.75, 1 ]
					},
					{
						"time": 12.6333,
						"x": 6.58,
						"y": 11.76,
						"curve": [ 0.25, 0, 0.75, 1 ]
					},
					{ "time": 17.5, "x": -3.47, "y": 11.76, "curve": "stepped" },
					{
						"time": 19.2,
						"x": -3.47,
						"y": 11.76,
						"curve": [ 0.25, 0, 0.75, 1 ]
					},
					{
						"time": 19.5333,
						"x": 9.22,
						"y": 2.97,
						"curve": [ 0.25, 0, 0.75, 1 ]
					},
					{ "time": 20, "x": 9.22, "y": 6.79, "curve": "stepped" },
					{
						"time": 22.5333,
						"x": 9.22,
						"y": 6.79,
						"curve": [ 0.25, 0, 0.75, 1 ]
					},
					{
						"time": 22.8666,
						"x": 0,
						"y": -4.9,
						"curve": [ 0.25, 0, 0.75, 1 ]
					},
					{ "time": 23.3333, "x": 0, "y": 0 }
				],
				"scale": [
					{ "time": 0, "x": 1, "y": 1, "curve": "stepped" },
					{
						"time": 2.3333,
						"x": 1,
						"y": 1,
						"curve": [ 0.25, 0, 0.75, 1 ]
					},
					{
						"time": 2.6666,
						"x": 1.025,
						"y": 0.903,
						"curve": [ 0.25, 0, 0.75, 1 ]
					},
					{ "time": 3.1333, "x": 0.939, "y": 1, "curve": "stepped" },
					{
						"time": 4.6666,
						"x": 0.939,
						"y": 1,
						"curve": [ 0.25, 0, 0.75, 1 ]
					},
					{
						"time": 5,
						"x": 1.025,
						"y": 0.903,
						"curve": [ 0.25, 0, 0.75, 1 ]
					},
					{ "time": 5.4666, "x": 0.939, "y": 1, "curve": "stepped" },
					{
						"time": 7.8333,
						"x": 0.939,
						"y": 1,
						"curve": [ 0.25, 0, 0.75, 1 ]
					},
					{ "time": 8.1666, "x": 0.772, "y": 1, "curve": "stepped" },
					{
						"time": 11.8333,
						"x": 0.772,
						"y": 1,
						"curve": [ 0.25, 0, 0.75, 1 ]
					},
					{
						"time": 12.1666,
						"x": 1.025,
						"y": 0.903,
						"curve": [ 0.25, 0, 0.75, 1 ]
					},
					{ "time": 12.6333, "x": 1, "y": 1, "curve": "stepped" },
					{
						"time": 19.2,
						"x": 1,
						"y": 1,
						"curve": [ 0.25, 0, 0.75, 1 ]
					},
					{
						"time": 19.5333,
						"x": 1.025,
						"y": 0.903,
						"curve": [ 0.25, 0, 0.75, 1 ]
					},
					{ "time": 20, "x": 1, "y": 1, "curve": "stepped" },
					{
						"time": 22.5333,
						"x": 1,
						"y": 1,
						"curve": [ 0.25, 0, 0.75, 1 ]
					},
					{
						"time": 22.8666,
						"x": 1.025,
						"y": 0.903,
						"curve": [ 0.25, 0, 0.75, 1 ]
					},
					{ "time": 23.3333, "x": 1, "y": 1 }
				]
			},
			"L_ear": {
				"rotate": [
					{ "time": 0, "angle": 0 }
				],
				"translate": [
					{ "time": 0, "x": 0, "y": 0, "curve": "stepped" },
					{
						"time": 2.3333,
						"x": 0,
						"y": 0,
						"curve": [ 0.25, 0, 0.75, 1 ]
					},
					{ "time": 2.6666, "x": -1.26, "y": 2.4, "curve": "stepped" },
					{
						"time": 5,
						"x": -1.26,
						"y": 2.4,
						"curve": [ 0.25, 0, 0.75, 1 ]
					},
					{ "time": 5.4666, "x": -1.26, "y": -4.21, "curve": "stepped" },
					{
						"time": 7.8333,
						"x": -1.26,
						"y": -4.21,
						"curve": [ 0.25, 0, 0.75, 1 ]
					},
					{ "time": 8.1666, "x": -4.91, "y": -2.95, "curve": "stepped" },
					{
						"time": 12.1666,
						"x": -4.91,
						"y": -2.95,
						"curve": [ 0.25, 0, 0.75, 1 ]
					},
					{
						"time": 12.6333,
						"x": 3.55,
						"y": -5.81,
						"curve": [ 0.25, 0, 0.75, 1 ]
					},
					{ "time": 17.5, "x": 9.32, "y": -5.81, "curve": "stepped" },
					{
						"time": 19.2,
						"x": 9.32,
						"y": -5.81,
						"curve": [ 0.25, 0, 0.75, 1 ]
					},
					{ "time": 19.5333, "x": -1.26, "y": -4.21, "curve": "stepped" },
					{
						"time": 22.5333,
						"x": -1.26,
						"y": -4.21,
						"curve": [ 0.25, 0, 0.75, 1 ]
					},
					{ "time": 22.8666, "x": 0, "y": 0 }
				],
				"scale": [
					{ "time": 0, "x": 1, "y": 1, "curve": "stepped" },
					{
						"time": 2.3333,
						"x": 1,
						"y": 1,
						"curve": [ 0.25, 0, 0.75, 1 ]
					},
					{
						"time": 2.6666,
						"x": 0.814,
						"y": 1.121,
						"curve": [ 0.25, 0, 0.75, 1 ]
					},
					{ "time": 3.1333, "x": 0.939, "y": 1, "curve": "stepped" },
					{
						"time": 4.6666,
						"x": 0.939,
						"y": 1,
						"curve": [ 0.25, 0, 0.75, 1 ]
					},
					{
						"time": 5,
						"x": 0.814,
						"y": 1.121,
						"curve": [ 0.25, 0, 0.75, 1 ]
					},
					{ "time": 5.4666, "x": 0.939, "y": 1, "curve": "stepped" },
					{
						"time": 7.8333,
						"x": 0.939,
						"y": 1,
						"curve": [ 0.25, 0, 0.75, 1 ]
					},
					{
						"time": 8.1666,
						"x": 0.814,
						"y": 1.121,
						"curve": [ 0.25, 0, 0.75, 1 ]
					},
					{ "time": 8.6333, "x": 0.939, "y": 1, "curve": "stepped" },
					{
						"time": 11.8333,
						"x": 0.939,
						"y": 1,
						"curve": [ 0.25, 0, 0.75, 1 ]
					},
					{
						"time": 12.1666,
						"x": 0.814,
						"y": 1.121,
						"curve": [ 0.25, 0, 0.75, 1 ]
					},
					{ "time": 12.6333, "x": 1, "y": 1, "curve": "stepped" },
					{
						"time": 19.2,
						"x": 1,
						"y": 1,
						"curve": [ 0.25, 0, 0.75, 1 ]
					},
					{
						"time": 19.5333,
						"x": 0.814,
						"y": 1.121,
						"curve": [ 0.25, 0, 0.75, 1 ]
					},
					{ "time": 20, "x": 1, "y": 1, "curve": "stepped" },
					{
						"time": 22.5333,
						"x": 1,
						"y": 1,
						"curve": [ 0.25, 0, 0.75, 1 ]
					},
					{
						"time": 22.8666,
						"x": 0.814,
						"y": 1.121,
						"curve": [ 0.25, 0, 0.75, 1 ]
					},
					{ "time": 23.3333, "x": 1, "y": 1 }
				]
			},
			"R_ear": {
				"rotate": [
					{ "time": 0, "angle": 0 }
				],
				"translate": [
					{ "time": 0, "x": 0, "y": 0, "curve": "stepped" },
					{
						"time": 2.3333,
						"x": 0,
						"y": 0,
						"curve": [ 0.25, 0, 0.75, 1 ]
					},
					{ "time": 2.6666, "x": -1.26, "y": 2.4, "curve": "stepped" },
					{
						"time": 5,
						"x": -1.26,
						"y": 2.4,
						"curve": [ 0.25, 0, 0.75, 1 ]
					},
					{ "time": 5.4666, "x": -1.26, "y": -4.21, "curve": "stepped" },
					{
						"time": 7.8333,
						"x": -1.26,
						"y": -4.21,
						"curve": [ 0.25, 0, 0.75, 1 ]
					},
					{ "time": 8.1666, "x": -5.88, "y": -2.63, "curve": "stepped" },
					{
						"time": 12.1666,
						"x": -5.88,
						"y": -2.63,
						"curve": [ 0.25, 0, 0.75, 1 ]
					},
					{
						"time": 12.6333,
						"x": 2.58,
						"y": -5.49,
						"curve": [ 0.25, 0, 0.75, 1 ]
					},
					{ "time": 17.5, "x": 8.36, "y": -5.49, "curve": "stepped" },
					{
						"time": 19.2,
						"x": 8.36,
						"y": -5.49,
						"curve": [ 0.25, 0, 0.75, 1 ]
					},
					{ "time": 19.5333, "x": -1.26, "y": -4.21, "curve": "stepped" },
					{
						"time": 22.5333,
						"x": -1.26,
						"y": -4.21,
						"curve": [ 0.25, 0, 0.75, 1 ]
					},
					{ "time": 22.8666, "x": 0, "y": 0 }
				],
				"scale": [
					{ "time": 0, "x": 1, "y": 1, "curve": "stepped" },
					{
						"time": 2.3333,
						"x": 1,
						"y": 1,
						"curve": [ 0.25, 0, 0.75, 1 ]
					},
					{
						"time": 2.6666,
						"x": 0.814,
						"y": 1.121,
						"curve": [ 0.25, 0, 0.75, 1 ]
					},
					{ "time": 3.1333, "x": 0.939, "y": 1, "curve": "stepped" },
					{
						"time": 4.6666,
						"x": 0.939,
						"y": 1,
						"curve": [ 0.25, 0, 0.75, 1 ]
					},
					{
						"time": 5,
						"x": 0.814,
						"y": 1.121,
						"curve": [ 0.25, 0, 0.75, 1 ]
					},
					{ "time": 5.4666, "x": 0.939, "y": 1, "curve": "stepped" },
					{
						"time": 7.8333,
						"x": 0.939,
						"y": 1,
						"curve": [ 0.25, 0, 0.75, 1 ]
					},
					{
						"time": 8.1666,
						"x": 0.814,
						"y": 1.121,
						"curve": [ 0.25, 0, 0.75, 1 ]
					},
					{ "time": 8.6333, "x": 0.939, "y": 1, "curve": "stepped" },
					{
						"time": 11.8333,
						"x": 0.939,
						"y": 1,
						"curve": [ 0.25, 0, 0.75, 1 ]
					},
					{
						"time": 12.1666,
						"x": 0.814,
						"y": 1.121,
						"curve": [ 0.25, 0, 0.75, 1 ]
					},
					{ "time": 12.6333, "x": 1, "y": 1, "curve": "stepped" },
					{
						"time": 19.2,
						"x": 1,
						"y": 1,
						"curve": [ 0.25, 0, 0.75, 1 ]
					},
					{
						"time": 19.5333,
						"x": 0.814,
						"y": 1.121,
						"curve": [ 0.25, 0, 0.75, 1 ]
					},
					{ "time": 20, "x": 1, "y": 1, "curve": "stepped" },
					{
						"time": 22.5333,
						"x": 1,
						"y": 1,
						"curve": [ 0.25, 0, 0.75, 1 ]
					},
					{
						"time": 22.8666,
						"x": 0.814,
						"y": 1.121,
						"curve": [ 0.25, 0, 0.75, 1 ]
					},
					{ "time": 23.3333, "x": 1, "y": 1 }
				]
			},
			"pig": {
				"rotate": [
					{ "time": 0, "angle": 0 }
				],
				"translate": [
					{ "time": 0, "x": 0, "y": 0 }
				],
				"scale": [
					{ "time": 0, "x": 1, "y": 1, "curve": "stepped" },
					{
						"time": 2.3333,
						"x": 1,
						"y": 1,
						"curve": [ 0.25, 0, 0.75, 1 ]
					},
					{
						"time": 2.6666,
						"x": 1.05,
						"y": 0.953,
						"curve": [ 0.25, 0, 0.75, 1 ]
					},
					{ "time": 3.1333, "x": 1, "y": 1, "curve": "stepped" },
					{
						"time": 4.6666,
						"x": 1,
						"y": 1,
						"curve": [ 0.25, 0, 0.75, 1 ]
					},
					{
						"time": 5,
						"x": 1.05,
						"y": 0.953,
						"curve": [ 0.25, 0, 0.75, 1 ]
					},
					{ "time": 5.4666, "x": 1, "y": 1, "curve": "stepped" },
					{
						"time": 7.8333,
						"x": 1,
						"y": 1,
						"curve": [ 0.25, 0, 0.75, 1 ]
					},
					{ "time": 8.1666, "x": 1.05, "y": 0.953, "curve": "stepped" },
					{
						"time": 11.8333,
						"x": 1.05,
						"y": 0.953,
						"curve": [ 0.25, 0, 0.75, 1 ]
					},
					{
						"time": 12.1666,
						"x": 1.098,
						"y": 0.903,
						"curve": [ 0.25, 0, 0.75, 1 ]
					},
					{ "time": 12.6333, "x": 1, "y": 1, "curve": "stepped" },
					{
						"time": 19.2,
						"x": 1,
						"y": 1,
						"curve": [ 0.25, 0, 0.75, 1 ]
					},
					{
						"time": 19.5333,
						"x": 1.05,
						"y": 0.953,
						"curve": [ 0.25, 0, 0.75, 1 ]
					},
					{ "time": 20, "x": 1, "y": 1, "curve": "stepped" },
					{
						"time": 22.5333,
						"x": 1,
						"y": 1,
						"curve": [ 0.25, 0, 0.75, 1 ]
					},
					{
						"time": 22.8666,
						"x": 1.05,
						"y": 0.953,
						"curve": [ 0.25, 0, 0.75, 1 ]
					},
					{ "time": 23.3333, "x": 1, "y": 1 }
				]
			},
			"root": {
				"rotate": [
					{ "time": 0, "angle": 0, "curve": "stepped" },
					{ "time": 22.8666, "angle": 0 }
				],
				"translate": [
					{ "time": 0, "x": 0, "y": 0, "curve": "stepped" },
					{ "time": 22.8666, "x": 0, "y": 0 }
				],
				"scale": [
					{ "time": 0, "x": 1, "y": 1, "curve": "stepped" },
					{ "time": 22.8666, "x": 1, "y": 1 }
				]
			},
			"star1/pig/L_brow": {
				"rotate": [
					{ "time": 0, "angle": 0 }
				],
				"translate": [
					{ "time": 0, "x": 0, "y": 0, "curve": "stepped" },
					{
						"time": 2.3333,
						"x": 0,
						"y": 0,
						"curve": [ 0.25, 0, 0.75, 1 ]
					},
					{ "time": 2.6666, "x": 0, "y": -5.22, "curve": "stepped" },
					{
						"time": 4.6666,
						"x": 0,
						"y": -5.22,
						"curve": [ 0.25, 0, 0.75, 1 ]
					},
					{
						"time": 5,
						"x": 0,
						"y": -8.29,
						"curve": [ 0.25, 0, 0.75, 1 ]
					},
					{ "time": 5.4666, "x": 0, "y": 2.09, "curve": "stepped" },
					{
						"time": 7.8333,
						"x": 0,
						"y": 2.09,
						"curve": [ 0.25, 0, 0.75, 1 ]
					},
					{
						"time": 8.1666,
						"x": 0,
						"y": -8.4,
						"curve": [ 0.25, 0, 0.75, 1 ]
					},
					{ "time": 8.6333, "x": 0, "y": -3.59, "curve": "stepped" },
					{
						"time": 12.1666,
						"x": 0,
						"y": -3.59,
						"curve": [ 0.314, 0, 0.648, 0.34 ]
					},
					{ "time": 12.6333, "x": 0, "y": 2.78, "curve": "stepped" },
					{
						"time": 19.2,
						"x": 0,
						"y": 2.78,
						"curve": [ 0.275, 0.11, 0.753, 1 ]
					},
					{
						"time": 19.5333,
						"x": 0,
						"y": -4.81,
						"curve": [ 0.25, 0, 0.75, 1 ]
					},
					{ "time": 20, "x": 0, "y": 0 }
				],
				"scale": [
					{ "time": 0, "x": 1, "y": 1 }
				]
			},
			"star1/pig/R_brow": {
				"rotate": [
					{ "time": 0, "angle": 0 }
				],
				"translate": [
					{ "time": 0, "x": 0, "y": 0, "curve": "stepped" },
					{
						"time": 2.3333,
						"x": 0,
						"y": 0,
						"curve": [ 0.25, 0, 0.75, 1 ]
					},
					{ "time": 2.6666, "x": 0, "y": -10.99, "curve": "stepped" },
					{
						"time": 4.6666,
						"x": 0,
						"y": -10.99,
						"curve": [ 0.25, 0, 0.75, 1 ]
					},
					{
						"time": 5,
						"x": 0.36,
						"y": -14.04,
						"curve": [ 0.25, 0, 0.75, 1 ]
					},
					{ "time": 5.4666, "x": 0, "y": -3.68, "curve": "stepped" },
					{
						"time": 7.8333,
						"x": 0,
						"y": -3.68,
						"curve": [ 0.25, 0, 0.75, 1 ]
					},
					{
						"time": 8.1666,
						"x": 4.76,
						"y": -15.49,
						"curve": [ 0.25, 0, 0.75, 1 ]
					},
					{ "time": 8.6333, "x": 4.76, "y": -10.67, "curve": "stepped" },
					{
						"time": 12.1666,
						"x": 4.76,
						"y": -10.67,
						"curve": [ 0.314, 0, 0.648, 0.34 ]
					},
					{ "time": 12.6333, "x": 4.66, "y": -4.27, "curve": "stepped" },
					{
						"time": 19.2,
						"x": 4.66,
						"y": -4.27,
						"curve": [ 0.275, 0.11, 0.753, 1 ]
					},
					{
						"time": 19.5333,
						"x": 0,
						"y": -4.81,
						"curve": [ 0.25, 0, 0.75, 1 ]
					},
					{ "time": 20, "x": 0, "y": 0 }
				],
				"scale": [
					{ "time": 0, "x": 1, "y": 1 }
				]
			},
			"shadow": {
				"rotate": [
					{ "time": 0, "angle": 0, "curve": "stepped" },
					{ "time": 22.8666, "angle": 0 }
				],
				"translate": [
					{ "time": 0, "x": 0, "y": 0, "curve": "stepped" },
					{ "time": 22.8666, "x": 0, "y": 0 }
				],
				"scale": [
					{ "time": 0, "x": 1, "y": 1, "curve": "stepped" },
					{ "time": 22.8666, "x": 1, "y": 1 }
				]
			},
			"PIG_root": {
				"rotate": [
					{ "time": 0, "angle": 0, "curve": "stepped" },
					{ "time": 22.8666, "angle": 0 }
				],
				"translate": [
					{ "time": 0, "x": 0, "y": 0, "curve": "stepped" },
					{ "time": 22.8666, "x": 0, "y": 0 }
				],
				"scale": [
					{ "time": 0, "x": 1, "y": 1, "curve": "stepped" },
					{ "time": 22.8666, "x": 1, "y": 1 }
				]
			}
		}
	}
}
}