{
"skeleton": { "hash": "9VsEpENjbvZZcNodWZhVK4G4acs", "spine": "3.4.02", "width": 603.39, "height": 817.28, "images": "./picture/" },
"bones": [
	{ "name": "root" },
	{ "name": "STAR", "parent": "root" },
	{ "name": "PIG", "parent": "STAR", "x": 91.05, "y": -5.07 },
	{ "name": "body", "parent": "PIG", "x": -33.43, "y": 30.62 },
	{ "name": "L_ear", "parent": "body", "length": 14.36, "rotation": 107.07, "x": -46.22, "y": 13.77, "scaleY": 1.434 },
	{ "name": "R_ear", "parent": "body", "length": 12.67, "rotation": 90, "x": -32.63, "y": 20.9 },
	{ "name": "blue1", "parent": "STAR", "rotation": 81.22, "x": 5.04, "y": 365.39, "color": "46acb0ff" },
	{ "name": "blue2", "parent": "STAR", "rotation": 119.11, "x": -176.17, "y": 319.47, "color": "43539bff" },
	{ "name": "chocolate1", "parent": "STAR", "x": 48.52, "y": -41.73 },
	{ "name": "chocolate2", "parent": "STAR", "x": 11.76, "y": 10.07 },
	{ "name": "egg", "parent": "STAR", "length": 77.93, "rotation": 86.39, "x": -76.24, "y": 71.31, "color": "ffdd00ff" },
	{ "name": "pig/chocolate1", "parent": "STAR", "x": -0.57, "y": 74.95 },
	{ "name": "red", "parent": "STAR", "rotation": 88.45, "x": -81.25, "y": 446.33, "color": "7a1c26ff" },
	{ "name": "shadow", "parent": "PIG", "x": -35.19, "y": 32.83, "color": "591015ff" },
	{ "name": "tail", "parent": "body", "length": 11.54, "rotation": 37.37, "x": 11.59, "y": -8.83 }
],
"slots": [
	{ "name": "star", "bone": "STAR", "attachment": "star" },
	{ "name": "chocolate2", "bone": "chocolate2", "attachment": "chocolate2" },
	{ "name": "shadow", "bone": "shadow", "attachment": "pig/shadow" },
	{ "name": "L_ear", "bone": "L_ear", "attachment": "pig/L_ear" },
	{ "name": "R_ear", "bone": "R_ear", "attachment": "pig/R_ear" },
	{ "name": "body", "bone": "body", "attachment": "pig/body" },
	{ "name": "tail", "bone": "tail", "attachment": "pig/tail" },
	{ "name": "egg", "bone": "egg", "attachment": "egg" },
	{ "name": "egg_chocolate", "bone": "STAR", "attachment": "egg_chocolate" },
	{ "name": "blue1_line", "bone": "egg", "attachment": "balloon/blue1_line" },
	{ "name": "red_line", "bone": "egg", "attachment": "balloon/red_line" },
	{ "name": "blue2_line", "bone": "egg", "attachment": "balloon/blue2_line" },
	{ "name": "blue1", "bone": "blue1", "attachment": "balloon/blue1" },
	{ "name": "blue2", "bone": "blue2", "attachment": "balloon/blue2" },
	{ "name": "red", "bone": "red", "attachment": "balloon/red" },
	{ "name": "pig/chocolate1", "bone": "pig/chocolate1", "attachment": "pig/chocolate01" },
	{ "name": "chocolate1", "bone": "chocolate1", "attachment": "chocolate1" }
],
"skins": {
	"default": {
		"L_ear": {
			"pig/L_ear": { "x": 8.47, "y": 0.56, "rotation": -107.07, "width": 16, "height": 21 }
		},
		"R_ear": {
			"pig/R_ear": { "x": 8.29, "y": 1.99, "rotation": -90, "width": 25, "height": 20 }
		},
		"blue1": {
			"balloon/blue1": { "x": 20.07, "y": -0.78, "scaleX": 0.947, "scaleY": 0.947, "rotation": -81.22, "width": 44, "height": 52 }
		},
		"blue1_line": {
			"balloon/blue1_line": {
				"type": "mesh",
				"uvs": [ 1, 1, 0, 1, 0, 0, 1, 0 ],
				"triangles": [ 1, 3, 0, 1, 2, 3 ],
				"vertices": [ 231.41, -58.9, 230.65, -46.93, 296.56, -50.7, 297.32, -62.67 ],
				"hull": 4,
				"edges": [ 0, 2, 2, 4, 4, 6, 0, 6 ],
				"width": 12,
				"height": 35
			}
		},
		"blue2": {
			"balloon/blue2": { "x": 17.48, "y": -1.12, "scaleX": 0.845, "scaleY": 0.845, "rotation": -119.11, "width": 40, "height": 48 }
		},
		"blue2_line": {
			"balloon/blue2_line": {
				"type": "mesh",
				"uvs": [ 1, 1, 0, 1, 0, 0, 1, 0 ],
				"triangles": [ 1, 3, 0, 1, 2, 3 ],
				"vertices": [ 181.57, 93.12, 180.5, 110.09, 241.29, 115.73, 234.79, 98.26 ],
				"hull": 4,
				"edges": [ 0, 2, 2, 4, 4, 6, 0, 6 ],
				"width": 17,
				"height": 40
			}
		},
		"body": {
			"pig/body": {
				"type": "mesh",
				"uvs": [ 1, 1, 0, 1, 0, 0, 1, 0 ],
				"triangles": [ 1, 2, 3, 1, 3, 0 ],
				"vertices": [ 44.9, -44.35, -53.43, -46.86, -55.86, 48.33, 42.47, 50.84 ],
				"hull": 4,
				"edges": [ 0, 2, 2, 4, 4, 6, 0, 6 ],
				"width": 94,
				"height": 91
			}
		},
		"chocolate1": {
			"chocolate1": { "x": -1.5, "y": 4.76, "width": 39, "height": 26 }
		},
		"chocolate2": {
			"chocolate2": { "x": -2.13, "y": -20.86, "width": 45, "height": 62 }
		},
		"egg": {
			"egg": { "x": 155.11, "y": 12.31, "scaleX": 0.948, "scaleY": 0.881, "rotation": -86.39, "width": 224, "height": 327 }
		},
		"egg_chocolate": {
			"egg_chocolate": {
				"type": "mesh",
				"uvs": [ 1, 0.62289, 0.69509, 0.68219, 0.39894, 1, 0.21602, 1, 0, 0.64407, 0, 0.23314, 0.20508, 0.47985, 0.49713, 0.39986, 0.78437, 0, 1, 0 ],
				"triangles": [ 8, 9, 0, 7, 8, 0, 4, 5, 6, 1, 7, 0, 6, 2, 3, 1, 6, 7, 4, 6, 3, 1, 2, 6 ],
				"vertices": [ 18.02, 70.98, -38.55, 66.69999, -95.66, 35.91, -131.92, 35.91, -176.96, 70.12999, -176.96, 113.84, -134.6, 90.2, -78.61, 95.36, -22.04, 131.26, 21.92, 133.86 ],
				"hull": 10,
				"edges": [ 10, 12, 12, 14, 16, 18, 14, 16, 8, 10, 8, 6, 4, 6, 4, 2, 0, 18, 2, 0 ],
				"width": 214,
				"height": 110
			}
		},
		"pig/chocolate1": {
			"pig/chocolate01": { "x": -13.07, "y": -18.87, "scaleY": 0.914, "rotation": -5.74, "width": 31, "height": 57 }
		},
		"red": {
			"balloon/red": { "x": 28.17, "y": -2.92, "scaleX": 1.021, "scaleY": 1.031, "rotation": -88.45, "width": 55, "height": 65 }
		},
		"red_line": {
			"balloon/red_line": {
				"type": "mesh",
				"uvs": [ 1, 1, 0, 1, 0, 0, 1, 0 ],
				"triangles": [ 1, 3, 0, 1, 2, 3 ],
				"vertices": [ 244.72, 22.09, 242.79, 52.64, 372.26, 59.54, 374.19, 29 ],
				"hull": 4,
				"edges": [ 0, 2, 2, 4, 4, 6, 0, 6 ],
				"width": 49,
				"height": 139
			}
		},
		"shadow": {
			"pig/shadow": { "x": -3.16, "y": 1.84, "width": 128, "height": 117 }
		},
		"star": {
			"star": { "x": 24.32, "y": 7.15, "scaleX": 0.982, "width": 614, "height": 633 }
		},
		"tail": {
			"pig/tail": { "x": 10.74, "y": 1.53, "rotation": -37.37, "width": 21, "height": 31 }
		}
	}
},
"animations": {
	"loop": {
		"slots": {
			"L_ear": {
				"attachment": [
					{ "time": 0, "name": "pig/L_ear" }
				]
			},
			"R_ear": {
				"attachment": [
					{ "time": 0, "name": "pig/R_ear" }
				]
			},
			"blue1": {
				"attachment": [
					{ "time": 0, "name": "balloon/blue1" }
				]
			},
			"blue2": {
				"attachment": [
					{ "time": 0, "name": "balloon/blue2" }
				]
			},
			"blue1_line": {
				"attachment": [
					{ "time": 0, "name": "balloon/blue1_line" }
				]
			},
			"blue2_line": {
				"attachment": [
					{ "time": 0, "name": "balloon/blue2_line" }
				]
			},
			"body": {
				"attachment": [
					{ "time": 0, "name": "pig/body" }
				]
			},
			"chocolate1": {
				"attachment": [
					{ "time": 0, "name": "chocolate1" }
				]
			},
			"egg": {
				"attachment": [
					{ "time": 0, "name": "egg" }
				]
			},
			"egg_chocolate": {
				"attachment": [
					{ "time": 0, "name": "egg_chocolate" }
				]
			},
			"pig/chocolate1": {
				"attachment": [
					{ "time": 0, "name": "pig/chocolate01" }
				]
			},
			"red": {
				"attachment": [
					{ "time": 0, "name": "balloon/red" }
				]
			},
			"red_line": {
				"attachment": [
					{ "time": 0, "name": "balloon/red_line" }
				]
			},
			"shadow": {
				"attachment": [
					{ "time": 0, "name": "pig/shadow" }
				]
			},
			"star": {
				"attachment": [
					{ "time": 0, "name": "star" }
				]
			},
			"tail": {
				"attachment": [
					{ "time": 0, "name": "pig/tail" }
				]
			}
		},
		"bones": {
			"STAR": {
				"rotate": [
					{ "time": 0, "angle": 0 }
				],
				"translate": [
					{
						"time": 0,
						"x": 0,
						"y": 0,
						"curve": [ 0, 0, 0.75, 1 ]
					},
					{
						"time": 1.7666,
						"x": 0,
						"y": -8.48,
						"curve": [ 0.25, 0, 0.75, 1 ]
					},
					{
						"time": 6.2333,
						"x": 0,
						"y": 11.68,
						"curve": [ 0.25, 0, 1, 1 ]
					},
					{ "time": 8, "x": 0, "y": 0 }
				],
				"scale": [
					{ "time": 0, "x": 1, "y": 1 }
				]
			},
			"blue1": {
				"rotate": [
					{
						"time": 0,
						"angle": 2.12,
						"curve": [ 0.25, 0, 0.75, 1 ]
					},
					{
						"time": 4.1333,
						"angle": -9.72,
						"curve": [ 0.25, 0, 0.75, 1 ]
					},
					{ "time": 8, "angle": 2.12 }
				],
				"translate": [
					{
						"time": 0,
						"x": 5.88,
						"y": 14.65,
						"curve": [ 0.31, 0.25, 0.756, 1 ]
					},
					{
						"time": 2.9666,
						"x": 18.69,
						"y": -28.35,
						"curve": [ 0.37, 0, 0.75, 1 ]
					},
					{
						"time": 7.4,
						"x": 4.82,
						"y": 17.84,
						"curve": [ 0.29, 0, 0.629, 0.37 ]
					},
					{ "time": 8, "x": 5.88, "y": 14.65 }
				],
				"scale": [
					{
						"time": 0,
						"x": 1.078,
						"y": 0.923,
						"curve": [ 0.25, 0, 0.75, 1 ]
					},
					{
						"time": 4.1333,
						"x": 0.8,
						"y": 1.195,
						"curve": [ 0.25, 0, 0.75, 1 ]
					},
					{ "time": 8, "x": 1.078, "y": 0.923 }
				]
			},
			"blue2": {
				"rotate": [
					{
						"time": 0,
						"angle": -14.25,
						"curve": [ 0, 0, 0.75, 1 ]
					},
					{
						"time": 3.5666,
						"angle": 18.78,
						"curve": [ 0.25, 0, 0.75, 1 ]
					},
					{
						"time": 6.8,
						"angle": -17.44,
						"curve": [ 0.25, 0, 1, 1 ]
					},
					{ "time": 8, "angle": -14.25 }
				],
				"translate": [
					{
						"time": 0,
						"x": 7.36,
						"y": 4.41,
						"curve": [ 0, 0, 0.657, 1 ]
					},
					{
						"time": 2.3666,
						"x": 2.77,
						"y": -15.24,
						"curve": [ 0.37, 0, 0.75, 1 ]
					},
					{
						"time": 6.8,
						"x": 7.48,
						"y": 17.84,
						"curve": [ 0.222, 0, 1, 1 ]
					},
					{ "time": 8, "x": 7.36, "y": 4.41 }
				],
				"scale": [
					{
						"time": 0,
						"x": 1.051,
						"y": 0.951,
						"curve": [ 0, 0, 0.75, 1 ]
					},
					{
						"time": 3.5666,
						"x": 0.8,
						"y": 1.195,
						"curve": [ 0.682, 0, 1, 0.99 ]
					},
					{
						"time": 6.8,
						"x": 1.097,
						"y": 0.904,
						"curve": [ 0.222, 0, 1, 1 ]
					},
					{ "time": 8, "x": 1.051, "y": 0.951 }
				]
			},
			"egg": {
				"rotate": [
					{
						"time": 0,
						"angle": -1.67,
						"curve": [ 0.25, 0, 0.75, 1 ]
					},
					{
						"time": 6.2333,
						"angle": -3.3,
						"curve": [ 0.25, 0, 0.75, 1 ]
					},
					{ "time": 8, "angle": -1.67 }
				],
				"translate": [
					{ "time": 0, "x": 0, "y": 0 }
				],
				"scale": [
					{ "time": 0, "x": 1, "y": 1 }
				]
			},
			"red": {
				"rotate": [
					{
						"time": 0,
						"angle": 0.88,
						"curve": [ 0.377, 0.6, 0.721, 1 ]
					},
					{
						"time": 0.9,
						"angle": -2.95,
						"curve": [ 0.25, 0, 0.75, 1 ]
					},
					{
						"time": 5.0333,
						"angle": 22.68,
						"curve": [ 0.242, 0, 0.671, 0.68 ]
					},
					{ "time": 8, "angle": 0.88 }
				],
				"translate": [
					{
						"time": 0,
						"x": -6.72,
						"y": 16.75,
						"curve": [ 0.25, 0, 1, 0.99 ]
					},
					{
						"time": 0.9,
						"x": -9.03,
						"y": 8.52,
						"curve": [ 0, 0, 0.756, 1 ]
					},
					{
						"time": 3.8666,
						"x": -23.42,
						"y": -28.35,
						"curve": [ 0.364, 0, 0.737, 0.88 ]
					},
					{ "time": 8, "x": -6.72, "y": 16.75 }
				],
				"scale": [
					{
						"time": 0,
						"x": 1.033,
						"y": 0.968,
						"curve": [ 0.377, 0.6, 0.721, 1 ]
					},
					{
						"time": 0.9,
						"x": 1.078,
						"y": 0.923,
						"curve": [ 0.25, 0, 0.75, 1 ]
					},
					{
						"time": 5.0333,
						"x": 0.8,
						"y": 1.195,
						"curve": [ 0.242, 0, 0.671, 0.68 ]
					},
					{ "time": 8, "x": 1.033, "y": 0.968 }
				]
			},
			"PIG": {
				"rotate": [
					{ "time": 0, "angle": 0 }
				],
				"translate": [
					{
						"time": 0,
						"x": 0,
						"y": 0,
						"curve": [ 0.25, 0, 0.75, 1 ]
					},
					{
						"time": 6.2333,
						"x": 0,
						"y": -7.32,
						"curve": [ 0.25, 0, 0.75, 1 ]
					},
					{ "time": 8, "x": 0, "y": 0 }
				],
				"scale": [
					{ "time": 0, "x": 1, "y": 1 }
				]
			},
			"body": {
				"rotate": [
					{ "time": 0, "angle": 0 }
				],
				"translate": [
					{
						"time": 0,
						"x": 0,
						"y": 1.84,
						"curve": [ 0.405, 0.45, 0.676, 0.96 ]
					},
					{
						"time": 5.8,
						"x": 0,
						"y": -6.6,
						"curve": [ 0.583, 0, 0.754, 0.95 ]
					},
					{
						"time": 6.1,
						"x": 0,
						"y": -3.63,
						"curve": [ 0.331, 0.66, 0.664, 1 ]
					},
					{
						"time": 6.3,
						"x": 0,
						"y": -0.69,
						"curve": [ 0.289, 0, 0.628, 0.37 ]
					},
					{
						"time": 6.5666,
						"x": 0,
						"y": -3.13,
						"curve": [ 0.321, 0.28, 0.656, 0.62 ]
					},
					{
						"time": 6.8,
						"x": 0,
						"y": 0.27,
						"curve": [ 0.317, 0.28, 0.655, 0.63 ]
					},
					{
						"time": 7.1,
						"x": 0,
						"y": -1.57,
						"curve": [ 0.331, 0.32, 0.665, 0.66 ]
					},
					{
						"time": 7.3333,
						"x": 0,
						"y": 0.47,
						"curve": [ 0.334, 0.33, 0.67, 0.67 ]
					},
					{
						"time": 7.5333,
						"x": 0,
						"y": -0.18,
						"curve": [ 0.337, 0.34, 0.671, 0.68 ]
					},
					{
						"time": 7.7666,
						"x": 0,
						"y": 1.84,
						"curve": [ 0.345, 0.37, 0.68, 0.71 ]
					},
					{ "time": 8, "x": 0, "y": 1.84 }
				],
				"scale": [
					{ "time": 0, "x": 1, "y": 1 }
				]
			},
			"shadow": {
				"rotate": [
					{ "time": 0, "angle": 0 }
				],
				"translate": [
					{ "time": 0, "x": 0, "y": 0, "curve": "stepped" },
					{
						"time": 5.8,
						"x": 0,
						"y": 0,
						"curve": [ 0.25, 0, 0.75, 1 ]
					},
					{
						"time": 6.1,
						"x": 0,
						"y": -1.59,
						"curve": [ 0.25, 0, 0.75, 1 ]
					},
					{
						"time": 6.3,
						"x": 1.15,
						"y": 5.63,
						"curve": [ 0.25, 0, 0.75, 1 ]
					},
					{
						"time": 6.5666,
						"x": 0,
						"y": -1.59,
						"curve": [ 0.25, 0, 0.75, 1 ]
					},
					{
						"time": 6.8,
						"x": 1.15,
						"y": 5.63,
						"curve": [ 0.25, 0, 0.75, 1 ]
					},
					{
						"time": 7.1,
						"x": 0,
						"y": -4.92,
						"curve": [ 0.25, 0, 0.75, 1 ]
					},
					{
						"time": 7.3333,
						"x": 1.15,
						"y": 3.2,
						"curve": [ 0.25, 0, 0.75, 1 ]
					},
					{
						"time": 7.5333,
						"x": 0,
						"y": -4.92,
						"curve": [ 0.25, 0, 0.75, 1 ]
					},
					{
						"time": 7.7666,
						"x": 1.15,
						"y": 4.33,
						"curve": [ 0.25, 0, 0.75, 1 ]
					},
					{ "time": 8, "x": 0, "y": 0 }
				],
				"scale": [
					{
						"time": 0,
						"x": 0.964,
						"y": 0.964,
						"curve": [ 0.246, 0, 0.751, 1 ]
					},
					{
						"time": 5.8,
						"x": 0.964,
						"y": 1.116,
						"curve": [ 0.25, 0, 0.75, 1 ]
					},
					{
						"time": 6.1,
						"x": 1,
						"y": 1.119,
						"curve": [ 0.25, 0, 0.75, 1 ]
					},
					{
						"time": 6.3,
						"x": 1.026,
						"y": 0.994,
						"curve": [ 0.25, 0, 0.75, 1 ]
					},
					{
						"time": 6.5666,
						"x": 1,
						"y": 1.119,
						"curve": [ 0.25, 0, 0.75, 1 ]
					},
					{
						"time": 6.8,
						"x": 1.026,
						"y": 0.994,
						"curve": [ 0.25, 0, 0.75, 1 ]
					},
					{
						"time": 7.1,
						"x": 1,
						"y": 1.075,
						"curve": [ 0.25, 0, 0.75, 1 ]
					},
					{
						"time": 7.3333,
						"x": 0.991,
						"y": 0.96,
						"curve": [ 0.25, 0, 0.75, 1 ]
					},
					{
						"time": 7.5333,
						"x": 0.977,
						"y": 1.05,
						"curve": [ 0.25, 0, 0.75, 1 ]
					},
					{
						"time": 7.7666,
						"x": 0.978,
						"y": 0.947,
						"curve": [ 0.25, 0, 0.75, 1 ]
					},
					{ "time": 8, "x": 0.964, "y": 0.964 }
				]
			},
			"tail": {
				"rotate": [
					{ "time": 0, "angle": 0, "curve": "stepped" },
					{
						"time": 5.8,
						"angle": 0,
						"curve": [ 0.25, 0, 0.75, 1 ]
					},
					{
						"time": 6.1,
						"angle": 15.88,
						"curve": [ 0.25, 0, 0.75, 1 ]
					},
					{
						"time": 6.3,
						"angle": -75.12,
						"curve": [ 0.25, 0, 0.75, 1 ]
					},
					{
						"time": 6.5666,
						"angle": 15.88,
						"curve": [ 0.25, 0, 0.75, 1 ]
					},
					{
						"time": 6.8,
						"angle": -75.12,
						"curve": [ 0.25, 0, 0.75, 1 ]
					},
					{
						"time": 7.1,
						"angle": 15.88,
						"curve": [ 0.25, 0, 0.75, 1 ]
					},
					{
						"time": 7.3333,
						"angle": -75.12,
						"curve": [ 0.25, 0, 0.75, 1 ]
					},
					{
						"time": 7.5333,
						"angle": 15.88,
						"curve": [ 0.25, 0, 0.75, 1 ]
					},
					{
						"time": 7.7666,
						"angle": -75.12,
						"curve": [ 0.25, 0, 0.75, 1 ]
					},
					{ "time": 8, "angle": 0 }
				],
				"translate": [
					{ "time": 0, "x": 0, "y": 0, "curve": "stepped" },
					{
						"time": 5.8,
						"x": 0,
						"y": 0,
						"curve": [ 0.25, 0, 0.75, 1 ]
					},
					{
						"time": 6.1,
						"x": 8.99,
						"y": 3.77,
						"curve": [ 0.25, 0, 0.75, 1 ]
					},
					{
						"time": 6.3,
						"x": -3.96,
						"y": -10.59,
						"curve": [ 0.25, 0, 0.75, 1 ]
					},
					{
						"time": 6.5666,
						"x": 8.99,
						"y": 3.77,
						"curve": [ 0.25, 0, 0.75, 1 ]
					},
					{
						"time": 6.8,
						"x": -3.96,
						"y": -10.59,
						"curve": [ 0.25, 0, 0.75, 1 ]
					},
					{
						"time": 7.1,
						"x": 8.99,
						"y": 3.77,
						"curve": [ 0.25, 0, 0.75, 1 ]
					},
					{
						"time": 7.3333,
						"x": -3.96,
						"y": -10.59,
						"curve": [ 0.25, 0, 0.75, 1 ]
					},
					{
						"time": 7.5333,
						"x": 8.99,
						"y": 3.77,
						"curve": [ 0.25, 0, 0.75, 1 ]
					},
					{
						"time": 7.7666,
						"x": -3.96,
						"y": -10.59,
						"curve": [ 0.25, 0, 0.75, 1 ]
					},
					{ "time": 8, "x": 0, "y": 0 }
				],
				"scale": [
					{ "time": 0, "x": 1, "y": 1, "curve": "stepped" },
					{
						"time": 5.8,
						"x": 1,
						"y": 1,
						"curve": [ 0.25, 0, 0.75, 1 ]
					},
					{
						"time": 6.1,
						"x": 1.158,
						"y": 1,
						"curve": [ 0.25, 0, 0.75, 1 ]
					},
					{
						"time": 6.3,
						"x": 0.893,
						"y": 1,
						"curve": [ 0.25, 0, 0.75, 1 ]
					},
					{
						"time": 6.5666,
						"x": 1.158,
						"y": 1,
						"curve": [ 0.25, 0, 0.75, 1 ]
					},
					{
						"time": 6.8,
						"x": 0.893,
						"y": 1,
						"curve": [ 0.25, 0, 0.75, 1 ]
					},
					{
						"time": 7.1,
						"x": 1.158,
						"y": 1,
						"curve": [ 0.25, 0, 0.75, 1 ]
					},
					{
						"time": 7.3333,
						"x": 0.893,
						"y": 1,
						"curve": [ 0.25, 0, 0.75, 1 ]
					},
					{
						"time": 7.5333,
						"x": 1.158,
						"y": 1,
						"curve": [ 0.25, 0, 0.75, 1 ]
					},
					{
						"time": 7.7666,
						"x": 0.893,
						"y": 1,
						"curve": [ 0.25, 0, 0.75, 1 ]
					},
					{ "time": 8, "x": 1, "y": 1 }
				]
			},
			"L_ear": {
				"rotate": [
					{ "time": 0, "angle": 0, "curve": "stepped" },
					{
						"time": 5.8,
						"angle": 0,
						"curve": [ 0.25, 0, 0.75, 1 ]
					},
					{
						"time": 6.1,
						"angle": -10.06,
						"curve": [ 0.25, 0, 0.75, 1 ]
					},
					{
						"time": 6.3,
						"angle": 1.64,
						"curve": [ 0.25, 0, 0.75, 1 ]
					},
					{
						"time": 6.5666,
						"angle": -10.06,
						"curve": [ 0.25, 0, 0.75, 1 ]
					},
					{
						"time": 6.8,
						"angle": 1.64,
						"curve": [ 0.25, 0, 0.75, 1 ]
					},
					{
						"time": 7.1,
						"angle": -10.06,
						"curve": [ 0.25, 0, 0.75, 1 ]
					},
					{
						"time": 7.3333,
						"angle": 1.64,
						"curve": [ 0.25, 0, 0.75, 1 ]
					},
					{
						"time": 7.5333,
						"angle": -10.06,
						"curve": [ 0.25, 0, 0.75, 1 ]
					},
					{
						"time": 7.7666,
						"angle": 1.64,
						"curve": [ 0.25, 0, 0.75, 1 ]
					},
					{ "time": 8, "angle": 0 }
				],
				"translate": [
					{ "time": 0, "x": 0, "y": 0, "curve": "stepped" },
					{
						"time": 5.8,
						"x": 0,
						"y": 0,
						"curve": [ 0.25, 0, 0.75, 1 ]
					},
					{
						"time": 6.1,
						"x": 3.5,
						"y": 4.68,
						"curve": [ 0.25, 0, 0.75, 1 ]
					},
					{
						"time": 6.3,
						"x": -3.96,
						"y": -4.81,
						"curve": [ 0.25, 0, 0.75, 1 ]
					},
					{
						"time": 6.5666,
						"x": 3.5,
						"y": 4.68,
						"curve": [ 0.25, 0, 0.75, 1 ]
					},
					{
						"time": 6.8,
						"x": -0.97,
						"y": -1.82,
						"curve": [ 0.25, 0, 0.75, 1 ]
					},
					{
						"time": 7.1,
						"x": 3.5,
						"y": 4.68,
						"curve": [ 0.25, 0, 0.75, 1 ]
					},
					{
						"time": 7.3333,
						"x": -0.97,
						"y": -1.82,
						"curve": [ 0.25, 0, 0.75, 1 ]
					},
					{
						"time": 7.5333,
						"x": 3.5,
						"y": 4.68,
						"curve": [ 0.25, 0, 0.75, 1 ]
					},
					{
						"time": 7.7666,
						"x": -0.97,
						"y": -1.82,
						"curve": [ 0.25, 0, 0.75, 1 ]
					},
					{ "time": 8, "x": 0, "y": 0 }
				],
				"scale": [
					{ "time": 0, "x": 1, "y": 1 }
				]
			},
			"R_ear": {
				"rotate": [
					{ "time": 0, "angle": 0, "curve": "stepped" },
					{
						"time": 5.8,
						"angle": 0,
						"curve": [ 0.25, 0, 0.75, 1 ]
					},
					{
						"time": 6.1,
						"angle": -10.06,
						"curve": [ 0.25, 0, 0.75, 1 ]
					},
					{
						"time": 6.3,
						"angle": 1.64,
						"curve": [ 0.25, 0, 0.75, 1 ]
					},
					{
						"time": 6.5666,
						"angle": -10.06,
						"curve": [ 0.25, 0, 0.75, 1 ]
					},
					{
						"time": 6.8,
						"angle": 1.64,
						"curve": [ 0.25, 0, 0.75, 1 ]
					},
					{
						"time": 7.1,
						"angle": -10.06,
						"curve": [ 0.25, 0, 0.75, 1 ]
					},
					{
						"time": 7.3333,
						"angle": 1.64,
						"curve": [ 0.25, 0, 0.75, 1 ]
					},
					{
						"time": 7.5333,
						"angle": -10.06,
						"curve": [ 0.25, 0, 0.75, 1 ]
					},
					{
						"time": 7.7666,
						"angle": 1.64,
						"curve": [ 0.25, 0, 0.75, 1 ]
					},
					{ "time": 8, "angle": 0 }
				],
				"translate": [
					{ "time": 0, "x": 0, "y": 0, "curve": "stepped" },
					{
						"time": 5.8,
						"x": 0,
						"y": 0,
						"curve": [ 0.25, 0, 0.75, 1 ]
					},
					{
						"time": 6.1,
						"x": 3.5,
						"y": 4.68,
						"curve": [ 0.25, 0, 0.75, 1 ]
					},
					{
						"time": 6.3,
						"x": -3.96,
						"y": -4.81,
						"curve": [ 0.25, 0, 0.75, 1 ]
					},
					{
						"time": 6.5666,
						"x": 3.5,
						"y": 4.68,
						"curve": [ 0.25, 0, 0.75, 1 ]
					},
					{
						"time": 6.8,
						"x": -0.97,
						"y": -1.82,
						"curve": [ 0.25, 0, 0.75, 1 ]
					},
					{
						"time": 7.1,
						"x": 3.5,
						"y": 4.68,
						"curve": [ 0.25, 0, 0.75, 1 ]
					},
					{
						"time": 7.3333,
						"x": -0.97,
						"y": -1.82,
						"curve": [ 0.25, 0, 0.75, 1 ]
					},
					{
						"time": 7.5333,
						"x": 3.5,
						"y": 4.68,
						"curve": [ 0.25, 0, 0.75, 1 ]
					},
					{
						"time": 7.7666,
						"x": -0.97,
						"y": -1.82,
						"curve": [ 0.25, 0, 0.75, 1 ]
					},
					{ "time": 8, "x": 0, "y": 0 }
				],
				"scale": [
					{ "time": 0, "x": 1, "y": 1 }
				]
			},
			"root": {
				"rotate": [
					{ "time": 0, "angle": 0 }
				],
				"translate": [
					{ "time": 0, "x": 0, "y": 0 }
				],
				"scale": [
					{ "time": 0, "x": 1, "y": 1 }
				]
			},
			"pig/chocolate1": {
				"rotate": [
					{ "time": 0, "angle": 0 }
				],
				"translate": [
					{ "time": 0, "x": 0, "y": 0 }
				],
				"scale": [
					{ "time": 0, "x": 1, "y": 1 },
					{ "time": 5.8, "x": 1, "y": 1.158 },
					{ "time": 6.1, "x": 1, "y": 1.257 },
					{ "time": 6.3, "x": 1, "y": 0.915 },
					{ "time": 6.5666, "x": 1, "y": 1.158 },
					{ "time": 6.8, "x": 1, "y": 0.915 },
					{ "time": 7.1, "x": 1, "y": 1.158 },
					{ "time": 7.3333, "x": 1, "y": 0.915 },
					{ "time": 7.5333, "x": 1, "y": 1.158 },
					{ "time": 7.7666, "x": 1, "y": 0.915 },
					{ "time": 8, "x": 1, "y": 1 }
				]
			},
			"chocolate1": {
				"rotate": [
					{ "time": 0, "angle": 0 }
				],
				"translate": [
					{ "time": 0, "x": 0, "y": 0 },
					{ "time": 5.8, "x": 0, "y": -9.99 },
					{ "time": 6.1, "x": 0.54, "y": -13.28 },
					{ "time": 6.3, "x": 0.81, "y": -1.63 },
					{ "time": 6.5666, "x": 0.54, "y": -13.28 },
					{ "time": 6.8, "x": 0.81, "y": -1.63 },
					{ "time": 7.1, "x": 1.36, "y": -10 },
					{ "time": 7.3333, "x": 0.81, "y": 2.45 },
					{ "time": 7.5333, "x": 1.36, "y": -10 },
					{ "time": 7.7666, "x": 0.81, "y": 5.73 },
					{ "time": 8, "x": 0, "y": 0 }
				],
				"scale": [
					{ "time": 0, "x": 1, "y": 1 },
					{ "time": 5.8, "x": 1, "y": 0.857 },
					{ "time": 6.1, "x": 0.95, "y": 0.877 },
					{ "time": 6.3, "x": 1, "y": 1 },
					{ "time": 6.5666, "x": 0.95, "y": 0.877 },
					{ "time": 6.8, "x": 1, "y": 1 },
					{ "time": 7.1, "x": 0.95, "y": 0.877 },
					{ "time": 7.3333, "x": 1, "y": 1 },
					{ "time": 7.5333, "x": 0.95, "y": 0.877 },
					{ "time": 7.7666, "x": 1, "y": 1, "curve": "stepped" },
					{ "time": 8, "x": 1, "y": 1 }
				]
			},
			"chocolate2": {
				"rotate": [
					{ "time": 0, "angle": 0 }
				],
				"translate": [
					{ "time": 0, "x": 0, "y": 0 },
					{ "time": 5.8, "x": 1.09, "y": -4.92 },
					{ "time": 6.1, "x": 1.36, "y": -8.47 },
					{ "time": 6.3, "x": 0, "y": 0 },
					{ "time": 6.5666, "x": 1.36, "y": -8.47 },
					{ "time": 6.8, "x": 0, "y": 0 },
					{ "time": 7.1, "x": 1.36, "y": -8.47 },
					{ "time": 7.3333, "x": 0, "y": 0 },
					{ "time": 7.5333, "x": 1.36, "y": -8.47 },
					{ "time": 7.7666, "x": 0, "y": 0 }
				],
				"scale": [
					{ "time": 0, "x": 1, "y": 1 },
					{ "time": 5.8, "x": 1.154, "y": 1.231 },
					{ "time": 6.1, "x": 1.185, "y": 1.179 },
					{ "time": 6.3, "x": 0.907, "y": 0.917 },
					{ "time": 6.5666, "x": 1.185, "y": 1.179 },
					{ "time": 6.8, "x": 0.907, "y": 0.917 },
					{ "time": 7.1, "x": 1.185, "y": 1.179 },
					{ "time": 7.3333, "x": 0.907, "y": 0.917 },
					{ "time": 7.5333, "x": 1.185, "y": 1.112 },
					{ "time": 7.7666, "x": 0.907, "y": 0.917 },
					{ "time": 8, "x": 1, "y": 1 }
				]
			}
		},
		"deform": {
			"default": {
				"blue1_line": {
					"balloon/blue1_line": [
						{
							"time": 0,
							"offset": 4,
							"vertices": [ 17.53339, 4.40261, 17.53339, 4.40261 ],
							"curve": [ 0.31, 0.25, 0.756, 1 ]
						},
						{
							"time": 2.9666,
							"vertices": [ -1.1609, -8.26406, 0, 0, -23.68719, -9.05514, -23.68719, -9.05514 ],
							"curve": [ 0.479, 0, 1, 1 ]
						},
						{
							"time": 4.1333,
							"vertices": [ -1.1609, -8.26406, 0, 0, -16.34775, -4.15303, -16.34775, -4.15303 ]
						},
						{
							"time": 6.2333,
							"offset": 4,
							"vertices": [ 11.50424, 11.12558, 11.50424, 11.12558 ],
							"curve": [ 0, 0, 0.492, 0.49 ]
						},
						{
							"time": 6.8,
							"offset": 4,
							"vertices": [ 17.60721, 10.92565, 17.60721, 10.92565 ],
							"curve": [ 0.492, 0.49, 1, 1 ]
						},
						{
							"time": 7.4,
							"offset": 4,
							"vertices": [ 20.11832, 8.46301, 20.11832, 8.46301 ],
							"curve": [ 0.25, 0, 1, 1 ]
						},
						{
							"time": 8,
							"offset": 4,
							"vertices": [ 17.53339, 4.40261, 17.53339, 4.40261 ]
						}
					]
				},
				"blue2_line": {
					"balloon/blue2_line": [
						{
							"time": 0,
							"offset": 4,
							"vertices": [ 1.21519, -0.53557, 1.21519, -0.53557 ],
							"curve": [ 0, 0, 0.75, 1 ]
						},
						{
							"time": 2.3666,
							"offset": 4,
							"vertices": [ -19.99111, 4.64489, -19.99111, 4.64489 ],
							"curve": [ 0.616, 0, 1, 1 ]
						},
						{
							"time": 3.5666,
							"offset": 4,
							"vertices": [ -15.37083, 5.68647, -15.37083, 5.68647 ],
							"curve": [ 0.25, 0, 0.816, 0.97 ]
						},
						{
							"time": 6.2333,
							"offset": 4,
							"vertices": [ 8.66923, 7.93997, 8.66923, 7.93997 ]
						},
						{
							"time": 6.8,
							"offset": 4,
							"vertices": [ 12.22719, 5.83444, 12.22719, 5.83444 ],
							"curve": [ 0.25, 0, 1, 1 ]
						},
						{
							"time": 7.4,
							"offset": 4,
							"vertices": [ 7.92656, 1.93067, 7.92656, 1.93067 ],
							"curve": [ 0.25, 0, 1, 1 ]
						},
						{
							"time": 8,
							"offset": 4,
							"vertices": [ 1.21519, -0.53557, 1.21519, -0.53557 ]
						}
					]
				},
				"body": {
					"pig/body": [
						{ "time": 0, "curve": "stepped" },
						{
							"time": 5.8,
							"curve": [ 0.25, 0, 0.75, 1 ]
						},
						{
							"time": 6.1,
							"vertices": [ -4.04798, -2.02399, -2.024, -6.747, 3.03599, 1.518, -2.52999, -2.02398 ],
							"curve": [ 0.25, 0, 0.75, 1 ]
						},
						{
							"time": 6.3,
							"vertices": [ 3.54198, 5.06, 6.07199, 4.55398, -4.04798, -8.60197, 0.506, 3.54196 ],
							"curve": [ 0.25, 0, 0.75, 1 ]
						},
						{
							"time": 6.5666,
							"vertices": [ -4.04798, -2.02399, -2.024, -6.747, 3.03599, 1.518, -2.52999, -2.02398 ],
							"curve": [ 0.25, 0, 0.75, 1 ]
						},
						{
							"time": 6.8,
							"vertices": [ 3.54198, 5.06, 6.07199, 4.55398, -4.04798, -8.60197, 0.506, 3.54196 ],
							"curve": [ 0.25, 0, 0.75, 1 ]
						},
						{
							"time": 7.1,
							"vertices": [ -4.04798, -2.02399, -2.024, -6.747, 3.03599, 1.518, -2.52999, -2.02398 ],
							"curve": [ 0.25, 0, 0.75, 1 ]
						},
						{
							"time": 7.3333,
							"vertices": [ 3.54198, 5.06, 6.07199, 4.55398, -4.04798, -8.60197, 0.506, 3.54196 ],
							"curve": [ 0.25, 0, 0.75, 1 ]
						},
						{
							"time": 7.5333,
							"vertices": [ -4.04798, -2.02399, -2.024, -6.747, 3.03599, 1.518, -2.52999, -2.02398 ],
							"curve": [ 0.25, 0, 0.75, 1 ]
						},
						{
							"time": 7.7666,
							"vertices": [ 3.54198, 5.06, 6.07199, 4.55398, -4.04798, -8.60197, 0.506, 3.54196 ],
							"curve": [ 0.25, 0, 0.75, 1 ]
						},
						{ "time": 8 }
					]
				},
				"egg_chocolate": {
					"egg_chocolate": [
						{
							"time": 0,
							"offset": 1,
							"vertices": [ -1.16088, 0, -1.16088, 0, -2.12829, 0, -2.12829, 0, -1.16088 ],
							"curve": [ 0.38, 0.59, 0.727, 1 ]
						},
						{
							"time": 0.6666,
							"curve": [ 0.25, 0, 0.75, 1 ]
						},
						{
							"time": 6.2333,
							"offset": 1,
							"vertices": [ -5.51403, 0, -5.51403, 0, -10.10905, 0, -10.10905, 0, -5.51403, 0, 4.61001, 0, 4.61001 ],
							"curve": [ 0.242, 0, 0.661, 0.64 ]
						},
						{
							"time": 8,
							"offset": 1,
							"vertices": [ -1.16088, 0, -1.16088, 0, -2.12829, 0, -2.12829, 0, -1.16088 ]
						}
					]
				},
				"red_line": {
					"balloon/red_line": [
						{
							"time": 0,
							"offset": 4,
							"vertices": [ 15.47226, 19.28606, 15.47226, 19.28606 ],
							"curve": [ 0.241, 0, 0.651, 1 ]
						},
						{
							"time": 0.9,
							"offset": 4,
							"vertices": [ 7.01211, 21.68386, 7.01211, 21.68386 ],
							"curve": [ 0, 0, 0.773, 0.85 ]
						},
						{
							"time": 2,
							"offset": 4,
							"vertices": [ -11.15903, 28.62875, -11.15903, 28.62875 ]
						},
						{
							"time": 2.9666,
							"offset": 4,
							"vertices": [ -24.48485, 33.85577, -24.48485, 33.85577 ],
							"curve": [ 0, 0, 0.604, 1 ]
						},
						{
							"time": 3.8666,
							"offset": 4,
							"vertices": [ -32.86492, 38.02036, -32.86492, 38.02036 ]
						},
						{
							"time": 5.0333,
							"offset": 4,
							"vertices": [ -25.78668, 38.34739, -25.78668, 38.34739 ],
							"curve": [ 0.194, 0, 1, 1 ]
						},
						{
							"time": 6.8,
							"offset": 4,
							"vertices": [ -0.26052, 30.99829, -0.26052, 30.99829 ],
							"curve": [ 0.342, 0.36, 0.69, 0.74 ]
						},
						{
							"time": 8,
							"offset": 4,
							"vertices": [ 15.47226, 19.28606, 15.47226, 19.28606 ]
						}
					]
				}
			}
		}
	}
}
}