{
"skeleton": { "hash": "dBstXglB2kkL4iHLMO+fRZGeosc", "spine": "3.4.02", "width": 261, "height": 250, "images": "./picture/" },
"bones": [
	{ "name": "root" },
	{ "name": "PIG", "parent": "root", "x": 1.27, "y": -127.37 },
	{ "name": "pig_root", "parent": "PIG", "x": -1.27, "y": 127.37 },
	{ "name": "body", "parent": "pig_root", "rotation": 30.35, "x": 6.49, "y": -9.05, "color": "2f3d0fff" },
	{ "name": "L_eye", "parent": "body", "x": -59.84, "y": 10.74, "color": "e0d0b8ff" },
	{ "name": "L_brows", "parent": "L_eye", "length": 12.52, "rotation": 52.06, "x": -19.62, "y": 35.67, "color": "2f3d0fff" },
	{ "name": "L_ear", "parent": "body", "length": 25.66, "rotation": 113.41, "x": -50, "y": 75.81, "color": "729b32ff" },
	{ "name": "L_eyeball", "parent": "L_eye", "x": -9.69, "y": 25.28 },
	{ "name": "L_eyelid", "parent": "L_eye", "length": 8.61, "rotation": 89.42, "x": -0.88, "y": -1.09 },
	{ "name": "NOSE", "parent": "body", "length": 35.34, "rotation": 12.78, "x": -18.06, "y": 29.77 },
	{ "name": "R_eye", "parent": "body", "x": 60.19, "y": 15.93, "color": "e0d0b8ff" },
	{ "name": "R_brows", "parent": "R_eye", "length": 14.29, "rotation": 126.5, "x": 11.58, "y": 37.35, "color": "2f3d0fff" },
	{ "name": "R_ear", "parent": "body", "length": 19.63, "rotation": 90.9, "x": -16.4, "y": 88.91, "color": "729b32ff" },
	{ "name": "R_eyeball", "parent": "R_eye", "x": 7.84, "y": 17.3 },
	{ "name": "glass", "parent": "pig_root", "color": "5be0ffff" },
	{ "name": "mouth", "parent": "body", "x": 5.05, "y": -49.22, "color": "e8e8e8ff" },
	{ "name": "nose", "parent": "NOSE", "rotation": -12.78, "x": 34.19, "y": -38.13, "color": "729b32ff" },
	{ "name": "pig/glasses/01", "parent": "body", "length": 12.36, "rotation": 53.49, "x": 55.26, "y": 70.97, "color": "2f3d0fff" },
	{ "name": "pig/glasses/02", "parent": "body", "length": 16.84, "rotation": 58.11, "x": 17.65, "y": 72.36, "color": "2f3d0fff" },
	{ "name": "pig/glasses/03", "parent": "body", "length": 9.38, "rotation": 82.81, "x": -16.77, "y": 73.01, "color": "2f3d0fff" },
	{ "name": "pig/glasses/04", "parent": "body", "length": 12.2, "rotation": -146.94, "x": -81.66, "y": -10.77, "color": "2f3d0fff" },
	{ "name": "pig/glasses/05", "parent": "body", "length": 16.93, "rotation": -61.13, "x": 60.27, "y": -53.83, "color": "2f3d0fff" }
],
"slots": [
	{ "name": "glass", "bone": "glass", "attachment": "glass" },
	{ "name": "pig/glasses/01", "bone": "pig/glasses/01", "attachment": "glasses/01" },
	{ "name": "R_ear", "bone": "R_ear", "attachment": "R_ear" },
	{ "name": "L_ear", "bone": "L_ear", "attachment": "L_ear" },
	{ "name": "body", "bone": "body", "attachment": "body" },
	{ "name": "R_eye", "bone": "R_eye", "attachment": "R_eye" },
	{ "name": "R_eyeball", "bone": "R_eyeball", "attachment": "eyeball" },
	{ "name": "mouth", "bone": "mouth", "attachment": "mouth" },
	{ "name": "L_eye", "bone": "L_eye", "attachment": "L_eye" },
	{ "name": "L_eyeball", "bone": "L_eyeball", "attachment": "eyeball" },
	{ "name": "L_eyelid", "bone": "L_eyelid", "attachment": "L_eyelid" },
	{ "name": "R_brows", "bone": "R_brows", "attachment": "R_brows" },
	{ "name": "L_brows", "bone": "L_brows", "attachment": "L_brows" },
	{ "name": "pig/glasses/05", "bone": "pig/glasses/05", "attachment": "glasses/05" },
	{ "name": "nose2", "bone": "NOSE", "attachment": "nose2" },
	{ "name": "nose", "bone": "nose", "attachment": "nose" },
	{ "name": "pig/glasses/02", "bone": "pig/glasses/02", "attachment": "glasses/02" },
	{ "name": "pig/glasses/03", "bone": "pig/glasses/03", "attachment": "glasses/03" },
	{ "name": "pig/glasses/04", "bone": "pig/glasses/04", "attachment": "glasses/04" }
],
"skins": {
	"default": {
		"L_brows": {
			"L_brows": { "x": 7.79, "y": -0.49, "rotation": -82.41, "width": 7, "height": 17 }
		},
		"L_ear": {
			"L_ear": { "x": 14.88, "y": -0.77, "rotation": -143.76, "width": 36, "height": 40 }
		},
		"L_eye": {
			"L_eye": { "x": -1.15, "y": 19.75, "rotation": -30.35, "width": 42, "height": 42 }
		},
		"L_eyeball": {
			"eyeball": { "x": -0.15, "y": 1.01, "rotation": -30.35, "width": 6, "height": 6 }
		},
		"L_eyelid": {
			"L_eyelid": { "x": 10.55, "y": 2.71, "rotation": -119.77, "width": 35, "height": 25 }
		},
		"R_brows": {
			"R_brows": { "x": 8.32, "y": -0.7, "rotation": -156.85, "width": 17, "height": 9 }
		},
		"R_ear": {
			"R_ear": { "x": 12.54, "y": 0.92, "rotation": -121.25, "width": 33, "height": 35 }
		},
		"R_eye": {
			"R_eye": { "x": -3.65, "y": 18.52, "rotation": -30.35, "width": 38, "height": 36 }
		},
		"R_eyeball": {
			"eyeball": { "x": 0.05, "y": 1.2, "rotation": -30.35, "width": 6, "height": 6 }
		},
		"body": {
			"body": {
				"type": "mesh",
				"uvs": [ 0.99657, 0.99785, 7.9E-4, 0.99784, 7.9E-4, 0.0287, 0.99658, 0.02871 ],
				"triangles": [ 1, 2, 3, 0, 1, 3 ],
				"vertices": [ 36.15, -139.81, -146, -33.2, -43.71, 141.58, 138.45, 34.96 ],
				"hull": 4,
				"edges": [ 0, 2, 2, 4, 4, 6, 0, 6 ],
				"width": 212,
				"height": 209
			}
		},
		"glass": {
			"glass": { "width": 261, "height": 250 }
		},
		"mouth": {
			"mouth": { "x": -28.54, "y": 10.95, "rotation": -30.35, "width": 107, "height": 45 }
		},
		"nose": {
			"nose": { "x": -0.84, "y": -6.04, "rotation": -30.35, "width": 119, "height": 110 }
		},
		"nose2": {
			"nose2": {
				"type": "mesh",
				"uvs": [ 1, 1, 0, 1, 0, 0, 1, 0 ],
				"triangles": [ 1, 2, 3, 1, 3, 0 ],
				"vertices": [ -40.71, -76.83, -20.5, 15.07, 65.37999, -3.99, 45.17, -95.9 ],
				"hull": 4,
				"edges": [ 0, 2, 2, 4, 4, 6, 0, 6 ],
				"width": 92,
				"height": 84
			}
		},
		"pig/glasses/01": {
			"glasses/01": { "x": 8.45, "y": -0.52, "rotation": -83.84, "width": 12, "height": 17 }
		},
		"pig/glasses/02": {
			"glasses/02": { "x": 12.56, "y": -0.1, "rotation": -84.4, "width": 25, "height": 41 }
		},
		"pig/glasses/03": {
			"glasses/03": { "x": 4.18, "y": -1.37, "rotation": -109.43, "width": 15, "height": 18 }
		},
		"pig/glasses/04": {
			"glasses/04": { "x": 5.57, "y": -2.6, "rotation": 116.59, "width": 14, "height": 19 }
		},
		"pig/glasses/05": {
			"glasses/05": { "x": 9.92, "y": 3.93, "rotation": 37.11, "width": 31, "height": 35 }
		}
	}
},
"animations": {
	"loop": {
		"slots": {
			"L_brows": {
				"attachment": [
					{ "time": 0, "name": "L_brows" }
				]
			},
			"L_ear": {
				"attachment": [
					{ "time": 0, "name": "L_ear" }
				]
			},
			"L_eye": {
				"attachment": [
					{ "time": 0, "name": "L_eye" }
				]
			},
			"L_eyeball": {
				"attachment": [
					{ "time": 0, "name": "eyeball" }
				]
			},
			"L_eyelid": {
				"attachment": [
					{ "time": 0, "name": "L_eyelid" }
				]
			},
			"R_brows": {
				"attachment": [
					{ "time": 0, "name": "R_brows" }
				]
			},
			"R_ear": {
				"attachment": [
					{ "time": 0, "name": "R_ear" }
				]
			},
			"R_eye": {
				"attachment": [
					{ "time": 0, "name": "R_eye" }
				]
			},
			"R_eyeball": {
				"attachment": [
					{ "time": 0, "name": "eyeball" }
				]
			},
			"body": {
				"attachment": [
					{ "time": 0, "name": "body" }
				]
			},
			"glass": {
				"attachment": [
					{ "time": 0, "name": "glass" }
				]
			},
			"mouth": {
				"attachment": [
					{ "time": 0, "name": "mouth" }
				]
			},
			"nose": {
				"attachment": [
					{ "time": 0, "name": "nose" }
				]
			},
			"nose2": {
				"attachment": [
					{ "time": 0, "name": "nose2" }
				]
			},
			"pig/glasses/01": {
				"attachment": [
					{ "time": 0, "name": "glasses/01" }
				]
			},
			"pig/glasses/02": {
				"attachment": [
					{ "time": 0, "name": "glasses/02" }
				]
			},
			"pig/glasses/03": {
				"attachment": [
					{ "time": 0, "name": "glasses/03" }
				]
			},
			"pig/glasses/04": {
				"attachment": [
					{ "time": 0, "name": "glasses/04" }
				]
			},
			"pig/glasses/05": {
				"attachment": [
					{ "time": 0, "name": "glasses/05" }
				]
			}
		},
		"bones": {
			"root": {
				"rotate": [
					{ "time": 0, "angle": 0 }
				],
				"translate": [
					{ "time": 0, "x": 0, "y": 0 }
				],
				"scale": [
					{ "time": 0, "x": 1, "y": 1 }
				]
			},
			"pig_root": {
				"rotate": [
					{ "time": 0, "angle": 0 }
				],
				"translate": [
					{
						"time": 0,
						"x": 0,
						"y": 0,
						"curve": [ 0, 0, 0.75, 1 ]
					},
					{
						"time": 2,
						"x": 0,
						"y": -10.7,
						"curve": [ 0.25, 0, 0.75, 1 ]
					},
					{
						"time": 6,
						"x": 0,
						"y": 9.33,
						"curve": [ 0.25, 0, 1, 1 ]
					},
					{ "time": 8, "x": 0, "y": 0 }
				],
				"scale": [
					{ "time": 0, "x": 1, "y": 1 }
				]
			},
			"body": {
				"rotate": [
					{
						"time": 0,
						"angle": 0,
						"curve": [ 0.39, 0, 0.75, 1 ]
					},
					{
						"time": 3.2,
						"angle": 25.36,
						"curve": [ 0.486, 0, 0.75, 1 ]
					},
					{ "time": 8, "angle": 0 }
				],
				"translate": [
					{ "time": 0, "x": 0, "y": 0 }
				],
				"scale": [
					{ "time": 0, "x": 1, "y": 1 }
				]
			},
			"glass": {
				"rotate": [
					{ "time": 0, "angle": 0 }
				],
				"translate": [
					{ "time": 0, "x": 0, "y": 0 }
				],
				"scale": [
					{ "time": 0, "x": 1, "y": 1 }
				]
			},
			"L_ear": {
				"rotate": [
					{
						"time": 0,
						"angle": 0,
						"curve": [ 0.25, 0, 0.569, 1 ]
					},
					{ "time": 3.2, "angle": 58.14 },
					{
						"time": 3.3333,
						"angle": 14.81,
						"curve": [ 0.25, 0, 0.75, 1 ]
					},
					{
						"time": 3.4333,
						"angle": 39.89,
						"curve": [ 0.25, 0, 0.75, 1 ]
					},
					{
						"time": 3.6333,
						"angle": 14.81,
						"curve": [ 0.25, 0, 0.75, 1 ]
					},
					{
						"time": 3.7333,
						"angle": 39.89,
						"curve": [ 0.25, 0, 0.75, 1 ]
					},
					{
						"time": 3.9333,
						"angle": 11.83,
						"curve": [ 0, 0, 0.75, 1 ]
					},
					{ "time": 8, "angle": 0 }
				],
				"translate": [
					{
						"time": 0,
						"x": 0,
						"y": 0,
						"curve": [ 0.25, 0, 0.569, 1 ]
					},
					{
						"time": 3.2,
						"x": -6.06,
						"y": -6.47,
						"curve": [ 0.456, 0, 0.75, 1 ]
					},
					{ "time": 8, "x": 0, "y": 0 }
				],
				"scale": [
					{ "time": 0, "x": 1, "y": 1 }
				]
			},
			"L_eye": {
				"rotate": [
					{ "time": 0, "angle": 0 }
				],
				"translate": [
					{
						"time": 0,
						"x": 0,
						"y": 0,
						"curve": [ 0.25, 0, 0.569, 1 ]
					},
					{
						"time": 3.2,
						"x": 9.31,
						"y": 0.97,
						"curve": [ 0.456, 0, 0.75, 1 ]
					},
					{ "time": 8, "x": 0, "y": 0 }
				],
				"scale": [
					{
						"time": 0,
						"x": 1,
						"y": 1,
						"curve": [ 0.25, 0, 0.569, 1 ]
					},
					{ "time": 3.2, "x": 1.098, "y": 1.098 },
					{
						"time": 3.3333,
						"x": 1.095,
						"y": 1.13,
						"curve": [ 0.25, 0, 0.75, 1 ]
					},
					{
						"time": 3.4333,
						"x": 1.091,
						"y": 1.022,
						"curve": [ 0.25, 0, 0.75, 1 ]
					},
					{
						"time": 3.6333,
						"x": 1.095,
						"y": 1.074,
						"curve": [ 0.25, 0, 0.75, 1 ]
					},
					{
						"time": 3.7333,
						"x": 1.091,
						"y": 1.022,
						"curve": [ 0.25, 0, 0.75, 1 ]
					},
					{
						"time": 3.9333,
						"x": 1.057,
						"y": 1.057,
						"curve": [ 0, 0, 0.75, 1 ]
					},
					{ "time": 8, "x": 1, "y": 1 }
				]
			},
			"R_ear": {
				"rotate": [
					{
						"time": 0,
						"angle": 0,
						"curve": [ 0.25, 0, 0.569, 1 ]
					},
					{ "time": 3.2, "angle": 39.94 },
					{
						"time": 3.3333,
						"angle": 26.49,
						"curve": [ 0.25, 0, 0.75, 1 ]
					},
					{
						"time": 3.4333,
						"angle": 39.89,
						"curve": [ 0.25, 0, 0.75, 1 ]
					},
					{
						"time": 3.6333,
						"angle": 26.49,
						"curve": [ 0.25, 0, 0.75, 1 ]
					},
					{
						"time": 3.7333,
						"angle": 39.89,
						"curve": [ 0.25, 0, 0.75, 1 ]
					},
					{
						"time": 3.9333,
						"angle": 21.75,
						"curve": [ 0, 0, 0.75, 1 ]
					},
					{ "time": 8, "angle": 0 }
				],
				"translate": [
					{
						"time": 0,
						"x": 0,
						"y": 0,
						"curve": [ 0.25, 0, 0.569, 1 ]
					},
					{
						"time": 3.2,
						"x": -11.45,
						"y": -8.34,
						"curve": [ 0.456, 0, 0.75, 1 ]
					},
					{ "time": 8, "x": 0, "y": 0 }
				],
				"scale": [
					{ "time": 0, "x": 1, "y": 1 }
				]
			},
			"R_eye": {
				"rotate": [
					{ "time": 0, "angle": 0 }
				],
				"translate": [
					{
						"time": 0,
						"x": 0,
						"y": 0,
						"curve": [ 0.25, 0, 0.569, 1 ]
					},
					{
						"time": 3.2,
						"x": 10.38,
						"y": 1.14,
						"curve": [ 0.456, 0, 0.75, 1 ]
					},
					{ "time": 8, "x": 0, "y": 0 }
				],
				"scale": [
					{
						"time": 0,
						"x": 1,
						"y": 1,
						"curve": [ 0.25, 0, 0.569, 1 ]
					},
					{
						"time": 3.2,
						"x": 0.864,
						"y": 0.864,
						"curve": [ 0.456, 0, 0.75, 1 ]
					},
					{ "time": 8, "x": 1, "y": 1 }
				]
			},
			"mouth": {
				"rotate": [
					{
						"time": 0,
						"angle": 0,
						"curve": [ 0.25, 0, 0.569, 1 ]
					},
					{ "time": 3.2, "angle": -2.95 },
					{
						"time": 3.3333,
						"angle": 0,
						"curve": [ 0.25, 0, 0.75, 1 ]
					},
					{
						"time": 3.4333,
						"angle": -2.95,
						"curve": [ 0.25, 0, 0.75, 1 ]
					},
					{
						"time": 3.6333,
						"angle": 0,
						"curve": [ 0.25, 0, 0.75, 1 ]
					},
					{
						"time": 3.7333,
						"angle": -2.62,
						"curve": [ 0.25, 0, 0.75, 1 ]
					},
					{ "time": 3.9333, "angle": 0 }
				],
				"translate": [
					{
						"time": 0,
						"x": 0,
						"y": 0,
						"curve": [ 0.25, 0, 0.569, 1 ]
					},
					{
						"time": 3.2,
						"x": 8.09,
						"y": 0.84,
						"curve": [ 0.456, 0, 0.75, 1 ]
					},
					{ "time": 8, "x": 0, "y": 0 }
				],
				"scale": [
					{
						"time": 0,
						"x": 1,
						"y": 1,
						"curve": [ 0.25, 0, 0.569, 1 ]
					},
					{
						"time": 3.2,
						"x": 1.112,
						"y": 1,
						"curve": [ 0.456, 0, 0.75, 1 ]
					},
					{ "time": 8, "x": 1, "y": 1 }
				]
			},
			"nose": {
				"rotate": [
					{ "time": 0, "angle": 0 }
				],
				"translate": [
					{
						"time": 0,
						"x": 0,
						"y": 0,
						"curve": [ 0.25, 0, 0.569, 1 ]
					},
					{
						"time": 3.2,
						"x": 5.76,
						"y": 0.77,
						"curve": [ 0.456, 0, 0.75, 1 ]
					},
					{ "time": 8, "x": 0, "y": 0 }
				],
				"scale": [
					{
						"time": 0,
						"x": 1,
						"y": 1,
						"curve": [ 0.25, 0, 0.569, 1 ]
					},
					{
						"time": 3.2,
						"x": 0.894,
						"y": 1,
						"curve": [ 0.456, 0, 0.75, 1 ]
					},
					{ "time": 8, "x": 1, "y": 1 }
				]
			},
			"L_brows": {
				"rotate": [
					{ "time": 0, "angle": 0 }
				],
				"translate": [
					{ "time": 0, "x": 0, "y": 0 }
				],
				"scale": [
					{ "time": 0, "x": 1, "y": 1 }
				]
			},
			"L_eyeball": {
				"rotate": [
					{ "time": 0, "angle": 0 }
				],
				"translate": [
					{
						"time": 0,
						"x": 0,
						"y": 0,
						"curve": [ 0.25, 0, 0.569, 1 ]
					},
					{
						"time": 3.2,
						"x": 9.11,
						"y": 3.93,
						"curve": [ 0.456, 0, 0.75, 1 ]
					},
					{ "time": 8, "x": 0, "y": 0 }
				],
				"scale": [
					{ "time": 0, "x": 1, "y": 1 }
				]
			},
			"L_eyelid": {
				"rotate": [
					{ "time": 0, "angle": 0 }
				],
				"translate": [
					{ "time": 0, "x": 0, "y": 0 }
				],
				"scale": [
					{
						"time": 0,
						"x": 1,
						"y": 1,
						"curve": [ 0.25, 0, 0.569, 1 ]
					},
					{ "time": 3.2, "x": 1.571, "y": 1.112 },
					{
						"time": 3.3333,
						"x": 1,
						"y": 1,
						"curve": [ 0.25, 0, 0.75, 1 ]
					},
					{
						"time": 3.4333,
						"x": 1.297,
						"y": 1.113,
						"curve": [ 0.25, 0, 0.75, 1 ]
					},
					{
						"time": 3.6333,
						"x": 1,
						"y": 1,
						"curve": [ 0.25, 0, 0.75, 1 ]
					},
					{
						"time": 3.7333,
						"x": 1.213,
						"y": 1.104,
						"curve": [ 0.25, 0, 0.75, 1 ]
					},
					{ "time": 3.9333, "x": 1, "y": 1 }
				]
			},
			"R_brows": {
				"rotate": [
					{ "time": 0, "angle": 0 }
				],
				"translate": [
					{ "time": 0, "x": 0, "y": 0 }
				],
				"scale": [
					{ "time": 0, "x": 1, "y": 1 }
				]
			},
			"R_eyeball": {
				"rotate": [
					{ "time": 0, "angle": 0 }
				],
				"translate": [
					{
						"time": 0,
						"x": 0,
						"y": 0,
						"curve": [ 0.25, 0, 0.569, 1 ]
					},
					{
						"time": 3.2,
						"x": 2.87,
						"y": 0.99,
						"curve": [ 0.456, 0, 0.75, 1 ]
					},
					{ "time": 8, "x": 0, "y": 0 }
				],
				"scale": [
					{ "time": 0, "x": 1, "y": 1 }
				]
			},
			"PIG": {
				"rotate": [
					{ "time": 0, "angle": 0 }
				],
				"translate": [
					{
						"time": 0,
						"x": 0,
						"y": 0,
						"curve": [ 0.25, 0, 0.75, 1 ]
					},
					{
						"time": 3.9333,
						"x": -20.34,
						"y": 0,
						"curve": [ 0.25, 0, 0.75, 1 ]
					},
					{ "time": 8, "x": 0, "y": 0 }
				],
				"scale": [
					{ "time": 0, "x": 1, "y": 1 }
				]
			},
			"NOSE": {
				"rotate": [
					{ "time": 0, "angle": 0 }
				],
				"translate": [
					{
						"time": 0,
						"x": 0,
						"y": 0,
						"curve": [ 0.25, 0, 0.569, 1 ]
					},
					{
						"time": 3.2,
						"x": 16.99,
						"y": 7.44,
						"curve": [ 0.456, 0, 0.75, 1 ]
					},
					{ "time": 8, "x": 0, "y": 0 }
				],
				"scale": [
					{ "time": 0, "x": 1, "y": 1 }
				]
			},
			"pig/glasses/01": {
				"rotate": [
					{ "time": 0, "angle": 0 }
				],
				"translate": [
					{
						"time": 0,
						"x": 0,
						"y": 0,
						"curve": [ 0.25, 0, 0.569, 1 ]
					},
					{
						"time": 3.2,
						"x": -7.78,
						"y": -5.67,
						"curve": [ 0.456, 0, 0.75, 1 ]
					},
					{ "time": 8, "x": 0, "y": 0 }
				],
				"scale": [
					{ "time": 0, "x": 1, "y": 1 }
				]
			},
			"pig/glasses/02": {
				"rotate": [
					{ "time": 0, "angle": 0, "curve": "stepped" },
					{
						"time": 3.2,
						"angle": 0,
						"curve": [ 0.25, 0, 0.75, 1 ]
					},
					{
						"time": 3.3333,
						"angle": -2.35,
						"curve": [ 0.25, 0, 0.75, 1 ]
					},
					{
						"time": 3.4333,
						"angle": 0.35,
						"curve": [ 0.25, 0, 0.75, 1 ]
					},
					{
						"time": 3.6333,
						"angle": -5.39,
						"curve": [ 0.25, 0, 0.75, 1 ]
					},
					{
						"time": 3.7333,
						"angle": 0.75,
						"curve": [ 0.25, 0, 0.75, 1 ]
					},
					{
						"time": 3.9333,
						"angle": 4.52,
						"curve": [ 0.25, 0, 0.75, 1 ]
					},
					{ "time": 4.1, "angle": 0 }
				],
				"translate": [
					{
						"time": 0,
						"x": 0,
						"y": 0,
						"curve": [ 0.25, 0, 0.569, 1 ]
					},
					{
						"time": 3.2,
						"x": 11.6,
						"y": 2.95,
						"curve": [ 0.336, 0, 0.669, 0.33 ]
					},
					{
						"time": 3.3333,
						"x": 11.18,
						"y": 2.86,
						"curve": [ 0.335, 0.24, 0.669, 0.57 ]
					},
					{
						"time": 3.4333,
						"x": 11.22,
						"y": 1.38,
						"curve": [ 0.338, 0.23, 0.671, 0.57 ]
					},
					{
						"time": 3.6333,
						"x": 12.67,
						"y": 3.56,
						"curve": [ 0.335, 0.3, 0.669, 0.63 ]
					},
					{
						"time": 3.7333,
						"x": 11.22,
						"y": 2.16,
						"curve": [ 0.25, 0, 0.75, 1 ]
					},
					{
						"time": 3.9333,
						"x": 11.12,
						"y": 2.82,
						"curve": [ 0.432, 0.23, 0.735, 1 ]
					},
					{ "time": 8, "x": 0, "y": 0 }
				],
				"scale": [
					{
						"time": 0,
						"x": 1,
						"y": 1,
						"curve": [ 0.25, 0, 0.569, 1 ]
					},
					{
						"time": 3.2,
						"x": 0.981,
						"y": 0.981,
						"curve": [ 0.456, 0, 0.75, 1 ]
					},
					{ "time": 8, "x": 1, "y": 1 }
				]
			},
			"pig/glasses/03": {
				"rotate": [
					{ "time": 0, "angle": 0 }
				],
				"translate": [
					{
						"time": 0,
						"x": 0,
						"y": 0,
						"curve": [ 0.25, 0, 0.569, 1 ]
					},
					{
						"time": 3.2,
						"x": 9.85,
						"y": 5.34,
						"curve": [ 0.336, 0, 0.669, 0.33 ]
					},
					{
						"time": 3.3333,
						"x": 9.44,
						"y": 5.25,
						"curve": [ 0.335, 0.24, 0.669, 0.57 ]
					},
					{
						"time": 3.4333,
						"x": 9.48,
						"y": 3.77,
						"curve": [ 0.338, 0.23, 0.671, 0.57 ]
					},
					{
						"time": 3.6333,
						"x": 10.96,
						"y": 5.93,
						"curve": [ 0.335, 0.3, 0.669, 0.63 ]
					},
					{
						"time": 3.7333,
						"x": 10.23,
						"y": 4.37,
						"curve": [ 0.25, 0, 0.75, 1 ]
					},
					{
						"time": 3.9333,
						"x": 9.45,
						"y": 5.12,
						"curve": [ 0.432, 0.23, 0.735, 1 ]
					},
					{ "time": 8, "x": 0, "y": 0 }
				],
				"scale": [
					{
						"time": 0,
						"x": 1,
						"y": 1,
						"curve": [ 0.25, 0, 0.569, 1 ]
					},
					{
						"time": 3.2,
						"x": 1.11,
						"y": 1.11,
						"curve": [ 0.456, 0, 0.75, 1 ]
					},
					{ "time": 8, "x": 1, "y": 1 }
				]
			},
			"pig/glasses/04": {
				"rotate": [
					{ "time": 0, "angle": 0, "curve": "stepped" },
					{
						"time": 3.2,
						"angle": 0,
						"curve": [ 0.25, 0, 0.75, 1 ]
					},
					{
						"time": 3.3333,
						"angle": -2.35,
						"curve": [ 0.25, 0, 0.75, 1 ]
					},
					{
						"time": 3.4333,
						"angle": 0.35,
						"curve": [ 0.25, 0, 0.75, 1 ]
					},
					{
						"time": 3.6333,
						"angle": -5.39,
						"curve": [ 0.25, 0, 0.75, 1 ]
					},
					{
						"time": 3.7333,
						"angle": 0.75,
						"curve": [ 0.25, 0, 0.75, 1 ]
					},
					{
						"time": 3.9333,
						"angle": 4.52,
						"curve": [ 0.25, 0, 0.75, 1 ]
					},
					{ "time": 4.1, "angle": 0 }
				],
				"translate": [
					{
						"time": 0,
						"x": 0,
						"y": 0,
						"curve": [ 0.25, 0, 0.569, 1 ]
					},
					{ "time": 3.2, "x": 7.76, "y": 4.52 },
					{
						"time": 3.3333,
						"x": 4.64,
						"y": 1.79,
						"curve": [ 0.25, 0, 0.75, 1 ]
					},
					{
						"time": 3.4333,
						"x": 9.78,
						"y": 5.6,
						"curve": [ 0.25, 0, 0.75, 1 ]
					},
					{
						"time": 3.6333,
						"x": 4.12,
						"y": -1.75,
						"curve": [ 0.25, 0, 0.75, 1 ]
					},
					{
						"time": 3.7333,
						"x": 9.12,
						"y": 6.7,
						"curve": [ 0.25, 0, 0.75, 1 ]
					},
					{
						"time": 3.9333,
						"x": 6.37,
						"y": 4.04,
						"curve": [ 0, 0, 0.75, 1 ]
					},
					{ "time": 8, "x": 0, "y": 0 }
				],
				"scale": [
					{
						"time": 0,
						"x": 1,
						"y": 1,
						"curve": [ 0.25, 0, 0.569, 1 ]
					},
					{
						"time": 3.2,
						"x": 1.195,
						"y": 1.195,
						"curve": [ 0.456, 0, 0.75, 1 ]
					},
					{ "time": 8, "x": 1, "y": 1 }
				]
			},
			"pig/glasses/05": {
				"rotate": [
					{ "time": 0, "angle": 0 }
				],
				"translate": [
					{
						"time": 0,
						"x": 0,
						"y": 0,
						"curve": [ 0.25, 0, 0.569, 1 ]
					},
					{
						"time": 3.2,
						"x": 10.67,
						"y": 0.44,
						"curve": [ 0.456, 0, 0.75, 1 ]
					},
					{ "time": 8, "x": 0, "y": 0 }
				],
				"scale": [
					{
						"time": 0,
						"x": 1,
						"y": 1,
						"curve": [ 0.25, 0, 0.569, 1 ]
					},
					{
						"time": 3.2,
						"x": 0.974,
						"y": 0.974,
						"curve": [ 0.456, 0, 0.75, 1 ]
					},
					{ "time": 8, "x": 1, "y": 1 }
				]
			}
		},
		"deform": {
			"default": {
				"body": {
					"body": [
						{ "time": 0, "curve": "stepped" },
						{ "time": 3.2 },
						{
							"time": 3.3333,
							"offset": 2,
							"vertices": [ -0.34662, 2.1525 ],
							"curve": [ 0.25, 0, 0.75, 1 ]
						},
						{
							"time": 3.4333,
							"offset": 2,
							"vertices": [ 3.06406, 5.6566 ],
							"curve": [ 0.25, 0, 0.75, 1 ]
						},
						{
							"time": 3.6333,
							"offset": 2,
							"vertices": [ 2.04371, -3.23206, 0.49597, 2.66673 ],
							"curve": [ 0.25, 0, 0.75, 1 ]
						},
						{
							"time": 3.7333,
							"offset": 2,
							"vertices": [ 0.87746, 0.93843 ],
							"curve": [ 0.25, 0, 0.75, 1 ]
						},
						{ "time": 3.9333 }
					]
				},
				"nose2": {
					"nose2": [
						{
							"time": 0,
							"curve": [ 0.25, 0, 0.569, 1 ]
						},
						{
							"time": 3.2,
							"vertices": [ 11.42819, 2.26168, 11.42819, 2.26168 ],
							"curve": [ 0.456, 0, 0.75, 1 ]
						},
						{ "time": 8 }
					]
				}
			}
		}
	}
}
}