{
"skeleton": { "hash": "jt6ioryAv0e0equEqEadAaOPNGY", "spine": "3.4.02", "width": 302.37, "height": 447.72, "images": "" },
"bones": [
	{ "name": "root" },
	{ "name": "root2", "parent": "root", "x": 0.08, "y": -1.8, "color": "00249bff" },
	{
		"name": "balloon/airball_heart",
		"parent": "root2",
		"length": 156.23,
		"rotation": 90,
		"x": 9.6,
		"y": -49.02,
		"scaleX": 0.847,
		"scaleY": 0.847,
		"color": "00249bff"
	},
	{ "name": "balloon/heartboom/heartboom_03", "parent": "balloon/airball_heart", "x": 206.99, "y": 169.93, "color": "00249bff" },
	{ "name": "balloon/heartboom/heartboom_05", "parent": "balloon/airball_heart", "x": 358.88, "y": -11.83, "color": "00249bff" },
	{ "name": "balloon/heartboom/heartboom_07", "parent": "balloon/airball_heart", "x": 254.3, "y": -138.82, "color": "00249bff" },
	{ "name": "balloon/heartboom/heartboom_10", "parent": "balloon/airball_heart", "x": 351.41, "y": -206.05, "color": "00249bff" },
	{ "name": "balloon/heartboom/heartboom_20", "parent": "balloon/airball_heart", "x": 87.47, "y": 132.58, "color": "00249bff" },
	{ "name": "balloon/heartboom/heartboom_24", "parent": "balloon/airball_heart", "x": 167.15, "y": -86.53, "color": "00249bff" },
	{ "name": "balloon/heartboom/heartboom_30", "parent": "balloon/airball_heart", "x": 127.31, "y": 259.57, "color": "00249bff" },
	{ "name": "balloon/heartboom/heartboom_40", "parent": "balloon/airball_heart", "x": 2.81, "y": 132.58, "color": "00249bff" },
	{ "name": "balloon/heartboom/heartboom_44", "parent": "balloon/airball_heart", "x": 80, "y": -1.87, "color": "00249bff" },
	{ "name": "balloon/heartboom/heartboom_47", "parent": "balloon/airball_heart", "x": -39.51, "y": -178.66, "color": "00249bff" },
	{ "name": "balloon/heartboom/heartboom_50", "parent": "balloon/airball_heart", "x": 107.39, "y": -181.15, "color": "00249bff" },
	{ "name": "balloon/heartboom/heartboom_53", "parent": "balloon/airball_heart", "x": 82.49, "y": -268.3, "color": "00249bff" },
	{ "name": "balloon/heartboom/heartboom_56", "parent": "balloon/airball_heart", "x": -39.51, "y": -59.14, "color": "00249bff" },
	{ "name": "heartlight", "parent": "balloon/airball_heart", "x": 130.98, "y": 3.88, "color": "00249bff" },
	{
		"name": "balloon/heartboom/light",
		"parent": "heartlight",
		"length": 46.13,
		"rotation": 36.79,
		"x": 84.33,
		"y": 46.01,
		"color": "00249bff"
	},
	{
		"name": "balloon/heartboom/light2",
		"parent": "heartlight",
		"length": 20.78,
		"rotation": 56.51,
		"x": 48.74,
		"y": 92.02,
		"color": "00249bff"
	},
	{ "name": "balloon/heartboom/light3", "parent": "heartlight", "length": 38.9, "x": 102.31, "y": 10.08, "color": "00249bff" },
	{
		"name": "balloon/heartboom/light4",
		"parent": "heartlight",
		"length": 58.08,
		"rotation": -64.38,
		"x": 27.37,
		"y": -90.78,
		"color": "00249bff"
	},
	{
		"name": "balloon/heartboom/light5",
		"parent": "heartlight",
		"length": 28.99,
		"rotation": -60.76,
		"x": 80.69,
		"y": -72.04,
		"color": "00249bff"
	},
	{
		"name": "balloon/heartboom/light6",
		"parent": "heartlight",
		"length": 42.08,
		"rotation": -128.15,
		"x": -40.34,
		"y": -79.25,
		"color": "00249bff"
	},
	{
		"name": "balloon/heartboom/light7",
		"parent": "heartlight",
		"length": 23.45,
		"rotation": 137.59,
		"x": -64.91,
		"y": 79.16,
		"color": "00249bff"
	},
	{
		"name": "balloon/heartboom/light8",
		"parent": "heartlight",
		"length": 32.38,
		"rotation": -174.93,
		"x": -99.37,
		"y": 1.62,
		"color": "00249bff"
	},
	{
		"name": "balloon/heartboom/light9",
		"parent": "heartlight",
		"length": 27.97,
		"rotation": -145.37,
		"x": -76.37,
		"y": -72.04,
		"color": "00249bff"
	}
],
"slots": [
	{ "name": "balloon/airball_heart", "bone": "balloon/airball_heart", "attachment": "balloon/airball_heart" },
	{ "name": "balloon/cord", "bone": "balloon/airball_heart", "attachment": "balloon/cord" },
	{ "name": "balloon/heartboom/heartboom_03", "bone": "balloon/heartboom/heartboom_03" },
	{ "name": "balloon/heartboom/heartboom_05", "bone": "balloon/heartboom/heartboom_05" },
	{ "name": "balloon/heartboom/heartboom_10", "bone": "balloon/heartboom/heartboom_10" },
	{ "name": "balloon/heartboom/heartboom_3", "bone": "balloon/heartboom/heartboom_03" },
	{ "name": "balloon/heartboom/heartboom_20", "bone": "balloon/heartboom/heartboom_20" },
	{ "name": "balloon/heartboom/heartboom_24", "bone": "balloon/heartboom/heartboom_24" },
	{ "name": "balloon/heartboom/heartboom_7", "bone": "balloon/heartboom/heartboom_07" },
	{ "name": "balloon/heartboom/heartboom_9", "bone": "balloon/heartboom/heartboom_07" },
	{ "name": "balloon/heartboom/heartboom_40", "bone": "balloon/heartboom/heartboom_40" },
	{ "name": "balloon/heartboom/heartboom_53", "bone": "balloon/heartboom/heartboom_53" },
	{ "name": "balloon/heartboom/heartboom_56", "bone": "balloon/heartboom/heartboom_56" },
	{ "name": "balloon/heartboom/light", "bone": "balloon/heartboom/light" },
	{ "name": "balloon/heartboom/light2", "bone": "balloon/heartboom/light2" },
	{ "name": "balloon/heartboom/light3", "bone": "balloon/heartboom/light3" },
	{ "name": "balloon/heartboom/light4", "bone": "balloon/heartboom/light4" },
	{ "name": "balloon/heartboom/light5", "bone": "balloon/heartboom/light5" },
	{ "name": "balloon/heartboom/light6", "bone": "balloon/heartboom/light6" },
	{ "name": "balloon/heartboom/light7", "bone": "balloon/heartboom/light7" },
	{ "name": "balloon/heartboom/light8", "bone": "balloon/heartboom/light8" },
	{ "name": "balloon/heartboom/light9", "bone": "balloon/heartboom/light9" },
	{ "name": "balloon/heartboom/heartboom_44", "bone": "balloon/heartboom/heartboom_44" },
	{ "name": "balloon/heartboom/heartboom_30", "bone": "balloon/heartboom/heartboom_30" },
	{ "name": "balloon/heartboom/heartboom_50", "bone": "balloon/heartboom/heartboom_50" },
	{ "name": "balloon/heartboom/heartboom_47", "bone": "balloon/heartboom/heartboom_47" }
],
"skins": {
	"default": {
		"balloon/airball_heart": {
			"balloon/airball_heart": {
				"type": "mesh",
				"uvs": [ 1, 0.64184, 0.99999, 0.99999, 0.52323, 0.99999, 0, 0.99999, 0, 0.65505, 0, 0, 0.51079, 0, 1, 0, 0.26182, 0.55313, 0.71637, 0.55399 ],
				"triangles": [ 8, 5, 6, 9, 6, 7, 8, 6, 9, 9, 7, 0, 4, 5, 8, 3, 4, 8, 2, 8, 9, 3, 8, 2, 1, 9, 0, 2, 9, 1 ],
				"vertices": [ 99.16, -173.81, -13.82, -173.81, -13.82, -3.72, -13.82, 182.94, 95, 182.94, 301.65, 182.94, 301.65, 0.71, 301.65, -173.81, 127.15, 89.53, 126.88, -72.62999 ],
				"hull": 8,
				"edges": [ 10, 12, 12, 14, 12, 16, 2, 4, 4, 6, 16, 4, 4, 18, 18, 12, 6, 8, 8, 10, 16, 8, 2, 0, 0, 14, 18, 0 ],
				"width": 229,
				"height": 203
			}
		},
		"balloon/cord": {
			"balloon/cord": {
				"type": "mesh",
				"uvs": [ 1, 0.25513, 1, 0.50705, 1, 0.68168, 1, 0.842, 1, 1, 0, 1, 0, 0.842, 0, 0.68168, 0, 0.50705, 0, 0.25513, 0, 0, 1, 0 ],
				"triangles": [ 9, 10, 11, 9, 11, 0, 8, 9, 0, 8, 0, 1, 7, 8, 1, 7, 1, 2, 6, 7, 2, 6, 2, 3, 5, 6, 3, 5, 3, 4 ],
				"vertices": [ -64.81, -6.14, -119.53, -6.14, -157.46, -6.14, -192.28, -6.14, -226.6, -6.14, -226.6, 4.85, -192.28, 4.85, -157.46, 4.85, -119.53, 4.85, -64.81, 4.85, -9.39999, 4.85, -9.39999, -6.14 ],
				"hull": 12,
				"edges": [ 8, 10, 20, 22, 10, 12, 8, 6, 12, 6, 12, 14, 6, 4, 14, 4, 14, 16, 4, 2, 16, 2, 16, 18, 18, 20, 2, 0, 0, 22, 18, 0 ],
				"width": 11,
				"height": 62
			}
		},
		"balloon/heartboom/heartboom_03": {
			"balloon/heartboom/heartboom_03": {
				"type": "mesh",
				"uvs": [ 1, 0.16738, 0.63452, 0.58628, 0.42252, 0.75162, 0.41344, 1, 0, 1, 0, 0.36788, 0.39054, 0, 1, 0 ],
				"triangles": [ 6, 7, 0, 1, 6, 0, 5, 6, 1, 2, 5, 1, 4, 5, 2, 3, 4, 2 ],
				"vertices": [ 69.32, -112.88, -2.3, -53.67, -30.57, -19.33, -73.04, -17.86, -73.04, 49.11, 35.04, 49.11, 97.95, -14.15, 97.95, -112.88 ],
				"hull": 8,
				"edges": [ 0, 14, 0, 2, 6, 8, 12, 14, 8, 10, 12, 10, 2, 4, 4, 6 ],
				"width": 151,
				"height": 164
			}
		},
		"balloon/heartboom/heartboom_05": {
			"balloon/heartboom/heartboom_05": {
				"type": "mesh",
				"uvs": [ 0.97321, 0.94615, 0.59599, 0.94615, 0.02678, 0.94615, 0.02678, 0.05384, 0.58719, 0.05384, 0.97321, 0.05384 ],
				"triangles": [ 2, 3, 4, 1, 4, 5, 2, 4, 1, 1, 5, 0 ],
				"vertices": [ -34.18999, -45.15, -34.18999, -2.9, -34.18999, 60.84, 26.8, 60.84, 26.8, -1.92, 26.8, -45.15 ],
				"hull": 6,
				"edges": [ 4, 6, 0, 10, 0, 2, 2, 4, 6, 8, 8, 10, 8, 2 ],
				"width": 109,
				"height": 65
			}
		},
		"balloon/heartboom/heartboom_10": {
			"balloon/heartboom/heartboom_10": { "x": -4.7, "y": 5.97, "rotation": -90, "width": 71, "height": 60 }
		},
		"balloon/heartboom/heartboom_20": {
			"balloon/heartboom/heartboom_20": { "x": 4.32, "y": -4.21, "rotation": -90, "width": 27, "height": 33 }
		},
		"balloon/heartboom/heartboom_24": {
			"balloon/heartboom/heartboom_24": { "x": 4.3, "y": -0.36, "rotation": -90, "width": 31, "height": 36 }
		},
		"balloon/heartboom/heartboom_3": {
			"balloon/heartboom/heartboom_12": { "x": 24.34, "y": -37.26, "rotation": -153.37, "width": 150, "height": 166 }
		},
		"balloon/heartboom/heartboom_30": {
			"balloon/heartboom/heartboom_30": { "x": -3.27, "y": -2.72, "rotation": -90, "width": 63, "height": 94 }
		},
		"balloon/heartboom/heartboom_40": {
			"balloon/heartboom/heartboom_40": { "x": 9.74, "y": -6.89, "rotation": -90, "width": 117, "height": 99 }
		},
		"balloon/heartboom/heartboom_44": {
			"balloon/heartboom/heartboom_44": { "x": 8.74, "y": -9.29, "rotation": -90, "width": 68, "height": 92 }
		},
		"balloon/heartboom/heartboom_47": {
			"balloon/heartboom/heartboom_47": { "x": 27.13, "y": -4.26, "rotation": -90, "width": 131, "height": 114 }
		},
		"balloon/heartboom/heartboom_50": {
			"balloon/heartboom/heartboom_50": {
				"type": "mesh",
				"uvs": [ 0.97169, 0.9671, 0.0283, 0.9671, 0.0283, 0.52343, 0.0283, 0.03289, 0.97169, 0.03289 ],
				"triangles": [ 2, 3, 4, 0, 1, 2, 0, 2, 4 ],
				"vertices": [ -34.74, -31.44, -34.74, 22.55, 0.39, 22.55, 39.25, 22.55, 39.25, -31.44 ],
				"hull": 5,
				"edges": [ 0, 2, 6, 8, 0, 8, 2, 4, 4, 6 ],
				"width": 53,
				"height": 76
			}
		},
		"balloon/heartboom/heartboom_53": {
			"balloon/heartboom/heartboom_53": { "x": 17.7, "y": 3.73, "rotation": -90, "width": 41, "height": 60 }
		},
		"balloon/heartboom/heartboom_56": {
			"balloon/heartboom/heartboom_56": { "x": 12.24, "y": 4.22, "rotation": -90, "width": 59, "height": 50 }
		},
		"balloon/heartboom/heartboom_7": {
			"balloon/heartboom/heartboom_07": {
				"type": "mesh",
				"uvs": [ 0.99775, 0.46431, 0.99776, 1, 0.75081, 1, 0.4737, 0.57412, 0.00224, 0.2582, 0.00223, 0, 0.45092, 8.0E-5 ],
				"triangles": [ 4, 5, 6, 3, 6, 0, 4, 6, 3, 2, 3, 0, 2, 0, 1 ],
				"vertices": [ -12.36, -75.11, -123.24, -75.12, -123.24, -19.29999, -35.08, 43.32, 30.3, 149.87, 83.75, 149.87, 83.73, 48.47 ],
				"hull": 7,
				"edges": [ 8, 10, 8, 6, 2, 4, 6, 4, 10, 12, 2, 0, 12, 0 ],
				"width": 224,
				"height": 205
			}
		},
		"balloon/heartboom/heartboom_9": {
			"balloon/heartboom/heartboom_36": { "x": -22.23, "y": 31.52, "rotation": 32.41, "width": 218, "height": 168 }
		},
		"balloon/heartboom/light": {
			"balloon/heartboom/light": { "x": 23.29, "y": -1.67, "rotation": -88.64, "width": 16, "height": 58 }
		},
		"balloon/heartboom/light2": {
			"balloon/heartboom/light": { "x": 17.35, "y": -2.48, "scaleX": 0.665, "scaleY": 0.665, "rotation": -96.94, "width": 16, "height": 58 }
		},
		"balloon/heartboom/light3": {
			"balloon/heartboom/light": { "x": 23.13, "y": 1.02, "scaleX": 0.836, "scaleY": 0.633, "rotation": -90, "width": 16, "height": 58 }
		},
		"balloon/heartboom/light4": {
			"balloon/heartboom/light": { "x": 28.51, "y": 1.23, "scaleY": 1.079, "rotation": -88.71, "width": 16, "height": 58 }
		},
		"balloon/heartboom/light5": {
			"balloon/heartboom/light": { "x": 13.53, "y": -0.46, "scaleX": 0.621, "scaleY": 0.421, "rotation": -81.98, "width": 16, "height": 58 }
		},
		"balloon/heartboom/light6": {
			"balloon/heartboom/light": { "x": 25.88, "y": 1.36, "rotation": -92.14, "width": 16, "height": 58 }
		},
		"balloon/heartboom/light7": {
			"balloon/heartboom/light": { "x": 13.83, "y": -0.37, "scaleX": 0.832, "scaleY": 0.617, "rotation": -92.32, "width": 16, "height": 58 }
		},
		"balloon/heartboom/light8": {
			"balloon/heartboom/light": { "x": 28.53, "scaleY": 1.165, "rotation": -93.15, "width": 16, "height": 58 }
		},
		"balloon/heartboom/light9": {
			"balloon/heartboom/light": { "x": 21.4, "y": 0.18, "scaleX": 0.852, "scaleY": 0.932, "rotation": -92.17, "width": 16, "height": 58 }
		}
	}
},
"animations": {
	"run": {
		"slots": {
			"balloon/airball_heart": {
				"color": [
					{ "time": 0, "color": "ffffffff" }
				],
				"attachment": [
					{ "time": 0, "name": "balloon/airball_heart" },
					{ "time": 2.7333, "name": null }
				]
			},
			"balloon/cord": {
				"color": [
					{ "time": 0, "color": "ffffffff", "curve": "stepped" },
					{
						"time": 2.7333,
						"color": "ffffffff",
						"curve": [ 0.25, 0, 1, 0.53 ]
					},
					{ "time": 3.1666, "color": "ffffff00" }
				],
				"attachment": [
					{ "time": 0, "name": "balloon/cord" }
				]
			},
			"balloon/heartboom/heartboom_3": {
				"color": [
					{ "time": 0, "color": "ffffffff", "curve": "stepped" },
					{ "time": 3.4666, "color": "ffffffff" },
					{ "time": 3.9666, "color": "ffffff00", "curve": "stepped" },
					{ "time": 4.4666, "color": "ffffff00" }
				],
				"attachment": [
					{ "time": 0, "name": null },
					{ "time": 2.7333, "name": null },
					{ "time": 3.7333, "name": "balloon/heartboom/heartboom_12" },
					{ "time": 4.4666, "name": "balloon/heartboom/heartboom_12" }
				]
			},
			"balloon/heartboom/heartboom_03": {
				"color": [
					{ "time": 0, "color": "ffffffff", "curve": "stepped" },
					{ "time": 3.4666, "color": "ffffffff" },
					{ "time": 3.9666, "color": "ffffff00", "curve": "stepped" },
					{ "time": 4.4666, "color": "ffffff00" }
				],
				"attachment": [
					{ "time": 0, "name": null },
					{ "time": 2.7333, "name": "balloon/heartboom/heartboom_03" },
					{ "time": 3.7666, "name": null },
					{ "time": 4.4666, "name": null }
				]
			},
			"balloon/heartboom/heartboom_05": {
				"color": [
					{ "time": 0, "color": "ffffffff", "curve": "stepped" },
					{ "time": 3.2, "color": "ffffffff" },
					{ "time": 4.1666, "color": "ffffff00", "curve": "stepped" },
					{ "time": 4.6666, "color": "ffffff00" }
				],
				"attachment": [
					{ "time": 0, "name": null },
					{ "time": 2.7333, "name": "balloon/heartboom/heartboom_05" },
					{ "time": 4.6666, "name": "balloon/heartboom/heartboom_05" }
				]
			},
			"balloon/heartboom/heartboom_7": {
				"color": [
					{ "time": 0, "color": "ffffffff", "curve": "stepped" },
					{ "time": 3.5666, "color": "ffffffff" },
					{ "time": 3.9666, "color": "ffffff00", "curve": "stepped" },
					{ "time": 4.6666, "color": "ffffff00" }
				],
				"attachment": [
					{ "time": 0, "name": null },
					{ "time": 2.7333, "name": "balloon/heartboom/heartboom_07" },
					{ "time": 3.6, "name": null },
					{ "time": 4.6666, "name": null }
				]
			},
			"balloon/heartboom/heartboom_9": {
				"color": [
					{ "time": 0, "color": "ffffffff", "curve": "stepped" },
					{ "time": 3.5666, "color": "ffffffff" },
					{ "time": 3.9666, "color": "ffffff00", "curve": "stepped" },
					{ "time": 4.6666, "color": "ffffff00" }
				],
				"attachment": [
					{ "time": 0, "name": null },
					{ "time": 2.7333, "name": null },
					{ "time": 3.5666, "name": "balloon/heartboom/heartboom_36" },
					{ "time": 3.7333, "name": "balloon/heartboom/heartboom_36" },
					{ "time": 4.6666, "name": "balloon/heartboom/heartboom_36" }
				]
			},
			"balloon/heartboom/heartboom_10": {
				"color": [
					{ "time": 0, "color": "ffffffff", "curve": "stepped" },
					{ "time": 3.2, "color": "ffffffff" },
					{ "time": 4.1333, "color": "ffffff00", "curve": "stepped" },
					{ "time": 4.6666, "color": "ffffff00" }
				],
				"attachment": [
					{ "time": 0, "name": null },
					{ "time": 2.7333, "name": "balloon/heartboom/heartboom_10" },
					{ "time": 4.6666, "name": "balloon/heartboom/heartboom_10" }
				]
			},
			"balloon/heartboom/heartboom_20": {
				"color": [
					{ "time": 0, "color": "ffffffff", "curve": "stepped" },
					{ "time": 3.2, "color": "ffffffff" },
					{ "time": 4.0333, "color": "ffffff00", "curve": "stepped" },
					{ "time": 4.6666, "color": "ffffff00" }
				],
				"attachment": [
					{ "time": 0, "name": null },
					{ "time": 2.7333, "name": "balloon/heartboom/heartboom_20" },
					{ "time": 4.6666, "name": "balloon/heartboom/heartboom_20" }
				]
			},
			"balloon/heartboom/heartboom_24": {
				"color": [
					{ "time": 0, "color": "ffffffff", "curve": "stepped" },
					{ "time": 3.2, "color": "ffffffff" },
					{ "time": 3.6333, "color": "ffffff00", "curve": "stepped" },
					{ "time": 4.6666, "color": "ffffff00" }
				],
				"attachment": [
					{ "time": 0, "name": null },
					{ "time": 2.7333, "name": "balloon/heartboom/heartboom_24" },
					{ "time": 4.6666, "name": "balloon/heartboom/heartboom_24" }
				]
			},
			"balloon/heartboom/heartboom_30": {
				"color": [
					{ "time": 0, "color": "ffffffff", "curve": "stepped" },
					{ "time": 3.2, "color": "ffffffff" },
					{ "time": 3.7333, "color": "ffffff00", "curve": "stepped" },
					{ "time": 4.6666, "color": "ffffff00" }
				],
				"attachment": [
					{ "time": 0, "name": null },
					{ "time": 2.7333, "name": "balloon/heartboom/heartboom_30" },
					{ "time": 4.6666, "name": "balloon/heartboom/heartboom_30" }
				]
			},
			"balloon/heartboom/heartboom_40": {
				"color": [
					{ "time": 0, "color": "ffffffff", "curve": "stepped" },
					{ "time": 3.2, "color": "ffffffff" },
					{ "time": 3.5, "color": "ffffff00", "curve": "stepped" },
					{ "time": 4.6666, "color": "ffffff00" }
				],
				"attachment": [
					{ "time": 0, "name": null },
					{ "time": 2.7333, "name": "balloon/heartboom/heartboom_40" },
					{ "time": 4.6666, "name": "balloon/heartboom/heartboom_40" }
				]
			},
			"balloon/heartboom/heartboom_44": {
				"color": [
					{ "time": 0, "color": "ffffffff", "curve": "stepped" },
					{ "time": 3.2, "color": "ffffffff" },
					{ "time": 3.8666, "color": "ffffff00", "curve": "stepped" },
					{ "time": 4.6666, "color": "ffffff00" }
				],
				"attachment": [
					{ "time": 0, "name": null },
					{ "time": 2.7333, "name": "balloon/heartboom/heartboom_44" },
					{ "time": 4.6666, "name": "balloon/heartboom/heartboom_44" }
				]
			},
			"balloon/heartboom/heartboom_47": {
				"color": [
					{ "time": 0, "color": "ffffffff", "curve": "stepped" },
					{ "time": 3.2, "color": "ffffffff" },
					{ "time": 3.7333, "color": "ffffff00", "curve": "stepped" },
					{ "time": 4.6666, "color": "ffffff00" }
				],
				"attachment": [
					{ "time": 0, "name": null },
					{ "time": 2.7333, "name": "balloon/heartboom/heartboom_47" },
					{ "time": 4.6666, "name": "balloon/heartboom/heartboom_47" }
				]
			},
			"balloon/heartboom/heartboom_50": {
				"color": [
					{ "time": 0, "color": "ffffffff", "curve": "stepped" },
					{ "time": 3.2, "color": "ffffffff" },
					{ "time": 3.7, "color": "ffffff00", "curve": "stepped" },
					{ "time": 4.6666, "color": "ffffff00" }
				],
				"attachment": [
					{ "time": 0, "name": null },
					{ "time": 2.7333, "name": "balloon/heartboom/heartboom_50" },
					{ "time": 4.6666, "name": "balloon/heartboom/heartboom_50" }
				]
			},
			"balloon/heartboom/heartboom_53": {
				"color": [
					{ "time": 0, "color": "ffffffff", "curve": "stepped" },
					{ "time": 3.2, "color": "ffffffff" },
					{ "time": 3.8, "color": "ffffff00", "curve": "stepped" },
					{ "time": 4.6666, "color": "ffffff00" }
				],
				"attachment": [
					{ "time": 0, "name": null },
					{ "time": 2.7333, "name": "balloon/heartboom/heartboom_53" },
					{ "time": 4.6666, "name": "balloon/heartboom/heartboom_53" }
				]
			},
			"balloon/heartboom/heartboom_56": {
				"color": [
					{ "time": 0, "color": "ffffffff", "curve": "stepped" },
					{ "time": 3.2, "color": "ffffffff" },
					{ "time": 3.5, "color": "ffffff00", "curve": "stepped" },
					{ "time": 4.6666, "color": "ffffff00" }
				],
				"attachment": [
					{ "time": 0, "name": null },
					{ "time": 2.7333, "name": "balloon/heartboom/heartboom_56" },
					{ "time": 4.6666, "name": "balloon/heartboom/heartboom_56" }
				]
			},
			"balloon/heartboom/light": {
				"color": [
					{ "time": 0, "color": "ffffffff", "curve": "stepped" },
					{ "time": 3.1333, "color": "ffffffff" },
					{ "time": 3.2666, "color": "ffffff00" }
				],
				"attachment": [
					{ "time": 0, "name": null },
					{ "time": 2.8333, "name": "balloon/heartboom/light" }
				]
			},
			"balloon/heartboom/light2": {
				"color": [
					{ "time": 0, "color": "ffffffff", "curve": "stepped" },
					{ "time": 3.0666, "color": "ffffffff" },
					{ "time": 3.3333, "color": "ffffff00" }
				],
				"attachment": [
					{ "time": 0, "name": null },
					{ "time": 2.8333, "name": "balloon/heartboom/light" }
				]
			},
			"balloon/heartboom/light3": {
				"color": [
					{ "time": 0, "color": "ffffffff", "curve": "stepped" },
					{ "time": 3.1333, "color": "ffffffff" },
					{ "time": 3.2666, "color": "ffffff00" }
				],
				"attachment": [
					{ "time": 0, "name": null },
					{ "time": 2.8333, "name": "balloon/heartboom/light" }
				]
			},
			"balloon/heartboom/light4": {
				"color": [
					{ "time": 0, "color": "ffffffff", "curve": "stepped" },
					{ "time": 3.1333, "color": "ffffffff" },
					{ "time": 3.2666, "color": "ffffff00" }
				],
				"attachment": [
					{ "time": 0, "name": null },
					{ "time": 2.8333, "name": "balloon/heartboom/light" }
				]
			},
			"balloon/heartboom/light5": {
				"color": [
					{ "time": 0, "color": "ffffffff", "curve": "stepped" },
					{ "time": 3.1333, "color": "ffffffff" },
					{ "time": 3.2666, "color": "ffffff00" }
				],
				"attachment": [
					{ "time": 0, "name": null },
					{ "time": 2.8333, "name": "balloon/heartboom/light" }
				]
			},
			"balloon/heartboom/light6": {
				"color": [
					{ "time": 0, "color": "ffffffff", "curve": "stepped" },
					{ "time": 3.1333, "color": "ffffffff" },
					{ "time": 3.2666, "color": "ffffff00" }
				],
				"attachment": [
					{ "time": 0, "name": null },
					{ "time": 2.8333, "name": "balloon/heartboom/light" }
				]
			},
			"balloon/heartboom/light7": {
				"color": [
					{ "time": 0, "color": "ffffffff", "curve": "stepped" },
					{ "time": 3.1333, "color": "ffffffff" },
					{ "time": 3.2666, "color": "ffffff00" }
				],
				"attachment": [
					{ "time": 0, "name": null },
					{ "time": 2.8333, "name": "balloon/heartboom/light" }
				]
			},
			"balloon/heartboom/light8": {
				"color": [
					{ "time": 0, "color": "ffffffff", "curve": "stepped" },
					{ "time": 3.1333, "color": "ffffffff" },
					{ "time": 3.2666, "color": "ffffff00" }
				],
				"attachment": [
					{ "time": 0, "name": null },
					{ "time": 2.8333, "name": "balloon/heartboom/light" }
				]
			},
			"balloon/heartboom/light9": {
				"color": [
					{ "time": 0, "color": "ffffffff", "curve": "stepped" },
					{ "time": 3.1333, "color": "ffffffff" },
					{ "time": 3.2666, "color": "ffffff00" }
				],
				"attachment": [
					{ "time": 0, "name": null },
					{ "time": 2.8333, "name": "balloon/heartboom/light" }
				]
			}
		},
		"bones": {
			"root": {
				"rotate": [
					{ "time": 0, "angle": 0 }
				],
				"translate": [
					{ "time": 0, "x": 0, "y": 0 }
				],
				"scale": [
					{ "time": 0, "x": 1, "y": 1 }
				]
			},
			"balloon/airball_heart": {
				"rotate": [
					{ "time": 0, "angle": 0, "curve": "stepped" },
					{ "time": 2.7333, "angle": 0 }
				],
				"translate": [
					{
						"time": 0,
						"x": 0,
						"y": 0,
						"curve": [ 0.059, 0.16, 0.712, 1 ]
					},
					{
						"time": 2.7,
						"x": 0,
						"y": 426.11,
						"curve": [ 0.25, 0, 0.75, 1 ]
					},
					{ "time": 2.7333, "x": 0, "y": 478.56 }
				],
				"scale": [
					{ "time": 0, "x": 1, "y": 1 },
					{ "time": 1.6, "x": 1.059, "y": 1.059 },
					{
						"time": 2.2333,
						"x": 1.054,
						"y": 1.054,
						"curve": [ 0.25, 0, 0.75, 1 ]
					},
					{
						"time": 2.3666,
						"x": 1.158,
						"y": 1.158,
						"curve": [ 0.25, 0, 0.75, 1 ]
					},
					{
						"time": 2.5,
						"x": 1.054,
						"y": 1.054,
						"curve": [ 0.25, 0, 0.75, 1 ]
					},
					{
						"time": 2.6,
						"x": 1.196,
						"y": 1.196,
						"curve": [ 0.25, 0, 0.75, 1 ]
					},
					{
						"time": 2.7,
						"x": 1.245,
						"y": 1.245,
						"curve": [ 0.25, 0, 0.75, 1 ]
					},
					{ "time": 2.7333, "x": 1.21, "y": 1.21 }
				]
			},
			"balloon/heartboom/heartboom_03": {
				"rotate": [
					{ "time": 0, "angle": 0, "curve": "stepped" },
					{
						"time": 2.7333,
						"angle": 0,
						"curve": [ 0.092, 0.22, 0.924, 0.71 ]
					},
					{ "time": 4.4666, "angle": 118.86 }
				],
				"translate": [
					{ "time": 0, "x": 0, "y": 0 },
					{
						"time": 2.7333,
						"x": -38.64,
						"y": -64.61,
						"curve": [ 0.092, 0.22, 0.924, 0.71 ]
					},
					{
						"time": 2.9,
						"x": 11.14,
						"y": 85.35,
						"curve": [ 0.241, 0.17, 0.594, 0.53 ]
					},
					{
						"time": 3.2,
						"x": -66.44,
						"y": 144.03,
						"curve": [ 0.307, 0.27, 0.663, 0.63 ]
					},
					{
						"time": 3.5333,
						"x": -228.32,
						"y": 165.12,
						"curve": [ 0.352, 0.33, 0.693, 0.67 ]
					},
					{
						"time": 3.7,
						"x": -314.83,
						"y": 187.51,
						"curve": [ 0.499, 0.39, 0.884, 0.76 ]
					},
					{ "time": 4.4666, "x": -540.17, "y": 219.98 }
				],
				"scale": [
					{ "time": 0, "x": 1, "y": 1, "curve": "stepped" },
					{ "time": 2.7333, "x": 1, "y": 1, "curve": "stepped" },
					{ "time": 4.4666, "x": 1, "y": 1 }
				]
			},
			"balloon/heartboom/heartboom_05": {
				"rotate": [
					{ "time": 0, "angle": 0, "curve": "stepped" },
					{ "time": 2.7333, "angle": 0, "curve": "stepped" },
					{ "time": 4.6666, "angle": 0 }
				],
				"translate": [
					{ "time": 0, "x": 0, "y": 0 },
					{
						"time": 2.7333,
						"x": -109.78,
						"y": 22.81,
						"curve": [ 0.092, 0.22, 0.857, 0.99 ]
					},
					{
						"time": 2.9333,
						"x": -0.65,
						"y": 0,
						"curve": [ 0.259, 0.07, 0.744, 0.97 ]
					},
					{ "time": 4.3333, "x": -530.67, "y": 0, "curve": "stepped" },
					{ "time": 4.6666, "x": -530.67, "y": 0 }
				],
				"scale": [
					{ "time": 0, "x": 1, "y": 1, "curve": "stepped" },
					{ "time": 2.7333, "x": 1, "y": 1, "curve": "stepped" },
					{ "time": 4.6666, "x": 1, "y": 1 }
				]
			},
			"balloon/heartboom/heartboom_07": {
				"rotate": [
					{ "time": 0, "angle": 0, "curve": "stepped" },
					{
						"time": 2.7333,
						"angle": 0,
						"curve": [ 0.087, 0.19, 0.616, 0.7 ]
					},
					{ "time": 3.9666, "angle": -99.71, "curve": "stepped" },
					{ "time": 4.6666, "angle": -99.71 }
				],
				"translate": [
					{ "time": 0, "x": 0, "y": 0 },
					{
						"time": 2.7333,
						"x": -48.04,
						"y": 40.43,
						"curve": [ 0.092, 0.22, 0.857, 0.99 ]
					},
					{
						"time": 2.9333,
						"x": 13.63,
						"y": -56.78,
						"curve": [ 0.192, 0.09, 0.537, 0.44 ]
					},
					{
						"time": 3.0333,
						"x": -19.06,
						"y": -123.22,
						"curve": [ 0.271, 0.24, 0.611, 0.58 ]
					},
					{
						"time": 3.2666,
						"x": -164.27,
						"y": -171.33,
						"curve": [ 0.279, 0.25, 0.64, 0.61 ]
					},
					{
						"time": 3.6333,
						"x": -290.29,
						"y": -201.26,
						"curve": [ 0.341, 0.32, 0.682, 0.66 ]
					},
					{ "time": 3.9666, "x": -449.07, "y": -263.23, "curve": "stepped" },
					{ "time": 4.6666, "x": -449.07, "y": -263.23 }
				],
				"scale": [
					{ "time": 0, "x": 1, "y": 1, "curve": "stepped" },
					{ "time": 2.7333, "x": 1, "y": 1, "curve": "stepped" },
					{ "time": 4.6666, "x": 1, "y": 1 }
				]
			},
			"balloon/heartboom/heartboom_10": {
				"rotate": [
					{ "time": 0, "angle": 0, "curve": "stepped" },
					{ "time": 2.7333, "angle": 0 },
					{ "time": 3.4, "angle": -67.09, "curve": "stepped" },
					{ "time": 4.6666, "angle": -67.09 }
				],
				"translate": [
					{ "time": 0, "x": 0, "y": 0 },
					{
						"time": 2.7333,
						"x": -127.63,
						"y": 123.11,
						"curve": [ 0.309, 0.12, 0.642, 0.46 ]
					},
					{
						"time": 2.9333,
						"x": 22.48,
						"y": -72.39,
						"curve": [ 0.311, 0.23, 0.645, 0.57 ]
					},
					{
						"time": 3.0333,
						"x": -39.16,
						"y": -148.2,
						"curve": [ 0.303, 0.24, 0.637, 0.57 ]
					},
					{
						"time": 3.3666,
						"x": -177.35,
						"y": -181.76,
						"curve": [ 0.273, 0.21, 0.611, 0.55 ]
					},
					{ "time": 4.2666, "x": -606.38, "y": -206.18, "curve": "stepped" },
					{ "time": 4.6666, "x": -606.38, "y": -206.18 }
				],
				"scale": [
					{ "time": 0, "x": 1, "y": 1, "curve": "stepped" },
					{ "time": 2.7333, "x": 1, "y": 1, "curve": "stepped" },
					{ "time": 4.6666, "x": 1, "y": 1 }
				]
			},
			"balloon/heartboom/heartboom_20": {
				"rotate": [
					{ "time": 0, "angle": 0, "curve": "stepped" },
					{ "time": 2.7333, "angle": 0, "curve": "stepped" },
					{ "time": 4.6666, "angle": 0 }
				],
				"translate": [
					{ "time": 0, "x": 0, "y": 0 },
					{
						"time": 2.7333,
						"x": 10.4,
						"y": -29.91,
						"curve": [ 0.133, 0, 0.911, 0.74 ]
					},
					{ "time": 4.0333, "x": -348, "y": 0, "curve": "stepped" },
					{ "time": 4.6666, "x": -348, "y": 0 }
				],
				"scale": [
					{ "time": 0, "x": 1, "y": 1, "curve": "stepped" },
					{ "time": 2.7333, "x": 1, "y": 1, "curve": "stepped" },
					{ "time": 4.6666, "x": 1, "y": 1 }
				]
			},
			"balloon/heartboom/heartboom_24": {
				"rotate": [
					{ "time": 0, "angle": 0, "curve": "stepped" },
					{ "time": 2.7333, "angle": 0, "curve": "stepped" },
					{ "time": 4.6666, "angle": 0 }
				],
				"translate": [
					{ "time": 0, "x": 0, "y": 0, "curve": "stepped" },
					{
						"time": 2.7333,
						"x": 0,
						"y": 0,
						"curve": [ 0.133, 0, 0.911, 0.74 ]
					},
					{ "time": 3.6333, "x": -378.35, "y": 0, "curve": "stepped" },
					{ "time": 4.6666, "x": -378.35, "y": 0 }
				],
				"scale": [
					{ "time": 0, "x": 1, "y": 1, "curve": "stepped" },
					{ "time": 2.7333, "x": 1, "y": 1, "curve": "stepped" },
					{ "time": 4.6666, "x": 1, "y": 1 }
				]
			},
			"balloon/heartboom/heartboom_30": {
				"rotate": [
					{ "time": 0, "angle": 0, "curve": "stepped" },
					{ "time": 2.7333, "angle": 0 },
					{ "time": 3.7333, "angle": 56.89, "curve": "stepped" },
					{ "time": 4.6666, "angle": 56.89 }
				],
				"translate": [
					{ "time": 0, "x": 0, "y": 0 },
					{
						"time": 2.7333,
						"x": 3.37,
						"y": -162.14,
						"curve": [ 0.191, 0.01, 0.544, 0.38 ]
					},
					{
						"time": 2.9333,
						"x": -58.48,
						"y": 34.02,
						"curve": [ 0.266, 0.22, 0.628, 0.58 ]
					},
					{
						"time": 3.2,
						"x": -148.21,
						"y": 109.74,
						"curve": [ 0.445, 0.35, 0.911, 0.78 ]
					},
					{ "time": 3.7333, "x": -396.65, "y": 154.74 },
					{ "time": 4.6666, "x": -396.65, "y": 186.88 }
				],
				"scale": [
					{ "time": 0, "x": 1, "y": 1, "curve": "stepped" },
					{ "time": 2.7333, "x": 1, "y": 1 },
					{ "time": 3.7333, "x": 1.088, "y": 0.764, "curve": "stepped" },
					{ "time": 4.6666, "x": 1.088, "y": 0.764 }
				]
			},
			"balloon/heartboom/heartboom_40": {
				"rotate": [
					{ "time": 0, "angle": 0, "curve": "stepped" },
					{ "time": 2.7333, "angle": 0 },
					{ "time": 3.5, "angle": -0.66, "curve": "stepped" },
					{ "time": 4.6666, "angle": -0.66 }
				],
				"translate": [
					{ "time": 0, "x": 0, "y": 0 },
					{
						"time": 2.7333,
						"x": 50.57,
						"y": -62.45,
						"curve": [ 0.133, 0, 0.911, 0.74 ]
					},
					{ "time": 3.5, "x": -314.58, "y": 0, "curve": "stepped" },
					{ "time": 4.6666, "x": -314.58, "y": 0 }
				],
				"scale": [
					{ "time": 0, "x": 1, "y": 1, "curve": "stepped" },
					{ "time": 2.7333, "x": 1, "y": 1 },
					{ "time": 3.5, "x": 0.601, "y": 1, "curve": "stepped" },
					{ "time": 4.6666, "x": 0.601, "y": 1 }
				]
			},
			"balloon/heartboom/heartboom_44": {
				"rotate": [
					{ "time": 0, "angle": 0, "curve": "stepped" },
					{ "time": 2.7333, "angle": 0 },
					{ "time": 3.8666, "angle": 71.42, "curve": "stepped" },
					{ "time": 4.6666, "angle": 71.42 }
				],
				"translate": [
					{ "time": 0, "x": 0, "y": 0, "curve": "stepped" },
					{
						"time": 2.7333,
						"x": 0,
						"y": 0,
						"curve": [ 0.133, 0, 0.911, 0.74 ]
					},
					{ "time": 3.8666, "x": -269.02, "y": 0, "curve": "stepped" },
					{ "time": 4.6666, "x": -269.02, "y": 0 }
				],
				"scale": [
					{ "time": 0, "x": 1, "y": 1, "curve": "stepped" },
					{ "time": 2.7333, "x": 1, "y": 1 },
					{ "time": 3.8666, "x": 1, "y": 0.386, "curve": "stepped" },
					{ "time": 4.6666, "x": 1, "y": 0.386 }
				]
			},
			"balloon/heartboom/heartboom_47": {
				"rotate": [
					{ "time": 0, "angle": 0, "curve": "stepped" },
					{ "time": 2.7333, "angle": 0 },
					{ "time": 3.7333, "angle": -1.67, "curve": "stepped" },
					{ "time": 4.6666, "angle": -1.67 }
				],
				"translate": [
					{ "time": 0, "x": 0, "y": 0 },
					{
						"time": 2.7333,
						"x": 79.1,
						"y": 120.53,
						"curve": [ 0.133, 0, 0.911, 0.74 ]
					},
					{ "time": 3.7333, "x": -237.08, "y": 0, "curve": "stepped" },
					{ "time": 4.6666, "x": -237.08, "y": 0 }
				],
				"scale": [
					{ "time": 0, "x": 1, "y": 1, "curve": "stepped" },
					{ "time": 2.7333, "x": 1, "y": 1 },
					{ "time": 3.7333, "x": 0.601, "y": 1.264, "curve": "stepped" },
					{ "time": 4.6666, "x": 0.601, "y": 1.264 }
				]
			},
			"balloon/heartboom/heartboom_50": {
				"rotate": [
					{ "time": 0, "angle": 0, "curve": "stepped" },
					{ "time": 2.7333, "angle": 0 },
					{ "time": 3.7, "angle": -58.55, "curve": "stepped" },
					{ "time": 4.6666, "angle": -58.55 }
				],
				"translate": [
					{ "time": 0, "x": 0, "y": 0 },
					{
						"time": 2.7333,
						"x": -1.55,
						"y": 98.41,
						"curve": [ 0.317, 0.16, 0.651, 0.49 ]
					},
					{
						"time": 2.8,
						"x": -8.83,
						"y": -40.07,
						"curve": [ 0.3, 0.18, 0.634, 0.51 ]
					},
					{
						"time": 3.0333,
						"x": -57.03,
						"y": -86.11,
						"curve": [ 0.304, 0.24, 0.638, 0.58 ]
					},
					{
						"time": 3.2333,
						"x": -139.32,
						"y": -128.44,
						"curve": [ 0.289, 0.23, 0.624, 0.57 ]
					},
					{ "time": 3.7, "x": -369.51, "y": -200.06 },
					{ "time": 4.6666, "x": -369.51, "y": -214.67 }
				],
				"scale": [
					{ "time": 0, "x": 1, "y": 1, "curve": "stepped" },
					{ "time": 2.7333, "x": 1, "y": 1, "curve": "stepped" },
					{ "time": 4.6666, "x": 1, "y": 1 }
				]
			},
			"balloon/heartboom/heartboom_53": {
				"rotate": [
					{ "time": 0, "angle": 0, "curve": "stepped" },
					{ "time": 2.7333, "angle": 0 },
					{ "time": 3.3333, "angle": -19.29, "curve": "stepped" },
					{ "time": 4.6666, "angle": -19.29 }
				],
				"translate": [
					{ "time": 0, "x": 0, "y": 0 },
					{
						"time": 2.7333,
						"x": 14.2,
						"y": 142.48,
						"curve": [ 0.241, 0.03, 0.58, 0.38 ]
					},
					{
						"time": 2.8333,
						"x": -10.98,
						"y": -30.55,
						"curve": [ 0.256, 0.19, 0.6, 0.54 ]
					},
					{
						"time": 3.0333,
						"x": -47.72,
						"y": -57.72,
						"curve": [ 0.287, 0.25, 0.648, 0.61 ]
					},
					{
						"time": 3.3333,
						"x": -134.89,
						"y": -91.73,
						"curve": [ 0.464, 0.36, 0.907, 0.78 ]
					},
					{ "time": 3.8, "x": -342.96, "y": -108.01, "curve": "stepped" },
					{ "time": 4.6666, "x": -342.96, "y": -108.01 }
				],
				"scale": [
					{ "time": 0, "x": 1, "y": 1, "curve": "stepped" },
					{ "time": 2.7333, "x": 1, "y": 1, "curve": "stepped" },
					{ "time": 4.6666, "x": 1, "y": 1 }
				]
			},
			"balloon/heartboom/heartboom_56": {
				"rotate": [
					{ "time": 0, "angle": 0, "curve": "stepped" },
					{ "time": 2.7333, "angle": 0, "curve": "stepped" },
					{ "time": 4.6666, "angle": 0 }
				],
				"translate": [
					{ "time": 0, "x": 0, "y": 0 },
					{
						"time": 2.7333,
						"x": 68.12,
						"y": 29.55,
						"curve": [ 0.133, 0, 0.911, 0.74 ]
					},
					{ "time": 3.5, "x": -227.62, "y": 0, "curve": "stepped" },
					{ "time": 4.6666, "x": -227.62, "y": 0 }
				],
				"scale": [
					{ "time": 0, "x": 1, "y": 1, "curve": "stepped" },
					{ "time": 2.7333, "x": 1, "y": 1, "curve": "stepped" },
					{ "time": 4.6666, "x": 1, "y": 1 }
				]
			},
			"balloon/heartboom/light": {
				"rotate": [
					{ "time": 0, "angle": 0, "curve": "stepped" },
					{ "time": 2.8333, "angle": 0 }
				],
				"translate": [
					{ "time": 0, "x": 0, "y": 0, "curve": "stepped" },
					{
						"time": 2.8333,
						"x": 0,
						"y": 0,
						"curve": [ 0.154, 0.32, 0.75, 1 ]
					},
					{ "time": 3.2666, "x": 31.8, "y": 23.78 }
				],
				"scale": [
					{ "time": 0, "x": 1, "y": 1, "curve": "stepped" },
					{ "time": 2.8333, "x": 1, "y": 1 },
					{ "time": 3.1666, "x": 1.217, "y": 1.217 }
				]
			},
			"balloon/heartboom/light2": {
				"rotate": [
					{ "time": 0, "angle": 0, "curve": "stepped" },
					{ "time": 2.8333, "angle": 0 }
				],
				"translate": [
					{ "time": 0, "x": 0, "y": 0, "curve": "stepped" },
					{
						"time": 2.8333,
						"x": 0,
						"y": 0,
						"curve": [ 0.154, 0.32, 0.75, 1 ]
					},
					{ "time": 3.2666, "x": 32.56, "y": 49.24 }
				],
				"scale": [
					{ "time": 0, "x": 1, "y": 1, "curve": "stepped" },
					{ "time": 2.8333, "x": 1, "y": 1 },
					{ "time": 3.1666, "x": 1.217, "y": 1.217 }
				]
			},
			"balloon/heartboom/light3": {
				"rotate": [
					{ "time": 0, "angle": 0, "curve": "stepped" },
					{ "time": 2.8333, "angle": 0 }
				],
				"translate": [
					{ "time": 0, "x": 0, "y": 0, "curve": "stepped" },
					{
						"time": 2.8333,
						"x": 0,
						"y": 0,
						"curve": [ 0.154, 0.32, 0.75, 1 ]
					},
					{ "time": 3.2666, "x": 45.83, "y": 0 }
				],
				"scale": [
					{ "time": 0, "x": 1, "y": 1, "curve": "stepped" },
					{ "time": 2.8333, "x": 1, "y": 1 },
					{ "time": 3.1666, "x": 1.217, "y": 1.217 }
				]
			},
			"balloon/heartboom/light4": {
				"rotate": [
					{ "time": 0, "angle": 0, "curve": "stepped" },
					{ "time": 2.8333, "angle": 0 }
				],
				"translate": [
					{ "time": 0, "x": 0, "y": 0, "curve": "stepped" },
					{
						"time": 2.8333,
						"x": 0,
						"y": 0,
						"curve": [ 0.154, 0.32, 0.75, 1 ]
					},
					{ "time": 3.2666, "x": 21.39, "y": -53.47 }
				],
				"scale": [
					{ "time": 0, "x": 1, "y": 1, "curve": "stepped" },
					{
						"time": 2.8333,
						"x": 1,
						"y": 1,
						"curve": [ 0.154, 0.32, 0.75, 1 ]
					},
					{ "time": 3.1666, "x": 1.217, "y": 1.217 }
				]
			},
			"balloon/heartboom/light5": {
				"rotate": [
					{ "time": 0, "angle": 0, "curve": "stepped" },
					{ "time": 2.8333, "angle": 0 }
				],
				"translate": [
					{ "time": 0, "x": 0, "y": 0, "curve": "stepped" },
					{
						"time": 2.8333,
						"x": 0,
						"y": 0,
						"curve": [ 0.154, 0.32, 0.75, 1 ]
					},
					{ "time": 3.2666, "x": 24.71, "y": -44.15 }
				],
				"scale": [
					{ "time": 0, "x": 1, "y": 1, "curve": "stepped" },
					{ "time": 2.8333, "x": 1, "y": 1 },
					{ "time": 3.1666, "x": 1.217, "y": 1.217 }
				]
			},
			"balloon/heartboom/light6": {
				"rotate": [
					{ "time": 0, "angle": 0, "curve": "stepped" },
					{ "time": 2.8333, "angle": 0 }
				],
				"translate": [
					{ "time": 0, "x": 0, "y": 0, "curve": "stepped" },
					{
						"time": 2.8333,
						"x": 0,
						"y": 0,
						"curve": [ 0.154, 0.32, 0.75, 1 ]
					},
					{ "time": 3.2666, "x": -46.42, "y": -59.12 }
				],
				"scale": [
					{ "time": 0, "x": 1, "y": 1, "curve": "stepped" },
					{ "time": 2.8333, "x": 1, "y": 1 },
					{ "time": 3.1666, "x": 1.217, "y": 1.217 }
				]
			},
			"balloon/heartboom/light7": {
				"rotate": [
					{ "time": 0, "angle": 0, "curve": "stepped" },
					{ "time": 2.8333, "angle": 0 }
				],
				"translate": [
					{ "time": 0, "x": 0, "y": 0, "curve": "stepped" },
					{
						"time": 2.8333,
						"x": 0,
						"y": 0,
						"curve": [ 0.154, 0.32, 0.75, 1 ]
					},
					{ "time": 3.2666, "x": -58.73, "y": 53.66 }
				],
				"scale": [
					{ "time": 0, "x": 1, "y": 1, "curve": "stepped" },
					{ "time": 2.8333, "x": 1, "y": 1 },
					{ "time": 3.1666, "x": 1.217, "y": 1.217 }
				]
			},
			"balloon/heartboom/light8": {
				"rotate": [
					{ "time": 0, "angle": 0, "curve": "stepped" },
					{ "time": 2.8333, "angle": 0 }
				],
				"translate": [
					{ "time": 0, "x": 0, "y": 0, "curve": "stepped" },
					{
						"time": 2.8333,
						"x": 0,
						"y": 0,
						"curve": [ 0.154, 0.32, 0.75, 1 ]
					},
					{ "time": 3.2666, "x": -63.51, "y": -5.62 }
				],
				"scale": [
					{ "time": 0, "x": 1, "y": 1, "curve": "stepped" },
					{ "time": 2.8333, "x": 1, "y": 1 },
					{ "time": 3.1666, "x": 1.217, "y": 1.217 }
				]
			},
			"balloon/heartboom/light9": {
				"rotate": [
					{ "time": 0, "angle": 0, "curve": "stepped" },
					{ "time": 2.8333, "angle": 0 }
				],
				"translate": [
					{ "time": 0, "x": 0, "y": 0, "curve": "stepped" },
					{
						"time": 2.8333,
						"x": 0,
						"y": 0,
						"curve": [ 0.154, 0.32, 0.75, 1 ]
					},
					{ "time": 3.2666, "x": -55.17, "y": -38.09 }
				],
				"scale": [
					{ "time": 0, "x": 1, "y": 1, "curve": "stepped" },
					{ "time": 2.8333, "x": 1, "y": 1 },
					{ "time": 3.1666, "x": 1.217, "y": 1.217 }
				]
			},
			"heartlight": {
				"rotate": [
					{ "time": 0, "angle": 0, "curve": "stepped" },
					{ "time": 2.7333, "angle": 0 }
				],
				"translate": [
					{ "time": 0, "x": 0, "y": 0, "curve": "stepped" },
					{ "time": 2.7333, "x": 0, "y": 0 }
				],
				"scale": [
					{ "time": 0, "x": 1, "y": 1, "curve": "stepped" },
					{ "time": 2.7333, "x": 1, "y": 1 },
					{ "time": 2.9, "x": 1.217, "y": 1.217 }
				]
			},
			"root2": {
				"rotate": [
					{ "time": 0, "angle": 0 }
				],
				"translate": [
					{ "time": 0, "x": 0, "y": 0 }
				],
				"scale": [
					{ "time": 0, "x": 1, "y": 1 }
				]
			}
		},
		"deform": {
			"default": {
				"balloon/airball_heart": {
					"balloon/airball_heart": [
						{ "time": 0, "curve": "stepped" },
						{ "time": 0.7333 },
						{
							"time": 1.6,
							"offset": 1,
							"vertices": [ -9.10633, 0, 0, 0, 0, 0, 0, 0, 7.28497, 0, 0, 7.28503, 0, 0, 0, 0, 5.46366, 0, -3.64247 ]
						},
						{
							"time": 2.1,
							"curve": [ 0.25, 0, 0.75, 1 ]
						},
						{
							"time": 2.5666,
							"offset": 1,
							"vertices": [ -37.21153, 2.25518, -27.06291, 0, 0, 2.25518, 20.29715, 3.0E-5, 40.59438, 0, 18.04197, 34.9563, -2.25525, 0, -15.78677, 3.38287, 30.44578, 0, -32.701 ]
						}
					]
				},
				"balloon/cord": {
					"balloon/cord": [
						{
							"time": 0,
							"vertices": [ 19.44196, 5.30359, 19.44194, 5.30362, 19.44208, 1.76748, 19.44201, -2.65121, 19.44181, -10.60491, 19.44181, -10.60491, 19.44201, -2.65121, 18.55833, 1.76748, 19.44194, 5.30362, 19.44196, 5.30359, 19.44208, 1.76748, 19.44208, 1.76748 ],
							"curve": [ 0.25, 0, 0.75, 1 ]
						},
						{
							"time": 1.6333,
							"vertices": [ 19.44215, 2.97129, 19.44234, 7.11116, 19.44308, 8.29007, 19.44347, 9.36394, 19.443, 6.6502, 19.443, 6.6502, 19.44347, 9.36394, 20.11456, 8.29006, 19.44234, 7.11116, 19.44215, 2.97129, 19.44208, 1.76748, 19.44208, 1.76748 ],
							"curve": [ 0.25, 0, 0.75, 1 ]
						},
						{
							"time": 3.1333,
							"vertices": [ 19.44215, -6.2158, 19.44234, -6.13572, 19.44308, -3.46847, 19.44347, 2.52226, 19.443, 6.49322, 19.443, 6.49322, 19.44347, 2.52226, 20.11456, -3.46849, 19.44234, -6.13572, 19.44215, -6.2158, 19.44208, 1.76748, 19.44208, 1.76748 ]
						}
					]
				},
				"balloon/heartboom/heartboom_03": {
					"balloon/heartboom/heartboom_03": [
						{
							"time": 2.7333,
							"curve": [ 0.248, 0, 0.914, 0.7 ]
						},
						{
							"time": 3.7333,
							"vertices": [ -3.03482, 11.48413, 47.38791, 11.66275, 51.17212, 8.56399, 32.60189, -69.98156, 9.28964, -24.77746, 16.78353, -6.33129, -0.50189, 5.86688, -10.61355, 12.4905 ]
						},
						{ "time": 4.4666 }
					]
				},
				"balloon/heartboom/heartboom_05": {
					"balloon/heartboom/heartboom_05": [
						{
							"time": 2.7333,
							"curve": [ 0.092, 0.22, 0.857, 0.99 ]
						},
						{
							"time": 3.2,
							"vertices": [ 16.19897, -14.39911, 17.42413, -0.91714, -6.42016, 6.42021, 0, 0, -10.08929, 1.83433, -9.17169 ]
						},
						{
							"time": 4.1666,
							"vertices": [ 33.39788, -5.17536, 4.0155, 0.57267, 30.36856, 18.98855, 11.26782, 3.69656, -29.35049, 2.57357, -7.98278, 12.15021 ],
							"curve": "stepped"
						},
						{
							"time": 4.6666,
							"vertices": [ 33.39788, -5.17536, 4.0155, 0.57267, 30.36856, 18.98855, 11.26782, 3.69656, -29.35049, 2.57357, -7.98278, 12.15021 ]
						}
					]
				},
				"balloon/heartboom/heartboom_7": {
					"balloon/heartboom/heartboom_07": [
						{
							"time": 2.7333,
							"curve": [ 0.25, 0, 0.949, 0.67 ]
						},
						{
							"time": 3.5666,
							"vertices": [ 15.66027, 8.74603, -27.84616, 20.10943, -5.1929, 55.56762, 27.8724, -14.49426, -33.43155, 1.88439, 7.12869, -39.43792, -11.15042, -36.5863 ]
						},
						{ "time": 4.6666 }
					]
				},
				"balloon/heartboom/heartboom_50": {
					"balloon/heartboom/heartboom_50": [
						{ "time": 2.7333 },
						{
							"time": 3.7,
							"offset": 2,
							"vertices": [ -7.16012, 6.46966, 1.98773, -30.91471, 10.93273, 13.28295 ],
							"curve": "stepped"
						},
						{
							"time": 4.6666,
							"offset": 2,
							"vertices": [ -7.16012, 6.46966, 1.98773, -30.91471, 10.93273, 13.28295 ]
						}
					]
				}
			}
		},
		"drawOrder": [
			{
				"time": 0,
				"offsets": [
					{ "slot": "balloon/airball_heart", "offset": 1 }
				]
			}
		]
	}
}
}