{
"skeleton": { "hash": "7uZSRJCSlGx/MB02Ba0KSdxq0gg", "spine": "3.4.02", "width": 203.39, "height": 174.19, "images": "" },
"bones": [
	{ "name": "root" },
	{ "name": "root2", "parent": "root", "x": 0.08, "y": -1.8, "color": "00249bff" },
	{ "name": "pig3", "parent": "root2", "length": 109.1, "rotation": 88.63, "x": 171, "y": 186.35, "color": "97979bff" },
	{
		"name": "PIG/body",
		"parent": "pig3",
		"rotation": -88.63,
		"x": 25.58,
		"y": -0.62,
		"scaleX": 0.5,
		"scaleY": 0.5,
		"color": "00249bff"
	},
	{ "name": "PIG/L_brow", "parent": "PIG/body", "length": 24.76, "rotation": -152.18, "x": -59.97, "y": 150.53, "color": "00249bff" },
	{ "name": "pig1", "parent": "root2", "length": 177.84, "rotation": 90.45, "x": 8.63, "y": 201.75, "color": "97979bff" },
	{ "name": "PIG/body2", "parent": "pig1", "rotation": -90.45, "x": 54.39, "y": 4.62, "color": "97979bff" },
	{
		"name": "PIG/L_brow2",
		"parent": "PIG/body2",
		"length": 22.59,
		"rotation": -151.48,
		"x": -51.23,
		"y": 139.67,
		"color": "97979bff"
	},
	{ "name": "pig2", "parent": "root2", "length": 125.92, "rotation": 94.98, "x": -159.84, "y": 179.29, "color": "97979bff" },
	{
		"name": "PIG/body3",
		"parent": "pig2",
		"rotation": -94.98,
		"x": 35.04,
		"y": 1.69,
		"scaleX": 0.652,
		"scaleY": 0.652,
		"color": "00249bff"
	},
	{ "name": "PIG/L_brow3", "parent": "PIG/body3", "length": 27.07, "rotation": -33.69, "x": 43.1, "y": 146.85, "color": "00249bff" },
	{ "name": "PIG/L_ear", "parent": "PIG/body", "length": 31.47, "rotation": 128.71, "x": -86.03, "y": 159.05, "color": "00249bff" },
	{ "name": "PIG/L_ear2", "parent": "PIG/body2", "length": 31.78, "rotation": 115.28, "x": -87.6, "y": 142.8, "color": "97979bff" },
	{ "name": "PIG/L_ear3", "parent": "PIG/body3", "length": 34.13, "rotation": 50.41, "x": 69.38, "y": 155.11, "color": "00249bff" },
	{ "name": "PIG/L_eye1", "parent": "PIG/body", "x": -71.28, "y": 70.58, "color": "00249bff" },
	{ "name": "PIG/R_brow", "parent": "PIG/body", "length": 22.15, "rotation": -35.32, "x": 98.41, "y": 153.1, "color": "00249bff" },
	{ "name": "PIG/R_brow2", "parent": "PIG/body2", "length": 20.04, "rotation": -32.84, "x": 94.29, "y": 147.59, "color": "97979bff" },
	{
		"name": "PIG/R_brow3",
		"parent": "PIG/body3",
		"length": 23.46,
		"rotation": -140.19,
		"x": -97.33,
		"y": 155.11,
		"color": "00249bff"
	},
	{ "name": "PIG/R_ear", "parent": "PIG/body", "length": 35.16, "rotation": 116.38, "x": -23.12, "y": 174.78, "color": "00249bff" },
	{ "name": "PIG/R_ear2", "parent": "PIG/body2", "length": 38.54, "rotation": 101.13, "x": -21.23, "y": 164.18, "color": "97979bff" },
	{ "name": "PIG/R_ear3", "parent": "PIG/body3", "length": 29.9, "rotation": 61.83, "x": 9.3, "y": 179.72, "color": "00249bff" },
	{ "name": "PIG/R_eye1", "parent": "PIG/body", "x": 98.76, "y": 66.65, "color": "00249bff" },
	{ "name": "PIG/body4", "parent": "PIG/body2", "x": 28.55, "y": -15.87, "color": "97979bff" },
	{ "name": "PIG/eyeball_L", "parent": "PIG/L_eye1", "x": 5.89, "y": 8.84, "color": "00249bff" },
	{ "name": "PIG/eyeball_R", "parent": "PIG/R_eye1", "y": 13.76, "color": "00249bff" },
	{ "name": "PIG/eyelid_L", "parent": "PIG/body2", "x": -63.11, "y": 53.54, "color": "97979bff" },
	{ "name": "PIG/eyelid_L(1)", "parent": "PIG/body3", "x": 52.03, "y": 60.44, "color": "00249bff" },
	{ "name": "PIG/eyelid_R", "parent": "PIG/body2", "x": 107.16, "y": 49.58, "color": "97979bff" },
	{ "name": "PIG/eyelid_R(1)", "parent": "PIG/body3", "x": -116.56, "y": 61.83, "color": "00249bff" },
	{ "name": "PIG/mouth1", "parent": "PIG/body", "x": -3.61, "y": 22.03, "color": "00249bff" },
	{ "name": "PIG/mouth2", "parent": "PIG/body3", "x": -8.77, "y": 20.37, "color": "00249bff" },
	{ "name": "PIG/nose", "parent": "PIG/body", "x": 29.95, "y": 53.87, "color": "00249bff" },
	{ "name": "PIG/nose2", "parent": "PIG/body2", "x": 37.73, "y": 51.92, "color": "97979bff" },
	{ "name": "PIG/nose3", "parent": "PIG/body3", "x": -51.61, "y": 57.68, "color": "00249bff" },
	{ "name": "PIG/tail", "parent": "PIG/body", "length": 55.18, "rotation": -175.94, "x": -128.3, "y": 66.65, "color": "00249bff" },
	{ "name": "PIG/tail2", "parent": "PIG/body2", "length": 48.67, "rotation": 175.46, "x": -126.47, "y": 45.62, "color": "97979bff" },
	{ "name": "PIG/tail3", "parent": "PIG/body3", "length": 45.95, "rotation": -11.22, "x": 114.44, "y": 64.99, "color": "00249bff" }
],
"slots": [
	{ "name": "PIG/tail", "bone": "PIG/tail" },
	{ "name": "PIG/body", "bone": "PIG/body" },
	{ "name": "PIG/L_brow", "bone": "PIG/L_brow" },
	{ "name": "PIG/nose8", "bone": "PIG/nose" },
	{ "name": "PIG/L_ear", "bone": "PIG/L_ear" },
	{ "name": "PIG/L_eye1", "bone": "PIG/L_eye1" },
	{ "name": "PIG/R_brow", "bone": "PIG/R_brow" },
	{ "name": "PIG/L_eye2", "bone": "PIG/L_eye1" },
	{ "name": "PIG/R_ear", "bone": "PIG/R_ear" },
	{ "name": "PIG/R_eye1", "bone": "PIG/R_eye1" },
	{ "name": "PIG/R_eye2", "bone": "PIG/R_eye1" },
	{ "name": "PIG/eyeball_L", "bone": "PIG/eyeball_L" },
	{ "name": "PIG/tail3", "bone": "PIG/tail3", "attachment": "PIG/tail" },
	{ "name": "PIG/body3", "bone": "PIG/body3", "attachment": "PIG/body" },
	{ "name": "PIG/L_brow3", "bone": "PIG/L_brow3", "attachment": "PIG/L_brow" },
	{ "name": "PIG/noseline3", "bone": "PIG/nose3", "attachment": "PIG/noseline" },
	{ "name": "PIG/eyelid_R(1)", "bone": "PIG/eyelid_R(1)", "attachment": "PIG/eyelid_R(1)" },
	{ "name": "PIG/eyelid_L(1)", "bone": "PIG/eyelid_L(1)", "attachment": "PIG/eyelid_L(1)" },
	{ "name": "PIG/mouth2", "bone": "PIG/mouth2", "attachment": "PIG/mouth1" },
	{ "name": "PIG/nose3", "bone": "PIG/nose3", "attachment": "PIG/nose" },
	{ "name": "PIG/R_ear3", "bone": "PIG/R_ear3", "attachment": "PIG/R_ear" },
	{ "name": "PIG/L_ear3", "bone": "PIG/L_ear3", "attachment": "PIG/L_ear" },
	{ "name": "PIG/eyeball_R", "bone": "PIG/eyeball_R" },
	{ "name": "PIG/mouth4", "bone": "PIG/mouth1" },
	{ "name": "PIG/mouth1", "bone": "PIG/mouth1" },
	{ "name": "PIG/mouth3", "bone": "PIG/mouth1" },
	{ "name": "PIG/nose", "bone": "PIG/nose" },
	{ "name": "PIG/nose10", "bone": "PIG/nose" },
	{ "name": "PIG/nose9", "bone": "PIG/nose" },
	{ "name": "PIG/tail2", "bone": "PIG/tail2" },
	{ "name": "PIG/nose11", "bone": "PIG/nose" },
	{ "name": "PIG/nose12", "bone": "PIG/nose" },
	{ "name": "PIG/body2", "bone": "PIG/body2" },
	{ "name": "PIG/eyelid_R", "bone": "PIG/eyelid_R" },
	{ "name": "PIG/eyelid_L", "bone": "PIG/eyelid_L" },
	{ "name": "PIG/L_brow2", "bone": "PIG/L_brow2" },
	{ "name": "PIG/L_ear2", "bone": "PIG/L_ear2" },
	{ "name": "PIG/body4", "bone": "PIG/body4" },
	{ "name": "PIG/body9", "bone": "PIG/body4" },
	{ "name": "PIG/R_brow2", "bone": "PIG/R_brow2" },
	{ "name": "PIG/R_ear2", "bone": "PIG/R_ear2" },
	{ "name": "PIG/noseline2", "bone": "PIG/nose2" },
	{ "name": "PIG/nose2", "bone": "PIG/nose2" },
	{ "name": "PIG/L_nostril3", "bone": "PIG/nose2" },
	{ "name": "PIG/R_nostril2", "bone": "PIG/nose2" },
	{ "name": "PIG/L_nostril4", "bone": "PIG/nose2" },
	{ "name": "PIG/R_nosetil3", "bone": "PIG/nose2" },
	{ "name": "PIG/R_brow3", "bone": "PIG/R_brow3", "attachment": "PIG/R_brow" },
	{ "name": "PIG/nose6", "bone": "PIG/nose3", "attachment": "PIG/R_nostril" },
	{ "name": "PIG/body12", "bone": "PIG/body4" },
	{ "name": "PIG/body10", "bone": "PIG/body4" },
	{ "name": "PIG/nose4", "bone": "PIG/nose3", "attachment": "PIG/L_nostril" },
	{ "name": "PIG/nose7", "bone": "PIG/nose3", "attachment": "PIG/R_nosetil2" },
	{ "name": "PIG/nose5", "bone": "PIG/nose3", "attachment": "PIG/L_nostril2" },
	{ "name": "PIG/body11", "bone": "PIG/body4" }
],
"skins": {
	"default": {
		"PIG/L_brow": {
			"PIG/L_brow": { "x": 13.58, "y": -1.01, "rotation": 152.18, "width": 27, "height": 17 }
		},
		"PIG/L_brow2": {
			"PIG/L_brow": { "x": 7.98, "y": -0.22, "rotation": 151.48, "width": 27, "height": 17 }
		},
		"PIG/L_brow3": {
			"PIG/L_brow": { "x": 11.5, "y": -2.15, "scaleX": -1, "rotation": 33.69, "width": 27, "height": 17 }
		},
		"PIG/L_ear": {
			"PIG/L_ear": { "x": 20.5, "y": 0.51, "rotation": -128.71, "width": 49, "height": 47 }
		},
		"PIG/L_ear2": {
			"PIG/L_ear": { "x": 17.75, "y": -1.75, "rotation": -115.28, "width": 49, "height": 47 }
		},
		"PIG/L_ear3": {
			"PIG/L_ear": { "x": 21.42, "y": -0.81, "scaleX": -1, "rotation": -50.41, "width": 49, "height": 47 }
		},
		"PIG/L_eye1": {
			"PIG/L_eye1": { "x": 1.94, "y": 0.58, "width": 50, "height": 49 }
		},
		"PIG/L_eye2": {
			"PIG/L_cheek": {
				"type": "mesh",
				"uvs": [ 1, 1, 0, 1, 0, 0, 1, 0 ],
				"triangles": [ 1, 2, 3, 1, 3, 0 ],
				"vertices": [ 23.25, -28.04, -28.74, -28.04, -28.74, -2.04, 23.25, -2.04 ],
				"hull": 4,
				"edges": [ 0, 2, 2, 4, 4, 6, 0, 6 ],
				"width": 52,
				"height": 26
			}
		},
		"PIG/L_nostril3": {
			"PIG/L_nostril": {
				"type": "mesh",
				"uvs": [ 1, 1, 0, 1, 0, 0, 1, 0 ],
				"triangles": [ 1, 2, 3, 1, 3, 0 ],
				"vertices": [ -1.38, -17.7, -33.38, -17.7, -33.38, 23.29, -1.38, 23.29 ],
				"hull": 4,
				"edges": [ 0, 2, 2, 4, 4, 6, 0, 6 ],
				"width": 32,
				"height": 41
			}
		},
		"PIG/L_nostril4": {
			"PIG/L_nostril2": {
				"type": "mesh",
				"uvs": [ 1, 1, 0, 1, 0, 0, 1, 0 ],
				"triangles": [ 1, 2, 3, 1, 3, 0 ],
				"vertices": [ -5.19, -13.16, -29.19, -13.16, -29.19, 19.83, -5.19, 19.83 ],
				"hull": 4,
				"edges": [ 0, 2, 2, 4, 4, 6, 0, 6 ],
				"width": 24,
				"height": 33
			}
		},
		"PIG/R_brow": {
			"PIG/R_brow": { "x": 9.83, "y": -0.27, "rotation": 35.32, "width": 20, "height": 15 }
		},
		"PIG/R_brow2": {
			"PIG/R_brow": { "x": 8.27, "y": -0.55, "rotation": 32.84, "width": 20, "height": 15 }
		},
		"PIG/R_brow3": {
			"PIG/R_brow": { "x": 10.93, "y": 2, "scaleX": -1, "rotation": 140.19, "width": 20, "height": 15 }
		},
		"PIG/R_ear": {
			"PIG/R_ear": { "x": 25.45, "y": -1.85, "rotation": -116.38, "width": 51, "height": 38 }
		},
		"PIG/R_ear2": {
			"PIG/R_ear": { "x": 20.18, "y": -0.26, "rotation": -101.13, "width": 51, "height": 38 }
		},
		"PIG/R_ear3": {
			"PIG/R_ear": { "x": 16.8, "y": 0.3, "scaleX": -1, "rotation": -61.83, "width": 51, "height": 38 }
		},
		"PIG/R_eye1": {
			"PIG/R_eye1": { "y": 1.91, "width": 37, "height": 50 }
		},
		"PIG/R_eye2": {
			"PIG/R_cheek": {
				"type": "mesh",
				"uvs": [ 1, 1, 0, 1, 0, 0, 1, 0 ],
				"triangles": [ 1, 2, 3, 1, 3, 0 ],
				"vertices": [ 19.53, -32.25999, -16.45999, -32.25999, -16.45999, 2.73, 19.53, 2.73 ],
				"hull": 4,
				"edges": [ 0, 2, 2, 4, 4, 6, 0, 6 ],
				"width": 36,
				"height": 35
			}
		},
		"PIG/R_nosetil3": {
			"PIG/R_nosetil2": {
				"type": "mesh",
				"uvs": [ 1, 1, 0, 1, 0, 0, 1, 0 ],
				"triangles": [ 1, 2, 3, 1, 3, 0 ],
				"vertices": [ 27.95, -10.37, 9.95, -10.37, 9.95, 13.62, 27.95, 13.62 ],
				"hull": 4,
				"edges": [ 0, 2, 2, 4, 4, 6, 0, 6 ],
				"width": 18,
				"height": 24
			}
		},
		"PIG/R_nostril2": {
			"PIG/R_nostril": {
				"type": "mesh",
				"uvs": [ 1, 1, 0, 1, 0, 0, 1, 0 ],
				"triangles": [ 1, 2, 3, 1, 3, 0 ],
				"vertices": [ 34.11, -13.4, 8.10999, -13.4, 8.10999, 18.59, 34.11, 18.59 ],
				"hull": 4,
				"edges": [ 0, 2, 2, 4, 4, 6, 0, 6 ],
				"width": 26,
				"height": 32
			}
		},
		"PIG/body": {
			"PIG/body": { "x": -17.52, "y": 70.42, "width": 287, "height": 238 }
		},
		"PIG/body10": {
			"PIG/tooth": { "x": 75.37, "y": 41.57, "width": 28, "height": 22 }
		},
		"PIG/body11": {
			"PIG/teeth2": { "x": -88.76, "y": 40.56, "width": 49, "height": 21 }
		},
		"PIG/body12": {
			"PIG/teeth1": { "x": -40.21, "y": -11.46, "width": 165, "height": 45 }
		},
		"PIG/body2": {
			"PIG/body": { "x": -9.64, "y": 54.98, "width": 287, "height": 238 }
		},
		"PIG/body3": {
			"PIG/body": { "x": 1.68, "y": 65.62, "scaleX": -1, "width": 287, "height": 238 }
		},
		"PIG/body4": {
			"PIG/mouth": { "x": -18.01, "y": 8.31, "width": 222, "height": 94 }
		},
		"PIG/body9": {
			"PIG/teeth": { "x": -0.08, "y": 22.54, "width": 99, "height": 35 }
		},
		"PIG/eyeball_L": {
			"PIG/eyeball_L": { "x": 0.63, "y": 1.56, "width": 17, "height": 17 }
		},
		"PIG/eyeball_R": {
			"PIG/eyeball_R": { "x": -0.51, "y": 1, "width": 13, "height": 16 }
		},
		"PIG/eyelid_L": {
			"PIG/eyelid_L": { "x": 0.18, "y": -3.11, "width": 56, "height": 60 }
		},
		"PIG/eyelid_L(1)": {
			"PIG/eyelid_L(1)": { "x": 6.99, "y": 0.37, "scaleX": -1, "width": 63, "height": 53 }
		},
		"PIG/eyelid_R": {
			"PIG/eyelid_R": { "x": 0.56, "y": -0.76, "width": 32, "height": 46 }
		},
		"PIG/eyelid_R(1)": {
			"PIG/eyelid_R(1)": { "x": 0.6, "y": -4.68, "scaleX": -1, "width": 43, "height": 59 }
		},
		"PIG/mouth1": {
			"PIG/mouth1": { "x": -19.24, "y": 14.61, "width": 149, "height": 34 }
		},
		"PIG/mouth2": {
			"PIG/mouth1": { "x": 19.48, "y": 14.9, "scaleX": -1, "width": 149, "height": 34 }
		},
		"PIG/mouth3": {
			"PIG/mouth_line": { "x": 27.39, "y": -24.66, "width": 13, "height": 20 }
		},
		"PIG/mouth4": {
			"PIG/teeth": {
				"type": "mesh",
				"uvs": [ 1, 1, 0, 1, 0, 0, 0.52754, 0.26111, 1, 0 ],
				"triangles": [ 1, 2, 3, 3, 4, 0, 1, 3, 0 ],
				"vertices": [ 38.34, -26.64, -59.67, -21.21, -60.16, 14.27, -6.76, 2.32, 36.84999, 2.91 ],
				"hull": 5,
				"edges": [ 0, 2, 2, 4, 0, 8, 4, 6, 6, 8 ],
				"width": 99,
				"height": 35
			}
		},
		"PIG/nose": {
			"PIG/nose": { "x": -5.42, "y": 16.41, "width": 110, "height": 92 }
		},
		"PIG/nose10": {
			"PIG/R_nostril": { "x": 16.99, "y": 15.66, "width": 26, "height": 32 }
		},
		"PIG/nose11": {
			"PIG/L_nostril2": { "x": -18.31, "y": 20.44, "width": 24, "height": 33 }
		},
		"PIG/nose12": {
			"PIG/R_nosetil2": { "x": 15.36, "y": 17.69, "width": 18, "height": 24 }
		},
		"PIG/nose2": {
			"PIG/nose": { "x": -4.59, "y": 6.79, "width": 110, "height": 92 }
		},
		"PIG/nose3": {
			"PIG/nose": { "x": 9.33, "y": 7.64, "scaleX": -1, "width": 110, "height": 92 }
		},
		"PIG/nose4": {
			"PIG/L_nostril": {
				"type": "mesh",
				"uvs": [ 1, 1, 0, 1, 0, 0, 1, 0 ],
				"triangles": [ 1, 2, 3, 1, 3, 0 ],
				"vertices": [ 8.34, -15.42, 40.34, -15.42, 40.34, 25.57, 8.34, 25.57 ],
				"hull": 4,
				"edges": [ 0, 2, 2, 4, 4, 6, 0, 6 ],
				"width": 32,
				"height": 41
			}
		},
		"PIG/nose5": {
			"PIG/L_nostril2": { "x": 22.64, "y": 5, "scaleX": -1, "width": 24, "height": 33 }
		},
		"PIG/nose6": {
			"PIG/R_nostril": {
				"type": "mesh",
				"uvs": [ 1, 1, 0, 1, 0, 0, 1, 0 ],
				"triangles": [ 1, 2, 3, 1, 3, 0 ],
				"vertices": [ -27.6, -12.52, -1.6, -12.52, -1.6, 19.46999, -27.6, 19.46999 ],
				"hull": 4,
				"edges": [ 0, 2, 2, 4, 4, 6, 0, 6 ],
				"width": 26,
				"height": 32
			}
		},
		"PIG/nose7": {
			"PIG/R_nosetil2": { "x": -14.17, "y": 2.75, "scaleX": -1, "width": 18, "height": 24 }
		},
		"PIG/nose8": {
			"PIG/noseline": {
				"type": "mesh",
				"uvs": [ 1, 1, 0, 1, 0, 0, 1, 0 ],
				"triangles": [ 1, 2, 3, 1, 3, 0 ],
				"vertices": [ -29.25, 8.85, -64.25, 8.85, -64.25, 45.85, -29.25, 45.85 ],
				"hull": 4,
				"edges": [ 0, 2, 2, 4, 4, 6, 0, 6 ],
				"width": 35,
				"height": 37
			}
		},
		"PIG/nose9": {
			"PIG/L_nostril": { "x": -16.94, "y": 18.21, "width": 32, "height": 41 }
		},
		"PIG/noseline2": {
			"PIG/noseline": {
				"type": "mesh",
				"uvs": [ 1, 1, 0, 1, 0, 0, 1, 0 ],
				"triangles": [ 1, 2, 3, 1, 3, 0 ],
				"vertices": [ -28.51, -1.75, -63.51, -1.75, -63.51, 35.24, -28.51, 35.24 ],
				"hull": 4,
				"edges": [ 0, 2, 2, 4, 4, 6, 0, 6 ],
				"width": 35,
				"height": 37
			}
		},
		"PIG/noseline3": {
			"PIG/noseline": {
				"type": "mesh",
				"uvs": [ 1, 1, 0, 1, 0, 0, 1, 0 ],
				"triangles": [ 1, 2, 3, 1, 3, 0 ],
				"vertices": [ 34.58, 0.19, 69.58, 0.19, 69.58, 37.18999, 34.58, 37.18999 ],
				"hull": 4,
				"edges": [ 0, 2, 2, 4, 4, 6, 0, 6 ],
				"width": 35,
				"height": 37
			}
		},
		"PIG/tail": {
			"PIG/tail": { "x": 32.64, "y": -11.31, "rotation": 175.94, "width": 51, "height": 49 }
		},
		"PIG/tail2": {
			"PIG/tail": { "x": 29.39, "y": -11.49, "rotation": -175.46, "width": 51, "height": 49 }
		},
		"PIG/tail3": {
			"PIG/tail": { "x": 28.65, "y": 10.08, "scaleX": -1, "rotation": 11.22, "width": 51, "height": 49 }
		}
	}
},
"animations": {
	"run": {
		"slots": {
			"PIG/L_brow": {
				"color": [
					{ "time": 0, "color": "ffffffff", "curve": "stepped" },
					{ "time": 0.8, "color": "ffffffff" }
				],
				"attachment": [
					{ "time": 0, "name": null },
					{ "time": 0.8, "name": null }
				]
			},
			"PIG/L_brow2": {
				"color": [
					{ "time": 0, "color": "ffffffff", "curve": "stepped" },
					{ "time": 0.8, "color": "ffffffff" }
				],
				"attachment": [
					{ "time": 0, "name": null },
					{ "time": 0.8, "name": null }
				]
			},
			"PIG/L_brow3": {
				"color": [
					{ "time": 0, "color": "ffffffff", "curve": "stepped" },
					{ "time": 0.8, "color": "ffffffff" }
				],
				"attachment": [
					{ "time": 0, "name": "PIG/L_brow" },
					{ "time": 0.8, "name": "PIG/L_brow" }
				]
			},
			"PIG/L_ear": {
				"color": [
					{ "time": 0, "color": "ffffffff", "curve": "stepped" },
					{ "time": 0.8, "color": "ffffffff" }
				],
				"attachment": [
					{ "time": 0, "name": null },
					{ "time": 0.8, "name": null }
				]
			},
			"PIG/L_ear2": {
				"color": [
					{ "time": 0, "color": "ffffffff", "curve": "stepped" },
					{ "time": 0.8, "color": "ffffffff" }
				],
				"attachment": [
					{ "time": 0, "name": null },
					{ "time": 0.8, "name": null }
				]
			},
			"PIG/L_ear3": {
				"color": [
					{ "time": 0, "color": "ffffffff", "curve": "stepped" },
					{ "time": 0.8, "color": "ffffffff" }
				],
				"attachment": [
					{ "time": 0, "name": "PIG/L_ear" },
					{ "time": 0.8, "name": "PIG/L_ear" }
				]
			},
			"PIG/L_eye1": {
				"color": [
					{ "time": 0, "color": "ffffffff", "curve": "stepped" },
					{ "time": 0.8, "color": "ffffffff" }
				],
				"attachment": [
					{ "time": 0, "name": null },
					{ "time": 0.8, "name": null }
				]
			},
			"PIG/L_eye2": {
				"color": [
					{ "time": 0, "color": "ffffffff", "curve": "stepped" },
					{ "time": 0.8, "color": "ffffffff" }
				],
				"attachment": [
					{ "time": 0, "name": null },
					{ "time": 0.8, "name": null }
				]
			},
			"PIG/L_nostril3": {
				"color": [
					{ "time": 0, "color": "ffffffff", "curve": "stepped" },
					{ "time": 0.8, "color": "ffffffff" }
				],
				"attachment": [
					{ "time": 0, "name": null },
					{ "time": 0.8, "name": null }
				]
			},
			"PIG/L_nostril4": {
				"color": [
					{ "time": 0, "color": "ffffffff", "curve": "stepped" },
					{ "time": 0.8, "color": "ffffffff" }
				],
				"attachment": [
					{ "time": 0, "name": null },
					{ "time": 0.8, "name": null }
				]
			},
			"PIG/R_brow": {
				"color": [
					{ "time": 0, "color": "ffffffff", "curve": "stepped" },
					{ "time": 0.8, "color": "ffffffff" }
				],
				"attachment": [
					{ "time": 0, "name": null },
					{ "time": 0.8, "name": null }
				]
			},
			"PIG/R_brow2": {
				"color": [
					{ "time": 0, "color": "ffffffff", "curve": "stepped" },
					{ "time": 0.8, "color": "ffffffff" }
				],
				"attachment": [
					{ "time": 0, "name": null },
					{ "time": 0.8, "name": null }
				]
			},
			"PIG/R_brow3": {
				"color": [
					{ "time": 0, "color": "ffffffff", "curve": "stepped" },
					{ "time": 0.8, "color": "ffffffff" }
				],
				"attachment": [
					{ "time": 0, "name": "PIG/R_brow" },
					{ "time": 0.8, "name": "PIG/R_brow" }
				]
			},
			"PIG/R_ear": {
				"color": [
					{ "time": 0, "color": "ffffffff", "curve": "stepped" },
					{ "time": 0.8, "color": "ffffffff" }
				],
				"attachment": [
					{ "time": 0, "name": null },
					{ "time": 0.8, "name": null }
				]
			},
			"PIG/R_ear2": {
				"color": [
					{ "time": 0, "color": "ffffffff", "curve": "stepped" },
					{ "time": 0.8, "color": "ffffffff" }
				],
				"attachment": [
					{ "time": 0, "name": null },
					{ "time": 0.8, "name": null }
				]
			},
			"PIG/R_ear3": {
				"color": [
					{ "time": 0, "color": "ffffffff", "curve": "stepped" },
					{ "time": 0.8, "color": "ffffffff" }
				],
				"attachment": [
					{ "time": 0, "name": "PIG/R_ear" },
					{ "time": 0.8, "name": "PIG/R_ear" }
				]
			},
			"PIG/R_eye1": {
				"color": [
					{ "time": 0, "color": "ffffffff", "curve": "stepped" },
					{ "time": 0.8, "color": "ffffffff" }
				],
				"attachment": [
					{ "time": 0, "name": null },
					{ "time": 0.8, "name": null }
				]
			},
			"PIG/R_eye2": {
				"color": [
					{ "time": 0, "color": "ffffffff", "curve": "stepped" },
					{ "time": 0.8, "color": "ffffffff" }
				],
				"attachment": [
					{ "time": 0, "name": null },
					{ "time": 0.8, "name": null }
				]
			},
			"PIG/R_nosetil3": {
				"color": [
					{ "time": 0, "color": "ffffffff", "curve": "stepped" },
					{ "time": 0.8, "color": "ffffffff" }
				],
				"attachment": [
					{ "time": 0, "name": null },
					{ "time": 0.8, "name": null }
				]
			},
			"PIG/R_nostril2": {
				"color": [
					{ "time": 0, "color": "ffffffff", "curve": "stepped" },
					{ "time": 0.8, "color": "ffffffff" }
				],
				"attachment": [
					{ "time": 0, "name": null },
					{ "time": 0.8, "name": null }
				]
			},
			"PIG/body": {
				"color": [
					{ "time": 0, "color": "ffffffff", "curve": "stepped" },
					{ "time": 0.8, "color": "ffffffff" }
				],
				"attachment": [
					{ "time": 0, "name": null },
					{ "time": 0.8, "name": null }
				]
			},
			"PIG/body2": {
				"color": [
					{ "time": 0, "color": "ffffffff", "curve": "stepped" },
					{ "time": 0.8, "color": "ffffffff" }
				],
				"attachment": [
					{ "time": 0, "name": null },
					{ "time": 0.8, "name": null }
				]
			},
			"PIG/body3": {
				"color": [
					{ "time": 0, "color": "ffffffff", "curve": "stepped" },
					{ "time": 0.8, "color": "ffffffff" }
				],
				"attachment": [
					{ "time": 0, "name": "PIG/body" },
					{ "time": 0.8, "name": "PIG/body" }
				]
			},
			"PIG/body4": {
				"color": [
					{ "time": 0, "color": "ffffffff", "curve": "stepped" },
					{ "time": 0.8, "color": "ffffffff" }
				],
				"attachment": [
					{ "time": 0, "name": null },
					{ "time": 0.8, "name": null }
				]
			},
			"PIG/body9": {
				"color": [
					{ "time": 0, "color": "ffffffff", "curve": "stepped" },
					{ "time": 0.8, "color": "ffffffff" }
				],
				"attachment": [
					{ "time": 0, "name": null },
					{ "time": 0.8, "name": null }
				]
			},
			"PIG/body10": {
				"color": [
					{ "time": 0, "color": "ffffffff", "curve": "stepped" },
					{ "time": 0.8, "color": "ffffffff" }
				],
				"attachment": [
					{ "time": 0, "name": null },
					{ "time": 0.8, "name": null }
				]
			},
			"PIG/body11": {
				"color": [
					{ "time": 0, "color": "ffffffff", "curve": "stepped" },
					{ "time": 0.8, "color": "ffffffff" }
				],
				"attachment": [
					{ "time": 0, "name": null },
					{ "time": 0.8, "name": null }
				]
			},
			"PIG/body12": {
				"color": [
					{ "time": 0, "color": "ffffffff", "curve": "stepped" },
					{ "time": 0.8, "color": "ffffffff" }
				],
				"attachment": [
					{ "time": 0, "name": null },
					{ "time": 0.8, "name": null }
				]
			},
			"PIG/eyeball_L": {
				"color": [
					{ "time": 0, "color": "ffffffff", "curve": "stepped" },
					{ "time": 0.8, "color": "ffffffff" }
				],
				"attachment": [
					{ "time": 0, "name": null },
					{ "time": 0.8, "name": null }
				]
			},
			"PIG/eyeball_R": {
				"color": [
					{ "time": 0, "color": "ffffffff", "curve": "stepped" },
					{ "time": 0.8, "color": "ffffffff" }
				],
				"attachment": [
					{ "time": 0, "name": null },
					{ "time": 0.8, "name": null }
				]
			},
			"PIG/eyelid_L": {
				"color": [
					{ "time": 0, "color": "ffffffff", "curve": "stepped" },
					{ "time": 0.8, "color": "ffffffff" }
				],
				"attachment": [
					{ "time": 0, "name": null },
					{ "time": 0.8, "name": null }
				]
			},
			"PIG/eyelid_L(1)": {
				"color": [
					{ "time": 0, "color": "ffffffff", "curve": "stepped" },
					{ "time": 0.8, "color": "ffffffff" }
				],
				"attachment": [
					{ "time": 0, "name": "PIG/eyelid_L(1)" },
					{ "time": 0.8, "name": "PIG/eyelid_L(1)" }
				]
			},
			"PIG/eyelid_R": {
				"color": [
					{ "time": 0, "color": "ffffffff", "curve": "stepped" },
					{ "time": 0.8, "color": "ffffffff" }
				],
				"attachment": [
					{ "time": 0, "name": null },
					{ "time": 0.8, "name": null }
				]
			},
			"PIG/eyelid_R(1)": {
				"color": [
					{ "time": 0, "color": "ffffffff", "curve": "stepped" },
					{ "time": 0.8, "color": "ffffffff" }
				],
				"attachment": [
					{ "time": 0, "name": "PIG/eyelid_R(1)" },
					{ "time": 0.8, "name": "PIG/eyelid_R(1)" }
				]
			},
			"PIG/mouth1": {
				"color": [
					{ "time": 0, "color": "ffffffff", "curve": "stepped" },
					{ "time": 0.8, "color": "ffffffff" }
				],
				"attachment": [
					{ "time": 0, "name": null },
					{ "time": 0.8, "name": null }
				]
			},
			"PIG/mouth2": {
				"color": [
					{ "time": 0, "color": "ffffffff", "curve": "stepped" },
					{ "time": 0.8, "color": "ffffffff" }
				],
				"attachment": [
					{ "time": 0, "name": "PIG/mouth1" },
					{ "time": 0.8, "name": "PIG/mouth1" }
				]
			},
			"PIG/mouth3": {
				"color": [
					{ "time": 0, "color": "ffffffff", "curve": "stepped" },
					{ "time": 0.8, "color": "ffffffff" }
				],
				"attachment": [
					{ "time": 0, "name": null },
					{ "time": 0.8, "name": null }
				]
			},
			"PIG/mouth4": {
				"color": [
					{ "time": 0, "color": "ffffffff", "curve": "stepped" },
					{ "time": 0.8, "color": "ffffffff" }
				],
				"attachment": [
					{ "time": 0, "name": null },
					{ "time": 0.8, "name": null }
				]
			},
			"PIG/nose": {
				"color": [
					{ "time": 0, "color": "ffffffff", "curve": "stepped" },
					{ "time": 0.8, "color": "ffffffff" }
				],
				"attachment": [
					{ "time": 0, "name": null },
					{ "time": 0.8, "name": null }
				]
			},
			"PIG/nose2": {
				"color": [
					{ "time": 0, "color": "ffffffff", "curve": "stepped" },
					{ "time": 0.8, "color": "ffffffff" }
				],
				"attachment": [
					{ "time": 0, "name": null },
					{ "time": 0.8, "name": null }
				]
			},
			"PIG/nose3": {
				"color": [
					{ "time": 0, "color": "ffffffff", "curve": "stepped" },
					{ "time": 0.8, "color": "ffffffff" }
				],
				"attachment": [
					{ "time": 0, "name": "PIG/nose" },
					{ "time": 0.8, "name": "PIG/nose" }
				]
			},
			"PIG/nose4": {
				"color": [
					{ "time": 0, "color": "ffffffff", "curve": "stepped" },
					{ "time": 0.8, "color": "ffffffff" }
				],
				"attachment": [
					{ "time": 0, "name": "PIG/L_nostril" },
					{ "time": 0.8, "name": "PIG/L_nostril" }
				]
			},
			"PIG/nose5": {
				"color": [
					{ "time": 0, "color": "ffffffff", "curve": "stepped" },
					{ "time": 0.8, "color": "ffffffff" }
				],
				"attachment": [
					{ "time": 0, "name": "PIG/L_nostril2" },
					{ "time": 0.8, "name": "PIG/L_nostril2" }
				]
			},
			"PIG/nose6": {
				"color": [
					{ "time": 0, "color": "ffffffff", "curve": "stepped" },
					{ "time": 0.8, "color": "ffffffff" }
				],
				"attachment": [
					{ "time": 0, "name": "PIG/R_nostril" },
					{ "time": 0.8, "name": "PIG/R_nostril" }
				]
			},
			"PIG/nose7": {
				"color": [
					{ "time": 0, "color": "ffffffff", "curve": "stepped" },
					{ "time": 0.8, "color": "ffffffff" }
				],
				"attachment": [
					{ "time": 0, "name": "PIG/R_nosetil2" },
					{ "time": 0.8, "name": "PIG/R_nosetil2" }
				]
			},
			"PIG/nose8": {
				"color": [
					{ "time": 0, "color": "ffffffff", "curve": "stepped" },
					{ "time": 0.8, "color": "ffffffff" }
				],
				"attachment": [
					{ "time": 0, "name": null },
					{ "time": 0.8, "name": null }
				]
			},
			"PIG/nose9": {
				"color": [
					{ "time": 0, "color": "ffffffff", "curve": "stepped" },
					{ "time": 0.8, "color": "ffffffff" }
				],
				"attachment": [
					{ "time": 0, "name": null },
					{ "time": 0.8, "name": null }
				]
			},
			"PIG/nose10": {
				"color": [
					{ "time": 0, "color": "ffffffff", "curve": "stepped" },
					{ "time": 0.8, "color": "ffffffff" }
				],
				"attachment": [
					{ "time": 0, "name": null },
					{ "time": 0.8, "name": null }
				]
			},
			"PIG/nose11": {
				"color": [
					{ "time": 0, "color": "ffffffff", "curve": "stepped" },
					{ "time": 0.8, "color": "ffffffff" }
				],
				"attachment": [
					{ "time": 0, "name": null },
					{ "time": 0.8, "name": null }
				]
			},
			"PIG/nose12": {
				"color": [
					{ "time": 0, "color": "ffffffff", "curve": "stepped" },
					{ "time": 0.8, "color": "ffffffff" }
				],
				"attachment": [
					{ "time": 0, "name": null },
					{ "time": 0.8, "name": null }
				]
			},
			"PIG/noseline2": {
				"color": [
					{ "time": 0, "color": "ffffffff", "curve": "stepped" },
					{ "time": 0.8, "color": "ffffffff" }
				],
				"attachment": [
					{ "time": 0, "name": null },
					{ "time": 0.8, "name": null }
				]
			},
			"PIG/noseline3": {
				"color": [
					{ "time": 0, "color": "ffffffff", "curve": "stepped" },
					{ "time": 0.8, "color": "ffffffff" }
				],
				"attachment": [
					{ "time": 0, "name": "PIG/noseline" },
					{ "time": 0.8, "name": "PIG/noseline" }
				]
			},
			"PIG/tail": {
				"color": [
					{ "time": 0, "color": "ffffffff", "curve": "stepped" },
					{ "time": 0.8, "color": "ffffffff" }
				],
				"attachment": [
					{ "time": 0, "name": null },
					{ "time": 0.8, "name": null }
				]
			},
			"PIG/tail2": {
				"color": [
					{ "time": 0, "color": "ffffffff", "curve": "stepped" },
					{ "time": 0.8, "color": "ffffffff" }
				],
				"attachment": [
					{ "time": 0, "name": null },
					{ "time": 0.8, "name": null }
				]
			},
			"PIG/tail3": {
				"color": [
					{ "time": 0, "color": "ffffffff", "curve": "stepped" },
					{ "time": 0.8, "color": "ffffffff" }
				],
				"attachment": [
					{ "time": 0, "name": "PIG/tail" },
					{ "time": 0.8, "name": "PIG/tail" }
				]
			}
		},
		"bones": {
			"PIG/body2": {
				"rotate": [
					{ "time": 0, "angle": 0, "curve": "stepped" },
					{ "time": 0.8, "angle": 0 }
				],
				"translate": [
					{ "time": 0, "x": -12.53, "y": 0.09, "curve": "stepped" },
					{ "time": 0.8, "x": -12.53, "y": 0.09 }
				],
				"scale": [
					{ "time": 0, "x": 0.997, "y": 0.853, "curve": "stepped" },
					{ "time": 0.8, "x": 0.997, "y": 0.853 }
				]
			},
			"PIG/body3": {
				"rotate": [
					{ "time": 0, "angle": 0, "curve": "stepped" },
					{ "time": 0.8, "angle": 0 }
				],
				"translate": [
					{
						"time": 0,
						"x": -4.05,
						"y": 0.35,
						"curve": [ 0.009, 0.74, 0.679, 1 ]
					},
					{
						"time": 0.3333,
						"x": 69.63,
						"y": -6.09,
						"curve": [ 0.334, 0, 0.945, 0.81 ]
					},
					{
						"time": 0.4333,
						"x": 79.16,
						"y": -6.92,
						"curve": [ 0.334, 0, 0.945, 0.81 ]
					},
					{
						"time": 0.5666,
						"x": 1.44,
						"y": -0.12,
						"curve": [ 0.25, 0, 0.75, 1 ]
					},
					{ "time": 0.8, "x": -4.05, "y": 0.35 }
				],
				"scale": [
					{
						"time": 0,
						"x": 1.061,
						"y": 0.938,
						"curve": [ 0.009, 0.74, 0.679, 1 ]
					},
					{ "time": 0.4333, "x": 0.909, "y": 1.187, "curve": "stepped" },
					{
						"time": 0.5666,
						"x": 0.909,
						"y": 1.187,
						"curve": [ 0.25, 0, 0.75, 1 ]
					},
					{ "time": 0.8, "x": 1.061, "y": 0.938 }
				]
			},
			"PIG/body": {
				"rotate": [
					{ "time": 0, "angle": 0, "curve": "stepped" },
					{ "time": 0.8, "angle": 0 }
				],
				"translate": [
					{ "time": 0, "x": 0, "y": 0, "curve": "stepped" },
					{ "time": 0.8, "x": 0, "y": 0 }
				],
				"scale": [
					{ "time": 0, "x": 1.122, "y": 0.941, "curve": "stepped" },
					{ "time": 0.8, "x": 1.122, "y": 0.941 }
				]
			},
			"PIG/nose2": {
				"rotate": [
					{ "time": 0, "angle": 0, "curve": "stepped" },
					{ "time": 0.8, "angle": 0 }
				],
				"translate": [
					{ "time": 0, "x": 0, "y": -35.16, "curve": "stepped" },
					{ "time": 0.8, "x": 0, "y": -35.16 }
				],
				"scale": [
					{ "time": 0, "x": 1, "y": 1, "curve": "stepped" },
					{ "time": 0.8, "x": 1, "y": 1 }
				]
			},
			"pig1": {
				"rotate": [
					{ "time": 0, "angle": 0, "curve": "stepped" },
					{ "time": 0.8, "angle": 0 }
				],
				"translate": [
					{ "time": 0, "x": 0, "y": 0, "curve": "stepped" },
					{ "time": 0.8, "x": 0, "y": 0 }
				],
				"scale": [
					{ "time": 0, "x": 1, "y": 1, "curve": "stepped" },
					{ "time": 0.8, "x": 1, "y": 1 }
				]
			},
			"pig2": {
				"rotate": [
					{ "time": 0, "angle": 0, "curve": "stepped" },
					{ "time": 0.8, "angle": 0 }
				],
				"translate": [
					{ "time": 0, "x": 0, "y": 0, "curve": "stepped" },
					{ "time": 0.8, "x": 0, "y": 0 }
				],
				"scale": [
					{ "time": 0, "x": 1, "y": 1, "curve": "stepped" },
					{ "time": 0.8, "x": 1, "y": 1 }
				]
			},
			"pig3": {
				"rotate": [
					{ "time": 0, "angle": 0, "curve": "stepped" },
					{ "time": 0.8, "angle": 0 }
				],
				"translate": [
					{ "time": 0, "x": 0, "y": 0, "curve": "stepped" },
					{ "time": 0.8, "x": 0, "y": 0 }
				],
				"scale": [
					{ "time": 0, "x": 1, "y": 1, "curve": "stepped" },
					{ "time": 0.8, "x": 1, "y": 1 }
				]
			},
			"PIG/L_brow": {
				"rotate": [
					{ "time": 0, "angle": 0, "curve": "stepped" },
					{ "time": 0.8, "angle": 0 }
				],
				"translate": [
					{ "time": 0, "x": 0, "y": -26.9, "curve": "stepped" },
					{ "time": 0.8, "x": 0, "y": -26.9 }
				],
				"scale": [
					{ "time": 0, "x": 1, "y": 1, "curve": "stepped" },
					{ "time": 0.8, "x": 1, "y": 1 }
				]
			},
			"PIG/L_brow2": {
				"rotate": [
					{ "time": 0, "angle": 0, "curve": "stepped" },
					{ "time": 0.8, "angle": 0 }
				],
				"translate": [
					{ "time": 0, "x": 0, "y": -29.35, "curve": "stepped" },
					{ "time": 0.8, "x": 0, "y": -29.35 }
				],
				"scale": [
					{ "time": 0, "x": 1, "y": 1, "curve": "stepped" },
					{ "time": 0.8, "x": 1, "y": 1 }
				]
			},
			"PIG/L_brow3": {
				"rotate": [
					{ "time": 0, "angle": 0, "curve": "stepped" },
					{ "time": 0.8, "angle": 0 }
				],
				"translate": [
					{
						"time": 0,
						"x": -6.84,
						"y": -41.62,
						"curve": [ 0.009, 0.74, 0.75, 1 ]
					},
					{
						"time": 0.3666,
						"x": -6.84,
						"y": 9.78,
						"curve": [ 0.25, 0, 0.75, 1 ]
					},
					{ "time": 0.8, "x": -6.84, "y": -41.62 }
				],
				"scale": [
					{ "time": 0, "x": 1, "y": 1, "curve": "stepped" },
					{ "time": 0.8, "x": 1, "y": 1 }
				]
			},
			"PIG/L_ear": {
				"rotate": [
					{ "time": 0, "angle": 0, "curve": "stepped" },
					{ "time": 0.8, "angle": 0 }
				],
				"translate": [
					{ "time": 0, "x": 0, "y": 0, "curve": "stepped" },
					{ "time": 0.8, "x": 0, "y": 0 }
				],
				"scale": [
					{ "time": 0, "x": 1, "y": 1, "curve": "stepped" },
					{ "time": 0.8, "x": 1, "y": 1 }
				]
			},
			"PIG/L_ear2": {
				"rotate": [
					{ "time": 0, "angle": 0, "curve": "stepped" },
					{ "time": 0.8, "angle": 0 }
				],
				"translate": [
					{ "time": 0, "x": 0, "y": -20.4, "curve": "stepped" },
					{ "time": 0.8, "x": 0, "y": -20.4 }
				],
				"scale": [
					{ "time": 0, "x": 0.829, "y": 1.029, "curve": "stepped" },
					{ "time": 0.8, "x": 0.829, "y": 1.029 }
				]
			},
			"PIG/L_ear3": {
				"rotate": [
					{ "time": 0, "angle": 0, "curve": "stepped" },
					{ "time": 0.3666, "angle": 0, "curve": "stepped" },
					{ "time": 0.8, "angle": 0 }
				],
				"translate": [
					{
						"time": 0,
						"x": 0,
						"y": -13.46,
						"curve": [ 0.009, 0.74, 0.75, 1 ]
					},
					{ "time": 0.3666, "x": 0, "y": 0 },
					{ "time": 0.8, "x": 0, "y": -13.46 }
				],
				"scale": [
					{ "time": 0, "x": 1, "y": 1, "curve": "stepped" },
					{ "time": 0.3666, "x": 1, "y": 1, "curve": "stepped" },
					{ "time": 0.8, "x": 1, "y": 1 }
				]
			},
			"PIG/L_eye1": {
				"rotate": [
					{ "time": 0, "angle": 0, "curve": "stepped" },
					{ "time": 0.8, "angle": 0 }
				],
				"translate": [
					{ "time": 0, "x": 0, "y": -26.9, "curve": "stepped" },
					{ "time": 0.8, "x": 0, "y": -26.9 }
				],
				"scale": [
					{ "time": 0, "x": 1, "y": 1, "curve": "stepped" },
					{ "time": 0.8, "x": 1, "y": 1 }
				]
			},
			"PIG/R_brow": {
				"rotate": [
					{ "time": 0, "angle": 0, "curve": "stepped" },
					{ "time": 0.8, "angle": 0 }
				],
				"translate": [
					{ "time": 0, "x": 0, "y": -26.9, "curve": "stepped" },
					{ "time": 0.8, "x": 0, "y": -26.9 }
				],
				"scale": [
					{ "time": 0, "x": 1, "y": 1, "curve": "stepped" },
					{ "time": 0.8, "x": 1, "y": 1 }
				]
			},
			"PIG/R_brow2": {
				"rotate": [
					{ "time": 0, "angle": 0, "curve": "stepped" },
					{ "time": 0.8, "angle": 0 }
				],
				"translate": [
					{ "time": 0, "x": 0, "y": -29.35, "curve": "stepped" },
					{ "time": 0.8, "x": 0, "y": -29.35 }
				],
				"scale": [
					{ "time": 0, "x": 1, "y": 1, "curve": "stepped" },
					{ "time": 0.8, "x": 1, "y": 1 }
				]
			},
			"PIG/R_brow3": {
				"rotate": [
					{ "time": 0, "angle": 0, "curve": "stepped" },
					{ "time": 0.8, "angle": 0 }
				],
				"translate": [
					{
						"time": 0,
						"x": -6.84,
						"y": -41.62,
						"curve": [ 0.009, 0.74, 0.75, 1 ]
					},
					{
						"time": 0.3666,
						"x": -6.84,
						"y": 9.78,
						"curve": [ 0.25, 0, 0.75, 1 ]
					},
					{ "time": 0.8, "x": -6.84, "y": -41.62 }
				],
				"scale": [
					{ "time": 0, "x": 1, "y": 1, "curve": "stepped" },
					{ "time": 0.8, "x": 1, "y": 1 }
				]
			},
			"PIG/R_ear": {
				"rotate": [
					{ "time": 0, "angle": 0, "curve": "stepped" },
					{ "time": 0.8, "angle": 0 }
				],
				"translate": [
					{ "time": 0, "x": 0, "y": 0, "curve": "stepped" },
					{ "time": 0.8, "x": 0, "y": 0 }
				],
				"scale": [
					{ "time": 0, "x": 1, "y": 1, "curve": "stepped" },
					{ "time": 0.8, "x": 1, "y": 1 }
				]
			},
			"PIG/R_ear2": {
				"rotate": [
					{ "time": 0, "angle": 0, "curve": "stepped" },
					{ "time": 0.8, "angle": 0 }
				],
				"translate": [
					{ "time": 0, "x": 0, "y": -20.4, "curve": "stepped" },
					{ "time": 0.8, "x": 0, "y": -20.4 }
				],
				"scale": [
					{ "time": 0, "x": 0.829, "y": 1.029, "curve": "stepped" },
					{ "time": 0.8, "x": 0.829, "y": 1.029 }
				]
			},
			"PIG/R_ear3": {
				"rotate": [
					{ "time": 0, "angle": 0, "curve": "stepped" },
					{ "time": 0.3666, "angle": 0, "curve": "stepped" },
					{ "time": 0.8, "angle": 0 }
				],
				"translate": [
					{
						"time": 0,
						"x": 0,
						"y": -13.46,
						"curve": [ 0.009, 0.74, 0.75, 1 ]
					},
					{ "time": 0.3666, "x": 0, "y": 0 },
					{ "time": 0.8, "x": 0, "y": -13.46 }
				],
				"scale": [
					{ "time": 0, "x": 1, "y": 1, "curve": "stepped" },
					{ "time": 0.3666, "x": 1, "y": 1, "curve": "stepped" },
					{ "time": 0.8, "x": 1, "y": 1 }
				]
			},
			"PIG/R_eye1": {
				"rotate": [
					{ "time": 0, "angle": 0, "curve": "stepped" },
					{ "time": 0.8, "angle": 0 }
				],
				"translate": [
					{ "time": 0, "x": 0, "y": -26.9, "curve": "stepped" },
					{ "time": 0.8, "x": 0, "y": -26.9 }
				],
				"scale": [
					{ "time": 0, "x": 1, "y": 1, "curve": "stepped" },
					{ "time": 0.8, "x": 1, "y": 1 }
				]
			},
			"PIG/body4": {
				"rotate": [
					{ "time": 0, "angle": 0, "curve": "stepped" },
					{ "time": 0.8, "angle": 0 }
				],
				"translate": [
					{ "time": 0, "x": 0, "y": -10.04, "curve": "stepped" },
					{ "time": 0.8, "x": 0, "y": -10.04 }
				],
				"scale": [
					{ "time": 0, "x": 1, "y": 0.712, "curve": "stepped" },
					{ "time": 0.8, "x": 1, "y": 0.712 }
				]
			},
			"PIG/eyelid_L": {
				"rotate": [
					{ "time": 0, "angle": 0, "curve": "stepped" },
					{ "time": 0.8, "angle": 0 }
				],
				"translate": [
					{ "time": 0, "x": 0, "y": -24.44, "curve": "stepped" },
					{ "time": 0.8, "x": 0, "y": -24.44 }
				],
				"scale": [
					{ "time": 0, "x": 1.019, "y": 0.873, "curve": "stepped" },
					{ "time": 0.8, "x": 1.019, "y": 0.873 }
				]
			},
			"PIG/eyelid_L(1)": {
				"rotate": [
					{ "time": 0, "angle": 0, "curve": "stepped" },
					{ "time": 0.8, "angle": 0 }
				],
				"translate": [
					{
						"time": 0,
						"x": 0,
						"y": -50.33,
						"curve": [ 0.25, 0, 0.75, 1 ]
					},
					{
						"time": 0.3666,
						"x": 0,
						"y": 2.65,
						"curve": [ 0.518, 0, 0.75, 1 ]
					},
					{ "time": 0.8, "x": 0, "y": -50.33 }
				],
				"scale": [
					{ "time": 0, "x": 1, "y": 1, "curve": "stepped" },
					{ "time": 0.8, "x": 1, "y": 1 }
				]
			},
			"PIG/eyelid_R": {
				"rotate": [
					{ "time": 0, "angle": 0, "curve": "stepped" },
					{ "time": 0.8, "angle": 0 }
				],
				"translate": [
					{ "time": 0, "x": 0, "y": -24.44, "curve": "stepped" },
					{ "time": 0.8, "x": 0, "y": -24.44 }
				],
				"scale": [
					{ "time": 0, "x": 1.019, "y": 0.873, "curve": "stepped" },
					{ "time": 0.8, "x": 1.019, "y": 0.873 }
				]
			},
			"PIG/eyelid_R(1)": {
				"rotate": [
					{ "time": 0, "angle": 0, "curve": "stepped" },
					{ "time": 0.8, "angle": 0 }
				],
				"translate": [
					{
						"time": 0,
						"x": 3.02,
						"y": -50.33,
						"curve": [ 0.25, 0, 0.75, 1 ]
					},
					{
						"time": 0.3666,
						"x": 3.02,
						"y": 2.65,
						"curve": [ 0.518, 0, 0.75, 1 ]
					},
					{ "time": 0.8, "x": 3.02, "y": -50.33 }
				],
				"scale": [
					{
						"time": 0,
						"x": 0.91,
						"y": 0.803,
						"curve": [ 0.25, 0, 0.75, 1 ]
					},
					{
						"time": 0.3666,
						"x": 1,
						"y": 1,
						"curve": [ 0.518, 0, 0.75, 1 ]
					},
					{ "time": 0.8, "x": 0.91, "y": 0.803 }
				]
			},
			"PIG/mouth1": {
				"rotate": [
					{ "time": 0, "angle": 0, "curve": "stepped" },
					{ "time": 0.8, "angle": 0 }
				],
				"translate": [
					{ "time": 0, "x": 0, "y": -23.32, "curve": "stepped" },
					{ "time": 0.8, "x": 0, "y": -23.32 }
				],
				"scale": [
					{ "time": 0, "x": 1, "y": 1, "curve": "stepped" },
					{ "time": 0.8, "x": 1, "y": 1 }
				]
			},
			"PIG/mouth2": {
				"rotate": [
					{ "time": 0, "angle": 0, "curve": "stepped" },
					{ "time": 0.8, "angle": 0 }
				],
				"translate": [
					{
						"time": 0,
						"x": 0,
						"y": -50.33,
						"curve": [ 0.25, 0, 0.75, 1 ]
					},
					{
						"time": 0.3666,
						"x": 0,
						"y": 2.65,
						"curve": [ 0.518, 0, 0.75, 1 ]
					},
					{ "time": 0.8, "x": 0, "y": -50.33 }
				],
				"scale": [
					{ "time": 0, "x": 1, "y": 1, "curve": "stepped" },
					{ "time": 0.8, "x": 1, "y": 1 }
				]
			},
			"PIG/nose": {
				"rotate": [
					{ "time": 0, "angle": 0, "curve": "stepped" },
					{ "time": 0.8, "angle": 0 }
				],
				"translate": [
					{ "time": 0, "x": 0, "y": -36.87, "curve": "stepped" },
					{ "time": 0.8, "x": 0, "y": -36.87 }
				],
				"scale": [
					{ "time": 0, "x": 1, "y": 1, "curve": "stepped" },
					{ "time": 0.8, "x": 1, "y": 1 }
				]
			},
			"PIG/nose3": {
				"rotate": [
					{ "time": 0, "angle": 0, "curve": "stepped" },
					{ "time": 0.8, "angle": 0 }
				],
				"translate": [
					{
						"time": 0,
						"x": 0,
						"y": -66.47,
						"curve": [ 0.25, 0, 0.75, 1 ]
					},
					{
						"time": 0.3666,
						"x": 0,
						"y": 22.79,
						"curve": [ 0.518, 0, 0.75, 1 ]
					},
					{ "time": 0.8, "x": 0, "y": -66.47 }
				],
				"scale": [
					{ "time": 0, "x": 1, "y": 1, "curve": "stepped" },
					{ "time": 0.8, "x": 1, "y": 1 }
				]
			},
			"PIG/tail": {
				"rotate": [
					{ "time": 0, "angle": 0, "curve": "stepped" },
					{ "time": 0.8, "angle": 0 }
				],
				"translate": [
					{ "time": 0, "x": 0, "y": 0, "curve": "stepped" },
					{ "time": 0.8, "x": 0, "y": 0 }
				],
				"scale": [
					{ "time": 0, "x": 1, "y": 1, "curve": "stepped" },
					{ "time": 0.8, "x": 1, "y": 1 }
				]
			},
			"PIG/tail2": {
				"rotate": [
					{ "time": 0, "angle": -11.69, "curve": "stepped" },
					{ "time": 0.8, "angle": -11.69 }
				],
				"translate": [
					{ "time": 0, "x": 0, "y": -5.47, "curve": "stepped" },
					{ "time": 0.8, "x": 0, "y": -5.47 }
				],
				"scale": [
					{ "time": 0, "x": 1, "y": 1, "curve": "stepped" },
					{ "time": 0.8, "x": 1, "y": 1 }
				]
			},
			"PIG/tail3": {
				"rotate": [
					{ "time": 0, "angle": 0, "curve": "stepped" },
					{ "time": 0.8, "angle": 0 }
				],
				"translate": [
					{ "time": 0, "x": 0, "y": 4.25, "curve": "stepped" },
					{ "time": 0.8, "x": 0, "y": 4.25 }
				],
				"scale": [
					{ "time": 0, "x": 1, "y": 1, "curve": "stepped" },
					{ "time": 0.8, "x": 1, "y": 1 }
				]
			},
			"PIG/eyeball_L": {
				"rotate": [
					{ "time": 0, "angle": 0, "curve": "stepped" },
					{ "time": 0.8, "angle": 0 }
				],
				"translate": [
					{ "time": 0, "x": 0, "y": 0, "curve": "stepped" },
					{ "time": 0.8, "x": 0, "y": 0 }
				],
				"scale": [
					{ "time": 0, "x": 1, "y": 1, "curve": "stepped" },
					{ "time": 0.8, "x": 1, "y": 1 }
				]
			},
			"PIG/eyeball_R": {
				"rotate": [
					{ "time": 0, "angle": 0, "curve": "stepped" },
					{ "time": 0.8, "angle": 0 }
				],
				"translate": [
					{ "time": 0, "x": 0, "y": 0, "curve": "stepped" },
					{ "time": 0.8, "x": 0, "y": 0 }
				],
				"scale": [
					{ "time": 0, "x": 1, "y": 1, "curve": "stepped" },
					{ "time": 0.8, "x": 1, "y": 1 }
				]
			},
			"root": {
				"rotate": [
					{ "time": 0, "angle": 0, "curve": "stepped" },
					{ "time": 0.8, "angle": 0 }
				],
				"translate": [
					{ "time": 0, "x": 0, "y": 0, "curve": "stepped" },
					{ "time": 0.8, "x": 0, "y": 0 }
				],
				"scale": [
					{ "time": 0, "x": 1, "y": 1, "curve": "stepped" },
					{ "time": 0.8, "x": 1, "y": 1 }
				]
			},
			"root2": {
				"rotate": [
					{ "time": 0, "angle": 0, "curve": "stepped" },
					{ "time": 0.8, "angle": 0 }
				],
				"translate": [
					{ "time": 0, "x": 0, "y": 0, "curve": "stepped" },
					{ "time": 0.8, "x": 0, "y": 0 }
				],
				"scale": [
					{ "time": 0, "x": 1, "y": 1, "curve": "stepped" },
					{ "time": 0.8, "x": 1, "y": 1 }
				]
			}
		},
		"deform": {
			"default": {
				"PIG/L_nostril3": {
					"PIG/L_nostril": [
						{
							"time": 0,
							"offset": 1,
							"vertices": [ -6.64819, 0, -6.64819, 0, -6.64819, 0, -6.64819 ],
							"curve": "stepped"
						},
						{
							"time": 0.8,
							"offset": 1,
							"vertices": [ -6.64819, 0, -6.64819, 0, -6.64819, 0, -6.64819 ]
						}
					]
				},
				"PIG/L_nostril4": {
					"PIG/L_nostril2": [
						{
							"time": 0,
							"offset": 1,
							"vertices": [ -4.23065, 0, -4.23065, 0, -4.23065, 0, -4.23065 ],
							"curve": "stepped"
						},
						{
							"time": 0.8,
							"offset": 1,
							"vertices": [ -4.23065, 0, -4.23065, 0, -4.23065, 0, -4.23065 ]
						}
					]
				},
				"PIG/R_nosetil3": {
					"PIG/R_nosetil2": [
						{
							"time": 0,
							"offset": 1,
							"vertices": [ -4.23065, 0, -4.23065, 0, -4.23065, 0, -4.23065 ],
							"curve": "stepped"
						},
						{
							"time": 0.8,
							"offset": 1,
							"vertices": [ -4.23065, 0, -4.23065, 0, -4.23065, 0, -4.23065 ]
						}
					]
				},
				"PIG/R_nostril2": {
					"PIG/R_nostril": [
						{
							"time": 0,
							"offset": 1,
							"vertices": [ -6.64819, 0, -6.64819, 0, -6.64819, 0, -6.64819 ],
							"curve": "stepped"
						},
						{
							"time": 0.8,
							"offset": 1,
							"vertices": [ -6.64819, 0, -6.64819, 0, -6.64819, 0, -6.64819 ]
						}
					]
				},
				"PIG/nose4": {
					"PIG/L_nostril": [
						{
							"time": 0,
							"offset": 1,
							"vertices": [ -2.9064, -1.5E-4, -2.9064, -1.5E-4, -2.9064, -1.5E-4, -2.9064 ],
							"curve": [ 0.25, 0, 0.75, 1 ]
						},
						{
							"time": 0.3666,
							"offset": 1,
							"vertices": [ 3.05957, 0, 3.05957, 0, 3.05957, 0, 3.05957 ],
							"curve": [ 0.518, 0, 0.75, 1 ]
						},
						{
							"time": 0.8,
							"offset": 1,
							"vertices": [ -2.9064, -1.5E-4, -2.9064, -1.5E-4, -2.9064, -1.5E-4, -2.9064 ]
						}
					]
				},
				"PIG/nose6": {
					"PIG/R_nostril": [
						{
							"time": 0,
							"offset": 1,
							"vertices": [ -2.9064, -1.5E-4, -2.9064, -1.5E-4, -2.9064, -1.5E-4, -2.9064 ],
							"curve": [ 0.25, 0, 0.75, 1 ]
						},
						{
							"time": 0.3666,
							"offset": 1,
							"vertices": [ 3.05957, 0, 3.05957, 0, 3.05957, 0, 3.05957 ],
							"curve": [ 0.518, 0, 0.75, 1 ]
						},
						{
							"time": 0.8,
							"offset": 1,
							"vertices": [ -2.9064, -1.5E-4, -2.9064, -1.5E-4, -2.9064, -1.5E-4, -2.9064 ]
						}
					]
				},
				"PIG/nose8": {
					"PIG/noseline": [
						{ "time": 0, "curve": "stepped" },
						{ "time": 0.8 }
					]
				},
				"PIG/noseline2": {
					"PIG/noseline": [
						{
							"time": 0,
							"vertices": [ 1.3524, 8.60787, 1.5303, 12.1184, 5.24149, 11.93039, 5.06359, 8.41983 ],
							"curve": "stepped"
						},
						{
							"time": 0.8,
							"vertices": [ 1.3524, 8.60787, 1.5303, 12.1184, 5.24149, 11.93039, 5.06359, 8.41983 ]
						}
					]
				},
				"PIG/noseline3": {
					"PIG/noseline": [
						{
							"time": 0,
							"vertices": [ -3.85864, 7.26568, -3.85864, 7.26568, -3.85864, 7.26568, -3.85864, 7.26568 ],
							"curve": [ 0.25, 0, 0.75, 1 ]
						},
						{
							"time": 0.3666,
							"vertices": [ 7.09136, -17.33789, 7.09136, -17.33789, 7.09136, -17.33789, 7.09136, -17.33789 ],
							"curve": [ 0.518, 0, 0.75, 1 ]
						},
						{
							"time": 0.8,
							"vertices": [ -3.85864, 7.26568, -3.85864, 7.26568, -3.85864, 7.26568, -3.85864, 7.26568 ]
						}
					]
				}
			}
		},
		"drawOrder": [
			{ "time": 0 },
			{ "time": 0.8 }
		]
	}
}
}