{
"skeleton": { "hash": "QsX18jVTjgPDCLby/elXkl1Doeo", "spine": "3.4.02", "width": 240.13, "height": 258.03, "images": "" },
"bones": [
	{ "name": "root" },
	{ "name": "dangong_03", "parent": "root", "length": 116.25, "rotation": 108.29, "x": -55.6, "y": -122.73 },
	{ "name": "dangong_18", "parent": "root", "rotation": -1.81, "x": -339.58, "y": 144.27 }
],
"slots": [
	{ "name": "dangong_03", "bone": "dangong_03", "attachment": "dangong_03" },
	{ "name": "dangong_6", "bone": "dangong_03", "attachment": "dangong" },
	{ "name": "dangong_18", "bone": "dangong_18" },
	{ "name": "dangong_5", "bone": "dangong_03", "attachment": "dangon" }
],
"skins": {
	"default": {
		"dangong_03": {
			"dangong_03": {
				"type": "mesh",
				"uvs": [ 1, 0.23428, 1, 0.58392, 0.87679, 0.72138, 1, 1, 0.53627, 1, 0.36279, 0.70943, 0, 0.31198, 0, 0, 0.85109, 0 ],
				"triangles": [ 6, 7, 8, 5, 6, 8, 8, 0, 5, 1, 5, 0, 2, 5, 1, 4, 5, 2, 4, 2, 3 ],
				"vertices": [ 151.31, -116.96, 65.65, -88.68, 40.73, -51.04, -36.28, -55.03, -1.39, 50.65, 80.19, 58.63, 207.51, 117.22, 283.95, 91.98, 219.91, -101.97 ],
				"hull": 9,
				"edges": [ 6, 8, 8, 10, 12, 14, 10, 12, 6, 4, 4, 2, 14, 16, 2, 0, 16, 0, 2, 10 ],
				"width": 240,
				"height": 258
			}
		},
		"dangong_18": {
			"dangong_18": { "x": 16.36, "y": 30.2, "width": 98, "height": 139 }
		},
		"dangong_5": {
			"dangon": {
				"type": "mesh",
				"uvs": [ 1, 0.54182, 0.57559, 0.99999, 0.28572, 1, 0, 0.8113, 0, 0.73288, 0.26989, 0.49581, 0.83425, 5.0E-5, 1, 0 ],
				"triangles": [ 6, 7, 0, 5, 6, 0, 1, 5, 0, 2, 3, 4, 4, 5, 2, 1, 2, 5 ],
				"vertices": [ 110.93, -29.41, 80.6, 40.93, 92.87, 78.08999, 124.85, 108.15, 133.11, 105.42, 146.68, 62.58, 175.05, -27.01, 168.04, -48.26 ],
				"hull": 8,
				"edges": [ 12, 14, 0, 14, 0, 2, 2, 4, 6, 8, 4, 6, 12, 0, 8, 10, 10, 12, 2, 10 ],
				"width": 135,
				"height": 111
			}
		},
		"dangong_6": {
			"dangong": {
				"type": "mesh",
				"uvs": [ 0.83855, 0.76547, 0.81878, 0.99997, 0.11799, 0.99999, 0, 0.8014, 0.6057, 0, 0.90307, 0 ],
				"triangles": [ 0, 4, 5, 3, 4, 0, 0, 2, 3, 1, 2, 0 ],
				"vertices": [ 134.54, 62.01, 114.4, 69.82, 126.71, 107.09, 146.13, 107.63, 205.51, 52.31, 200.28, 36.5 ],
				"hull": 6,
				"edges": [ 2, 4, 8, 10, 4, 6, 8, 6, 2, 0, 0, 10, 6, 0 ],
				"width": 56,
				"height": 92
			}
		}
	}
},
"animations": {
	"left": {
		"slots": {
			"dangong_03": {
				"color": [
					{ "time": 0, "color": "ffffffff", "curve": "stepped" },
					{ "time": 0.2333, "color": "ffffffff", "curve": "stepped" },
					{ "time": 2.2666, "color": "ffffffff" }
				],
				"attachment": [
					{ "time": 0, "name": "dangong_03" },
					{ "time": 0.2333, "name": "dangong_03" },
					{ "time": 2.2666, "name": "dangong_03" }
				]
			},
			"dangong_5": {
				"color": [
					{ "time": 0, "color": "ffffffff", "curve": "stepped" },
					{ "time": 0.2333, "color": "ffffffff", "curve": "stepped" },
					{ "time": 2.2666, "color": "ffffffff" }
				],
				"attachment": [
					{ "time": 0, "name": "dangon" },
					{ "time": 0.2333, "name": "dangon" },
					{ "time": 2.2666, "name": "dangon" }
				]
			},
			"dangong_6": {
				"color": [
					{ "time": 0, "color": "ffffffff", "curve": "stepped" },
					{ "time": 0.2333, "color": "ffffffff", "curve": "stepped" },
					{ "time": 2.2666, "color": "ffffffff" }
				],
				"attachment": [
					{ "time": 0, "name": "dangong" },
					{ "time": 0.2333, "name": "dangong" },
					{ "time": 2.2666, "name": "dangong" }
				]
			},
			"dangong_18": {
				"color": [
					{ "time": 0, "color": "ffffffff", "curve": "stepped" },
					{ "time": 0.2333, "color": "ffffffff", "curve": "stepped" },
					{ "time": 2.2666, "color": "ffffffff" }
				],
				"attachment": [
					{ "time": 0, "name": "dangong_18" },
					{ "time": 1.5, "name": null },
					{ "time": 2.2666, "name": null }
				]
			}
		},
		"bones": {
			"dangong_18": {
				"rotate": [
					{
						"time": 0,
						"angle": 11.73,
						"curve": [ 0.25, 0, 0.75, 1 ]
					},
					{
						"time": 0.2333,
						"angle": 24.07,
						"curve": [ 0.25, 0, 0.354, 0.99 ]
					},
					{ "time": 1.6333, "angle": 41.31, "curve": "stepped" },
					{ "time": 2, "angle": 41.31, "curve": "stepped" },
					{ "time": 2.2666, "angle": 41.31 }
				],
				"translate": [
					{
						"time": 0,
						"x": 20.64,
						"y": -214.49,
						"curve": [ 0.25, 0, 0.75, 1 ]
					},
					{
						"time": 0.2333,
						"x": 216.34,
						"y": -128,
						"curve": [ 0.25, 0, 0.354, 0.99 ]
					},
					{
						"time": 1.0333,
						"x": 199.01,
						"y": -260.33,
						"curve": [ 0.25, 0, 0.75, 1 ]
					},
					{
						"time": 1.1333,
						"x": 199.01,
						"y": -246.36,
						"curve": [ 0.25, 0, 0.75, 1 ]
					},
					{
						"time": 1.2333,
						"x": 199.01,
						"y": -260.33,
						"curve": [ 0.25, 0, 0.75, 1 ]
					},
					{
						"time": 1.3333,
						"x": 199.01,
						"y": -246.36,
						"curve": [ 0.25, 0, 0.75, 1 ]
					},
					{
						"time": 1.4666,
						"x": 199.01,
						"y": -260.33,
						"curve": [ 0.25, 0, 0.75, 1 ]
					},
					{ "time": 1.6333, "x": 177.4, "y": 42.33, "curve": "stepped" },
					{ "time": 2, "x": 177.4, "y": 42.33, "curve": "stepped" },
					{ "time": 2.2666, "x": 177.4, "y": 42.33 }
				],
				"scale": [
					{
						"time": 0,
						"x": 0.94,
						"y": 0.94,
						"curve": [ 0.25, 0, 0.75, 1 ]
					},
					{ "time": 0.2333, "x": 0.792, "y": 0.792, "curve": "stepped" },
					{ "time": 1.0333, "x": 0.792, "y": 0.792, "curve": "stepped" },
					{ "time": 1.2333, "x": 0.792, "y": 0.792, "curve": "stepped" },
					{ "time": 1.4666, "x": 0.792, "y": 0.792 },
					{ "time": 1.8, "x": 1.034, "y": 1.034 },
					{ "time": 1.9666, "x": 0.289, "y": 0.289, "curve": "stepped" },
					{ "time": 2, "x": 0.289, "y": 0.289, "curve": "stepped" },
					{ "time": 2.2666, "x": 0.289, "y": 0.289 }
				]
			},
			"root": {
				"rotate": [
					{ "time": 0, "angle": 0, "curve": "stepped" },
					{ "time": 0.2333, "angle": 0, "curve": "stepped" },
					{ "time": 2, "angle": 0, "curve": "stepped" },
					{ "time": 2.0333, "angle": 0, "curve": "stepped" },
					{ "time": 2.2666, "angle": 0 }
				],
				"translate": [
					{ "time": 0, "x": 0, "y": 0, "curve": "stepped" },
					{ "time": 0.2333, "x": 0, "y": 0, "curve": "stepped" },
					{ "time": 2, "x": 0, "y": 0, "curve": "stepped" },
					{ "time": 2.0333, "x": 0, "y": 0, "curve": "stepped" },
					{ "time": 2.2666, "x": 0, "y": 0 }
				],
				"scale": [
					{ "time": 0, "x": 1, "y": 1, "curve": "stepped" },
					{ "time": 0.2333, "x": 1, "y": 1, "curve": "stepped" },
					{ "time": 2, "x": 1, "y": 1, "curve": "stepped" },
					{ "time": 2.0333, "x": 1, "y": 1, "curve": "stepped" },
					{ "time": 2.2666, "x": 1, "y": 1 }
				]
			},
			"dangong_03": {
				"rotate": [
					{
						"time": 0,
						"angle": -5.17,
						"curve": [ 0.25, 0, 0.75, 1 ]
					},
					{
						"time": 0.2333,
						"angle": 0,
						"curve": [ 0.25, 0, 0.443, 0.99 ]
					},
					{ "time": 1.0333, "angle": 2.55, "curve": "stepped" },
					{ "time": 1.2333, "angle": 2.55, "curve": "stepped" },
					{ "time": 1.4666, "angle": 2.55 },
					{ "time": 1.5666, "angle": -3.05 },
					{ "time": 1.6333, "angle": 0.9 },
					{ "time": 1.7, "angle": -1.34 },
					{ "time": 1.8, "angle": 0, "curve": "stepped" },
					{ "time": 1.9333, "angle": 0, "curve": "stepped" },
					{ "time": 2, "angle": 0, "curve": "stepped" },
					{
						"time": 2.0333,
						"angle": 0,
						"curve": [ 0.398, 0, 0.788, 1 ]
					},
					{ "time": 2.2666, "angle": -5.17 }
				],
				"translate": [
					{
						"time": 0,
						"x": -187.69,
						"y": -124.82,
						"curve": [ 0.25, 0, 0.75, 1 ]
					},
					{ "time": 0.2333, "x": 0, "y": 0, "curve": "stepped" },
					{ "time": 2, "x": 0, "y": 0 },
					{
						"time": 2.0333,
						"x": 10.41,
						"y": -83.35,
						"curve": [ 0.398, 0, 0.788, 1 ]
					},
					{ "time": 2.2666, "x": 71.32, "y": -364.8 }
				],
				"scale": [
					{
						"time": 0,
						"x": 1.22,
						"y": 1,
						"curve": [ 0.25, 0, 0.75, 1 ]
					},
					{ "time": 0.2333, "x": 1, "y": 1, "curve": "stepped" },
					{ "time": 1.5666, "x": 1, "y": 1, "curve": "stepped" },
					{ "time": 1.6333, "x": 1, "y": 1, "curve": "stepped" },
					{ "time": 1.7, "x": 1, "y": 1, "curve": "stepped" },
					{ "time": 1.8, "x": 1, "y": 1, "curve": "stepped" },
					{ "time": 1.9333, "x": 1, "y": 1, "curve": "stepped" },
					{ "time": 2, "x": 1, "y": 1 },
					{
						"time": 2.0333,
						"x": 1.207,
						"y": 1,
						"curve": [ 0.398, 0, 0.788, 1 ]
					},
					{ "time": 2.2666, "x": 1.22, "y": 1 }
				]
			}
		},
		"deform": {
			"default": {
				"dangong_03": {
					"dangong_03": [
						{
							"time": 0,
							"vertices": [ 2.74179, 12.26382, 1.37086, 6.13183, 0, 0, 0, 0, 0, 0, -1.14234, -5.11193, -6.16882, -27.59903, -6.16882, -27.59903, 3.65573, 16.35186 ],
							"curve": [ 0.25, 0, 0.75, 1 ]
						},
						{
							"time": 0.2333,
							"curve": [ 0.25, 0, 0.443, 0.99 ]
						},
						{
							"time": 1.0333,
							"vertices": [ -3.71038, 19.52109, 0, 0, 0, 0, 0, 0, 0, 0, 0, 0, -28.07321, 25.75995, -32.73602, 27.30137, -3.71038, 19.52109 ],
							"curve": "stepped"
						},
						{
							"time": 1.2333,
							"vertices": [ -3.71038, 19.52109, 0, 0, 0, 0, 0, 0, 0, 0, 0, 0, -28.07321, 25.75995, -32.73602, 27.30137, -3.71038, 19.52109 ],
							"curve": "stepped"
						},
						{
							"time": 1.4666,
							"vertices": [ -3.71038, 19.52109, 0, 0, 0, 0, 0, 0, 0, 0, 0, 0, -28.07321, 25.75995, -32.73602, 27.30137, -3.71038, 19.52109 ]
						},
						{
							"time": 1.5666,
							"vertices": [ 11.34486, -0.55364, 0, 0, 0, 0, 0, 0, 0, 0, 0, 0, 4.52465, 2.25002, 4.52465, 2.25002, 11.34486, -0.55364 ],
							"curve": [ 0.183, 0.52, 0.705, 0.98 ]
						},
						{
							"time": 1.6333,
							"vertices": [ -12.54915, 4.37891, 0, 0, 0, 0, 0, 0, 0, 0, 0, 0, -17.0597, 5.94904, -22.49864, 3.31893, -17.98809, 1.7488 ],
							"curve": [ 0.183, 0.52, 0.705, 0.98 ]
						},
						{
							"time": 1.7,
							"vertices": [ 5.20266, -12.59735, 0, 0, 0, 0, 0, 0, 0, 0, 0, 0, 12.16115, -19.52124, 12.16115, -19.52124, 5.20266, -12.59735 ],
							"curve": [ 0.183, 0.52, 0.705, 0.98 ]
						},
						{ "time": 1.8, "curve": "stepped" },
						{
							"time": 2.0333,
							"curve": [ 0.398, 0, 0.788, 1 ]
						},
						{
							"time": 2.2666,
							"vertices": [ 2.74179, 12.26382, 1.37086, 6.13183, 0, 0, 0, 0, 0, 0, -1.14234, -5.11193, -6.16882, -27.59903, -6.16882, -27.59903, 3.65573, 16.35186 ]
						}
					]
				},
				"dangong_5": {
					"dangon": [
						{
							"time": 0,
							"offset": 2,
							"vertices": [ 24.00467, -27.26246, 34.56177, -26.98377, 39.24729, -38.68134, 40.23923, -44.13003, 23.01236, -28.84071 ],
							"curve": [ 0.25, 0, 0.75, 1 ]
						},
						{
							"time": 0.2333,
							"offset": 2,
							"vertices": [ 18.24007, -40.37465, 22.79255, -43.11697, 29.83836, -54.16453, 30.8303, -59.61322, 13.60343, -44.3239 ],
							"curve": [ 0.25, 0, 0.443, 0.99 ]
						},
						{
							"time": 1.0333,
							"vertices": [ -4.82634, 9.95651, -47.00918, -7.96181, -99.14748, -0.70557, -113.00346, -6.95677, -112.64568, -6.84132, -76.57057, -3.32721, -10.53103, 11.05831, -7.61434, 4.29785 ],
							"curve": [ 0.275, 0, 0.62, 0.4 ]
						},
						{
							"time": 1.1333,
							"vertices": [ -4.82634, 9.95651, -47.00918, -7.96181, -87.96225, -4.96877, -101.81824, -11.21997, -101.46045, -11.10452, -76.57057, -3.32721, -10.53103, 11.05831, -7.61434, 4.29785 ],
							"curve": [ 0.314, 0.27, 0.657, 0.63 ]
						},
						{
							"time": 1.2333,
							"vertices": [ -4.82634, 9.95651, -47.00918, -7.96181, -99.14748, -0.70557, -113.00346, -6.95677, -112.64568, -6.84132, -76.57057, -3.32721, -10.53103, 11.05831, -7.61434, 4.29785 ],
							"curve": [ 0.275, 0, 0.62, 0.4 ]
						},
						{
							"time": 1.3333,
							"vertices": [ -4.82634, 9.95651, -47.00918, -7.96181, -87.96225, -4.96877, -101.81824, -11.21997, -101.46045, -11.10452, -76.57057, -3.32721, -10.53103, 11.05831, -7.61434, 4.29785 ],
							"curve": [ 0.314, 0.27, 0.657, 0.63 ]
						},
						{
							"time": 1.4666,
							"vertices": [ -4.82634, 9.95651, -47.00918, -7.96181, -99.14748, -0.70557, -113.00346, -6.95677, -112.64568, -6.84132, -76.57057, -3.32721, -10.53103, 11.05831, -7.61434, 4.29785 ],
							"curve": [ 0.25, 0, 0.625, 0.5 ]
						},
						{
							"time": 1.5666,
							"vertices": [ 1.84444, -10.29309, -6.91357, -43.94641, -28.15425, -42.90427, -39.69149, -56.87799, -36.34486, -61.67735, -21.09133, -40.94711, -4.09205, -7.49187, -2.37281, -11.81934 ],
							"curve": [ 0.375, 0.5, 0.75, 1 ]
						},
						{
							"time": 1.6333,
							"vertices": [ -4.89131, -2.9894, 31.32397, -44.64642, 43.31574, -54.62639, 43.63756, -65.81782, 44.11474, -67.726, 23.72251, -48.6783, -14.42887, -3.59983, -13.90707, -5.49432 ],
							"curve": [ 0.25, 0, 0.625, 0.5 ]
						},
						{
							"time": 1.7,
							"vertices": [ 2.95284, -8.77273, 33.06282, -43.23248, 44.33725, -48.08311, 46.84092, -59.52761, 47.57548, -63.20604, 28.76593, -46.03754, -1.81594, -9.07794, -1.55503, -10.02519 ],
							"curve": [ 0.375, 0.5, 0.75, 1 ]
						},
						{
							"time": 1.8,
							"offset": 2,
							"vertices": [ 24.00467, -27.26246, 34.56177, -26.98377, 39.24729, -38.68134, 40.23923, -44.13003, 23.01236, -28.84071 ],
							"curve": "stepped"
						},
						{
							"time": 2.0333,
							"offset": 2,
							"vertices": [ 24.00467, -27.26246, 34.56177, -26.98377, 39.24729, -38.68134, 40.23923, -44.13003, 23.01236, -28.84071 ],
							"curve": "stepped"
						},
						{
							"time": 2.2666,
							"offset": 2,
							"vertices": [ 24.00467, -27.26246, 34.56177, -26.98377, 39.24729, -38.68134, 40.23923, -44.13003, 23.01236, -28.84071 ]
						}
					]
				},
				"dangong_6": {
					"dangong": [
						{
							"time": 0,
							"vertices": [ 13.2732, -36.58228, 12.46262, -51.25631, 12.46262, -51.25631, 12.31055, -39.49427 ],
							"curve": [ 0.25, 0, 0.75, 1 ]
						},
						{
							"time": 0.2333,
							"vertices": [ 3.86427, -52.06547, 3.05369, -66.7395, 3.05369, -66.7395, 2.90162, -54.97746 ],
							"curve": [ 0.25, 0, 0.443, 0.99 ]
						},
						{
							"time": 1.0333,
							"vertices": [ -106.29871, 8.04621, -103.0844, 3.16564, -111.1749, -6.06132, -104.80856, -8.71231, -18.48336, 18.3917, -18.48336, 18.3917 ],
							"curve": [ 0.275, 0, 0.62, 0.4 ]
						},
						{
							"time": 1.1333,
							"vertices": [ -97.59912, 4.73044, -91.89916, -1.09766, -99.98967, -10.32463, -96.10898, -12.02807, -18.48336, 18.3917, -18.48336, 18.3917 ],
							"curve": [ 0.314, 0.27, 0.657, 0.63 ]
						},
						{
							"time": 1.2333,
							"vertices": [ -106.29871, 8.04621, -103.0844, 3.16564, -111.1749, -6.06132, -104.80856, -8.71231, -18.48336, 18.3917, -18.48336, 18.3917 ],
							"curve": [ 0.275, 0, 0.62, 0.4 ]
						},
						{
							"time": 1.3333,
							"vertices": [ -97.59912, 4.73044, -91.89916, -1.09766, -99.98967, -10.32463, -96.10898, -12.02807, -18.48336, 18.3917, -18.48336, 18.3917 ],
							"curve": [ 0.314, 0.27, 0.657, 0.63 ]
						},
						{
							"time": 1.4666,
							"vertices": [ -106.29871, 8.04621, -103.0844, 3.16564, -111.1749, -6.06132, -104.80856, -8.71231, -18.48336, 18.3917, -18.48336, 18.3917 ],
							"curve": [ 0.25, 0, 0.625, 0.5 ]
						},
						{
							"time": 1.5666,
							"vertices": [ -49.62747, -46.56321, -48.42561, -56.34051, -52.65487, -64.57263, -48.41224, -60.8211, -3.62621, -3.39509, -3.62621, -3.39509 ],
							"curve": [ 0.375, 0.5, 0.75, 1 ]
						},
						{
							"time": 1.6333,
							"vertices": [ 11.34891, -63.78743, 10.53833, -78.46145, 11.025, -87.51265, 12.28924, -75.54469, -5.54487, -2.73967, -5.54487, -2.73967 ],
							"curve": [ 0.25, 0, 0.625, 0.5 ]
						},
						{
							"time": 1.7,
							"vertices": [ 17.70955, -57.46289, 16.89897, -72.13691, 17.14231, -76.66251, 17.69839, -64.79751, 2.62606, -8.64787, 2.62606, -8.64787 ],
							"curve": [ 0.375, 0.5, 0.75, 1 ]
						},
						{
							"time": 1.8,
							"vertices": [ 13.2732, -36.58228, 12.46262, -51.25631, 12.46262, -51.25631, 12.31055, -39.49427 ],
							"curve": "stepped"
						},
						{
							"time": 2.0333,
							"vertices": [ 13.2732, -36.58228, 12.46262, -51.25631, 12.46262, -51.25631, 12.31055, -39.49427 ],
							"curve": "stepped"
						},
						{
							"time": 2.2666,
							"vertices": [ 13.2732, -36.58228, 12.46262, -51.25631, 12.46262, -51.25631, 12.31055, -39.49427 ]
						}
					]
				}
			}
		},
		"drawOrder": [
			{ "time": 0 },
			{ "time": 0.2333 },
			{ "time": 2.2666 }
		]
	},
	"right": {
		"slots": {
			"dangong_03": {
				"color": [
					{ "time": 0, "color": "ffffffff", "curve": "stepped" },
					{ "time": 0.2333, "color": "ffffffff", "curve": "stepped" },
					{ "time": 2.2666, "color": "ffffffff" }
				],
				"attachment": [
					{ "time": 0, "name": "dangong_03" },
					{ "time": 0.2333, "name": "dangong_03" },
					{ "time": 2.2666, "name": "dangong_03" }
				]
			},
			"dangong_5": {
				"color": [
					{ "time": 0, "color": "ffffffff", "curve": "stepped" },
					{ "time": 0.2333, "color": "ffffffff", "curve": "stepped" },
					{ "time": 2.2666, "color": "ffffffff" }
				],
				"attachment": [
					{ "time": 0, "name": "dangon" },
					{ "time": 0.2333, "name": "dangon" },
					{ "time": 2.2666, "name": "dangon" }
				]
			},
			"dangong_6": {
				"color": [
					{ "time": 0, "color": "ffffffff", "curve": "stepped" },
					{ "time": 0.2333, "color": "ffffffff", "curve": "stepped" },
					{ "time": 2.2666, "color": "ffffffff" }
				],
				"attachment": [
					{ "time": 0, "name": "dangong" },
					{ "time": 0.2333, "name": "dangong" },
					{ "time": 2.2666, "name": "dangong" }
				]
			},
			"dangong_18": {
				"color": [
					{ "time": 0, "color": "ffffffff", "curve": "stepped" },
					{ "time": 0.2333, "color": "ffffffff", "curve": "stepped" },
					{ "time": 2.2666, "color": "ffffffff" }
				],
				"attachment": [
					{ "time": 0, "name": "dangong_18" },
					{ "time": 0.2333, "name": "dangong_18" },
					{ "time": 1.4666, "name": null },
					{ "time": 2.2666, "name": null }
				]
			}
		},
		"bones": {
			"dangong_18": {
				"rotate": [
					{
						"time": 0,
						"angle": 11.73,
						"curve": [ 0.25, 0, 0.75, 1 ]
					},
					{ "time": 0.2333, "angle": 0, "curve": "stepped" },
					{
						"time": 1.6333,
						"angle": 0,
						"curve": [ 0.25, 0, 0.517, 1 ]
					},
					{ "time": 2.2666, "angle": 11.73 }
				],
				"translate": [
					{
						"time": 0,
						"x": 20.64,
						"y": -214.49,
						"curve": [ 0.25, 0, 0.75, 1 ]
					},
					{
						"time": 0.2333,
						"x": 224.42,
						"y": -126.93,
						"curve": [ 0.25, 0, 0.484, 1 ]
					},
					{ "time": 1.0333, "x": 158.65, "y": -264.96 },
					{ "time": 1.1333, "x": 164.61, "y": -256.77 },
					{ "time": 1.2333, "x": 158.65, "y": -264.96 },
					{ "time": 1.3666, "x": 164.61, "y": -256.77 },
					{ "time": 1.4666, "x": 158.65, "y": -264.96 }
				],
				"scale": [
					{
						"time": 0,
						"x": 0.94,
						"y": 0.94,
						"curve": [ 0.25, 0, 0.75, 1 ]
					},
					{ "time": 0.2333, "x": 0.792, "y": 0.792, "curve": "stepped" },
					{ "time": 1.0333, "x": 0.792, "y": 0.792, "curve": "stepped" },
					{ "time": 1.2333, "x": 0.792, "y": 0.792, "curve": "stepped" },
					{ "time": 1.4666, "x": 0.792, "y": 0.792 },
					{ "time": 1.8, "x": 1.034, "y": 1.034 },
					{ "time": 2.0333, "x": 0.289, "y": 0.289 },
					{ "time": 2.2666, "x": 0.94, "y": 0.94 }
				]
			},
			"root": {
				"rotate": [
					{ "time": 0, "angle": 0, "curve": "stepped" },
					{ "time": 2.0333, "angle": 0, "curve": "stepped" },
					{ "time": 2.2666, "angle": 0 }
				],
				"translate": [
					{ "time": 0, "x": 0, "y": 0, "curve": "stepped" },
					{ "time": 2.0333, "x": 0, "y": 0, "curve": "stepped" },
					{ "time": 2.2666, "x": 0, "y": 0 }
				],
				"scale": [
					{ "time": 0, "x": 1, "y": 1, "curve": "stepped" },
					{ "time": 2.0333, "x": 1, "y": 1, "curve": "stepped" },
					{ "time": 2.2666, "x": 1, "y": 1 }
				]
			},
			"dangong_03": {
				"rotate": [
					{
						"time": 0,
						"angle": -5.17,
						"curve": [ 0.25, 0, 0.75, 1 ]
					},
					{
						"time": 0.2333,
						"angle": 0,
						"curve": [ 0.25, 0, 0.484, 1 ]
					},
					{ "time": 1.0333, "angle": 2.55, "curve": "stepped" },
					{ "time": 1.2333, "angle": 2.55, "curve": "stepped" },
					{ "time": 1.4666, "angle": 2.55 },
					{ "time": 1.5666, "angle": -3.05 },
					{ "time": 1.6333, "angle": 0.9 },
					{ "time": 1.7, "angle": -1.34 },
					{ "time": 1.8, "angle": 0, "curve": "stepped" },
					{ "time": 1.9333, "angle": 0, "curve": "stepped" },
					{
						"time": 2.0333,
						"angle": 0,
						"curve": [ 0.398, 0, 0.788, 1 ]
					},
					{ "time": 2.2666, "angle": -5.17 }
				],
				"translate": [
					{
						"time": 0,
						"x": -187.69,
						"y": -124.82,
						"curve": [ 0.25, 0, 0.75, 1 ]
					},
					{ "time": 0.2333, "x": 23.06, "y": 0, "curve": "stepped" },
					{
						"time": 1.9333,
						"x": 23.06,
						"y": 0,
						"curve": [ 0.25, 0, 0.75, 1 ]
					},
					{
						"time": 2.0333,
						"x": 10.41,
						"y": -83.35,
						"curve": [ 0.398, 0, 0.788, 1 ]
					},
					{ "time": 2.2666, "x": 71.32, "y": -364.8 }
				],
				"scale": [
					{
						"time": 0,
						"x": 1.22,
						"y": 1,
						"curve": [ 0.25, 0, 0.75, 1 ]
					},
					{ "time": 0.2333, "x": 1, "y": 1, "curve": "stepped" },
					{ "time": 1.5666, "x": 1, "y": 1, "curve": "stepped" },
					{ "time": 1.6333, "x": 1, "y": 1, "curve": "stepped" },
					{ "time": 1.7, "x": 1, "y": 1, "curve": "stepped" },
					{ "time": 1.8, "x": 1, "y": 1, "curve": "stepped" },
					{
						"time": 1.9333,
						"x": 1,
						"y": 1,
						"curve": [ 0.25, 0, 0.75, 1 ]
					},
					{
						"time": 2.0333,
						"x": 1.207,
						"y": 1,
						"curve": [ 0.398, 0, 0.788, 1 ]
					},
					{ "time": 2.2666, "x": 1.22, "y": 1 }
				]
			}
		},
		"deform": {
			"default": {
				"dangong_03": {
					"dangong_03": [
						{
							"time": 0,
							"vertices": [ 2.74179, 12.26382, 1.37086, 6.13183, 0, 0, 0, 0, 0, 0, -1.14234, -5.11193, -6.16882, -27.59903, -6.16882, -27.59903, 3.65573, 16.35186 ],
							"curve": [ 0.25, 0, 0.75, 1 ]
						},
						{
							"time": 0.2333,
							"curve": [ 0.25, 0, 0.484, 1 ]
						},
						{
							"time": 1.0333,
							"vertices": [ -3.71038, 19.52109, 0, 0, 0, 0, 0, 0, 0, 0, 0, 0, -28.07321, 25.75995, -32.73602, 27.30137, -3.71038, 19.52109 ],
							"curve": "stepped"
						},
						{
							"time": 1.2333,
							"vertices": [ -3.71038, 19.52109, 0, 0, 0, 0, 0, 0, 0, 0, 0, 0, -28.07321, 25.75995, -32.73602, 27.30137, -3.71038, 19.52109 ],
							"curve": "stepped"
						},
						{
							"time": 1.4666,
							"vertices": [ -3.71038, 19.52109, 0, 0, 0, 0, 0, 0, 0, 0, 0, 0, -28.07321, 25.75995, -32.73602, 27.30137, -3.71038, 19.52109 ]
						},
						{
							"time": 1.5666,
							"vertices": [ -3.30683, -10.00359, 0, 0, 0, 0, 0, 0, 0, 0, 0, 0, 3.65165, -16.92748, 3.65165, -16.92748, -3.30683, -10.00359 ],
							"curve": [ 0.183, 0.52, 0.705, 0.98 ]
						},
						{
							"time": 1.6333,
							"curve": [ 0.183, 0.52, 0.705, 0.98 ]
						},
						{
							"time": 1.7,
							"vertices": [ -3.30683, -10.00359, 0, 0, 0, 0, 0, 0, 0, 0, 0, 0, 3.65165, -16.92748, 3.65165, -16.92748, -3.30683, -10.00359 ],
							"curve": [ 0.183, 0.52, 0.705, 0.98 ]
						},
						{ "time": 1.8, "curve": "stepped" },
						{ "time": 1.9333, "curve": "stepped" },
						{
							"time": 2.0333,
							"curve": [ 0.398, 0, 0.788, 1 ]
						},
						{
							"time": 2.2666,
							"vertices": [ 2.74179, 12.26382, 1.37086, 6.13183, 0, 0, 0, 0, 0, 0, -1.14234, -5.11193, -6.16882, -27.59903, -6.16882, -27.59903, 3.65573, 16.35186 ]
						}
					]
				},
				"dangong_5": {
					"dangon": [
						{
							"time": 0,
							"offset": 2,
							"vertices": [ 24.00467, -27.26246, 34.56177, -26.98377, 39.24729, -38.68134, 40.23923, -44.13003, 23.01236, -28.84071 ],
							"curve": "stepped"
						},
						{
							"time": 0.2333,
							"offset": 2,
							"vertices": [ 24.00467, -27.26246, 34.56177, -26.98377, 39.24729, -38.68134, 40.23923, -44.13003, 23.01236, -28.84071 ],
							"curve": [ 0.25, 0, 0.484, 1 ]
						},
						{
							"time": 1.0333,
							"vertices": [ -8.19559, 4.84542, -47.78772, 36.24212, -72.3228, 67.91301, -90.74484, 62.14042, -90.38705, 62.25586, -68.54178, 46.2726, -10.53103, 11.05831, -7.61434, 4.29785 ],
							"curve": [ 0.25, 0, 0.625, 0.5 ]
						},
						{
							"time": 1.1333,
							"vertices": [ -8.11518, 4.79789, -47.08337, 35.61908, -66.06014, 57.74693, -84.25547, 51.9162, -83.89146, 51.97706, -67.64355, 45.53567, -10.42771, 10.94981, -7.53964, 4.25568 ],
							"curve": [ 0.321, 0.64, 0.654, 1 ]
						},
						{
							"time": 1.2333,
							"vertices": [ -8.19559, 4.84542, -47.78772, 36.24212, -72.3228, 67.91301, -90.74484, 62.14042, -90.38705, 62.25586, -68.54178, 46.2726, -10.53103, 11.05831, -7.61434, 4.29785 ],
							"curve": [ 0.25, 0, 0.625, 0.5 ]
						},
						{
							"time": 1.3666,
							"vertices": [ -8.11518, 4.79789, -47.08337, 35.61908, -66.06014, 57.74693, -84.25547, 51.9162, -83.89146, 51.97706, -67.64355, 45.53567, -10.42771, 10.94981, -7.53964, 4.25568 ],
							"curve": [ 0.321, 0.64, 0.654, 1 ]
						},
						{
							"time": 1.4666,
							"vertices": [ -8.19559, 4.84542, -47.78772, 36.24212, -72.3228, 67.91301, -90.74484, 62.14042, -90.38705, 62.25586, -68.54178, 46.2726, -10.53103, 11.05831, -7.61434, 4.29785 ],
							"curve": [ 0.25, 0, 0.625, 0.5 ]
						},
						{
							"time": 1.5666,
							"vertices": [ 1.84444, -10.29309, 0.15602, -15.42326, -6.11562, -4.5778, -17.65286, -18.55153, -14.30623, -23.35089, -14.02172, -12.42396, -4.09205, -7.49187, -2.37281, -11.81934 ],
							"curve": [ 0.375, 0.5, 0.75, 1 ]
						},
						{
							"time": 1.6333,
							"vertices": [ 5.52507, -2.84579, 41.74035, -44.50281, 53.73212, -54.48279, 54.05394, -65.67421, 54.53112, -67.58239, 34.13889, -48.53469, -4.01249, -3.45622, -3.49069, -5.35071 ],
							"curve": [ 0.25, 0, 0.75, 1 ]
						},
						{
							"time": 1.8,
							"offset": 2,
							"vertices": [ 24.00467, -27.26246, 34.56177, -26.98377, 39.24729, -38.68134, 40.23923, -44.13003, 23.01236, -28.84071 ],
							"curve": "stepped"
						},
						{
							"time": 1.9333,
							"offset": 2,
							"vertices": [ 24.00467, -27.26246, 34.56177, -26.98377, 39.24729, -38.68134, 40.23923, -44.13003, 23.01236, -28.84071 ],
							"curve": "stepped"
						},
						{
							"time": 2.0333,
							"offset": 2,
							"vertices": [ 24.00467, -27.26246, 34.56177, -26.98377, 39.24729, -38.68134, 40.23923, -44.13003, 23.01236, -28.84071 ],
							"curve": "stepped"
						},
						{
							"time": 2.2666,
							"offset": 2,
							"vertices": [ 24.00467, -27.26246, 34.56177, -26.98377, 39.24729, -38.68134, 40.23923, -44.13003, 23.01236, -28.84071 ]
						}
					]
				},
				"dangong_6": {
					"dangong": [
						{
							"time": 0,
							"vertices": [ 13.2732, -36.58228, 12.46262, -51.25631, 12.46262, -51.25631, 12.31055, -39.49427 ],
							"curve": "stepped"
						},
						{
							"time": 0.2333,
							"vertices": [ 13.2732, -36.58228, 12.46262, -51.25631, 12.46262, -51.25631, 12.31055, -39.49427 ],
							"curve": [ 0.25, 0, 0.484, 1 ]
						},
						{
							"time": 1.0333,
							"vertices": [ -83.30243, 69.75617, -80.08812, 64.8756, -88.91628, 63.03586, -81.81228, 52.99765, -18.48336, 18.3917, -18.48336, 18.3917 ],
							"curve": [ 0.25, 0, 0.625, 0.5 ]
						},
						{
							"time": 1.1333,
							"vertices": [ -74.50058, 61.0808, -71.32577, 56.10415, -80.06731, 54.28246, -73.03451, 44.45813, -18.30202, 18.21127, -18.30202, 18.21127 ],
							"curve": [ 0.321, 0.64, 0.654, 1 ]
						},
						{
							"time": 1.2333,
							"vertices": [ -83.30243, 69.75617, -80.08812, 64.8756, -88.91628, 63.03586, -81.81228, 52.99765, -18.48336, 18.3917, -18.48336, 18.3917 ],
							"curve": [ 0.25, 0, 0.625, 0.5 ]
						},
						{
							"time": 1.3666,
							"vertices": [ -74.50058, 61.0808, -71.32577, 56.10415, -80.06731, 54.28246, -73.03451, 44.45813, -18.30202, 18.21127, -18.30202, 18.21127 ],
							"curve": [ 0.321, 0.64, 0.654, 1 ]
						},
						{
							"time": 1.4666,
							"vertices": [ -83.30243, 69.75617, -80.08812, 64.8756, -88.91628, 63.03586, -81.81228, 52.99765, -18.48336, 18.3917, -18.48336, 18.3917 ],
							"curve": [ 0.25, 0, 0.625, 0.5 ]
						},
						{
							"time": 1.5666,
							"vertices": [ -27.58884, -8.23674, -26.38698, -18.01404, -30.61625, -26.24617, -26.37361, -22.49464, -3.62621, -3.39509, -3.62621, -3.39509 ],
							"curve": [ 0.375, 0.5, 0.75, 1 ]
						},
						{
							"time": 1.6333,
							"vertices": [ 21.76529, -63.64382, 20.95472, -78.31785, 21.44138, -87.36904, 22.70562, -75.40108, 4.8715, -2.59606, 4.8715, -2.59606 ],
							"curve": [ 0.25, 0, 0.75, 1 ]
						},
						{
							"time": 1.8,
							"vertices": [ 13.2732, -36.58228, 12.46262, -51.25631, 12.46262, -51.25631, 12.31055, -39.49427 ],
							"curve": "stepped"
						},
						{
							"time": 1.9333,
							"vertices": [ 13.2732, -36.58228, 12.46262, -51.25631, 12.46262, -51.25631, 12.31055, -39.49427 ],
							"curve": "stepped"
						},
						{
							"time": 2.0333,
							"vertices": [ 13.2732, -36.58228, 12.46262, -51.25631, 12.46262, -51.25631, 12.31055, -39.49427 ],
							"curve": "stepped"
						},
						{
							"time": 2.2666,
							"vertices": [ 13.2732, -36.58228, 12.46262, -51.25631, 12.46262, -51.25631, 12.31055, -39.49427 ]
						}
					]
				}
			}
		},
		"drawOrder": [
			{ "time": 0 },
			{ "time": 0.2333 },
			{ "time": 2.2666 }
		]
	}
}
}