{
"skeleton": { "hash": "BBeTiBxTj4+0w6E6sRvvxvfGI9M", "spine": "3.4.02", "width": 246, "height": 239.99, "images": "" },
"bones": [
	{ "name": "root", "color": "9c0006ff" },
	{ "name": "bone", "parent": "root", "x": -0.72, "y": -141.49 },
	{ "name": "images/bird_stone_03", "parent": "bone", "x": 1381.8, "y": -53.24 },
	{ "name": "images/bird_stone_4", "parent": "bone", "x": 1292.59, "y": -53.24 },
	{ "name": "images/bird_stone_5", "parent": "bone", "x": 1459.87, "y": -53.24 },
	{ "name": "images/w8", "parent": "bone", "x": 1054.48, "y": 252.86 },
	{ "name": "images/w9", "parent": "bone", "x": 1286.51, "y": 239.01 },
	{ "name": "images/w10", "parent": "bone", "x": 869.13, "y": 256.6 },
	{ "name": "images/w11", "parent": "bone", "x": 1002.05, "y": 254.73 },
	{ "name": "images/w12", "parent": "bone", "x": 1202.65, "y": 239.01 },
	{ "name": "images/w13", "parent": "bone", "x": 1123.75, "y": 249.11 },
	{ "name": "images/w14", "parent": "bone", "x": 932.78, "y": 250.99 },
	{ "name": "images/w15", "parent": "bone", "x": 794.22, "y": 249.11 },
	{ "name": "images/w16", "parent": "bone", "x": 794.22, "y": 340.74 },
	{ "name": "images/w17", "parent": "bone", "x": 1002.05, "y": 333.12 },
	{ "name": "images/w18", "parent": "bone", "x": 1123.75, "y": 333.61 },
	{ "name": "images/w19", "parent": "bone", "x": 1202.65, "y": 330.63 }
],
"slots": [
	{ "name": "images/w8", "bone": "images/w8" },
	{ "name": "images/w9", "bone": "images/w9" },
	{ "name": "images/w10", "bone": "images/w10" },
	{ "name": "images/w11", "bone": "images/w11" },
	{ "name": "images/w17", "bone": "images/w17" },
	{ "name": "images/w12", "bone": "images/w12" },
	{ "name": "images/w19", "bone": "images/w19" },
	{ "name": "images/w13", "bone": "images/w13" },
	{ "name": "images/w18", "bone": "images/w18" },
	{ "name": "images/w15", "bone": "images/w15" },
	{ "name": "images/w16", "bone": "images/w16" },
	{ "name": "images/w14", "bone": "images/w14" },
	{ "name": "images/bird_stone_03", "bone": "images/bird_stone_03" },
	{ "name": "images/bird_stone_4", "bone": "images/bird_stone_4" },
	{ "name": "images/bird_stone_5", "bone": "images/bird_stone_5" },
	{ "name": "images/wo4", "bone": "bone", "attachment": "images/wo1" },
	{ "name": "images/wo5", "bone": "bone" },
	{ "name": "images/wo6", "bone": "bone" }
],
"skins": {
	"default": {
		"images/bird_stone_03": {
			"images/bird_stone_03": { "x": -0.61, "y": 0.23, "rotation": 89.59, "width": 107, "height": 23 }
		},
		"images/bird_stone_4": {
			"images/bird_stone_03": { "x": -0.61, "y": 0.23, "rotation": 89.59, "width": 107, "height": 23 }
		},
		"images/bird_stone_5": {
			"images/bird_stone_03": { "x": -0.61, "y": 0.23, "rotation": 89.59, "width": 107, "height": 23 }
		},
		"images/w10": {
			"images/w3": { "x": -2.17, "y": 5.26, "width": 64, "height": 48 }
		},
		"images/w11": {
			"images/w4": { "x": -1.59, "y": -1.35, "width": 57, "height": 65 }
		},
		"images/w12": {
			"images/w5": { "x": 3.3, "y": 8.86, "width": 84, "height": 76 }
		},
		"images/w13": {
			"images/w6": { "x": -0.79, "y": 2.25, "width": 72, "height": 69 }
		},
		"images/w14": {
			"images/w7": { "x": 2.67, "y": 2.88, "width": 63, "height": 64 }
		},
		"images/w15": {
			"images/w6": { "x": -0.79, "y": 2.25, "width": 72, "height": 69 }
		},
		"images/w16": {
			"images/w6": { "x": -0.79, "y": 2.25, "width": 72, "height": 69 }
		},
		"images/w17": {
			"images/w4": { "x": -1.59, "y": -1.35, "width": 57, "height": 65 }
		},
		"images/w18": {
			"images/w6": { "x": -0.79, "y": 2.25, "width": 72, "height": 69 }
		},
		"images/w19": {
			"images/w5": { "x": 3.3, "y": 8.86, "width": 84, "height": 76 }
		},
		"images/w8": {
			"images/w1": { "x": 3.47, "y": 0.01, "width": 48, "height": 66 }
		},
		"images/w9": {
			"images/w2": { "x": 0.44, "y": 6.36, "width": 72, "height": 81 }
		},
		"images/wo5": {
			"images/wo2": { "x": 1.12, "y": 142.1, "scaleY": 1.03, "width": 246, "height": 233 }
		},
		"images/wo6": {
			"images/wo3": { "x": 1.12, "y": 142.1, "scaleY": 1.03, "width": 246, "height": 233 }
		}
	},
	"15": {
		"images/wo4": {
			"images/wo1": { "x": 1.12, "y": 142.1, "scaleY": 1.03, "width": 246, "height": 233 }
		}
	}
},
"animations": {
	"lv1": {
		"slots": {
			"images/bird_stone_03": {
				"color": [
					{ "time": 0, "color": "ffffffff" }
				],
				"attachment": [
					{ "time": 0, "name": null }
				]
			},
			"images/bird_stone_4": {
				"color": [
					{ "time": 0, "color": "ffffffff" }
				],
				"attachment": [
					{ "time": 0, "name": null }
				]
			},
			"images/bird_stone_5": {
				"color": [
					{ "time": 0, "color": "ffffffff" }
				],
				"attachment": [
					{ "time": 0, "name": null }
				]
			},
			"images/w8": {
				"color": [
					{ "time": 0, "color": "ffffffff" }
				],
				"attachment": [
					{ "time": 0, "name": null }
				]
			},
			"images/w9": {
				"color": [
					{ "time": 0, "color": "ffffffff" }
				],
				"attachment": [
					{ "time": 0, "name": null }
				]
			},
			"images/w10": {
				"color": [
					{ "time": 0, "color": "ffffffff" }
				],
				"attachment": [
					{ "time": 0, "name": null }
				]
			},
			"images/w11": {
				"color": [
					{ "time": 0, "color": "ffffffff" }
				],
				"attachment": [
					{ "time": 0, "name": null }
				]
			},
			"images/w12": {
				"color": [
					{ "time": 0, "color": "ffffffff" }
				],
				"attachment": [
					{ "time": 0, "name": null }
				]
			},
			"images/w13": {
				"color": [
					{ "time": 0, "color": "ffffffff" }
				],
				"attachment": [
					{ "time": 0, "name": null }
				]
			},
			"images/w14": {
				"color": [
					{ "time": 0, "color": "ffffffff" }
				],
				"attachment": [
					{ "time": 0, "name": null }
				]
			},
			"images/w15": {
				"color": [
					{ "time": 0, "color": "ffffffff" }
				],
				"attachment": [
					{ "time": 0, "name": null }
				]
			},
			"images/w16": {
				"color": [
					{ "time": 0, "color": "ffffffff" }
				],
				"attachment": [
					{ "time": 0, "name": null }
				]
			},
			"images/w17": {
				"color": [
					{ "time": 0, "color": "ffffffff" }
				],
				"attachment": [
					{ "time": 0, "name": null }
				]
			},
			"images/w18": {
				"color": [
					{ "time": 0, "color": "ffffffff" }
				],
				"attachment": [
					{ "time": 0, "name": null }
				]
			},
			"images/w19": {
				"color": [
					{ "time": 0, "color": "ffffffff" }
				],
				"attachment": [
					{ "time": 0, "name": null }
				]
			},
			"images/wo4": {
				"color": [
					{ "time": 0, "color": "ffffffff" }
				],
				"attachment": [
					{ "time": 0, "name": "images/wo1" }
				]
			},
			"images/wo5": {
				"color": [
					{ "time": 0, "color": "ffffffff" }
				],
				"attachment": [
					{ "time": 0, "name": "images/wo2" }
				]
			},
			"images/wo6": {
				"color": [
					{ "time": 0, "color": "ffffffff" }
				],
				"attachment": [
					{ "time": 0, "name": "images/wo3" }
				]
			}
		},
		"bones": {
			"images/bird_stone_03": {
				"rotate": [
					{ "time": 0, "angle": 121.56 }
				],
				"translate": [
					{ "time": 0, "x": -1502.97, "y": 88.73 }
				],
				"scale": [
					{ "time": 0, "x": 1, "y": 1 }
				]
			},
			"images/bird_stone_4": {
				"rotate": [
					{ "time": 0, "angle": 0 }
				],
				"translate": [
					{ "time": 0, "x": 0, "y": 0 }
				],
				"scale": [
					{ "time": 0, "x": 1, "y": 1 }
				]
			},
			"images/bird_stone_5": {
				"rotate": [
					{ "time": 0, "angle": -110.5 }
				],
				"translate": [
					{ "time": 0, "x": -1360.74, "y": 109.6 }
				],
				"scale": [
					{ "time": 0, "x": 1, "y": 1 }
				]
			},
			"images/w8": {
				"rotate": [
					{ "time": 0, "angle": -30.09 }
				],
				"translate": [
					{ "time": 0, "x": -913.77, "y": -227.64 }
				],
				"scale": [
					{ "time": 0, "x": 1, "y": 1 }
				]
			},
			"images/w9": {
				"rotate": [
					{ "time": 0, "angle": -26.97 }
				],
				"translate": [
					{ "time": 0, "x": -1272.87, "y": 11.77 }
				],
				"scale": [
					{ "time": 0, "x": 1, "y": 1 }
				]
			},
			"images/w10": {
				"rotate": [
					{ "time": 0, "angle": 0 }
				],
				"translate": [
					{ "time": 0, "x": -966.15, "y": -63.07 }
				],
				"scale": [
					{ "time": 0, "x": 0.727, "y": 0.727 }
				]
			},
			"images/w11": {
				"rotate": [
					{ "time": 0, "angle": 0 }
				],
				"translate": [
					{ "time": 0, "x": -928.12, "y": -74.05 }
				],
				"scale": [
					{ "time": 0, "x": 1, "y": 1 }
				]
			},
			"images/w12": {
				"rotate": [
					{ "time": 0, "angle": 9.29 }
				],
				"translate": [
					{ "time": 0, "x": -1329.14, "y": -227.91 }
				],
				"scale": [
					{ "time": 0, "x": 1, "y": 1 }
				]
			},
			"images/w13": {
				"rotate": [
					{ "time": 0, "angle": 90.83 }
				],
				"translate": [
					{ "time": 0, "x": -1228.35, "y": -118.04 }
				],
				"scale": [
					{ "time": 0, "x": 1, "y": 1 }
				]
			},
			"images/w14": {
				"rotate": [
					{ "time": 0, "angle": -1.8 }
				],
				"translate": [
					{ "time": 0, "x": -913.1, "y": -245.35 }
				],
				"scale": [
					{ "time": 0, "x": 0.703, "y": 0.703 }
				]
			},
			"root": {
				"rotate": [
					{ "time": 0, "angle": 0 }
				],
				"translate": [
					{ "time": 0, "x": 0, "y": 0 }
				],
				"scale": [
					{ "time": 0, "x": 1, "y": 1 }
				]
			},
			"images/w15": {
				"rotate": [
					{ "time": 0, "angle": -84.15 }
				],
				"translate": [
					{ "time": 0, "x": -686.02, "y": -136.44 }
				],
				"scale": [
					{ "time": 0, "x": 0.518, "y": 0.518 }
				]
			},
			"bone": {
				"rotate": [
					{ "time": 0, "angle": 0 }
				],
				"translate": [
					{ "time": 0, "x": 0, "y": 0 }
				],
				"scale": [
					{ "time": 0, "x": 1, "y": 1 }
				]
			},
			"images/w16": {
				"rotate": [
					{ "time": 0, "angle": -54.61 }
				],
				"translate": [
					{ "time": 0, "x": -839.26, "y": -333.82 }
				],
				"scale": [
					{ "time": 0, "x": 1, "y": 1 }
				]
			},
			"images/w18": {
				"rotate": [
					{ "time": 0, "angle": 0 }
				],
				"translate": [
					{ "time": 0, "x": -994.07, "y": -211.59 }
				],
				"scale": [
					{ "time": 0, "x": 1, "y": 1 }
				]
			},
			"images/w17": {
				"rotate": [
					{ "time": 0, "angle": 81.13 }
				],
				"translate": [
					{ "time": 0, "x": -921.93, "y": -320.86 }
				],
				"scale": [
					{ "time": 0, "x": 1, "y": 1 }
				]
			},
			"images/w19": {
				"rotate": [
					{ "time": 0, "angle": -70.43 }
				],
				"translate": [
					{ "time": 0, "x": -1271.19, "y": -99.34 }
				],
				"scale": [
					{ "time": 0, "x": 0.606, "y": 0.606 }
				]
			}
		},
		"drawOrder": [
			{ "time": 0 }
		]
	},
	"lv2": {
		"slots": {
			"images/bird_stone_03": {
				"color": [
					{ "time": 0, "color": "ffffffff" }
				],
				"attachment": [
					{ "time": 0, "name": null }
				]
			},
			"images/bird_stone_4": {
				"color": [
					{ "time": 0, "color": "ffffffff" }
				],
				"attachment": [
					{ "time": 0, "name": null }
				]
			},
			"images/bird_stone_5": {
				"color": [
					{ "time": 0, "color": "ffffffff" }
				],
				"attachment": [
					{ "time": 0, "name": null }
				]
			},
			"images/w8": {
				"color": [
					{ "time": 0, "color": "ffffffff" }
				],
				"attachment": [
					{ "time": 0, "name": null }
				]
			},
			"images/w9": {
				"color": [
					{ "time": 0, "color": "ffffffff" }
				],
				"attachment": [
					{ "time": 0, "name": null }
				]
			},
			"images/w10": {
				"color": [
					{ "time": 0, "color": "ffffffff" }
				],
				"attachment": [
					{ "time": 0, "name": null }
				]
			},
			"images/w11": {
				"color": [
					{ "time": 0, "color": "ffffffff" }
				],
				"attachment": [
					{ "time": 0, "name": null }
				]
			},
			"images/w12": {
				"color": [
					{ "time": 0, "color": "ffffffff" }
				],
				"attachment": [
					{ "time": 0, "name": null }
				]
			},
			"images/w13": {
				"color": [
					{ "time": 0, "color": "ffffffff" }
				],
				"attachment": [
					{ "time": 0, "name": null }
				]
			},
			"images/w14": {
				"color": [
					{ "time": 0, "color": "ffffffff" }
				],
				"attachment": [
					{ "time": 0, "name": null }
				]
			},
			"images/w15": {
				"color": [
					{ "time": 0, "color": "ffffffff" }
				],
				"attachment": [
					{ "time": 0, "name": null }
				]
			},
			"images/w16": {
				"color": [
					{ "time": 0, "color": "ffffffff" }
				],
				"attachment": [
					{ "time": 0, "name": null }
				]
			},
			"images/w17": {
				"color": [
					{ "time": 0, "color": "ffffffff" }
				],
				"attachment": [
					{ "time": 0, "name": null }
				]
			},
			"images/w18": {
				"color": [
					{ "time": 0, "color": "ffffffff" }
				],
				"attachment": [
					{ "time": 0, "name": null }
				]
			},
			"images/w19": {
				"color": [
					{ "time": 0, "color": "ffffffff" }
				],
				"attachment": [
					{ "time": 0, "name": null }
				]
			},
			"images/wo4": {
				"color": [
					{ "time": 0, "color": "ffffffff" }
				],
				"attachment": [
					{ "time": 0, "name": "images/wo1" }
				]
			},
			"images/wo5": {
				"color": [
					{ "time": 0, "color": "ffffffff" }
				],
				"attachment": [
					{ "time": 0, "name": null }
				]
			},
			"images/wo6": {
				"color": [
					{ "time": 0, "color": "ffffffff" }
				],
				"attachment": [
					{ "time": 0, "name": null }
				]
			}
		},
		"bones": {
			"images/bird_stone_03": {
				"rotate": [
					{ "time": 0, "angle": 121.56 }
				],
				"translate": [
					{ "time": 0, "x": -1502.97, "y": 88.73 }
				],
				"scale": [
					{ "time": 0, "x": 1, "y": 1 }
				]
			},
			"images/bird_stone_4": {
				"rotate": [
					{ "time": 0, "angle": 0 }
				],
				"translate": [
					{ "time": 0, "x": 0, "y": 0 }
				],
				"scale": [
					{ "time": 0, "x": 1, "y": 1 }
				]
			},
			"images/bird_stone_5": {
				"rotate": [
					{ "time": 0, "angle": -110.5 }
				],
				"translate": [
					{ "time": 0, "x": -1360.74, "y": 109.6 }
				],
				"scale": [
					{ "time": 0, "x": 1, "y": 1 }
				]
			},
			"images/w8": {
				"rotate": [
					{ "time": 0, "angle": -30.09 }
				],
				"translate": [
					{ "time": 0, "x": -913.77, "y": -227.64 }
				],
				"scale": [
					{ "time": 0, "x": 1, "y": 1 }
				]
			},
			"images/w9": {
				"rotate": [
					{ "time": 0, "angle": -26.97 }
				],
				"translate": [
					{ "time": 0, "x": -1272.87, "y": 11.77 }
				],
				"scale": [
					{ "time": 0, "x": 1, "y": 1 }
				]
			},
			"images/w10": {
				"rotate": [
					{ "time": 0, "angle": 0 }
				],
				"translate": [
					{ "time": 0, "x": -966.15, "y": -63.07 }
				],
				"scale": [
					{ "time": 0, "x": 0.727, "y": 0.727 }
				]
			},
			"images/w11": {
				"rotate": [
					{ "time": 0, "angle": 0 }
				],
				"translate": [
					{ "time": 0, "x": -928.12, "y": -74.05 }
				],
				"scale": [
					{ "time": 0, "x": 1, "y": 1 }
				]
			},
			"images/w12": {
				"rotate": [
					{ "time": 0, "angle": 9.29 }
				],
				"translate": [
					{ "time": 0, "x": -1329.14, "y": -227.91 }
				],
				"scale": [
					{ "time": 0, "x": 1, "y": 1 }
				]
			},
			"images/w13": {
				"rotate": [
					{ "time": 0, "angle": 90.83 }
				],
				"translate": [
					{ "time": 0, "x": -1228.35, "y": -118.04 }
				],
				"scale": [
					{ "time": 0, "x": 1, "y": 1 }
				]
			},
			"images/w14": {
				"rotate": [
					{ "time": 0, "angle": -1.8 }
				],
				"translate": [
					{ "time": 0, "x": -913.1, "y": -245.35 }
				],
				"scale": [
					{ "time": 0, "x": 0.703, "y": 0.703 }
				]
			},
			"root": {
				"rotate": [
					{ "time": 0, "angle": 0 }
				],
				"translate": [
					{ "time": 0, "x": 0, "y": 0 }
				],
				"scale": [
					{ "time": 0, "x": 1, "y": 1 }
				]
			},
			"images/w15": {
				"rotate": [
					{ "time": 0, "angle": -84.15 }
				],
				"translate": [
					{ "time": 0, "x": -686.02, "y": -136.44 }
				],
				"scale": [
					{ "time": 0, "x": 0.518, "y": 0.518 }
				]
			},
			"bone": {
				"rotate": [
					{ "time": 0, "angle": 0 }
				],
				"translate": [
					{ "time": 0, "x": 0, "y": 0 }
				],
				"scale": [
					{ "time": 0, "x": 1, "y": 1 }
				]
			},
			"images/w16": {
				"rotate": [
					{ "time": 0, "angle": -54.61 }
				],
				"translate": [
					{ "time": 0, "x": -839.26, "y": -333.82 }
				],
				"scale": [
					{ "time": 0, "x": 1, "y": 1 }
				]
			},
			"images/w18": {
				"rotate": [
					{ "time": 0, "angle": 0 }
				],
				"translate": [
					{ "time": 0, "x": -994.07, "y": -211.59 }
				],
				"scale": [
					{ "time": 0, "x": 1, "y": 1 }
				]
			},
			"images/w17": {
				"rotate": [
					{ "time": 0, "angle": 81.13 }
				],
				"translate": [
					{ "time": 0, "x": -921.93, "y": -320.86 }
				],
				"scale": [
					{ "time": 0, "x": 1, "y": 1 }
				]
			},
			"images/w19": {
				"rotate": [
					{ "time": 0, "angle": -70.43 }
				],
				"translate": [
					{ "time": 0, "x": -1271.19, "y": -99.34 }
				],
				"scale": [
					{ "time": 0, "x": 0.606, "y": 0.606 }
				]
			}
		},
		"drawOrder": [
			{ "time": 0 }
		]
	},
	"run": {
		"slots": {
			"images/bird_stone_03": {
				"color": [
					{ "time": 0, "color": "ffffffff", "curve": "stepped" },
					{
						"time": 0.0333,
						"color": "ffffffff",
						"curve": [ 0.25, 0, 0.75, 1 ]
					},
					{ "time": 0.3666, "color": "ffffff00", "curve": "stepped" },
					{ "time": 1.0333, "color": "ffffff00" }
				],
				"attachment": [
					{ "time": 0, "name": null },
					{ "time": 0.0333, "name": "images/bird_stone_03" },
					{ "time": 1.0333, "name": "images/bird_stone_03" }
				]
			},
			"images/bird_stone_4": {
				"color": [
					{ "time": 0, "color": "ffffffff", "curve": "stepped" },
					{
						"time": 0.0333,
						"color": "ffffffff",
						"curve": [ 0.25, 0, 0.75, 1 ]
					},
					{ "time": 0.3666, "color": "ffffff00", "curve": "stepped" },
					{ "time": 1.0333, "color": "ffffff00" }
				],
				"attachment": [
					{ "time": 0, "name": null },
					{ "time": 0.0333, "name": "images/bird_stone_03" },
					{ "time": 1.0333, "name": "images/bird_stone_03" }
				]
			},
			"images/bird_stone_5": {
				"color": [
					{ "time": 0, "color": "ffffffff", "curve": "stepped" },
					{
						"time": 0.0333,
						"color": "ffffffff",
						"curve": [ 0.25, 0, 0.75, 1 ]
					},
					{ "time": 0.3666, "color": "ffffff00", "curve": "stepped" },
					{ "time": 1.0333, "color": "ffffff00" }
				],
				"attachment": [
					{ "time": 0, "name": null },
					{ "time": 0.0333, "name": "images/bird_stone_03" },
					{ "time": 1.0333, "name": "images/bird_stone_03" }
				]
			},
			"images/w8": {
				"color": [
					{ "time": 0, "color": "ffffffff", "curve": "stepped" },
					{
						"time": 0.7666,
						"color": "ffffffff",
						"curve": [ 0.366, 0.93, 0.75, 1 ]
					},
					{ "time": 0.9, "color": "ffffff00", "curve": "stepped" },
					{ "time": 1.0333, "color": "ffffff00" }
				],
				"attachment": [
					{ "time": 0, "name": null },
					{ "time": 0.0333, "name": "images/w1" },
					{ "time": 1.0333, "name": "images/w1" }
				]
			},
			"images/w9": {
				"color": [
					{ "time": 0, "color": "ffffffff", "curve": "stepped" },
					{
						"time": 0.8,
						"color": "ffffffff",
						"curve": [ 0.282, 0.7, 0.75, 1 ]
					},
					{ "time": 0.9333, "color": "ffffff00", "curve": "stepped" },
					{ "time": 1.0333, "color": "ffffff00" }
				],
				"attachment": [
					{ "time": 0, "name": null },
					{ "time": 0.0333, "name": "images/w2" },
					{ "time": 1.0333, "name": "images/w2" }
				]
			},
			"images/w10": {
				"color": [
					{ "time": 0, "color": "ffffffff", "curve": "stepped" },
					{
						"time": 0.7666,
						"color": "ffffffff",
						"curve": [ 0.3, 0.87, 0.75, 1 ]
					},
					{ "time": 0.9, "color": "ffffff00", "curve": "stepped" },
					{ "time": 1.0333, "color": "ffffff00" }
				],
				"attachment": [
					{ "time": 0, "name": null },
					{ "time": 0.0333, "name": "images/w3" },
					{ "time": 1.0333, "name": "images/w3" }
				]
			},
			"images/w11": {
				"color": [
					{ "time": 0, "color": "ffffffff", "curve": "stepped" },
					{
						"time": 0.8,
						"color": "ffffffff",
						"curve": [ 0.271, 0.96, 0.75, 1 ]
					},
					{ "time": 0.9333, "color": "ffffff00", "curve": "stepped" },
					{ "time": 1.0333, "color": "ffffff00" }
				],
				"attachment": [
					{ "time": 0, "name": null },
					{ "time": 0.0333, "name": "images/w4" },
					{ "time": 1.0333, "name": "images/w4" }
				]
			},
			"images/w12": {
				"color": [
					{ "time": 0, "color": "ffffffff", "curve": "stepped" },
					{
						"time": 0.9,
						"color": "ffffffff",
						"curve": [ 0.26, 0.98, 0.75, 1 ]
					},
					{ "time": 1.0333, "color": "ffffff00" }
				],
				"attachment": [
					{ "time": 0, "name": null },
					{ "time": 0.0333, "name": "images/w5" },
					{ "time": 1.0333, "name": "images/w5" }
				]
			},
			"images/w13": {
				"color": [
					{ "time": 0, "color": "ffffffff", "curve": "stepped" },
					{
						"time": 0.7333,
						"color": "ffffffff",
						"curve": [ 0.291, 0.92, 0.75, 1 ]
					},
					{ "time": 0.8333, "color": "ffffff00", "curve": "stepped" },
					{ "time": 1.0333, "color": "ffffff00" }
				],
				"attachment": [
					{ "time": 0, "name": null },
					{ "time": 0.0333, "name": "images/w6" },
					{ "time": 1.0333, "name": "images/w6" }
				]
			},
			"images/w14": {
				"color": [
					{ "time": 0, "color": "ffffffff", "curve": "stepped" },
					{
						"time": 0.7666,
						"color": "ffffffff",
						"curve": [ 0.304, 0.88, 0.75, 1 ]
					},
					{ "time": 0.9, "color": "ffffff00", "curve": "stepped" },
					{ "time": 1.0333, "color": "ffffff00" }
				],
				"attachment": [
					{ "time": 0, "name": null },
					{ "time": 0.0333, "name": "images/w7" },
					{ "time": 1.0333, "name": "images/w7" }
				]
			},
			"images/w15": {
				"color": [
					{ "time": 0, "color": "ffffffff", "curve": "stepped" },
					{
						"time": 0.7333,
						"color": "ffffffff",
						"curve": [ 0.25, 0, 0.75, 1 ]
					},
					{ "time": 0.8666, "color": "ffffff00", "curve": "stepped" },
					{ "time": 1.0333, "color": "ffffff00" }
				],
				"attachment": [
					{ "time": 0, "name": null },
					{ "time": 0.0333, "name": "images/w6" },
					{ "time": 1.0333, "name": "images/w6" }
				]
			},
			"images/w16": {
				"color": [
					{ "time": 0, "color": "ffffffff", "curve": "stepped" },
					{
						"time": 0.8333,
						"color": "ffffffff",
						"curve": [ 0.322, 0.95, 0.75, 1 ]
					},
					{ "time": 0.9666, "color": "ffffff00", "curve": "stepped" },
					{ "time": 1.0333, "color": "ffffff00" }
				],
				"attachment": [
					{ "time": 0, "name": null },
					{ "time": 0.0333, "name": "images/w6" },
					{ "time": 1.0333, "name": "images/w6" }
				]
			},
			"images/w17": {
				"color": [
					{ "time": 0, "color": "ffffffff", "curve": "stepped" },
					{
						"time": 0.8,
						"color": "ffffffff",
						"curve": [ 0.298, 0.89, 0.75, 1 ]
					},
					{ "time": 0.9333, "color": "ffffff00", "curve": "stepped" },
					{ "time": 1.0333, "color": "ffffff00" }
				],
				"attachment": [
					{ "time": 0, "name": null },
					{ "time": 0.0333, "name": "images/w4" },
					{ "time": 1.0333, "name": "images/w4" }
				]
			},
			"images/w18": {
				"color": [
					{ "time": 0, "color": "ffffffff", "curve": "stepped" },
					{
						"time": 0.7666,
						"color": "ffffffff",
						"curve": [ 0.228, 0.8, 0.75, 1 ]
					},
					{ "time": 0.9, "color": "ffffff00", "curve": "stepped" },
					{ "time": 1.0333, "color": "ffffff00" }
				],
				"attachment": [
					{ "time": 0, "name": null },
					{ "time": 0.0333, "name": "images/w6" },
					{ "time": 1.0333, "name": "images/w6" }
				]
			},
			"images/w19": {
				"color": [
					{ "time": 0, "color": "ffffffff", "curve": "stepped" },
					{
						"time": 0.8,
						"color": "ffffffff",
						"curve": [ 0.25, 0, 0.75, 1 ]
					},
					{ "time": 0.9333, "color": "ffffff03", "curve": "stepped" },
					{ "time": 1.0333, "color": "ffffff03" }
				],
				"attachment": [
					{ "time": 0, "name": null },
					{ "time": 0.0333, "name": "images/w5" },
					{ "time": 1.0333, "name": "images/w5" }
				]
			},
			"images/wo4": {
				"color": [
					{ "time": 0, "color": "ffffffff", "curve": "stepped" },
					{ "time": 1.0333, "color": "ffffffff" }
				],
				"attachment": [
					{ "time": 0, "name": "images/wo1" },
					{ "time": 0.0333, "name": null },
					{ "time": 1.0333, "name": null }
				]
			},
			"images/wo5": {
				"color": [
					{ "time": 0, "color": "ffffffff", "curve": "stepped" },
					{ "time": 1.0333, "color": "ffffffff" }
				],
				"attachment": [
					{ "time": 0, "name": "images/wo2" },
					{ "time": 0.0333, "name": null },
					{ "time": 1.0333, "name": null }
				]
			},
			"images/wo6": {
				"color": [
					{ "time": 0, "color": "ffffffff", "curve": "stepped" },
					{ "time": 1.0333, "color": "ffffffff" }
				],
				"attachment": [
					{ "time": 0, "name": "images/wo3" },
					{ "time": 0.0333, "name": null },
					{ "time": 1.0333, "name": null }
				]
			}
		},
		"bones": {
			"images/bird_stone_03": {
				"rotate": [
					{ "time": 0, "angle": 121.56, "curve": "stepped" },
					{ "time": 1.0333, "angle": 121.56 }
				],
				"translate": [
					{ "time": 0, "x": -1502.97, "y": 88.73, "curve": "stepped" },
					{
						"time": 0.0333,
						"x": -1502.97,
						"y": 88.73,
						"curve": [ 0.25, 0, 0.75, 1 ]
					},
					{ "time": 0.3666, "x": -1651.08, "y": -2.25, "curve": "stepped" },
					{ "time": 1.0333, "x": -1651.08, "y": -2.25 }
				],
				"scale": [
					{ "time": 0, "x": 1, "y": 1, "curve": "stepped" },
					{
						"time": 0.0333,
						"x": 1,
						"y": 1,
						"curve": [ 0.25, 0, 0.75, 1 ]
					},
					{ "time": 0.3666, "x": 0.2, "y": 0.39, "curve": "stepped" },
					{ "time": 1.0333, "x": 0.199, "y": 0.39 }
				]
			},
			"images/bird_stone_4": {
				"rotate": [
					{ "time": 0, "angle": 0, "curve": "stepped" },
					{ "time": 1.0333, "angle": 0 }
				],
				"translate": [
					{ "time": 0, "x": 0, "y": 0 },
					{
						"time": 0.0333,
						"x": -1303.38,
						"y": 303.55,
						"curve": [ 0.25, 0, 0.75, 1 ]
					},
					{ "time": 0.3666, "x": -1303.38, "y": 401.14, "curve": "stepped" },
					{ "time": 1.0333, "x": -1303.38, "y": 401.14 }
				],
				"scale": [
					{ "time": 0, "x": 1, "y": 1, "curve": "stepped" },
					{
						"time": 0.0333,
						"x": 1,
						"y": 1,
						"curve": [ 0.25, 0, 0.75, 1 ]
					},
					{ "time": 0.3666, "x": 0.2, "y": 0.39, "curve": "stepped" },
					{ "time": 1.0333, "x": 0.199, "y": 0.39 }
				]
			},
			"images/bird_stone_5": {
				"rotate": [
					{ "time": 0, "angle": -110.5, "curve": "stepped" },
					{ "time": 1.0333, "angle": -110.5 }
				],
				"translate": [
					{ "time": 0, "x": -1360.74, "y": 109.6, "curve": "stepped" },
					{
						"time": 0.0333,
						"x": -1360.74,
						"y": 109.6,
						"curve": [ 0.25, 0, 0.75, 1 ]
					},
					{ "time": 0.3666, "x": -1216.03, "y": 55.59, "curve": "stepped" },
					{ "time": 1.0333, "x": -1216.03, "y": 55.59 }
				],
				"scale": [
					{ "time": 0, "x": 1, "y": 1, "curve": "stepped" },
					{
						"time": 0.0333,
						"x": 1,
						"y": 1,
						"curve": [ 0.25, 0, 0.75, 1 ]
					},
					{ "time": 0.3666, "x": 0.2, "y": 0.39, "curve": "stepped" },
					{ "time": 1.0333, "x": 0.199, "y": 0.39 }
				]
			},
			"images/w8": {
				"rotate": [
					{ "time": 0, "angle": -30.09, "curve": "stepped" },
					{ "time": 0.0333, "angle": -30.09 },
					{ "time": 0.1666, "angle": -91.95 },
					{ "time": 0.9, "angle": 163.4, "curve": "stepped" },
					{ "time": 1.0333, "angle": 163.4 }
				],
				"translate": [
					{ "time": 0, "x": -913.77, "y": -227.64, "curve": "stepped" },
					{
						"time": 0.0333,
						"x": -913.77,
						"y": -227.64,
						"curve": [ 0.25, 0, 0.75, 1 ]
					},
					{
						"time": 0.1666,
						"x": -888.96,
						"y": -254.44,
						"curve": [ 0.436, 0.2, 0.811, 0.44 ]
					},
					{ "time": 0.9, "x": -804.24, "y": -709.08, "curve": "stepped" },
					{ "time": 1.0333, "x": -804.24, "y": -709.08 }
				],
				"scale": [
					{ "time": 0, "x": 1, "y": 1, "curve": "stepped" },
					{ "time": 0.0333, "x": 1, "y": 1 },
					{ "time": 0.1666, "x": 1.635, "y": 1.635 },
					{ "time": 0.9, "x": 1, "y": 1, "curve": "stepped" },
					{ "time": 1.0333, "x": 1, "y": 1 }
				]
			},
			"images/w9": {
				"rotate": [
					{ "time": 0, "angle": -26.97, "curve": "stepped" },
					{ "time": 0.0333, "angle": -26.97 },
					{ "time": 0.1666, "angle": -83.93 },
					{ "time": 0.9333, "angle": 176.1, "curve": "stepped" },
					{ "time": 1.0333, "angle": 176.1 }
				],
				"translate": [
					{ "time": 0, "x": -1272.87, "y": 11.77, "curve": "stepped" },
					{
						"time": 0.0333,
						"x": -1272.87,
						"y": 11.77,
						"curve": [ 0.25, 0, 0.75, 1 ]
					},
					{
						"time": 0.1666,
						"x": -1223.56,
						"y": 99.39,
						"curve": [ 0.392, 0.19, 0.842, 0.5 ]
					},
					{ "time": 0.9333, "x": -1097.5, "y": -341.68, "curve": "stepped" },
					{ "time": 1.0333, "x": -1097.5, "y": -341.68 }
				],
				"scale": [
					{ "time": 0, "x": 1, "y": 1, "curve": "stepped" },
					{ "time": 0.0333, "x": 1, "y": 1 },
					{ "time": 0.1666, "x": 1.445, "y": 1.445 },
					{ "time": 0.9333, "x": 1, "y": 1, "curve": "stepped" },
					{ "time": 1.0333, "x": 1, "y": 1 }
				]
			},
			"images/w10": {
				"rotate": [
					{ "time": 0, "angle": 0, "curve": "stepped" },
					{ "time": 0.0333, "angle": 0 },
					{ "time": 0.1666, "angle": 69.88 },
					{ "time": 0.9, "angle": -166.18, "curve": "stepped" },
					{ "time": 1.0333, "angle": -166.18 }
				],
				"translate": [
					{ "time": 0, "x": -966.15, "y": -63.07, "curve": "stepped" },
					{
						"time": 0.0333,
						"x": -966.15,
						"y": -63.07,
						"curve": [ 0.25, 0, 0.75, 1 ]
					},
					{
						"time": 0.1666,
						"x": -998.93,
						"y": 16,
						"curve": [ 0.37, 0.17, 0.776, 0.44 ]
					},
					{ "time": 0.9, "x": -1130.51, "y": -374.18, "curve": "stepped" },
					{ "time": 1.0333, "x": -1130.51, "y": -374.18 }
				],
				"scale": [
					{ "time": 0, "x": 0.727, "y": 0.727, "curve": "stepped" },
					{ "time": 0.0333, "x": 0.727, "y": 0.727 },
					{ "time": 0.1666, "x": 1.799, "y": 1.799 },
					{ "time": 0.9, "x": 0.727, "y": 0.727, "curve": "stepped" },
					{ "time": 1.0333, "x": 0.727, "y": 0.727 }
				]
			},
			"images/w11": {
				"rotate": [
					{ "time": 0, "angle": 0, "curve": "stepped" },
					{ "time": 0.0333, "angle": 0 },
					{ "time": 0.1666, "angle": -75.22 },
					{ "time": 0.9333, "angle": 147.82, "curve": "stepped" },
					{ "time": 1.0333, "angle": 147.82 }
				],
				"translate": [
					{ "time": 0, "x": -928.12, "y": -74.05, "curve": "stepped" },
					{
						"time": 0.0333,
						"x": -928.12,
						"y": -74.05,
						"curve": [ 0.25, 0, 0.75, 1 ]
					},
					{
						"time": 0.1666,
						"x": -839.73,
						"y": 9.82,
						"curve": [ 0.421, 0.19, 0.763, 0.45 ]
					},
					{ "time": 0.9333, "x": -701.59, "y": -515.16, "curve": "stepped" },
					{ "time": 1.0333, "x": -701.59, "y": -515.16 }
				],
				"scale": [
					{ "time": 0, "x": 1, "y": 1, "curve": "stepped" },
					{ "time": 0.0333, "x": 1, "y": 1 },
					{ "time": 0.1666, "x": 1.917, "y": 1.917 },
					{ "time": 0.9333, "x": 1, "y": 1, "curve": "stepped" },
					{ "time": 1.0333, "x": 1, "y": 1 }
				]
			},
			"images/w12": {
				"rotate": [
					{ "time": 0, "angle": 9.29, "curve": "stepped" },
					{ "time": 0.0333, "angle": 9.29 },
					{ "time": 0.1666, "angle": 105.37 },
					{ "time": 1.0333, "angle": -158.18 }
				],
				"translate": [
					{ "time": 0, "x": -1329.14, "y": -227.91, "curve": "stepped" },
					{
						"time": 0.0333,
						"x": -1329.14,
						"y": -227.91,
						"curve": [ 0.25, 0, 0.75, 1 ]
					},
					{
						"time": 0.1666,
						"x": -1386.1,
						"y": -276.82,
						"curve": [ 0.304, 0.13, 0.728, 0.5 ]
					},
					{ "time": 1.0333, "x": -1369.03, "y": -975.04 }
				],
				"scale": [
					{ "time": 0, "x": 1, "y": 1, "curve": "stepped" },
					{ "time": 0.0333, "x": 1, "y": 1 },
					{ "time": 0.1666, "x": 1.446, "y": 1.446 },
					{ "time": 1.0333, "x": 1, "y": 1 }
				]
			},
			"images/w13": {
				"rotate": [
					{ "time": 0, "angle": 90.83, "curve": "stepped" },
					{ "time": 0.0333, "angle": 90.83 },
					{ "time": 0.1666, "angle": 147.78 },
					{ "time": 0.8333, "angle": -98.96, "curve": "stepped" },
					{ "time": 1.0333, "angle": -98.96 }
				],
				"translate": [
					{ "time": 0, "x": -1228.35, "y": -118.04, "curve": "stepped" },
					{
						"time": 0.0333,
						"x": -1228.35,
						"y": -118.04,
						"curve": [ 0.25, 0, 0.75, 1 ]
					},
					{
						"time": 0.1666,
						"x": -1338.57,
						"y": -140.9,
						"curve": [ 0.392, 0.17, 0.798, 0.46 ]
					},
					{ "time": 0.8333, "x": -1416.91, "y": -582.63, "curve": "stepped" },
					{ "time": 1.0333, "x": -1416.91, "y": -582.63 }
				],
				"scale": [
					{ "time": 0, "x": 1, "y": 1, "curve": "stepped" },
					{ "time": 0.0333, "x": 1, "y": 1 },
					{ "time": 0.1666, "x": 1.738, "y": 1.738 },
					{ "time": 0.8333, "x": 1, "y": 1, "curve": "stepped" },
					{ "time": 1.0333, "x": 1, "y": 1 }
				]
			},
			"images/w14": {
				"rotate": [
					{ "time": 0, "angle": -1.8, "curve": "stepped" },
					{ "time": 0.0333, "angle": -1.8 },
					{ "time": 0.2333, "angle": -95.91 },
					{ "time": 0.9, "angle": 157.15, "curve": "stepped" },
					{ "time": 1.0333, "angle": 157.15 }
				],
				"translate": [
					{ "time": 0, "x": -913.1, "y": -245.35, "curve": "stepped" },
					{
						"time": 0.0333,
						"x": -913.1,
						"y": -245.35,
						"curve": [ 0.215, 0.17, 0.574, 0.47 ]
					},
					{
						"time": 0.2333,
						"x": -891.54,
						"y": -277.1,
						"curve": [ 0.296, 0.1, 0.78, 0.39 ]
					},
					{ "time": 0.9, "x": -867.64, "y": -763.1, "curve": "stepped" },
					{ "time": 1.0333, "x": -867.64, "y": -763.1 }
				],
				"scale": [
					{ "time": 0, "x": 0.703, "y": 0.703, "curve": "stepped" },
					{ "time": 0.0333, "x": 0.703, "y": 0.703 },
					{ "time": 0.1666, "x": 1.861, "y": 1.861 },
					{ "time": 0.9, "x": 0.703, "y": 0.703, "curve": "stepped" },
					{ "time": 1.0333, "x": 0.703, "y": 0.703 }
				]
			},
			"root": {
				"rotate": [
					{ "time": 0, "angle": 0, "curve": "stepped" },
					{ "time": 0.0333, "angle": 0, "curve": "stepped" },
					{ "time": 1.0333, "angle": 0 }
				],
				"translate": [
					{ "time": 0, "x": 0, "y": 0, "curve": "stepped" },
					{ "time": 0.0333, "x": 0, "y": 0, "curve": "stepped" },
					{ "time": 1.0333, "x": 0, "y": 0 }
				],
				"scale": [
					{ "time": 0, "x": 1, "y": 1, "curve": "stepped" },
					{ "time": 0.0333, "x": 1, "y": 1, "curve": "stepped" },
					{ "time": 1.0333, "x": 1, "y": 1 }
				]
			},
			"images/w15": {
				"rotate": [
					{ "time": 0, "angle": -84.15, "curve": "stepped" },
					{ "time": 0.0333, "angle": -84.15 },
					{ "time": 0.1333, "angle": -141.88 },
					{ "time": 0.8666, "angle": 165.56, "curve": "stepped" },
					{ "time": 1.0333, "angle": 165.56 }
				],
				"translate": [
					{ "time": 0, "x": -686.02, "y": -136.44, "curve": "stepped" },
					{
						"time": 0.0333,
						"x": -686.02,
						"y": -136.44,
						"curve": [ 0.25, 0, 0.75, 1 ]
					},
					{
						"time": 0.1333,
						"x": -603.67,
						"y": -123.31,
						"curve": [ 0.35, 0.18, 0.798, 0.45 ]
					},
					{ "time": 0.8666, "x": -514.09, "y": -493.13, "curve": "stepped" },
					{ "time": 1.0333, "x": -514.09, "y": -493.13 }
				],
				"scale": [
					{ "time": 0, "x": 0.518, "y": 0.518, "curve": "stepped" },
					{ "time": 0.0333, "x": 0.518, "y": 0.518 },
					{ "time": 0.1666, "x": 1.509, "y": 1.509 },
					{ "time": 0.8666, "x": 0.518, "y": 0.518, "curve": "stepped" },
					{ "time": 1.0333, "x": 0.518, "y": 0.518 }
				]
			},
			"bone": {
				"rotate": [
					{ "time": 0, "angle": 0, "curve": "stepped" },
					{ "time": 1.0333, "angle": 0 }
				],
				"translate": [
					{ "time": 0, "x": 0, "y": 0, "curve": "stepped" },
					{ "time": 1.0333, "x": 0, "y": 0 }
				],
				"scale": [
					{ "time": 0, "x": 1, "y": 1, "curve": "stepped" },
					{ "time": 1.0333, "x": 1, "y": 1 }
				]
			},
			"images/w16": {
				"rotate": [
					{ "time": 0, "angle": -54.61, "curve": "stepped" },
					{ "time": 0.0333, "angle": -54.61 },
					{ "time": 0.2, "angle": 16.06 },
					{ "time": 0.9666, "angle": 145.9, "curve": "stepped" },
					{ "time": 1.0333, "angle": 145.9 }
				],
				"translate": [
					{ "time": 0, "x": -839.26, "y": -333.82, "curve": "stepped" },
					{
						"time": 0.0333,
						"x": -839.26,
						"y": -333.82,
						"curve": [ 0.267, 0, 1, 0.25 ]
					},
					{ "time": 0.9666, "x": -884.79, "y": -1093.87, "curve": "stepped" },
					{ "time": 1.0333, "x": -884.79, "y": -1093.87 }
				],
				"scale": [
					{ "time": 0, "x": 1, "y": 1, "curve": "stepped" },
					{ "time": 0.0333, "x": 1, "y": 1 },
					{ "time": 0.1666, "x": 1.679, "y": 1.679 },
					{ "time": 0.9666, "x": 1, "y": 1, "curve": "stepped" },
					{ "time": 1.0333, "x": 1, "y": 1 }
				]
			},
			"images/w18": {
				"rotate": [
					{ "time": 0, "angle": 0, "curve": "stepped" },
					{ "time": 0.0333, "angle": 0 },
					{ "time": 0.2, "angle": -46.45 },
					{ "time": 0.9, "angle": -135, "curve": "stepped" },
					{ "time": 1.0333, "angle": -135 }
				],
				"translate": [
					{ "time": 0, "x": -994.07, "y": -211.59, "curve": "stepped" },
					{
						"time": 0.0333,
						"x": -994.07,
						"y": -211.59,
						"curve": [ 0.25, 0, 0.75, 1 ]
					},
					{
						"time": 0.2,
						"x": -885.32,
						"y": -295.54,
						"curve": [ 0.368, 0.17, 0.78, 0.44 ]
					},
					{ "time": 0.9, "x": -800.64, "y": -692.55, "curve": "stepped" },
					{ "time": 1.0333, "x": -800.64, "y": -692.55 }
				],
				"scale": [
					{ "time": 0, "x": 1, "y": 1, "curve": "stepped" },
					{ "time": 0.0333, "x": 1, "y": 1 },
					{ "time": 0.1666, "x": 1.54, "y": 1.54 },
					{ "time": 0.9, "x": 1, "y": 1, "curve": "stepped" },
					{ "time": 1.0333, "x": 1, "y": 1 }
				]
			},
			"images/w17": {
				"rotate": [
					{ "time": 0, "angle": 81.13, "curve": "stepped" },
					{ "time": 0.0333, "angle": 81.13 },
					{ "time": 0.1333, "angle": 29.09 },
					{ "time": 0.9333, "angle": -38.4, "curve": "stepped" },
					{ "time": 1.0333, "angle": -38.4 }
				],
				"translate": [
					{ "time": 0, "x": -921.93, "y": -320.86, "curve": "stepped" },
					{
						"time": 0.0333,
						"x": -921.93,
						"y": -320.86,
						"curve": [ 0.25, 0, 0.75, 1 ]
					},
					{
						"time": 0.1333,
						"x": -883.99,
						"y": -421.41,
						"curve": [ 0.346, 0.17, 0.815, 0.48 ]
					},
					{ "time": 0.9333, "x": -857.43, "y": -924.2, "curve": "stepped" },
					{ "time": 1.0333, "x": -857.43, "y": -924.2 }
				],
				"scale": [
					{ "time": 0, "x": 1, "y": 1, "curve": "stepped" },
					{ "time": 0.0333, "x": 1, "y": 1 },
					{ "time": 0.1666, "x": 1.852, "y": 1.852 },
					{ "time": 0.9333, "x": 1, "y": 1, "curve": "stepped" },
					{ "time": 1.0333, "x": 1, "y": 1 }
				]
			},
			"images/w19": {
				"rotate": [
					{ "time": 0, "angle": -70.43, "curve": "stepped" },
					{ "time": 0.0333, "angle": -70.43 },
					{ "time": 0.1666, "angle": -7.97 },
					{ "time": 0.9333, "angle": 108.31, "curve": "stepped" },
					{ "time": 1.0333, "angle": 108.31 }
				],
				"translate": [
					{ "time": 0, "x": -1271.19, "y": -99.34, "curve": "stepped" },
					{
						"time": 0.0333,
						"x": -1271.19,
						"y": -99.34,
						"curve": [ 0.25, 0, 0.75, 1 ]
					},
					{
						"time": 0.1666,
						"x": -1327.29,
						"y": 8.05,
						"curve": [ 0.293, 0.14, 0.868, 0.46 ]
					},
					{ "time": 0.9333, "x": -1427.95, "y": -343.31, "curve": "stepped" },
					{ "time": 1.0333, "x": -1427.95, "y": -343.31 }
				],
				"scale": [
					{ "time": 0, "x": 0.606, "y": 0.606, "curve": "stepped" },
					{ "time": 0.0333, "x": 0.606, "y": 0.606 },
					{ "time": 0.1666, "x": 1.056, "y": 1.056 },
					{ "time": 0.9333, "x": 0.606, "y": 0.606, "curve": "stepped" },
					{ "time": 1.0333, "x": 0.606, "y": 0.606 }
				]
			}
		},
		"drawOrder": [
			{ "time": 0 },
			{ "time": 1.0333 }
		]
	}
}
}