{
"skeleton": { "hash": "tNpKwoLp7ad0CvsreGZfeyTJdAg", "spine": "3.4.02", "width": 0, "height": 0, "images": "./picture/yellow/" },
"bones": [
	{ "name": "root" },
	{ "name": "bird_root", "parent": "root", "y": -6.91 },
	{ "name": "body", "parent": "bird_root", "y": -54.32 },
	{ "name": "L_eye", "parent": "body", "x": -7.32, "y": 37.38, "scaleX": 1.351, "scaleY": 1.351 },
	{ "name": "L_brow", "parent": "L_eye", "length": 26.4, "rotation": -144.19, "x": -0.15, "y": 27.09 },
	{ "name": "L_cheek", "parent": "L_eye", "x": -2.58, "y": -7.25 },
	{ "name": "L_eyeball", "parent": "L_eye", "x": -3.69, "y": 2, "scaleX": 0.596, "scaleY": 0.619 },
	{ "name": "L_upper eyelid", "parent": "L_eye", "x": -3.03, "y": 6.1 },
	{ "name": "R_eye", "parent": "body", "x": 33.27, "y": 38.65, "scaleX": 1.351, "scaleY": 1.351 },
	{ "name": "R_brow", "parent": "R_eye", "length": 29.02, "rotation": -25.24, "x": -14.23, "y": 24.2 },
	{ "name": "R_cheek", "parent": "R_eye", "x": -0.47, "y": -5.67 },
	{ "name": "R_eyeball", "parent": "R_eye", "x": -6.6, "y": -0.87, "scaleX": 0.931, "scaleY": 0.931 },
	{ "name": "R_upper eyelid", "parent": "R_eye", "x": -6.3, "y": 3.86 },
	{ "name": "mouth", "parent": "body", "x": -20.43, "y": 31.75 },
	{ "name": "flews", "parent": "mouth", "length": 43.78, "rotation": -46.96, "x": 3.43, "y": -2.37 },
	{ "name": "hair", "parent": "body", "length": 12.97, "rotation": 84.35, "x": 5.15, "y": 99.01 },
	{ "name": "tail", "parent": "body", "length": 8.56, "rotation": 135.87, "x": -48.22, "y": 25.99 },
	{ "name": "upper_lip", "parent": "mouth", "length": 52.11, "rotation": -10.68, "x": 3.14, "y": -2.46 }
],
"slots": [
	{ "name": "tail", "bone": "tail", "attachment": "tail" },
	{ "name": "body", "bone": "body", "attachment": "y_body" },
	{ "name": "R_eye", "bone": "R_eye", "attachment": "R_eye" },
	{ "name": "L_eye", "bone": "L_eye", "attachment": "L_eye" },
	{ "name": "hair", "bone": "hair", "attachment": "hair" },
	{ "name": "R_eyeball", "bone": "R_eyeball", "attachment": "eyeball" },
	{ "name": "L_eyeball", "bone": "L_eyeball", "attachment": "eyeball" },
	{ "name": "L_eye2", "bone": "L_eye" },
	{ "name": "R_eye2", "bone": "R_eye" },
	{ "name": "L_upper eyelid", "bone": "L_upper eyelid", "attachment": "L_upper eyelid" },
	{ "name": "R_upper eyelid", "bone": "R_upper eyelid", "attachment": "R_upper eyelid" },
	{ "name": "L_cheek", "bone": "L_cheek", "attachment": "L_cheek" },
	{ "name": "R_cheek1", "bone": "R_cheek", "attachment": "R_cheek1" },
	{ "name": "lip_base", "bone": "mouth", "attachment": "lip_base" },
	{ "name": "ycx", "bone": "flews" },
	{ "name": "ycs", "bone": "upper_lip" },
	{ "name": "flews02", "bone": "flews", "attachment": "flews02" },
	{ "name": "flews", "bone": "flews" },
	{ "name": "upper_lip", "bone": "upper_lip", "attachment": "upper_lip" },
	{ "name": "R_brow", "bone": "R_brow", "attachment": "R_brow" },
	{ "name": "L_brow", "bone": "L_brow" },
	{ "name": "L_brow2", "bone": "L_brow" },
	{ "name": "R_brow2", "bone": "R_brow" },
	{ "name": "L_brow3", "bone": "L_brow", "attachment": "L_brow3" },
	{ "name": "R_brow3", "bone": "R_brow" },
	{ "name": "L_brow1", "bone": "L_brow" },
	{ "name": "R_brow1", "bone": "R_brow" }
],
"skins": {
	"default": {
		"L_brow": {
			"L_brow": { "x": 11.5, "y": 3.82, "rotation": 144.78, "width": 29, "height": 25 }
		},
		"L_brow1": {
			"L_brow1": { "x": 11.72, "y": 1.33, "scaleX": 1.091, "rotation": 165.84, "width": 32, "height": 9 }
		},
		"L_brow2": {
			"L_brow2": { "x": 11.52, "y": 0.11, "scaleX": 0.986, "scaleY": 0.986, "rotation": 121.14, "width": 25, "height": 27 }
		},
		"L_brow3": {
			"L_brow3": { "x": 11.39, "y": 2.62, "rotation": 144.19, "width": 29, "height": 19 }
		},
		"L_cheek": {
			"L_cheek": { "x": 0.64, "y": -1.25, "scaleX": 0.614, "scaleY": 0.614, "width": 40, "height": 24 }
		},
		"L_eye": {
			"L_eye": { "x": -0.16, "y": -1.43, "scaleX": 0.679, "scaleY": 0.679, "width": 34, "height": 35 }
		},
		"L_eye2": {
			"L_eye2": { "x": -0.1, "y": -1.29, "scaleX": 0.679, "scaleY": 0.679, "width": 34, "height": 35 }
		},
		"L_eyeball": {
			"eyeball": { "x": 0.59, "y": -1.6, "width": 10, "height": 10 }
		},
		"L_upper eyelid": {
			"L_upper eyelid": { "x": 0.99, "y": -2.38, "scaleX": 0.704, "scaleY": 0.704, "width": 31, "height": 20 }
		},
		"R_brow": {
			"R_brow": { "x": 13.84, "y": -1.71, "rotation": 25.69, "width": 28, "height": 23 }
		},
		"R_brow1": {
			"R_brow1": { "x": 13.98, "y": 0.82, "scaleX": 0.973, "rotation": -14.07, "width": 29, "height": 11 }
		},
		"R_brow2": {
			"R_brow2": { "x": 13.86, "y": 0.24, "rotation": 35.7, "width": 26, "height": 20 }
		},
		"R_brow3": {
			"R_brow3": { "x": 13.65, "y": -1.66, "rotation": 25.24, "width": 27, "height": 19 }
		},
		"R_cheek1": {
			"R_cheek1": { "x": 1.65, "y": -0.6, "scaleX": 0.617, "scaleY": 0.453, "rotation": 11.46, "width": 27, "height": 21 }
		},
		"R_eye": {
			"R_eye": { "x": -1.85, "y": -1.66, "scaleX": 0.708, "scaleY": 0.708, "width": 29, "height": 31 }
		},
		"R_eye2": {
			"R_eye2": { "x": -1.87, "y": -1.61, "scaleX": 0.708, "scaleY": 0.708, "width": 29, "height": 31 }
		},
		"R_eyeball": {
			"eyeball": { "x": 0.99, "y": -0.78, "scaleX": 0.608, "scaleY": 0.608, "width": 10, "height": 10 }
		},
		"R_upper eyelid": {
			"R_upper eyelid": { "x": 2.16, "y": -1.58, "scaleX": 0.681, "scaleY": 0.681, "rotation": 6.14, "width": 26, "height": 17 }
		},
		"body": {
			"y_body": { "x": -1.08, "y": 48.36, "width": 134, "height": 108 }
		},
		"flews": {
			"flews": { "x": 26.59, "y": 8.82, "rotation": 47.05, "width": 51, "height": 28 }
		},
		"flews02": {
			"flews02": { "x": 27.67, "y": 6.27, "rotation": 30.43, "width": 57, "height": 18 }
		},
		"hair": {
			"hair": {
				"type": "mesh",
				"uvs": [ 0.99998, 0.34701, 0.98366, 0.99946, 0.79568, 0.99999, 0.66618, 0.72917, 0.07733, 0.94029, 0.10997, 0.6776, 0.25779, 0.59377, 0, 0.66763, 0.11462, 0.4536, 0.32304, 0.38608, 0.01462, 0.29052, 0.15708, 0.1764, 0.66384, 0.26613, 0.4897, 0, 0.6009, 1.0E-5 ],
				"triangles": [ 0, 12, 14, 13, 14, 12, 9, 11, 12, 10, 11, 9, 6, 8, 9, 7, 8, 6, 3, 12, 0, 9, 12, 3, 6, 9, 3, 4, 5, 6, 4, 6, 3, 1, 3, 0, 2, 3, 1 ],
				"vertices": [ 13.82, -3.61, -15.71, -6.5, -15.99, -0.2, -4.21, 5.31, -16, 24.62, -4.23999, 24.78, 0.26, 19.67, -3.63, 28.22, 4.98999, 26.44, 9.39, 18.46999, 13.73, 29.55, 18.17, 18.71999, 14.24, 7.32, 27.19, 15.75, 27.73, 10.06 ],
				"hull": 15,
				"edges": [ 2, 0, 26, 28, 24, 22, 22, 20, 14, 16, 12, 10, 10, 8, 2, 4, 6, 4, 28, 0, 24, 26, 18, 20, 16, 18, 12, 14, 6, 8 ],
				"width": 34,
				"height": 44
			}
		},
		"lip_base": {
			"lip_base": {
				"type": "mesh",
				"uvs": [ 1, 0.99999, 0.2293, 0.99999, 0, 0, 1, 0 ],
				"triangles": [ 1, 2, 3, 0, 1, 3 ],
				"vertices": [ 45.87, -25.39, 12.73, -25.39, 2.87, -2.39, 45.87, -2.39 ],
				"hull": 4,
				"edges": [ 0, 2, 2, 4, 4, 6, 0, 6 ],
				"width": 43,
				"height": 23
			}
		},
		"tail": {
			"tail": {
				"type": "mesh",
				"uvs": [ 0.97477, 0.20397, 1, 0.7493, 0.81683, 0.99999, 0.50648, 0.87794, 0, 0.70196, 0.30742, 0.53841, 0, 0.23871, 0.25141, 0.13711, 0.64681, 0.27189, 0.41266, 0, 0.6259, 0 ],
				"triangles": [ 8, 10, 0, 9, 10, 8, 5, 7, 8, 6, 7, 5, 8, 0, 1, 3, 5, 8, 1, 3, 8, 4, 5, 3, 2, 3, 1 ],
				"vertices": [ 13.55, -5.88, 2.57, -1.7, -2.43, 13.7, 8.68999, 18.94, 13.12, 28.11, 17.66, 19.20999, 26.06, 24.13, 26.64, 13.11, 20.89, 4.3, 26.06, 4.44999, 22.04, 0.7 ],
				"hull": 11,
				"edges": [ 2, 0, 0, 20, 18, 20, 18, 16, 16, 14, 14, 12, 12, 10, 10, 8, 8, 6, 6, 4, 2, 4 ],
				"width": 38,
				"height": 37
			}
		},
		"upper_lip": {
			"upper_lip": { "x": 31.36, "y": 3.02, "rotation": 11.38, "width": 65, "height": 27 }
		},
		"ycs": {
			"ycs": { "x": 30.61, "y": -1.49, "rotation": 7.04, "width": 36, "height": 14 }
		},
		"ycx": {
			"ycx": { "x": 32.97, "y": 8.28, "rotation": 40.65, "width": 27, "height": 13 }
		}
	}
},
"events": {
	"flip": {},
	"fly": {}
},
"animations": {
	"run1": {
		"slots": {
			"L_brow": {
				"attachment": [
					{ "time": 0, "name": null }
				]
			},
			"L_brow1": {
				"attachment": [
					{ "time": 0, "name": null }
				]
			},
			"L_brow2": {
				"attachment": [
					{ "time": 0, "name": null },
					{ "time": 0.0666, "name": "L_brow2" },
					{ "time": 2.6, "name": null }
				]
			},
			"L_brow3": {
				"attachment": [
					{ "time": 0, "name": "L_brow3" },
					{ "time": 0.0666, "name": null },
					{ "time": 2.6, "name": "L_brow3" }
				]
			},
			"L_cheek": {
				"attachment": [
					{ "time": 0, "name": "L_cheek" }
				]
			},
			"L_eye": {
				"attachment": [
					{ "time": 0, "name": "L_eye" }
				]
			},
			"L_eye2": {
				"attachment": [
					{ "time": 0, "name": null },
					{ "time": 0.0666, "name": "L_eye2" },
					{ "time": 2.5666, "name": null }
				]
			},
			"L_eyeball": {
				"attachment": [
					{ "time": 0, "name": "eyeball" }
				]
			},
			"L_upper eyelid": {
				"attachment": [
					{ "time": 0, "name": "L_upper eyelid" }
				]
			},
			"R_brow": {
				"attachment": [
					{ "time": 0, "name": null }
				]
			},
			"R_brow1": {
				"attachment": [
					{ "time": 0, "name": null }
				]
			},
			"R_brow2": {
				"attachment": [
					{ "time": 0, "name": null },
					{ "time": 0.0666, "name": "R_brow2" },
					{ "time": 2.6, "name": null }
				]
			},
			"R_brow3": {
				"attachment": [
					{ "time": 0, "name": "R_brow3" },
					{ "time": 0.0666, "name": null },
					{ "time": 2.6, "name": "R_brow3" }
				]
			},
			"R_cheek1": {
				"attachment": [
					{ "time": 0, "name": "R_cheek1" }
				]
			},
			"R_eye": {
				"attachment": [
					{ "time": 0, "name": "R_eye" }
				]
			},
			"R_eye2": {
				"attachment": [
					{ "time": 0, "name": null },
					{ "time": 0.0666, "name": "R_eye2" },
					{ "time": 2.5666, "name": null }
				]
			},
			"R_eyeball": {
				"attachment": [
					{ "time": 0, "name": "eyeball" }
				]
			},
			"R_upper eyelid": {
				"attachment": [
					{ "time": 0, "name": "R_upper eyelid" }
				]
			},
			"body": {
				"attachment": [
					{ "time": 0, "name": "y_body" }
				]
			},
			"flews": {
				"attachment": [
					{ "time": 0, "name": null },
					{ "time": 0.0666, "name": "flews" },
					{ "time": 2.5, "name": null }
				]
			},
			"flews02": {
				"attachment": [
					{ "time": 0, "name": "flews02" },
					{ "time": 0.0666, "name": null },
					{ "time": 2.5, "name": "flews02" }
				]
			},
			"hair": {
				"attachment": [
					{ "time": 0, "name": "hair" }
				]
			},
			"lip_base": {
				"attachment": [
					{ "time": 0, "name": "lip_base" }
				]
			},
			"tail": {
				"attachment": [
					{ "time": 0, "name": "tail" }
				]
			},
			"upper_lip": {
				"attachment": [
					{ "time": 0, "name": "upper_lip" }
				]
			},
			"ycs": {
				"attachment": [
					{ "time": 0, "name": null },
					{ "time": 0.0666, "name": "ycs" },
					{ "time": 2.5, "name": null }
				]
			},
			"ycx": {
				"attachment": [
					{ "time": 0, "name": null },
					{ "time": 0.0666, "name": "ycx" },
					{ "time": 2.5, "name": null }
				]
			}
		},
		"bones": {
			"flews": {
				"rotate": [
					{
						"time": 0,
						"angle": 17.05,
						"curve": [ 0.293, 0, 0.56, 0.62 ]
					},
					{ "time": 0.1666, "angle": -7.2, "curve": "stepped" },
					{
						"time": 2.3666,
						"angle": -7.2,
						"curve": [ 0.25, 0, 0.75, 1 ]
					},
					{
						"time": 2.5,
						"angle": 21.03,
						"curve": [ 0.335, 0, 0.668, 0.34 ]
					},
					{
						"time": 2.5333,
						"angle": 22.6,
						"curve": [ 0.333, 0.17, 0.664, 0.52 ]
					},
					{
						"time": 2.6,
						"angle": 22.42,
						"curve": [ 0.317, 0.23, 0.643, 0.59 ]
					},
					{ "time": 2.7333, "angle": 17.05 }
				],
				"translate": [
					{ "time": 0, "x": -1.38, "y": 0.7 }
				],
				"scale": [
					{ "time": 0, "x": 1, "y": 1 }
				]
			},
			"mouth": {
				"rotate": [
					{ "time": 0, "angle": 0 }
				],
				"translate": [
					{
						"time": 0,
						"x": 0,
						"y": 0,
						"curve": [ 0.287, 0, 0.571, 0.62 ]
					},
					{ "time": 0.1666, "x": 17.19, "y": 0, "curve": "stepped" },
					{
						"time": 2.3666,
						"x": 17.19,
						"y": 0,
						"curve": [ 0.32, 0.35, 0.653, 0.68 ]
					},
					{
						"time": 2.5,
						"x": 8.8,
						"y": -0.51,
						"curve": [ 0.313, 0, 0.624, 0.47 ]
					},
					{ "time": 2.7333, "x": 0, "y": 0 }
				],
				"scale": [
					{ "time": 0, "x": 1, "y": 1 },
					{ "time": 0.1666, "x": 0.891, "y": 1, "curve": "stepped" },
					{ "time": 2.3666, "x": 0.891, "y": 1 },
					{ "time": 2.5, "x": 0.893, "y": 1 },
					{ "time": 2.7333, "x": 1, "y": 1 }
				]
			},
			"upper_lip": {
				"rotate": [
					{ "time": 0, "angle": 0 },
					{ "time": 0.1666, "angle": 4.43, "curve": "stepped" },
					{ "time": 2.5, "angle": 4.43 },
					{ "time": 2.7333, "angle": 0 }
				],
				"translate": [
					{ "time": 0, "x": 0, "y": 0 }
				],
				"scale": [
					{ "time": 0, "x": 1, "y": 1 }
				]
			},
			"R_eye": {
				"rotate": [
					{ "time": 0, "angle": 0 }
				],
				"translate": [
					{
						"time": 0,
						"x": 0,
						"y": 0,
						"curve": [ 0.25, 0, 0.496, 1 ]
					},
					{ "time": 0.1666, "x": 7.77, "y": -4.53, "curve": "stepped" },
					{ "time": 2.3666, "x": 7.77, "y": -4.53 },
					{ "time": 2.7333, "x": 0, "y": 0 }
				],
				"scale": [
					{ "time": 0, "x": 1, "y": 1 },
					{ "time": 0.1666, "x": 0.765, "y": 0.852, "curve": "stepped" },
					{ "time": 2.3666, "x": 0.765, "y": 0.852 },
					{ "time": 2.7333, "x": 1, "y": 1 }
				]
			},
			"L_eye": {
				"rotate": [
					{ "time": 0, "angle": 0 }
				],
				"translate": [
					{
						"time": 0,
						"x": 0,
						"y": 0,
						"curve": [ 0.25, 0, 0.496, 1 ]
					},
					{ "time": 0.1666, "x": 11.58, "y": -4.53, "curve": "stepped" },
					{ "time": 2.3666, "x": 11.58, "y": -4.53 },
					{ "time": 2.7333, "x": 0, "y": 0 }
				],
				"scale": [
					{ "time": 0, "x": 1, "y": 1 },
					{ "time": 0.1666, "x": 1, "y": 0.852, "curve": "stepped" },
					{ "time": 2.3666, "x": 1, "y": 0.852 },
					{ "time": 2.9333, "x": 1, "y": 1 }
				]
			},
			"hair": {
				"rotate": [
					{ "time": 0, "angle": 0, "curve": "stepped" },
					{
						"time": 0.1666,
						"angle": 0,
						"curve": [ 0.25, 0, 0.75, 1 ]
					},
					{
						"time": 0.3333,
						"angle": -20.5,
						"curve": [ 0.25, 0, 0.75, 1 ]
					},
					{
						"time": 0.5,
						"angle": 0,
						"curve": [ 0.25, 0, 0.75, 1 ]
					},
					{
						"time": 0.6666,
						"angle": -20.5,
						"curve": [ 0.25, 0, 0.75, 1 ]
					},
					{
						"time": 0.8333,
						"angle": 0,
						"curve": [ 0.662, 0, 0.75, 1 ]
					},
					{
						"time": 1,
						"angle": -20.5,
						"curve": [ 0.25, 0, 0.75, 1 ]
					},
					{
						"time": 1.1666,
						"angle": 0,
						"curve": [ 0.662, 0, 0.75, 1 ]
					},
					{
						"time": 1.3333,
						"angle": -20.5,
						"curve": [ 0.25, 0, 0.75, 1 ]
					},
					{
						"time": 1.5,
						"angle": 0,
						"curve": [ 0.662, 0, 0.75, 1 ]
					},
					{
						"time": 1.6666,
						"angle": -20.5,
						"curve": [ 0.25, 0, 0.75, 1 ]
					},
					{
						"time": 1.8333,
						"angle": 0,
						"curve": [ 0.662, 0, 0.75, 1 ]
					},
					{
						"time": 2,
						"angle": -20.5,
						"curve": [ 0.25, 0, 0.75, 1 ]
					},
					{ "time": 2.2, "angle": 0, "curve": "stepped" },
					{
						"time": 2.3666,
						"angle": 0,
						"curve": [ 0.662, 0, 0.75, 1 ]
					},
					{
						"time": 2.5666,
						"angle": -0.87,
						"curve": [ 0.658, 0, 0.75, 1 ]
					},
					{
						"time": 2.8,
						"angle": -4.32,
						"curve": [ 0.465, 0, 0.75, 1 ]
					},
					{ "time": 2.9333, "angle": 0 }
				],
				"translate": [
					{
						"time": 0,
						"x": 0,
						"y": 0,
						"curve": [ 0.25, 0, 0.496, 1 ]
					},
					{
						"time": 0.1666,
						"x": -1.65,
						"y": 0,
						"curve": [ 0.25, 0, 0.75, 1 ]
					},
					{
						"time": 0.3333,
						"x": 2.12,
						"y": 0.45,
						"curve": [ 0.25, 0, 0.75, 1 ]
					},
					{
						"time": 0.5,
						"x": -1.65,
						"y": 0,
						"curve": [ 0.25, 0, 0.75, 1 ]
					},
					{
						"time": 0.6666,
						"x": 2.12,
						"y": 0.45,
						"curve": [ 0.25, 0, 0.75, 1 ]
					},
					{
						"time": 0.8333,
						"x": -1.65,
						"y": 0,
						"curve": [ 0.25, 0, 0.509, 1 ]
					},
					{
						"time": 1,
						"x": 2.12,
						"y": 0.45,
						"curve": [ 0.25, 0, 0.75, 1 ]
					},
					{
						"time": 1.1666,
						"x": -1.65,
						"y": 0,
						"curve": [ 0.25, 0, 0.509, 1 ]
					},
					{
						"time": 1.3333,
						"x": 2.12,
						"y": 0.45,
						"curve": [ 0.25, 0, 0.75, 1 ]
					},
					{
						"time": 1.5,
						"x": -1.65,
						"y": 0,
						"curve": [ 0.25, 0, 0.509, 1 ]
					},
					{
						"time": 1.6666,
						"x": 2.12,
						"y": 0.45,
						"curve": [ 0.25, 0, 0.75, 1 ]
					},
					{
						"time": 1.8333,
						"x": -1.65,
						"y": 0,
						"curve": [ 0.25, 0, 0.509, 1 ]
					},
					{
						"time": 2,
						"x": 2.12,
						"y": 0.45,
						"curve": [ 0.25, 0, 0.75, 1 ]
					},
					{ "time": 2.2, "x": -1.65, "y": 0, "curve": "stepped" },
					{
						"time": 2.3666,
						"x": -1.65,
						"y": 0,
						"curve": [ 0.25, 0, 0.509, 1 ]
					},
					{ "time": 2.5666, "x": 0, "y": 0 }
				],
				"scale": [
					{ "time": 0, "x": 1, "y": 1 }
				]
			},
			"bird_root": {
				"rotate": [
					{ "time": 0, "angle": 0 }
				],
				"translate": [
					{ "time": 0, "x": 0, "y": 0 }
				],
				"scale": [
					{ "time": 0, "x": 1, "y": 1 }
				]
			},
			"body": {
				"rotate": [
					{ "time": 0, "angle": 0 }
				],
				"translate": [
					{ "time": 0, "x": 0, "y": 0 }
				],
				"scale": [
					{
						"time": 0,
						"x": 1,
						"y": 1,
						"curve": [ 0.25, 0, 0.75, 1 ]
					},
					{
						"time": 0.1666,
						"x": 0.95,
						"y": 1.053,
						"curve": [ 0.25, 0, 0.75, 1 ]
					},
					{
						"time": 0.3333,
						"x": 1.115,
						"y": 0.882,
						"curve": [ 0.25, 0, 0.75, 1 ]
					},
					{
						"time": 0.5,
						"x": 0.95,
						"y": 1.053,
						"curve": [ 0.25, 0, 0.75, 1 ]
					},
					{
						"time": 0.6666,
						"x": 1.115,
						"y": 0.882,
						"curve": [ 0.25, 0, 0.75, 1 ]
					},
					{
						"time": 0.8333,
						"x": 0.95,
						"y": 1.053,
						"curve": [ 0.25, 0, 0.603, 1 ]
					},
					{
						"time": 1,
						"x": 1.115,
						"y": 0.882,
						"curve": [ 0.25, 0, 0.75, 1 ]
					},
					{
						"time": 1.1666,
						"x": 0.95,
						"y": 1.053,
						"curve": [ 0.25, 0, 0.603, 1 ]
					},
					{
						"time": 1.3333,
						"x": 1.115,
						"y": 0.882,
						"curve": [ 0.25, 0, 0.75, 1 ]
					},
					{
						"time": 1.5,
						"x": 0.95,
						"y": 1.053,
						"curve": [ 0.25, 0, 0.603, 1 ]
					},
					{
						"time": 1.6666,
						"x": 1.115,
						"y": 0.882,
						"curve": [ 0.242, 0, 0.679, 0.71 ]
					},
					{
						"time": 1.8333,
						"x": 0.971,
						"y": 1.031,
						"curve": [ 0.357, 0.45, 0.693, 0.8 ]
					},
					{
						"time": 2,
						"x": 1.091,
						"y": 0.907,
						"curve": [ 0.341, 0.42, 0.675, 0.75 ]
					},
					{ "time": 2.2, "x": 0.95, "y": 1.053, "curve": "stepped" },
					{
						"time": 2.3666,
						"x": 0.95,
						"y": 1.053,
						"curve": [ 0.25, 0, 0.603, 1 ]
					},
					{
						"time": 2.5666,
						"x": 1.117,
						"y": 0.845,
						"curve": [ 0.25, 0, 0.75, 1 ]
					},
					{
						"time": 2.7333,
						"x": 0.943,
						"y": 1.08,
						"curve": [ 0.25, 0, 0.75, 1 ]
					},
					{ "time": 2.9333, "x": 1, "y": 1 }
				]
			},
			"tail": {
				"rotate": [
					{
						"time": 0,
						"angle": 0,
						"curve": [ 0.898, 0, 0.75, 1 ]
					},
					{
						"time": 0.1666,
						"angle": 21.78,
						"curve": [ 0.25, 0, 0.75, 1 ]
					},
					{
						"time": 0.3333,
						"angle": -2,
						"curve": [ 0.25, 0, 0.75, 1 ]
					},
					{
						"time": 0.5,
						"angle": 21.78,
						"curve": [ 0.25, 0, 0.75, 1 ]
					},
					{
						"time": 0.6666,
						"angle": -2,
						"curve": [ 0.25, 0, 0.75, 1 ]
					},
					{
						"time": 0.8333,
						"angle": 21.78,
						"curve": [ 0.25, 0, 0.75, 1 ]
					},
					{
						"time": 1,
						"angle": -2,
						"curve": [ 0.25, 0, 0.75, 1 ]
					},
					{
						"time": 1.1666,
						"angle": 21.78,
						"curve": [ 0.25, 0, 0.75, 1 ]
					},
					{
						"time": 1.3333,
						"angle": -2,
						"curve": [ 0.25, 0, 0.75, 1 ]
					},
					{
						"time": 1.5,
						"angle": 21.78,
						"curve": [ 0.25, 0, 0.75, 1 ]
					},
					{
						"time": 1.6666,
						"angle": -2,
						"curve": [ 0.25, 0, 0.75, 1 ]
					},
					{
						"time": 1.8333,
						"angle": 21.78,
						"curve": [ 0.25, 0, 0.75, 1 ]
					},
					{
						"time": 2,
						"angle": -2,
						"curve": [ 0.25, 0, 0.75, 1 ]
					},
					{ "time": 2.2, "angle": 21.78, "curve": "stepped" },
					{
						"time": 2.3666,
						"angle": 21.78,
						"curve": [ 0.25, 0, 0.75, 1 ]
					},
					{
						"time": 2.5666,
						"angle": 40.34,
						"curve": [ 0.662, 0, 0.75, 1 ]
					},
					{
						"time": 2.8,
						"angle": -10.89,
						"curve": [ 0.459, 0, 0.75, 1 ]
					},
					{ "time": 2.9333, "angle": 0 }
				],
				"translate": [
					{
						"time": 0,
						"x": 0,
						"y": 0,
						"curve": [ 0.25, 0, 0.496, 1 ]
					},
					{ "time": 0.8333, "x": -4.36, "y": 0, "curve": "stepped" },
					{
						"time": 2.3666,
						"x": -4.36,
						"y": 0,
						"curve": [ 0.66, 0, 0.75, 1 ]
					},
					{ "time": 2.5666, "x": 0, "y": 0 }
				],
				"scale": [
					{ "time": 0, "x": 1, "y": 1 }
				]
			},
			"L_brow": {
				"rotate": [
					{ "time": 0, "angle": 0 },
					{ "time": 0.0666, "angle": -0.59 },
					{ "time": 0.1666, "angle": 18.89, "curve": "stepped" },
					{ "time": 2.3666, "angle": 18.89 },
					{ "time": 2.5666, "angle": -1.99 },
					{ "time": 2.7333, "angle": 0 }
				],
				"translate": [
					{
						"time": 0,
						"x": 0,
						"y": 0,
						"curve": [ 0.305, 0, 0.641, 0.35 ]
					},
					{
						"time": 0.0666,
						"x": 2.16,
						"y": 9.97,
						"curve": [ 0.32, 0.26, 0.654, 0.59 ]
					},
					{ "time": 0.1666, "x": -1.81, "y": 7.57, "curve": "stepped" },
					{
						"time": 2.3666,
						"x": -1.81,
						"y": 7.57,
						"curve": [ 0.331, 0.32, 0.664, 0.65 ]
					},
					{
						"time": 2.5666,
						"x": 8.37,
						"y": 3.85,
						"curve": [ 0.331, 0.32, 0.664, 0.65 ]
					},
					{ "time": 2.7333, "x": 0, "y": 0 }
				],
				"scale": [
					{ "time": 0, "x": 1, "y": 1 }
				]
			},
			"L_eyeball": {
				"rotate": [
					{ "time": 0, "angle": 0 }
				],
				"translate": [
					{ "time": 0, "x": 0.08, "y": -0.47 }
				],
				"scale": [
					{ "time": 0, "x": 0.95, "y": 0.95 }
				]
			},
			"R_brow": {
				"rotate": [
					{ "time": 0, "angle": 0 },
					{ "time": 0.0666, "angle": -3.59 },
					{ "time": 0.1666, "angle": -11.91, "curve": "stepped" },
					{ "time": 2.3666, "angle": -11.91 },
					{ "time": 2.5666, "angle": 1.78 },
					{ "time": 2.7333, "angle": 0 }
				],
				"translate": [
					{
						"time": 0,
						"x": 0,
						"y": 0,
						"curve": [ 0.305, 0, 0.641, 0.35 ]
					},
					{
						"time": 0.0666,
						"x": -2.63,
						"y": 9.49,
						"curve": [ 0.293, 0.17, 0.637, 0.54 ]
					},
					{ "time": 0.1666, "x": 5.62, "y": 5.01, "curve": "stepped" },
					{
						"time": 2.3666,
						"x": 5.62,
						"y": 5.01,
						"curve": [ 0.333, 0.33, 0.666, 0.66 ]
					},
					{
						"time": 2.5666,
						"x": -7.71,
						"y": 2.51,
						"curve": [ 0.333, 0.33, 0.666, 0.66 ]
					},
					{ "time": 2.7333, "x": 0, "y": 0 }
				],
				"scale": [
					{ "time": 0, "x": 1, "y": 1, "curve": "stepped" },
					{ "time": 0.0666, "x": 1, "y": 1 }
				]
			},
			"R_eyeball": {
				"rotate": [
					{ "time": 0, "angle": 0 }
				],
				"translate": [
					{ "time": 0, "x": 0.01, "y": -1.54 }
				],
				"scale": [
					{ "time": 0, "x": 0.929, "y": 0.929 }
				]
			},
			"root": {
				"rotate": [
					{ "time": 0, "angle": 0, "curve": "stepped" },
					{ "time": 2.9333, "angle": 0 }
				],
				"translate": [
					{ "time": 0, "x": 0, "y": 0, "curve": "stepped" },
					{ "time": 2.9333, "x": 0, "y": 0 }
				],
				"scale": [
					{ "time": 0, "x": 1, "y": 1, "curve": "stepped" },
					{ "time": 2.9333, "x": 1, "y": 1 }
				]
			},
			"L_upper eyelid": {
				"rotate": [
					{ "time": 0, "angle": -5.45 },
					{ "time": 0.1666, "angle": -0.04, "curve": "stepped" },
					{ "time": 2.3666, "angle": -0.04 },
					{ "time": 2.5666, "angle": 1.22 },
					{ "time": 2.7333, "angle": -5.45 }
				],
				"translate": [
					{ "time": 0, "x": 0.97, "y": -1.42 },
					{ "time": 0.1666, "x": -0.25, "y": -1, "curve": "stepped" },
					{ "time": 2.3666, "x": -0.25, "y": -1 },
					{ "time": 2.5666, "x": -0.53, "y": -0.07 },
					{ "time": 2.7333, "x": 0.97, "y": -1.42 }
				],
				"scale": [
					{ "time": 0, "x": 0.954, "y": 0.874, "curve": "stepped" },
					{ "time": 2.3666, "x": 0.954, "y": 0.874 },
					{ "time": 2.5666, "x": 1.061, "y": 1.386 },
					{ "time": 2.7333, "x": 0.954, "y": 0.874 }
				]
			},
			"R_upper eyelid": {
				"rotate": [
					{ "time": 0, "angle": -7.56, "curve": "stepped" },
					{ "time": 2.3666, "angle": -7.56 },
					{ "time": 2.5666, "angle": -3.97 },
					{ "time": 2.7333, "angle": -7.56 }
				],
				"translate": [
					{ "time": 0, "x": 0.61, "y": 0.25 },
					{ "time": 0.1666, "x": 0.43, "y": 0.94, "curve": "stepped" },
					{ "time": 2.3666, "x": 0.43, "y": 0.94 },
					{ "time": 2.5666, "x": 0.15, "y": 0.26 },
					{ "time": 2.7333, "x": 0.61, "y": 0.25 }
				],
				"scale": [
					{ "time": 0, "x": 1, "y": 1 },
					{ "time": 0.1666, "x": 0.907, "y": 0.907, "curve": "stepped" },
					{ "time": 2.3666, "x": 0.907, "y": 0.907 },
					{ "time": 2.5666, "x": 1.132, "y": 1.545 },
					{ "time": 2.7333, "x": 1, "y": 1 }
				]
			},
			"L_cheek": {
				"rotate": [
					{ "time": 0, "angle": 5.3 }
				],
				"translate": [
					{ "time": 0, "x": 0.73, "y": -1.78 },
					{ "time": 0.1666, "x": 1.57, "y": -0.83, "curve": "stepped" },
					{ "time": 2.5666, "x": 1.57, "y": -0.83 },
					{ "time": 2.7333, "x": 0.73, "y": -1.78 }
				],
				"scale": [
					{ "time": 0, "x": 1, "y": 1.178 }
				]
			},
			"R_cheek": {
				"rotate": [
					{ "time": 0, "angle": -9.42 }
				],
				"translate": [
					{ "time": 0, "x": -2.76, "y": -2.37 },
					{ "time": 0.1666, "x": -2.4, "y": 2.5, "curve": "stepped" },
					{ "time": 2.3666, "x": -2.4, "y": 2.5 },
					{ "time": 2.5333, "x": -1.63, "y": 2.18 },
					{ "time": 2.5666, "x": -1.83, "y": 1.65 },
					{ "time": 2.7333, "x": -2.76, "y": -2.37 }
				],
				"scale": [
					{ "time": 0, "x": 1.175, "y": 1.216 },
					{ "time": 0.1666, "x": 1, "y": 1, "curve": "stepped" },
					{ "time": 2.5333, "x": 1, "y": 1 },
					{ "time": 2.7333, "x": 1.175, "y": 1.216 }
				]
			}
		},
		"deform": {
			"default": {
				"hair": {
					"hair": [
						{
							"time": 0,
							"curve": [ 0.898, 0, 0.75, 1 ]
						},
						{
							"time": 0.3333,
							"vertices": [ -1.69618, 3.45488, -0.72072, 1.46812, -0.17932, 0.36534, -0.20161, 0.4107, 6.43389, -2.13999, 5.63671, -0.51611, 0.81948, -1.66902, 9.3154, -0.47705, 5.70914, -0.77387, 0.34231, -0.69717, 5.25804, -3.83853, 1.75547, -2.02139, -0.79489, 1.61914, -0.62027, 1.26349, -1.12038, 2.28212 ],
							"curve": "stepped"
						},
						{
							"time": 0.6666,
							"vertices": [ -1.69618, 3.45488, -0.72072, 1.46812, -0.17932, 0.36534, -0.20161, 0.4107, 6.43389, -2.13999, 5.63671, -0.51611, 0.81948, -1.66902, 9.3154, -0.47705, 5.70914, -0.77387, 0.34231, -0.69717, 5.25804, -3.83853, 1.75547, -2.02139, -0.79489, 1.61914, -0.62027, 1.26349, -1.12038, 2.28212 ],
							"curve": [ 0.25, 0, 0.75, 1 ]
						},
						{
							"time": 0.8333,
							"curve": [ 0.662, 0, 0.75, 1 ]
						},
						{
							"time": 1,
							"vertices": [ -1.69618, 3.45488, -0.72072, 1.46812, -0.17932, 0.36534, -0.20161, 0.4107, 6.43389, -2.13999, 5.63671, -0.51611, 0.81948, -1.66902, 9.3154, -0.47705, 5.70914, -0.77387, 0.34231, -0.69717, 5.25804, -3.83853, 1.75547, -2.02139, -0.79489, 1.61914, -0.62027, 1.26349, -1.12038, 2.28212 ],
							"curve": [ 0.25, 0, 0.75, 1 ]
						},
						{
							"time": 1.1666,
							"curve": [ 0.662, 0, 0.75, 1 ]
						},
						{
							"time": 1.3333,
							"vertices": [ -1.69618, 3.45488, -0.72072, 1.46812, -0.17932, 0.36534, -0.20161, 0.4107, 6.43389, -2.13999, 5.63671, -0.51611, 0.81948, -1.66902, 9.3154, -0.47705, 5.70914, -0.77387, 0.34231, -0.69717, 5.25804, -3.83853, 1.75547, -2.02139, -0.79489, 1.61914, -0.62027, 1.26349, -1.12038, 2.28212 ],
							"curve": [ 0.25, 0, 0.75, 1 ]
						},
						{
							"time": 1.5,
							"curve": [ 0.662, 0, 0.75, 1 ]
						},
						{
							"time": 1.6666,
							"vertices": [ -1.69618, 3.45488, -0.72072, 1.46812, -0.17932, 0.36534, -0.20161, 0.4107, 6.43389, -2.13999, 5.63671, -0.51611, 0.81948, -1.66902, 9.3154, -0.47705, 5.70914, -0.77387, 0.34231, -0.69717, 5.25804, -3.83853, 1.75547, -2.02139, -0.79489, 1.61914, -0.62027, 1.26349, -1.12038, 2.28212 ],
							"curve": [ 0.25, 0, 0.75, 1 ]
						},
						{
							"time": 1.8333,
							"curve": [ 0.662, 0, 0.75, 1 ]
						},
						{
							"time": 2,
							"vertices": [ -1.69618, 3.45488, -0.72072, 1.46812, -0.17932, 0.36534, -0.20161, 0.4107, 6.43389, -2.13999, 5.63671, -0.51611, 0.81948, -1.66902, 9.3154, -0.47705, 5.70914, -0.77387, 0.34231, -0.69717, 5.25804, -3.83853, 1.75547, -2.02139, -0.79489, 1.61914, -0.62027, 1.26349, -1.12038, 2.28212 ],
							"curve": [ 0.25, 0, 0.75, 1 ]
						},
						{ "time": 2.2, "curve": "stepped" },
						{
							"time": 2.5666,
							"curve": [ 0.662, 0, 0.75, 1 ]
						},
						{
							"time": 2.8,
							"offset": 8,
							"vertices": [ 12.44884, 2.75762, 12.5959, 0.99357, 8.44342, 0.72352, 14.868, -1.47388, 13.90129, -4.63841, 6.11975, -1.20513, 18.11724, -8.06917, 15.15942, -9.01336, 4.16111, -3.74655, 10.91795, -11.45114, 7.40944, -13.67806 ],
							"curve": [ 0.25, 0, 0.75, 1 ]
						},
						{ "time": 2.9333 }
					]
				},
				"lip_base": {
					"lip_base": [
						{
							"time": 0,
							"vertices": [ 1.5, 10.74999, 1.5, 10.74999 ]
						},
						{
							"time": 0.1666,
							"vertices": [ -4.92949, 0.51045, -4.92949, 0.51045, -1.05786, 0, -0.16037, 2.62789 ]
						},
						{
							"time": 0.3333,
							"vertices": [ -8.10075, -12.62643, -6.39169, -3.95593, -1.05786, 0, -0.16037, 2.62789 ]
						},
						{
							"time": 0.5,
							"vertices": [ -4.92949, 0.51045, -4.92949, 0.51045, -1.05786, 0, -0.16037, 2.62789 ]
						},
						{
							"time": 0.6666,
							"vertices": [ -6.39169, -3.95593, -6.39169, -3.95593, -1.05786, 0, -0.16037, 2.62789 ]
						},
						{
							"time": 0.8333,
							"vertices": [ -4.92949, 0.51045, -4.92949, 0.51045, -1.05786, 0, -0.16037, 2.62789 ]
						},
						{
							"time": 1,
							"vertices": [ -6.39169, -3.95593, -6.39169, -3.95593, -1.05786, 0, -0.16037, 2.62789 ]
						},
						{
							"time": 1.1666,
							"vertices": [ -4.92949, 0.51045, -4.92949, 0.51045, -1.05786, 0, -0.16037, 2.62789 ]
						},
						{
							"time": 1.3333,
							"vertices": [ -6.39169, -3.95593, -6.39169, -3.95593, -1.05786, 0, -0.16037, 2.62789 ]
						},
						{
							"time": 1.5,
							"vertices": [ -4.92949, 0.51045, -4.92949, 0.51045, -1.05786, 0, -0.16037, 2.62789 ]
						},
						{
							"time": 1.6666,
							"vertices": [ -6.39169, -3.95593, -6.39169, -3.95593, -1.05786, 0, -0.16037, 2.62789 ]
						},
						{
							"time": 1.8333,
							"vertices": [ -4.92949, 0.51045, -4.92949, 0.51045, -1.05786, 0, -0.16037, 2.62789 ]
						},
						{
							"time": 2,
							"vertices": [ -6.39169, -3.95593, -6.39169, -3.95593, -1.05786, 0, -0.16037, 2.62789 ]
						},
						{
							"time": 2.2,
							"vertices": [ -4.92949, 0.51045, -4.92949, 0.51045, -1.05786, 0, -0.16037, 2.62789 ],
							"curve": "stepped"
						},
						{
							"time": 2.3666,
							"vertices": [ -4.92949, 0.51045, -4.92949, 0.51045, -1.05786, 0, -0.16037, 2.62789 ]
						},
						{
							"time": 2.5,
							"vertices": [ 1.51, 11.174, 1.51, 11.174 ]
						}
					]
				},
				"tail": {
					"tail": [
						{ "time": 0, "curve": "stepped" },
						{ "time": 2.5666 },
						{
							"time": 2.8,
							"vertices": [ -0.98308, 2.29412, 0, 0, -8.58035, -4.46287, 0.72255, -2.1677, 6.07267, -4.45931, 0.7815, -0.37894, 8.36069, -11.32376, 2.72794, -5.56327, -0.38093, 0.48764, 3.7307, -7.26116, 1.16494, -4.80533 ]
						},
						{ "time": 2.9333 }
					]
				}
			}
		},
		"drawOrder": [
			{ "time": 0 }
		]
	},
	"run2": {
		"slots": {
			"L_brow": {
				"attachment": [
					{ "time": 0, "name": null }
				]
			},
			"L_brow1": {
				"attachment": [
					{ "time": 0, "name": null }
				]
			},
			"L_brow2": {
				"attachment": [
					{ "time": 0, "name": null }
				]
			},
			"L_brow3": {
				"attachment": [
					{ "time": 0, "name": "L_brow3" }
				]
			},
			"L_cheek": {
				"attachment": [
					{ "time": 0, "name": "L_cheek" }
				]
			},
			"L_eye": {
				"attachment": [
					{ "time": 0, "name": "L_eye" }
				]
			},
			"L_eye2": {
				"attachment": [
					{ "time": 0, "name": null }
				]
			},
			"L_eyeball": {
				"attachment": [
					{ "time": 0, "name": "eyeball" }
				]
			},
			"L_upper eyelid": {
				"attachment": [
					{ "time": 0, "name": "L_upper eyelid" }
				]
			},
			"R_brow": {
				"attachment": [
					{ "time": 0, "name": null }
				]
			},
			"R_brow1": {
				"attachment": [
					{ "time": 0, "name": null }
				]
			},
			"R_brow2": {
				"attachment": [
					{ "time": 0, "name": null }
				]
			},
			"R_brow3": {
				"attachment": [
					{ "time": 0, "name": "R_brow3" }
				]
			},
			"R_cheek1": {
				"attachment": [
					{ "time": 0, "name": "R_cheek1" }
				]
			},
			"R_eye": {
				"attachment": [
					{ "time": 0, "name": "R_eye" }
				]
			},
			"R_eye2": {
				"attachment": [
					{ "time": 0, "name": null }
				]
			},
			"R_eyeball": {
				"attachment": [
					{ "time": 0, "name": "eyeball" }
				]
			},
			"R_upper eyelid": {
				"attachment": [
					{ "time": 0, "name": "R_upper eyelid" }
				]
			},
			"body": {
				"attachment": [
					{ "time": 0, "name": "y_body" },
					{ "time": 2.3333, "name": "y_body" }
				]
			},
			"flews": {
				"attachment": [
					{ "time": 0, "name": null }
				]
			},
			"flews02": {
				"attachment": [
					{ "time": 0, "name": "flews02" }
				]
			},
			"hair": {
				"attachment": [
					{ "time": 0, "name": "hair" }
				]
			},
			"lip_base": {
				"attachment": [
					{ "time": 0, "name": null }
				]
			},
			"tail": {
				"attachment": [
					{ "time": 0, "name": "tail" }
				]
			},
			"upper_lip": {
				"attachment": [
					{ "time": 0, "name": "upper_lip" }
				]
			},
			"ycs": {
				"attachment": [
					{ "time": 0, "name": null }
				]
			},
			"ycx": {
				"attachment": [
					{ "time": 0, "name": null }
				]
			}
		},
		"bones": {
			"flews": {
				"rotate": [
					{ "time": 0, "angle": 17.05, "curve": "stepped" },
					{
						"time": 0.5,
						"angle": 17.05,
						"curve": [ 0.293, 0, 0.56, 0.62 ]
					},
					{
						"time": 0.6666,
						"angle": 18.44,
						"curve": [ 0.333, 0.23, 0.666, 0.56 ]
					},
					{ "time": 0.8333, "angle": 15.89, "curve": "stepped" },
					{
						"time": 1.6666,
						"angle": 15.89,
						"curve": [ 0.322, 0.33, 0.654, 0.66 ]
					},
					{
						"time": 1.8666,
						"angle": 19.23,
						"curve": [ 0.32, 0.33, 0.653, 0.67 ]
					},
					{
						"time": 2.0666,
						"angle": 15.89,
						"curve": [ 0.315, 0.35, 0.647, 0.69 ]
					},
					{ "time": 2.3333, "angle": 17.05 }
				],
				"translate": [
					{ "time": 0, "x": -1.38, "y": 0.7 }
				],
				"scale": [
					{ "time": 0, "x": 1, "y": 1 }
				]
			},
			"mouth": {
				"rotate": [
					{ "time": 0, "angle": 0 }
				],
				"translate": [
					{ "time": 0, "x": 0, "y": 0, "curve": "stepped" },
					{
						"time": 0.5,
						"x": 0,
						"y": 0,
						"curve": [ 0.287, 0, 0.571, 0.62 ]
					},
					{ "time": 0.7, "x": 17.19, "y": 0, "curve": "stepped" },
					{
						"time": 1.6666,
						"x": 17.19,
						"y": 0,
						"curve": [ 0.25, 0, 0.75, 1 ]
					},
					{
						"time": 1.8666,
						"x": 16.75,
						"y": -1.49,
						"curve": [ 0.25, 0, 0.75, 1 ]
					},
					{ "time": 2.0666, "x": 0, "y": 0 }
				],
				"scale": [
					{ "time": 0, "x": 1, "y": 1, "curve": "stepped" },
					{ "time": 0.5, "x": 1, "y": 1 },
					{ "time": 0.7, "x": 0.891, "y": 1, "curve": "stepped" },
					{
						"time": 1.8666,
						"x": 0.891,
						"y": 1,
						"curve": [ 0.25, 0, 0.75, 1 ]
					},
					{ "time": 2.0666, "x": 1, "y": 1 }
				]
			},
			"upper_lip": {
				"rotate": [
					{ "time": 0, "angle": 0 }
				],
				"translate": [
					{ "time": 0, "x": 0, "y": 0 }
				],
				"scale": [
					{ "time": 0, "x": 1, "y": 1 }
				]
			},
			"R_eye": {
				"rotate": [
					{ "time": 0, "angle": 0 }
				],
				"translate": [
					{ "time": 0, "x": 0, "y": 0, "curve": "stepped" },
					{
						"time": 0.5,
						"x": 0,
						"y": 0,
						"curve": [ 0.25, 0, 0.496, 1 ]
					},
					{ "time": 0.7, "x": 7.57, "y": 0, "curve": "stepped" },
					{
						"time": 1.8666,
						"x": 7.57,
						"y": 0,
						"curve": [ 0.25, 0, 0.75, 1 ]
					},
					{ "time": 2.0666, "x": 0, "y": 0 }
				],
				"scale": [
					{ "time": 0, "x": 1, "y": 1, "curve": "stepped" },
					{ "time": 0.5, "x": 1, "y": 1 },
					{ "time": 0.7, "x": 0.765, "y": 1, "curve": "stepped" },
					{
						"time": 1.8666,
						"x": 0.765,
						"y": 1,
						"curve": [ 0.25, 0, 0.75, 1 ]
					},
					{ "time": 2.0666, "x": 1, "y": 1 }
				]
			},
			"L_eye": {
				"rotate": [
					{ "time": 0, "angle": 0 }
				],
				"translate": [
					{ "time": 0, "x": 0, "y": 0, "curve": "stepped" },
					{
						"time": 0.5,
						"x": 0,
						"y": 0,
						"curve": [ 0.25, 0, 0.496, 1 ]
					},
					{ "time": 0.7, "x": 11.37, "y": 0, "curve": "stepped" },
					{
						"time": 1.8666,
						"x": 11.37,
						"y": 0,
						"curve": [ 0.25, 0, 0.75, 1 ]
					},
					{ "time": 2.0666, "x": 0, "y": 0 }
				],
				"scale": [
					{ "time": 0, "x": 1, "y": 1 }
				]
			},
			"hair": {
				"rotate": [
					{ "time": 0, "angle": 0, "curve": "stepped" },
					{
						"time": 0.5,
						"angle": 0,
						"curve": [ 0.898, 0, 0.75, 1 ]
					},
					{
						"time": 0.7333,
						"angle": 24.04,
						"curve": [ 0.658, 0, 0.75, 1 ]
					},
					{
						"time": 0.9,
						"angle": -3.83,
						"curve": [ 0.25, 0, 0.75, 1 ]
					},
					{ "time": 1.0333, "angle": 0, "curve": "stepped" },
					{
						"time": 1.6666,
						"angle": 0,
						"curve": [ 0.25, 0, 0.75, 1 ]
					},
					{
						"time": 1.8666,
						"angle": 22.59,
						"curve": [ 0.25, 0, 0.75, 1 ]
					},
					{
						"time": 1.9666,
						"angle": -0.87,
						"curve": [ 0.662, 0.03, 0.75, 1 ]
					},
					{
						"time": 2.1666,
						"angle": 3.19,
						"curve": [ 0.25, 0, 0.75, 1 ]
					},
					{ "time": 2.3333, "angle": 0 }
				],
				"translate": [
					{ "time": 0, "x": 0, "y": 0, "curve": "stepped" },
					{
						"time": 0.5,
						"x": 0,
						"y": 0,
						"curve": [ 0.25, 0, 0.496, 1 ]
					},
					{ "time": 0.8333, "x": -1.65, "y": 0, "curve": "stepped" },
					{ "time": 1.6666, "x": -1.65, "y": 0, "curve": "stepped" },
					{
						"time": 1.8666,
						"x": -1.65,
						"y": 0,
						"curve": [ 0.25, 0, 0.75, 1 ]
					},
					{ "time": 2.0666, "x": 0, "y": 0 }
				],
				"scale": [
					{ "time": 0, "x": 1, "y": 1 }
				]
			},
			"bird_root": {
				"rotate": [
					{ "time": 0, "angle": 0 }
				],
				"translate": [
					{ "time": 0, "x": 0, "y": 0 }
				],
				"scale": [
					{ "time": 0, "x": 1, "y": 1 }
				]
			},
			"body": {
				"rotate": [
					{ "time": 0, "angle": 0 }
				],
				"translate": [
					{ "time": 0, "x": 0, "y": 0, "curve": "stepped" },
					{
						"time": 0.5,
						"x": 0,
						"y": 0,
						"curve": [ 0.307, 0, 0.64, 0.4 ]
					},
					{
						"time": 0.6666,
						"x": 0,
						"y": -0.52,
						"curve": [ 0.58, 0, 0.75, 1 ]
					},
					{ "time": 0.8333, "x": 0, "y": 0.45, "curve": "stepped" },
					{
						"time": 1.8666,
						"x": 0,
						"y": 0.45,
						"curve": [ 0.25, 0, 0.75, 1 ]
					},
					{
						"time": 2.0666,
						"x": 0,
						"y": 0.19,
						"curve": [ 0.25, 0, 0.75, 1 ]
					},
					{ "time": 2.2333, "x": 0, "y": 0 }
				],
				"scale": [
					{ "time": 0, "x": 1, "y": 1, "curve": "stepped" },
					{
						"time": 0.5,
						"x": 1,
						"y": 1,
						"curve": [ 0.25, 0, 0.75, 1 ]
					},
					{
						"time": 0.6666,
						"x": 1.108,
						"y": 0.87,
						"curve": [ 0.58, 0, 0.75, 1 ]
					},
					{ "time": 0.8333, "x": 0.95, "y": 1.053, "curve": "stepped" },
					{
						"time": 1.6666,
						"x": 0.95,
						"y": 1.053,
						"curve": [ 0.25, 0, 0.75, 1 ]
					},
					{
						"time": 1.8666,
						"x": 1.108,
						"y": 0.87,
						"curve": [ 0.58, 0, 0.75, 1 ]
					},
					{
						"time": 2.0666,
						"x": 0.967,
						"y": 1.03,
						"curve": [ 0.25, 0, 0.75, 1 ]
					},
					{ "time": 2.3333, "x": 1, "y": 1 }
				]
			},
			"tail": {
				"rotate": [
					{ "time": 0, "angle": 0, "curve": "stepped" },
					{
						"time": 0.5,
						"angle": 0,
						"curve": [ 0.898, 0, 0.75, 1 ]
					},
					{
						"time": 0.7333,
						"angle": 37.5,
						"curve": [ 0.658, 0, 0.75, 1 ]
					},
					{
						"time": 0.9,
						"angle": -17.61,
						"curve": [ 0.25, 0, 0.75, 1 ]
					},
					{ "time": 1.0333, "angle": 0, "curve": "stepped" },
					{
						"time": 1.6666,
						"angle": 0,
						"curve": [ 0.25, 0, 0.75, 1 ]
					},
					{
						"time": 1.8666,
						"angle": 19.38,
						"curve": [ 0.25, 0, 0.75, 1 ]
					},
					{
						"time": 1.9666,
						"angle": 27.47,
						"curve": [ 0.662, 0.03, 0.75, 1 ]
					},
					{
						"time": 2.1666,
						"angle": -4.08,
						"curve": [ 0.25, 0, 0.75, 1 ]
					},
					{ "time": 2.3333, "angle": 0 }
				],
				"translate": [
					{ "time": 0, "x": 0, "y": 0, "curve": "stepped" },
					{
						"time": 0.5,
						"x": 0,
						"y": 0,
						"curve": [ 0.25, 0, 0.496, 1 ]
					},
					{ "time": 0.8333, "x": -4.36, "y": 0, "curve": "stepped" },
					{
						"time": 1.8666,
						"x": -4.36,
						"y": 0,
						"curve": [ 0.25, 0, 0.75, 1 ]
					},
					{ "time": 2.0666, "x": 0, "y": 0 }
				],
				"scale": [
					{ "time": 0, "x": 1, "y": 1 }
				]
			},
			"L_brow": {
				"rotate": [
					{ "time": 0, "angle": 0, "curve": "stepped" },
					{ "time": 0.5, "angle": 0 },
					{ "time": 0.6666, "angle": -7.13 },
					{ "time": 0.8333, "angle": -0.59, "curve": "stepped" },
					{
						"time": 1.8666,
						"angle": -0.59,
						"curve": [ 0.25, 0, 0.75, 1 ]
					},
					{ "time": 2.0666, "angle": 0 }
				],
				"translate": [
					{ "time": 0, "x": 0, "y": 0, "curve": "stepped" },
					{
						"time": 0.5,
						"x": 0,
						"y": 0,
						"curve": [ 0.305, 0, 0.641, 0.35 ]
					},
					{ "time": 0.6666, "x": 2.16, "y": 0.47, "curve": "stepped" },
					{
						"time": 1.8666,
						"x": 2.16,
						"y": 0.47,
						"curve": [ 0.25, 0, 0.75, 1 ]
					},
					{ "time": 2.0666, "x": 0, "y": 0 }
				],
				"scale": [
					{ "time": 0, "x": 1, "y": 1 }
				]
			},
			"L_eyeball": {
				"rotate": [
					{ "time": 0, "angle": 0 }
				],
				"translate": [
					{ "time": 0, "x": 0.08, "y": -0.47, "curve": "stepped" },
					{ "time": 0.5, "x": 0.08, "y": -0.47 },
					{
						"time": 0.6666,
						"x": 0,
						"y": 0,
						"curve": [ 0.25, 0, 0.75, 1 ]
					},
					{ "time": 0.8333, "x": 7.68, "y": -2.04, "curve": "stepped" },
					{ "time": 1.8666, "x": 7.68, "y": -2.04 },
					{ "time": 2.0666, "x": 0.08, "y": -0.47 }
				],
				"scale": [
					{ "time": 0, "x": 0.95, "y": 0.95 }
				]
			},
			"R_brow": {
				"rotate": [
					{ "time": 0, "angle": 0, "curve": "stepped" },
					{ "time": 0.5, "angle": 0 },
					{ "time": 0.6666, "angle": 5.03 },
					{ "time": 0.8333, "angle": -3.59, "curve": "stepped" },
					{
						"time": 1.8666,
						"angle": -3.59,
						"curve": [ 0.25, 0, 0.75, 1 ]
					},
					{ "time": 2.0666, "angle": 0 }
				],
				"translate": [
					{ "time": 0, "x": 0, "y": 0, "curve": "stepped" },
					{
						"time": 0.5,
						"x": 0,
						"y": 0,
						"curve": [ 0.305, 0, 0.641, 0.35 ]
					},
					{ "time": 0.6666, "x": -2.63, "y": 0, "curve": "stepped" },
					{
						"time": 1.8666,
						"x": -2.63,
						"y": 0,
						"curve": [ 0.25, 0, 0.75, 1 ]
					},
					{ "time": 2.0666, "x": 0, "y": 0 }
				],
				"scale": [
					{ "time": 0, "x": 1, "y": 1 }
				]
			},
			"R_eyeball": {
				"rotate": [
					{ "time": 0, "angle": 0 }
				],
				"translate": [
					{ "time": 0, "x": 0.01, "y": -1.54, "curve": "stepped" },
					{
						"time": 0.5,
						"x": 0.01,
						"y": -1.54,
						"curve": [ 0.257, 0, 0.618, 0.45 ]
					},
					{
						"time": 0.6666,
						"x": 1.2,
						"y": -1.85,
						"curve": [ 0.25, 0, 0.75, 1 ]
					},
					{ "time": 0.8333, "x": 7.34, "y": 0.51, "curve": "stepped" },
					{ "time": 1.8666, "x": 7.34, "y": 0.51 },
					{ "time": 2.0666, "x": 0.01, "y": -1.54 }
				],
				"scale": [
					{ "time": 0, "x": 0.929, "y": 0.929 }
				]
			},
			"root": {
				"rotate": [
					{ "time": 0, "angle": 0, "curve": "stepped" },
					{ "time": 2.3333, "angle": 0 }
				],
				"translate": [
					{ "time": 0, "x": 0, "y": 0, "curve": "stepped" },
					{ "time": 2.3333, "x": 0, "y": 0 }
				],
				"scale": [
					{ "time": 0, "x": 1, "y": 1, "curve": "stepped" },
					{ "time": 2.3333, "x": 1, "y": 1 }
				]
			},
			"L_upper eyelid": {
				"rotate": [
					{ "time": 0, "angle": -5.45, "curve": "stepped" },
					{ "time": 0.5, "angle": -5.45 },
					{ "time": 0.6666, "angle": 0.54 },
					{ "time": 0.8333, "angle": 0, "curve": "stepped" },
					{
						"time": 1.6666,
						"angle": 0,
						"curve": [ 0.25, 0, 0.75, 1 ]
					},
					{ "time": 1.8666, "angle": 0.54 },
					{ "time": 2.0666, "angle": -5.45 }
				],
				"translate": [
					{ "time": 0, "x": 0.97, "y": -1.42, "curve": "stepped" },
					{ "time": 0.5, "x": 0.97, "y": -1.42 },
					{ "time": 0.6666, "x": -0.34, "y": 1.02 },
					{ "time": 0.8333, "x": 0, "y": -0.59, "curve": "stepped" },
					{ "time": 1.6666, "x": 0, "y": -0.59 },
					{ "time": 1.8666, "x": -0.34, "y": 1.02 },
					{ "time": 2.0666, "x": 0.97, "y": -1.42 }
				],
				"scale": [
					{ "time": 0, "x": 0.954, "y": 0.874, "curve": "stepped" },
					{ "time": 0.5, "x": 0.954, "y": 0.874 },
					{ "time": 0.6666, "x": 1.117, "y": 1.618 },
					{ "time": 0.8333, "x": 0.963, "y": 0.868, "curve": "stepped" },
					{ "time": 1.6666, "x": 0.963, "y": 0.868 },
					{ "time": 1.8666, "x": 1.117, "y": 1.618 },
					{ "time": 2.0666, "x": 0.954, "y": 0.874 }
				]
			},
			"R_upper eyelid": {
				"rotate": [
					{ "time": 0, "angle": -7.56, "curve": "stepped" },
					{ "time": 0.5, "angle": -7.56 },
					{ "time": 0.6666, "angle": -9.35, "curve": "stepped" },
					{ "time": 1.8666, "angle": -9.35 },
					{ "time": 2.0666, "angle": -7.56 }
				],
				"translate": [
					{ "time": 0, "x": 0.61, "y": 0.25, "curve": "stepped" },
					{ "time": 0.5, "x": 0.61, "y": 0.25 },
					{ "time": 0.6666, "x": 1.99, "y": -0.83 },
					{ "time": 0.8333, "x": 0.62, "y": 0.93, "curve": "stepped" },
					{ "time": 1.6666, "x": 0.62, "y": 0.93 },
					{ "time": 1.8666, "x": 1.99, "y": -0.83 },
					{ "time": 2.0666, "x": 0.61, "y": 0.25 }
				],
				"scale": [
					{ "time": 0, "x": 1, "y": 1, "curve": "stepped" },
					{ "time": 0.5, "x": 1, "y": 1 },
					{ "time": 0.6666, "x": 1.17, "y": 1.695 },
					{ "time": 0.8333, "x": 0.873, "y": 0.873, "curve": "stepped" },
					{ "time": 1.6666, "x": 0.873, "y": 0.873 },
					{ "time": 1.8666, "x": 1.17, "y": 1.695 },
					{ "time": 2.0666, "x": 1, "y": 1 }
				]
			},
			"L_cheek": {
				"rotate": [
					{ "time": 0, "angle": 5.3, "curve": "stepped" },
					{ "time": 0.5, "angle": 5.3 },
					{ "time": 0.6666, "angle": 2.65 },
					{ "time": 0.8333, "angle": 0, "curve": "stepped" },
					{ "time": 1.6666, "angle": 0 },
					{ "time": 2.0333, "angle": 5.3 }
				],
				"translate": [
					{ "time": 0, "x": 0.73, "y": -1.78, "curve": "stepped" },
					{ "time": 0.5, "x": 0.73, "y": -1.78 },
					{ "time": 0.6666, "x": 0.62, "y": -2.5 },
					{ "time": 0.8333, "x": 0.1, "y": -0.71, "curve": "stepped" },
					{ "time": 1.6666, "x": 0.1, "y": -0.71 },
					{ "time": 2.0333, "x": 0.73, "y": -1.78 }
				],
				"scale": [
					{ "time": 0, "x": 1, "y": 1.178, "curve": "stepped" },
					{ "time": 0.5, "x": 1, "y": 1.178, "curve": "stepped" },
					{ "time": 0.6666, "x": 1, "y": 1.178 },
					{ "time": 0.8333, "x": 1, "y": 1.057, "curve": "stepped" },
					{ "time": 1.6666, "x": 1, "y": 1.057 },
					{ "time": 2.0333, "x": 1, "y": 1.178 }
				]
			},
			"R_cheek": {
				"rotate": [
					{ "time": 0, "angle": -9.42, "curve": "stepped" },
					{ "time": 0.5, "angle": -9.42 },
					{ "time": 0.6666, "angle": -19.85, "curve": "stepped" },
					{ "time": 1.6666, "angle": -19.85 },
					{ "time": 2.0333, "angle": -9.42 }
				],
				"translate": [
					{ "time": 0, "x": -3.47, "y": -2.61, "curve": "stepped" },
					{ "time": 0.5, "x": -3.47, "y": -2.61 },
					{ "time": 0.6666, "x": -3.34, "y": -1.42 },
					{ "time": 0.8333, "x": -5.27, "y": -1.64, "curve": "stepped" },
					{ "time": 1.6666, "x": -5.27, "y": -1.64 },
					{ "time": 1.8666, "x": -3.01, "y": -1.96 },
					{ "time": 2.0333, "x": -3.47, "y": -2.61 }
				],
				"scale": [
					{ "time": 0, "x": 1.175, "y": 1.216, "curve": "stepped" },
					{ "time": 0.5, "x": 1.175, "y": 1.216 },
					{ "time": 0.6666, "x": 1, "y": 1.115, "curve": "stepped" },
					{ "time": 1.6666, "x": 1, "y": 1.115 },
					{ "time": 2.0333, "x": 1.175, "y": 1.216 }
				]
			}
		},
		"deform": {
			"default": {
				"hair": {
					"hair": [
						{ "time": 0, "curve": "stepped" },
						{
							"time": 0.5,
							"curve": [ 0.898, 0, 0.75, 1 ]
						},
						{
							"time": 0.7333,
							"vertices": [ -0.85793, 5.68901, 0, 0, 0, 0, 0, 0, 0, 0, 0, 0, 0, 0, -3.98899, -0.16845, -3.98899, -0.16845, 0, 0, -2.64595, 0.20609, -5.45514, 1.15961, -2.52429, 0.99521, -4.60088, 2.11528, -3.42013, 1.57611 ],
							"curve": [ 0.658, 0, 0.75, 1 ]
						},
						{
							"time": 0.9,
							"offset": 8,
							"vertices": [ 12.44884, 2.75762, 12.5959, 0.99357, 8.44342, 0.72352, 21.27444, 0.96367, 15.80749, -4.35129, 8.13275, -3.25811, 19.93388, -9.55991, 15.21948, -8.04481, 4.16111, -3.74655, 10.91795, -11.45114, 8.23548, -11.23037 ],
							"curve": [ 0.25, 0, 0.75, 1 ]
						},
						{ "time": 1.0333, "curve": "stepped" },
						{
							"time": 1.6666,
							"curve": [ 0.25, 0, 0.75, 1 ]
						},
						{
							"time": 1.9666,
							"vertices": [ -0.85793, 5.68901, 0, 0, 0, 0, 0, 0, 0, 0, 0, 0, 0, 0, -3.98899, -0.16845, -3.98899, -0.16845, 0, 0, -2.64595, 0.20609, -1.88125, 1.58385, -2.52429, 0.99521, -3.40127, -0.5649, -3.45412, 1.88568 ],
							"curve": [ 0.662, 0.03, 0.75, 1 ]
						},
						{
							"time": 2.1666,
							"offset": 8,
							"vertices": [ 12.44884, 2.75762, 12.5959, 0.99357, 8.44342, 0.72352, 14.868, -1.47388, 13.90129, -4.63841, 6.11975, -1.20513, 18.11724, -8.06917, 15.15942, -9.01336, 4.16111, -3.74655, 10.91795, -11.45114, 7.40944, -13.67806 ],
							"curve": [ 0.25, 0, 0.75, 1 ]
						},
						{ "time": 2.3333 }
					]
				},
				"lip_base": {
					"lip_base": [
						{
							"time": 0,
							"vertices": [ 1.51, 11.174, 1.51, 11.174 ],
							"curve": "stepped"
						},
						{
							"time": 0.5,
							"vertices": [ 1.51, 11.174, 1.51, 11.174 ]
						},
						{
							"time": 0.7,
							"vertices": [ -5.83842, -3.06055, -4.00407, -1.66627, -0.67259, -0.23857 ]
						},
						{
							"time": 0.8333,
							"vertices": [ -1.07222, 4.9878, -1.07222, 4.9878, -1.05786 ],
							"curve": "stepped"
						},
						{
							"time": 1.6666,
							"vertices": [ -1.07222, 4.9878, -1.07222, 4.9878, -1.05786 ]
						},
						{
							"time": 1.8666,
							"vertices": [ -9.08119, -4.55337, -4.35506, -2.89517, -0.4705, -0.25866 ],
							"curve": [ 0.25, 0, 0.75, 1 ]
						},
						{ "time": 2.0666 },
						{
							"time": 2.3333,
							"vertices": [ 1.51, 11.174, 1.51, 11.174 ]
						}
					]
				},
				"tail": {
					"tail": [
						{ "time": 0, "curve": "stepped" },
						{ "time": 0.7333 },
						{
							"time": 0.9,
							"vertices": [ -0.98308, 2.29412, 0, 0, -8.58035, -4.46287, 0.72255, -2.1677, 6.07267, -4.45931, 0.7815, -0.37894, 8.36069, -11.32376, 2.72794, -5.56327, -0.38093, 0.48764, 3.7307, -7.26116, 1.16494, -4.80533 ]
						},
						{
							"time": 1.0333,
							"offset": 4,
							"vertices": [ -7.15002, -2.89114 ]
						},
						{ "time": 1.6666, "curve": "stepped" },
						{ "time": 1.9 },
						{
							"time": 2.1666,
							"vertices": [ -0.98308, 2.29412, 0, 0, -8.58035, -4.46287, 0.72255, -2.1677, 6.07267, -4.45931, 0.7815, -0.37894, 8.36069, -11.32376, 2.72794, -5.56327, -0.38093, 0.48764, 3.7307, -7.26116, 1.16494, -4.80533 ]
						},
						{ "time": 2.3333 }
					]
				}
			}
		},
		"drawOrder": [
			{ "time": 0 }
		]
	},
	"staybomb": {
		"slots": {
			"L_brow": {
				"attachment": [
					{ "time": 0, "name": null },
					{ "time": 0.4, "name": "L_brow" }
				]
			},
			"L_brow1": {
				"attachment": [
					{ "time": 0, "name": null },
					{ "time": 0.0333, "name": "L_brow1" },
					{ "time": 0.4, "name": null }
				]
			},
			"L_brow2": {
				"attachment": [
					{ "time": 0, "name": null }
				]
			},
			"L_brow3": {
				"attachment": [
					{ "time": 0, "name": "L_brow3" },
					{ "time": 0.0333, "name": null }
				]
			},
			"L_cheek": {
				"attachment": [
					{ "time": 0, "name": "L_cheek" },
					{ "time": 0.0333, "name": null },
					{ "time": 0.2666, "name": "L_cheek" }
				]
			},
			"L_eye": {
				"attachment": [
					{ "time": 0, "name": "L_eye" }
				]
			},
			"L_eye2": {
				"attachment": [
					{ "time": 0, "name": null }
				]
			},
			"L_eyeball": {
				"attachment": [
					{ "time": 0, "name": "eyeball" }
				]
			},
			"L_upper eyelid": {
				"attachment": [
					{ "time": 0, "name": "L_upper eyelid" },
					{ "time": 0.0333, "name": null }
				]
			},
			"R_brow": {
				"attachment": [
					{ "time": 0, "name": null },
					{ "time": 0.4, "name": "R_brow" }
				]
			},
			"R_brow1": {
				"attachment": [
					{ "time": 0, "name": null },
					{ "time": 0.0333, "name": "R_brow1" },
					{ "time": 0.4, "name": null }
				]
			},
			"R_brow2": {
				"attachment": [
					{ "time": 0, "name": null }
				]
			},
			"R_brow3": {
				"attachment": [
					{ "time": 0, "name": "R_brow3" },
					{ "time": 0.0333, "name": null }
				]
			},
			"R_cheek1": {
				"attachment": [
					{ "time": 0, "name": "R_cheek1" },
					{ "time": 0.0333, "name": null },
					{ "time": 0.2666, "name": "R_cheek1" },
					{ "time": 0.4333, "name": "R_cheek1" }
				]
			},
			"R_eye": {
				"attachment": [
					{ "time": 0, "name": "R_eye" }
				]
			},
			"R_eye2": {
				"attachment": [
					{ "time": 0, "name": null }
				]
			},
			"R_eyeball": {
				"attachment": [
					{ "time": 0, "name": "eyeball" },
					{ "time": 0.0333, "name": "eyeball" }
				]
			},
			"R_upper eyelid": {
				"attachment": [
					{ "time": 0, "name": "R_upper eyelid" },
					{ "time": 0.0333, "name": null }
				]
			},
			"body": {
				"attachment": [
					{ "time": 0, "name": "y_body" }
				]
			},
			"flews": {
				"attachment": [
					{ "time": 0, "name": null },
					{ "time": 0.1, "name": "flews" }
				]
			},
			"flews02": {
				"attachment": [
					{ "time": 0, "name": "flews02" },
					{ "time": 0.1, "name": null }
				]
			},
			"hair": {
				"attachment": [
					{ "time": 0, "name": "hair" }
				]
			},
			"lip_base": {
				"attachment": [
					{ "time": 0, "name": "lip_base" }
				]
			},
			"tail": {
				"attachment": [
					{ "time": 0, "name": "tail" }
				]
			},
			"upper_lip": {
				"attachment": [
					{ "time": 0, "name": "upper_lip" }
				]
			},
			"ycs": {
				"attachment": [
					{ "time": 0, "name": null }
				]
			},
			"ycx": {
				"attachment": [
					{ "time": 0, "name": null }
				]
			}
		},
		"bones": {
			"flews": {
				"rotate": [
					{ "time": 0, "angle": 17.05, "curve": "stepped" },
					{
						"time": 0.0333,
						"angle": 17.05,
						"curve": [ 0.307, 0, 0.593, 0.54 ]
					},
					{ "time": 0.1, "angle": 1.86 },
					{ "time": 0.2333, "angle": 20.28 },
					{ "time": 0.2666, "angle": -0.35 },
					{ "time": 0.3333, "angle": -0.59 },
					{ "time": 0.4333, "angle": 22.59 }
				],
				"translate": [
					{
						"time": 0,
						"x": -1.38,
						"y": 0.7,
						"curve": [ 0.097, 0.73, 0.556, 0.94 ]
					},
					{
						"time": 0.2333,
						"x": 0.92,
						"y": 1.51,
						"curve": [ 0.339, 0.57, 0.676, 0.85 ]
					},
					{
						"time": 0.2666,
						"x": 0.39,
						"y": 0.48,
						"curve": [ 0.352, 1, 0.69, 1 ]
					},
					{ "time": 0.3333, "x": -5.87, "y": -3.29 },
					{ "time": 0.4333, "x": -4.42, "y": -0.61 }
				],
				"scale": [
					{
						"time": 0,
						"x": 1,
						"y": 1,
						"curve": [ 0.09, 1, 0.653, 1 ]
					},
					{ "time": 0.1, "x": 0.866, "y": 1 }
				]
			},
			"mouth": {
				"rotate": [
					{
						"time": 0,
						"angle": 0,
						"curve": [ 0.09, 1, 0.653, 1 ]
					},
					{ "time": 0.0333, "angle": 11.44 },
					{ "time": 0.1, "angle": 23.63 },
					{ "time": 0.2666, "angle": 14.53 },
					{ "time": 0.3333, "angle": 10.4 },
					{ "time": 0.4333, "angle": -9.64 }
				],
				"translate": [
					{
						"time": 0,
						"x": 0,
						"y": 0,
						"curve": [ 0.099, 0.69, 0.545, 0.92 ]
					},
					{ "time": 0.0333, "x": 5.03, "y": -3.89 },
					{ "time": 0.1, "x": 40.67, "y": -4.78 },
					{ "time": 0.1333, "x": 28.77, "y": -3.68 },
					{ "time": 0.2333, "x": 37.21, "y": -3.36 },
					{ "time": 0.2666, "x": 3.83, "y": 4.28 },
					{ "time": 0.3333, "x": 10.55, "y": 16.56 },
					{ "time": 0.4333, "x": 3.27, "y": -1.06 }
				],
				"scale": [
					{
						"time": 0,
						"x": 1,
						"y": 1,
						"curve": [ 0.09, 1, 0.653, 1 ]
					},
					{ "time": 0.0333, "x": 0.617, "y": 0.907 },
					{ "time": 0.1, "x": 0.796, "y": 1.105 },
					{ "time": 0.1333, "x": 0.68, "y": 0.933 },
					{ "time": 0.2333, "x": 0.897, "y": 1.143 },
					{ "time": 0.2666, "x": 0.794, "y": 1.005 },
					{ "time": 0.3333, "x": 0.862, "y": 1.084 },
					{ "time": 0.4333, "x": 0.928, "y": 1.032 }
				]
			},
			"upper_lip": {
				"rotate": [
					{ "time": 0, "angle": 0 }
				],
				"translate": [
					{ "time": 0, "x": 0, "y": 0 },
					{ "time": 0.3333, "x": -8.25, "y": -0.86 }
				],
				"scale": [
					{ "time": 0, "x": 1, "y": 1 }
				]
			},
			"R_eye": {
				"rotate": [
					{
						"time": 0,
						"angle": 0,
						"curve": [ 0.09, 1, 0.653, 1 ]
					},
					{ "time": 0.1, "angle": -0.75 }
				],
				"translate": [
					{
						"time": 0,
						"x": 0,
						"y": 0,
						"curve": [ 0.099, 0.69, 0.545, 0.92 ]
					},
					{ "time": 0.0333, "x": -10.41, "y": 1.23 },
					{ "time": 0.1, "x": 9.97, "y": 5.04 },
					{ "time": 0.1333, "x": -8.74, "y": 5.26 },
					{ "time": 0.2333, "x": 8.29, "y": 6.3 },
					{ "time": 0.2666, "x": -9.35, "y": 12.25 },
					{ "time": 0.3333, "x": -8.05, "y": 18.65 },
					{ "time": 0.4333, "x": -4.96, "y": -6.55 }
				],
				"scale": [
					{
						"time": 0,
						"x": 1,
						"y": 1,
						"curve": [ 0.09, 1, 0.653, 1 ]
					},
					{ "time": 0.0333, "x": 0.855, "y": 0.855 },
					{ "time": 0.1, "x": 0.501, "y": 0.855 },
					{ "time": 0.2666, "x": 0.87, "y": 0.981 },
					{ "time": 0.4333, "x": 0.719, "y": 0.782 }
				]
			},
			"L_eye": {
				"rotate": [
					{ "time": 0, "angle": 0 }
				],
				"translate": [
					{
						"time": 0,
						"x": 0,
						"y": 0,
						"curve": [ 0.099, 0.69, 0.545, 0.92 ]
					},
					{ "time": 0.0333, "x": -3.4, "y": 3.54 },
					{ "time": 0.1, "x": 34.31, "y": 4.68 },
					{ "time": 0.2333, "x": 32.62, "y": 5.65 },
					{ "time": 0.2666, "x": 4.37, "y": 13.68 },
					{ "time": 0.3333, "x": 2.11, "y": 18.56 },
					{ "time": 0.4333, "x": 1.36, "y": -5.78 }
				],
				"scale": [
					{
						"time": 0,
						"x": 1,
						"y": 1,
						"curve": [ 0.09, 1, 0.653, 1 ]
					},
					{ "time": 0.0333, "x": 0.811, "y": 0.811 },
					{ "time": 0.2666, "x": 0.908, "y": 0.93 },
					{ "time": 0.4333, "x": 0.738, "y": 0.77 }
				]
			},
			"hair": {
				"rotate": [
					{
						"time": 0,
						"angle": 0,
						"curve": [ 0.09, 1, 0.653, 1 ]
					},
					{
						"time": 0.2333,
						"angle": -6.72,
						"curve": [ 0.39, 0.38, 0.667, 0.74 ]
					},
					{
						"time": 0.3333,
						"angle": 25.46,
						"curve": [ 0.26, 0.61, 0.56, 1 ]
					},
					{ "time": 0.4333, "angle": -29.98 }
				],
				"translate": [
					{
						"time": 0,
						"x": 0,
						"y": 0,
						"curve": [ 0.09, 1, 0.653, 1 ]
					},
					{
						"time": 0.2333,
						"x": 0.47,
						"y": -0.11,
						"curve": [ 0.299, 0.38, 0.628, 0.74 ]
					},
					{
						"time": 0.3333,
						"x": -4.85,
						"y": 5.29,
						"curve": [ 0.3, 0.61, 0.631, 1 ]
					},
					{ "time": 0.4333, "x": 0.64, "y": -0.15 }
				],
				"scale": [
					{
						"time": 0,
						"x": 1,
						"y": 1,
						"curve": [ 0.09, 1, 0.653, 1 ]
					},
					{ "time": 0.4333, "x": 0.89, "y": 0.879 }
				]
			},
			"bird_root": {
				"rotate": [
					{ "time": 0, "angle": 0 }
				],
				"translate": [
					{ "time": 0, "x": 0, "y": 0 }
				],
				"scale": [
					{ "time": 0, "x": 1, "y": 1 }
				]
			},
			"body": {
				"rotate": [
					{ "time": 0, "angle": 0 }
				],
				"translate": [
					{
						"time": 0,
						"x": 0,
						"y": 0,
						"curve": [ 0.134, 1, 0.75, 1 ]
					},
					{ "time": 0.1, "x": 0, "y": 43.55 },
					{ "time": 0.1666, "x": 0, "y": 70.88, "curve": "stepped" },
					{
						"time": 0.3333,
						"x": 0,
						"y": 70.88,
						"curve": [ 0.25, 0, 0.828, 0.47 ]
					},
					{
						"time": 0.3666,
						"x": 0,
						"y": 0,
						"curve": [ 0.307, 0, 0.64, 0.4 ]
					},
					{ "time": 0.4333, "x": 0, "y": -1.63 }
				],
				"scale": [
					{
						"time": 0,
						"x": 1,
						"y": 1,
						"curve": [ 0.09, 1, 0.653, 1 ]
					},
					{
						"time": 0.0333,
						"x": 1.213,
						"y": 0.846,
						"curve": [ 0.134, 1, 0.75, 1 ]
					},
					{
						"time": 0.1,
						"x": 1.02,
						"y": 1.243,
						"curve": [ 0.25, 0, 0.75, 1 ]
					},
					{
						"time": 0.1666,
						"x": 1.321,
						"y": 0.866,
						"curve": [ 0.25, 0, 0.75, 1 ]
					},
					{ "time": 0.2333, "x": 1.041, "y": 1.118, "curve": "stepped" },
					{ "time": 0.3666, "x": 1.041, "y": 1.118 },
					{ "time": 0.4333, "x": 1.38, "y": 0.801 }
				]
			},
			"tail": {
				"rotate": [
					{
						"time": 0,
						"angle": 0,
						"curve": [ 0.09, 1, 0.653, 1 ]
					},
					{
						"time": 0.0333,
						"angle": 26,
						"curve": [ 0.699, 0.24, 0.807, 0.75 ]
					},
					{
						"time": 0.1,
						"angle": -6.7,
						"curve": [ 0.26, 0.61, 0.56, 1 ]
					},
					{ "time": 0.1666, "angle": -71.38 },
					{ "time": 0.2, "angle": 17.2 },
					{ "time": 0.4333, "angle": -30.8 }
				],
				"translate": [
					{
						"time": 0,
						"x": 0,
						"y": 0,
						"curve": [ 0.09, 1, 0.653, 1 ]
					},
					{
						"time": 0.0333,
						"x": 10.76,
						"y": -2.45,
						"curve": [ 0.299, 0.32, 0.626, 0.69 ]
					},
					{
						"time": 0.1,
						"x": -1.74,
						"y": -11.88,
						"curve": [ 0.3, 0.61, 0.631, 1 ]
					},
					{ "time": 0.1666, "x": 41.46, "y": -21.6 },
					{ "time": 0.2, "x": -3.53, "y": -7.93 },
					{ "time": 0.2666, "x": 45.92, "y": -8.37 },
					{ "time": 0.3333, "x": 20.56, "y": -6.3 },
					{ "time": 0.4333, "x": 9.26, "y": -6.58 }
				],
				"scale": [
					{
						"time": 0,
						"x": 1,
						"y": 1,
						"curve": [ 0.09, 1, 0.653, 1 ]
					},
					{ "time": 0.4333, "x": 1.125, "y": 1.004 }
				]
			},
			"L_brow": {
				"rotate": [
					{
						"time": 0,
						"angle": 0,
						"curve": [ 0.09, 1, 0.653, 1 ]
					},
					{ "time": 0.0333, "angle": 323.8 },
					{ "time": 0.0666, "angle": 310.71 },
					{ "time": 0.2333, "angle": -36.6 },
					{ "time": 0.3333, "angle": -30.71 },
					{ "time": 0.4333, "angle": -19.3 }
				],
				"translate": [
					{
						"time": 0,
						"x": 0,
						"y": 0,
						"curve": [ 0.09, 1, 0.653, 1 ]
					},
					{ "time": 0.0333, "x": 7.34, "y": -12.53 },
					{ "time": 0.2333, "x": 0.81, "y": -14.61 },
					{ "time": 0.2666, "x": 1.48, "y": -2.65 },
					{ "time": 0.3333, "x": 6.12, "y": -13.49 },
					{ "time": 0.4333, "x": -0.51, "y": 6.35 }
				],
				"scale": [
					{ "time": 0, "x": 1, "y": 1 }
				]
			},
			"L_eyeball": {
				"rotate": [
					{ "time": 0, "angle": 0 }
				],
				"translate": [
					{
						"time": 0,
						"x": 0.08,
						"y": -0.47,
						"curve": [ 0.09, 1, 0.653, 1 ]
					},
					{ "time": 0.0333, "x": 7.46, "y": -5.74 },
					{ "time": 0.4333, "x": 3.51, "y": -0.11 }
				],
				"scale": [
					{ "time": 0, "x": 0.95, "y": 0.95 },
					{ "time": 0.0333, "x": 1.285, "y": 1.285 },
					{ "time": 0.2333, "x": 0.95, "y": 0.95 }
				]
			},
			"R_brow": {
				"rotate": [
					{
						"time": 0,
						"angle": 0,
						"curve": [ 0.09, 1, 0.653, 1 ]
					},
					{ "time": 0.0333, "angle": 54.58 },
					{ "time": 0.2333, "angle": 55.73 },
					{ "time": 0.3333, "angle": 32.78 },
					{ "time": 0.4333, "angle": 16.25 }
				],
				"translate": [
					{
						"time": 0,
						"x": 0,
						"y": 0,
						"curve": [ 0.09, 1, 0.653, 1 ]
					},
					{ "time": 0.0333, "x": 4.69, "y": -14.9 },
					{ "time": 0.2333, "x": 2.25, "y": -18.46 },
					{ "time": 0.2666, "x": 0.23, "y": -8.37 },
					{ "time": 0.3333, "x": 1.24, "y": -17.01 },
					{ "time": 0.4333, "x": -1.87, "y": 7.08 }
				],
				"scale": [
					{ "time": 0, "x": 1, "y": 1, "curve": "stepped" },
					{ "time": 0.0333, "x": 1, "y": 1 },
					{ "time": 0.1, "x": 0.706, "y": 1.003 },
					{ "time": 0.4333, "x": 1.104, "y": 1.003 }
				]
			},
			"R_eyeball": {
				"rotate": [
					{ "time": 0, "angle": 0 }
				],
				"translate": [
					{
						"time": 0,
						"x": 0.01,
						"y": -1.54,
						"curve": [ 0.162, 0.42, 0.516, 0.74 ]
					},
					{
						"time": 0.0333,
						"x": 0.77,
						"y": -1.61,
						"curve": [ 0.239, 1, 0.693, 1 ]
					},
					{ "time": 0.4333, "x": 3.48, "y": 2.59 }
				],
				"scale": [
					{ "time": 0, "x": 0.929, "y": 0.929 },
					{ "time": 0.0333, "x": 1.282, "y": 1.282 },
					{ "time": 0.2333, "x": 0.929, "y": 0.929 }
				]
			},
			"root": {
				"rotate": [
					{ "time": 0, "angle": 0 }
				],
				"translate": [
					{ "time": 0, "x": 0, "y": 0 }
				],
				"scale": [
					{ "time": 0, "x": 1, "y": 1, "curve": "stepped" },
					{ "time": 0.0666, "x": -1, "y": 1, "curve": "stepped" },
					{ "time": 0.1666, "x": 1, "y": 1, "curve": "stepped" },
					{ "time": 0.3, "x": -1, "y": 1 }
				]
			},
			"L_upper eyelid": {
				"rotate": [
					{ "time": 0, "angle": -5.45 }
				],
				"translate": [
					{ "time": 0, "x": 0.97, "y": -1.42 }
				],
				"scale": [
					{ "time": 0, "x": 0.954, "y": 0.874 }
				]
			},
			"R_upper eyelid": {
				"rotate": [
					{ "time": 0, "angle": -7.56 }
				],
				"translate": [
					{ "time": 0, "x": 0.61, "y": 0.25 }
				],
				"scale": [
					{ "time": 0, "x": 1, "y": 1 }
				]
			},
			"L_cheek": {
				"rotate": [
					{ "time": 0, "angle": 5.3 }
				],
				"translate": [
					{ "time": 0, "x": 0.73, "y": -1.78 }
				],
				"scale": [
					{ "time": 0, "x": 1, "y": 1.178 }
				]
			},
			"R_cheek": {
				"rotate": [
					{ "time": 0, "angle": -9.42 }
				],
				"translate": [
					{ "time": 0, "x": -2.76, "y": -2.37 }
				],
				"scale": [
					{ "time": 0, "x": 1.175, "y": 1.216 }
				]
			}
		},
		"deform": {
			"default": {
				"hair": {
					"hair": [
						{
							"time": 0,
							"curve": [ 0.09, 1, 0.653, 1 ]
						},
						{
							"time": 0.4333,
							"vertices": [ -2.10888, -0.30859, 1.71803, -0.83258, -1.33987, -2.19131, -2.41305, -2.51813, 1.88551, -1.01895, 0.81025, -0.15808, 1.42412, 0.55902, 0, 0, 0, 0, 0.88896, -0.2592, 0.62851, -0.28987, 0.73055, 0.46225, 1.8231, 0.71221, 0.79404, 0.37268, 0.81391, 1.53958 ]
						}
					]
				},
				"lip_base": {
					"lip_base": [
						{
							"time": 0,
							"vertices": [ 1.5, 10.74999, 1.5, 10.74999 ],
							"curve": "stepped"
						},
						{
							"time": 0.0333,
							"vertices": [ 1.5, 10.74999, 1.5, 10.74999 ]
						},
						{
							"time": 0.1,
							"vertices": [ 2.05572, 2.75723, -2.86199, 5.93431 ]
						},
						{
							"time": 0.2333,
							"vertices": [ 0.61057, 14.01835, -0.26476, 16.65786 ]
						},
						{
							"time": 0.2666,
							"vertices": [ -4.38607, 2.56724, -5.7728, 4.79203, -1.48171, 0.30365, 1.05086, 0.44959 ]
						},
						{
							"time": 0.3333,
							"vertices": [ -2.59476, -1.55766, -9.67869, -2.94967, -8.36045, -0.46736, -2.04427, 1.02311 ]
						},
						{
							"time": 0.4333,
							"vertices": [ -7.30431, 15.2442, -0.6002, 16.87575 ]
						}
					]
				},
				"tail": {
					"tail": [
						{
							"time": 0,
							"curve": [ 0.09, 1, 0.653, 1 ]
						},
						{
							"time": 0.4333,
							"vertices": [ 1.9866, 0.09725, 0, 0, 0, 0, -4.62645, -0.86938, 1.80724, 2.4152, -3.21442, -1.12092, 2.14262, 0.74668, -0.59847, 2.61756, -2.31714, 2.61369, 1.69533, 2.9712, 3.11255, 3.76254 ]
						}
					]
				}
			}
		},
		"drawOrder": [
			{ "time": 0 },
			{ "time": 0.0333 },
			{
				"time": 0.1333,
				"offsets": [
					{ "slot": "tail", "offset": 26 },
					{ "slot": "body", "offset": 24 }
				]
			},
			{
				"time": 0.2,
				"offsets": [
					{ "slot": "body", "offset": 25 },
					{ "slot": "hair", "offset": 21 }
				]
			},
			{
				"time": 0.2333,
				"offsets": [
					{ "slot": "hair", "offset": 22 }
				]
			}
		],
		"events": [
			{ "time": 0.0333, "name": "flip" }
		]
	},
	"stop_animation": {
		"slots": {
			"L_brow": {
				"attachment": [
					{ "time": 0, "name": null }
				]
			},
			"L_brow1": {
				"attachment": [
					{ "time": 0, "name": null },
					{ "time": 0.3666, "name": "L_brow1" },
					{ "time": 4.8666, "name": null }
				]
			},
			"L_brow2": {
				"attachment": [
					{ "time": 0, "name": null }
				]
			},
			"L_brow3": {
				"attachment": [
					{ "time": 0, "name": "L_brow3" },
					{ "time": 0.3666, "name": null },
					{ "time": 4.8666, "name": "L_brow3" }
				]
			},
			"L_cheek": {
				"attachment": [
					{ "time": 0, "name": "L_cheek" },
					{ "time": 0.5, "name": null },
					{ "time": 4.7666, "name": "L_cheek" }
				]
			},
			"L_eye": {
				"attachment": [
					{ "time": 0, "name": "L_eye" }
				]
			},
			"L_eye2": {
				"attachment": [
					{ "time": 0, "name": null }
				]
			},
			"L_eyeball": {
				"attachment": [
					{ "time": 0, "name": "eyeball" }
				]
			},
			"L_upper eyelid": {
				"attachment": [
					{ "time": 0, "name": "L_upper eyelid" }
				]
			},
			"R_brow": {
				"attachment": [
					{ "time": 0, "name": null }
				]
			},
			"R_brow1": {
				"attachment": [
					{ "time": 0, "name": null },
					{ "time": 0.3666, "name": "R_brow1" },
					{ "time": 4.8666, "name": null }
				]
			},
			"R_brow2": {
				"attachment": [
					{ "time": 0, "name": null }
				]
			},
			"R_brow3": {
				"attachment": [
					{ "time": 0, "name": "R_brow3" },
					{ "time": 0.3666, "name": null },
					{ "time": 4.8666, "name": "R_brow3" }
				]
			},
			"R_cheek1": {
				"attachment": [
					{ "time": 0, "name": "R_cheek1" },
					{ "time": 0.5, "name": null },
					{ "time": 4.7666, "name": "R_cheek1" }
				]
			},
			"R_eye": {
				"attachment": [
					{ "time": 0, "name": "R_eye" }
				]
			},
			"R_eye2": {
				"attachment": [
					{ "time": 0, "name": null }
				]
			},
			"R_eyeball": {
				"attachment": [
					{ "time": 0, "name": "eyeball" }
				]
			},
			"R_upper eyelid": {
				"attachment": [
					{ "time": 0, "name": "R_upper eyelid" }
				]
			},
			"body": {
				"attachment": [
					{ "time": 0, "name": "y_body" }
				]
			},
			"flews": {
				"attachment": [
					{ "time": 0, "name": null }
				]
			},
			"flews02": {
				"attachment": [
					{ "time": 0, "name": "flews02" }
				]
			},
			"hair": {
				"attachment": [
					{ "time": 0, "name": "hair" }
				]
			},
			"lip_base": {
				"attachment": [
					{ "time": 0, "name": null }
				]
			},
			"tail": {
				"attachment": [
					{ "time": 0, "name": "tail" }
				]
			},
			"upper_lip": {
				"attachment": [
					{ "time": 0, "name": "upper_lip" }
				]
			},
			"ycs": {
				"attachment": [
					{ "time": 0, "name": null }
				]
			},
			"ycx": {
				"attachment": [
					{ "time": 0, "name": null }
				]
			}
		},
		"bones": {
			"flews": {
				"rotate": [
					{ "time": 0, "angle": 17.05 }
				],
				"translate": [
					{ "time": 0, "x": -1.38, "y": 0.7 }
				],
				"scale": [
					{ "time": 0, "x": 1, "y": 1 }
				]
			},
			"mouth": {
				"rotate": [
					{ "time": 0, "angle": 0 }
				],
				"translate": [
					{ "time": 0, "x": 0, "y": 0, "curve": "stepped" },
					{
						"time": 0.2333,
						"x": 0,
						"y": 0,
						"curve": [ 0.287, 0, 0.571, 0.62 ]
					},
					{
						"time": 0.3666,
						"x": 0,
						"y": -4.27,
						"curve": [ 0.287, 0, 0.571, 0.62 ]
					},
					{ "time": 0.5, "x": -4.18, "y": 0, "curve": "stepped" },
					{ "time": 2.5666, "x": -4.18, "y": 0 },
					{ "time": 2.7333, "x": 0, "y": 0, "curve": "stepped" },
					{
						"time": 4.7333,
						"x": 0,
						"y": 0,
						"curve": [ 0.323, 0.34, 0.656, 0.68 ]
					},
					{
						"time": 4.8666,
						"x": 0,
						"y": -4.27,
						"curve": [ 0.287, 0, 0.571, 0.62 ]
					},
					{ "time": 4.9333, "x": 0, "y": 0 }
				],
				"scale": [
					{ "time": 0, "x": 1, "y": 1 }
				]
			},
			"upper_lip": {
				"rotate": [
					{ "time": 0, "angle": 0 }
				],
				"translate": [
					{ "time": 0, "x": 0, "y": 0 }
				],
				"scale": [
					{ "time": 0, "x": 1, "y": 1 }
				]
			},
			"R_eye": {
				"rotate": [
					{ "time": 0, "angle": 0, "curve": "stepped" },
					{ "time": 0.5, "angle": 0 }
				],
				"translate": [
					{ "time": 0, "x": 0, "y": 0, "curve": "stepped" },
					{
						"time": 0.2333,
						"x": 0,
						"y": 0,
						"curve": [ 0.25, 0, 0.496, 1 ]
					},
					{
						"time": 0.3666,
						"x": 0,
						"y": -4.7,
						"curve": [ 0.23, 0, 0.77, 0.19 ]
					},
					{ "time": 0.5, "x": -4.18, "y": 3.08, "curve": "stepped" },
					{ "time": 2.6333, "x": -4.18, "y": 3.08 },
					{ "time": 2.8, "x": 0.49, "y": 3.57, "curve": "stepped" },
					{
						"time": 4.7333,
						"x": 0.49,
						"y": 3.57,
						"curve": [ 0.265, 0, 0.527, 0.8 ]
					},
					{
						"time": 4.8666,
						"x": 0,
						"y": -4.7,
						"curve": [ 0.23, 0, 0.77, 0.19 ]
					},
					{ "time": 5, "x": 0, "y": 0 }
				],
				"scale": [
					{ "time": 0, "x": 1, "y": 1, "curve": "stepped" },
					{ "time": 0.5, "x": 1, "y": 1 }
				]
			},
			"L_eye": {
				"rotate": [
					{ "time": 0, "angle": 0 }
				],
				"translate": [
					{ "time": 0, "x": 0, "y": 0, "curve": "stepped" },
					{
						"time": 0.2333,
						"x": 0,
						"y": 0,
						"curve": [ 0.25, 0, 0.496, 1 ]
					},
					{
						"time": 0.3666,
						"x": 0,
						"y": -4.7,
						"curve": [ 0.233, 0, 0.773, 0.19 ]
					},
					{ "time": 0.5, "x": -4.18, "y": 3.08, "curve": "stepped" },
					{ "time": 2.6333, "x": -4.18, "y": 3.08 },
					{ "time": 2.8, "x": 0.49, "y": 3.57, "curve": "stepped" },
					{
						"time": 4.7333,
						"x": 0.49,
						"y": 3.57,
						"curve": [ 0.265, 0, 0.527, 0.8 ]
					},
					{
						"time": 4.8666,
						"x": 0,
						"y": -4.7,
						"curve": [ 0.233, 0, 0.773, 0.19 ]
					},
					{ "time": 5, "x": 0, "y": 0 }
				],
				"scale": [
					{ "time": 0, "x": 1, "y": 1 }
				]
			},
			"hair": {
				"rotate": [
					{ "time": 0, "angle": 0, "curve": "stepped" },
					{
						"time": 0.2333,
						"angle": 0,
						"curve": [ 0.23, 0, 0.773, 0.19 ]
					},
					{
						"time": 0.3666,
						"angle": -6.43,
						"curve": [ 0.23, 0, 0.85, 0.19 ]
					},
					{ "time": 0.5, "angle": 0, "curve": "stepped" },
					{
						"time": 2.4666,
						"angle": 0,
						"curve": [ 0.153, 0.6, 0.7, 1 ]
					},
					{
						"time": 2.6333,
						"angle": -3,
						"curve": [ 0.153, 0, 0.85, 0.39 ]
					},
					{ "time": 2.8, "angle": 0, "curve": "stepped" },
					{ "time": 4.7333, "angle": 0 },
					{
						"time": 4.8666,
						"angle": -6.43,
						"curve": [ 0.23, 0, 0.85, 0.19 ]
					},
					{ "time": 5, "angle": 0 }
				],
				"translate": [
					{ "time": 0, "x": 0, "y": 0 }
				],
				"scale": [
					{ "time": 0, "x": 1, "y": 1 }
				]
			},
			"bird_root": {
				"rotate": [
					{ "time": 0, "angle": 0 }
				],
				"translate": [
					{ "time": 0, "x": 0, "y": 0 }
				],
				"scale": [
					{ "time": 0, "x": 1, "y": 1 }
				]
			},
			"body": {
				"rotate": [
					{ "time": 0, "angle": 0 }
				],
				"translate": [
					{ "time": 0, "x": 0, "y": 0 }
				],
				"scale": [
					{ "time": 0, "x": 1, "y": 1, "curve": "stepped" },
					{
						"time": 0.2333,
						"x": 1,
						"y": 1,
						"curve": [ 0.233, 0, 0.773, 0.2 ]
					},
					{
						"time": 0.3666,
						"x": 1.043,
						"y": 0.947,
						"curve": [ 0.23, 0, 0.773, 0.19 ]
					},
					{ "time": 0.5, "x": 1, "y": 1, "curve": "stepped" },
					{
						"time": 2.5,
						"x": 1,
						"y": 1,
						"curve": [ 0.153, 0.69, 0.616, 1 ]
					},
					{
						"time": 2.6333,
						"x": 1.027,
						"y": 0.96,
						"curve": [ 0.23, 0, 0.766, 0.19 ]
					},
					{ "time": 2.7666, "x": 1, "y": 1, "curve": "stepped" },
					{ "time": 3.9, "x": 1, "y": 1 },
					{ "time": 4.0333, "x": 1.021, "y": 0.989 },
					{ "time": 4.1666, "x": 1, "y": 1, "curve": "stepped" },
					{ "time": 4.7333, "x": 1, "y": 1 },
					{
						"time": 4.8666,
						"x": 1.043,
						"y": 0.947,
						"curve": [ 0.23, 0, 0.773, 0.19 ]
					},
					{ "time": 5, "x": 1, "y": 1 }
				]
			},
			"tail": {
				"rotate": [
					{ "time": 0, "angle": 0, "curve": "stepped" },
					{
						"time": 0.2333,
						"angle": 0,
						"curve": [ 0.233, 0, 0.773, 0.19 ]
					},
					{
						"time": 0.3666,
						"angle": -13.13,
						"curve": [ 0.233, 0, 0.85, 0.19 ]
					},
					{ "time": 0.5, "angle": 0, "curve": "stepped" },
					{
						"time": 2.4666,
						"angle": 0,
						"curve": [ 0.153, 0.6, 0.7, 1 ]
					},
					{
						"time": 2.6333,
						"angle": -13.13,
						"curve": [ 0.233, 0, 0.85, 0.19 ]
					},
					{ "time": 2.8, "angle": 0, "curve": "stepped" },
					{ "time": 3.9, "angle": 0 },
					{ "time": 4.0333, "angle": -4.36 },
					{ "time": 4.1666, "angle": 0, "curve": "stepped" },
					{ "time": 4.7333, "angle": 0 },
					{
						"time": 4.8666,
						"angle": -13.13,
						"curve": [ 0.233, 0, 0.85, 0.19 ]
					},
					{ "time": 5, "angle": 0 }
				],
				"translate": [
					{ "time": 0, "x": 0, "y": 0, "curve": "stepped" },
					{
						"time": 0.2333,
						"x": 0,
						"y": 0,
						"curve": [ 0.325, 0, 0.65, 0.4 ]
					},
					{
						"time": 0.3666,
						"x": 2.03,
						"y": 0,
						"curve": [ 0.325, 0, 0.65, 0.4 ]
					},
					{ "time": 0.5, "x": 3.61, "y": 0, "curve": "stepped" },
					{
						"time": 2.4666,
						"x": 3.61,
						"y": 0,
						"curve": [ 0.32, 0.64, 0.653, 1 ]
					},
					{
						"time": 2.6333,
						"x": 2.03,
						"y": 0,
						"curve": [ 0.325, 0, 0.65, 0.4 ]
					},
					{ "time": 2.8, "x": 0, "y": 0, "curve": "stepped" },
					{
						"time": 4.7333,
						"x": 0,
						"y": 0,
						"curve": [ 0.332, 0.31, 0.665, 0.64 ]
					},
					{
						"time": 4.8666,
						"x": 2.03,
						"y": 0,
						"curve": [ 0.325, 0, 0.65, 0.4 ]
					},
					{ "time": 5, "x": 0, "y": 0 }
				],
				"scale": [
					{ "time": 0, "x": 1, "y": 1 }
				]
			},
			"L_brow": {
				"rotate": [
					{ "time": 0, "angle": 0, "curve": "stepped" },
					{ "time": 0.2, "angle": 0 },
					{ "time": 0.3666, "angle": -29.01 },
					{ "time": 0.5, "angle": -26.45, "curve": "stepped" },
					{ "time": 4.7333, "angle": -26.45 },
					{ "time": 4.8333, "angle": -29.01 },
					{ "time": 5, "angle": 0 }
				],
				"translate": [
					{ "time": 0, "x": 0, "y": 0, "curve": "stepped" },
					{ "time": 0.2, "x": 0, "y": 0 },
					{ "time": 0.3666, "x": 10.85, "y": -16.79 },
					{ "time": 0.5, "x": 10.11, "y": -18.53, "curve": "stepped" },
					{
						"time": 1.6666,
						"x": 10.11,
						"y": -18.53,
						"curve": [ 0.33, 0.15, 0.663, 0.48 ]
					},
					{ "time": 1.7333, "x": 9.77, "y": -19.21, "curve": "stepped" },
					{
						"time": 3.9,
						"x": 9.77,
						"y": -19.21,
						"curve": [ 0.33, 0.18, 0.664, 0.51 ]
					},
					{ "time": 4.0333, "x": 13.33, "y": -15.97, "curve": "stepped" },
					{
						"time": 4.7333,
						"x": 13.33,
						"y": -15.97,
						"curve": [ 0.332, 0.3, 0.665, 0.63 ]
					},
					{ "time": 4.8333, "x": 9.72, "y": -16.77 },
					{ "time": 5, "x": 0, "y": 0 }
				],
				"scale": [
					{ "time": 0, "x": 1, "y": 1 }
				]
			},
			"L_eyeball": {
				"rotate": [
					{ "time": 0, "angle": 0 }
				],
				"translate": [
					{ "time": 0, "x": 0.08, "y": -0.47, "curve": "stepped" },
					{ "time": 0.3, "x": 0.08, "y": -0.47 },
					{ "time": 0.3666, "x": 5.14, "y": -4.9, "curve": "stepped" },
					{
						"time": 1.6666,
						"x": 5.14,
						"y": -4.9,
						"curve": [ 0.153, 0.7, 0.613, 1 ]
					},
					{ "time": 1.7333, "x": 5.05, "y": -5.84, "curve": "stepped" },
					{
						"time": 2.5333,
						"x": 5.05,
						"y": -5.84,
						"curve": [ 0.153, 0.69, 0.616, 1 ]
					},
					{ "time": 2.6333, "x": 9.09, "y": -5.84, "curve": "stepped" },
					{
						"time": 3.9,
						"x": 9.09,
						"y": -5.84,
						"curve": [ 0.153, 0.69, 0.62, 1 ]
					},
					{ "time": 4.0333, "x": 9.09, "y": -3.98, "curve": "stepped" },
					{ "time": 4.7333, "x": 9.09, "y": -3.98 },
					{ "time": 4.8666, "x": 5.14, "y": -4.9 },
					{ "time": 5, "x": 0.08, "y": -0.47 }
				],
				"scale": [
					{ "time": 0, "x": 0.95, "y": 0.95 }
				]
			},
			"R_brow": {
				"rotate": [
					{ "time": 0, "angle": 0, "curve": "stepped" },
					{ "time": 0.2, "angle": 0 },
					{ "time": 0.3666, "angle": 35.94 },
					{ "time": 0.5, "angle": 36.1, "curve": "stepped" },
					{ "time": 1.6666, "angle": 36.1, "curve": "stepped" },
					{ "time": 1.7333, "angle": 36.1, "curve": "stepped" },
					{ "time": 4.7333, "angle": 36.1 },
					{ "time": 4.8333, "angle": 35.94 },
					{ "time": 5, "angle": 0 }
				],
				"translate": [
					{ "time": 0, "x": 0, "y": 0, "curve": "stepped" },
					{
						"time": 0.2,
						"x": 0,
						"y": 0,
						"curve": [ 0.326, 0.26, 0.659, 0.59 ]
					},
					{
						"time": 0.3666,
						"x": -1.53,
						"y": -19.89,
						"curve": [ 0.327, 0.28, 0.66, 0.62 ]
					},
					{ "time": 0.5, "x": -1.42, "y": -22.31, "curve": "stepped" },
					{
						"time": 1.6666,
						"x": -1.42,
						"y": -22.31,
						"curve": [ 0.33, 0.15, 0.663, 0.48 ]
					},
					{ "time": 1.7333, "x": -0.04, "y": -23.55, "curve": "stepped" },
					{
						"time": 3.9,
						"x": -0.04,
						"y": -23.55,
						"curve": [ 0.33, 0.18, 0.664, 0.51 ]
					},
					{ "time": 4.0333, "x": -0.7, "y": -18.98, "curve": "stepped" },
					{
						"time": 4.7333,
						"x": -0.7,
						"y": -18.98,
						"curve": [ 0.333, 0.32, 0.666, 0.66 ]
					},
					{
						"time": 4.8333,
						"x": -0.69,
						"y": -21.1,
						"curve": [ 0.327, 0.28, 0.66, 0.62 ]
					},
					{ "time": 5, "x": 0, "y": 0 }
				],
				"scale": [
					{ "time": 0, "x": 1, "y": 1 }
				]
			},
			"R_eyeball": {
				"rotate": [
					{ "time": 0, "angle": 0 }
				],
				"translate": [
					{ "time": 0, "x": 0.01, "y": -1.54, "curve": "stepped" },
					{
						"time": 0.2666,
						"x": 0.01,
						"y": -1.54,
						"curve": [ 0.257, 0, 0.618, 0.45 ]
					},
					{ "time": 0.3666, "x": -0.32, "y": -2.41, "curve": "stepped" },
					{
						"time": 1.6666,
						"x": -0.32,
						"y": -2.41,
						"curve": [ 0.153, 0.7, 0.616, 1 ]
					},
					{ "time": 1.7333, "x": -0.32, "y": -3.34, "curve": "stepped" },
					{
						"time": 2.5333,
						"x": -0.32,
						"y": -3.34,
						"curve": [ 0.153, 0.79, 0.616, 1 ]
					},
					{ "time": 2.6333, "x": 3.75, "y": -3.34, "curve": "stepped" },
					{
						"time": 3.9,
						"x": 3.75,
						"y": -3.34,
						"curve": [ 0.153, 0.69, 0.616, 1 ]
					},
					{ "time": 4.0333, "x": 3.75, "y": -1.48, "curve": "stepped" },
					{ "time": 4.7333, "x": 3.75, "y": -1.48 },
					{
						"time": 4.8666,
						"x": -0.32,
						"y": -2.41,
						"curve": [ 0.321, 0, 0.654, 0.34 ]
					},
					{ "time": 5, "x": 0.01, "y": -1.54 }
				],
				"scale": [
					{ "time": 0, "x": 0.929, "y": 0.929 }
				]
			},
			"L_upper eyelid": {
				"rotate": [
					{ "time": 0, "angle": -5.45 },
					{ "time": 0.3666, "angle": -0.15 },
					{ "time": 0.5, "angle": 1.25, "curve": "stepped" },
					{ "time": 4.7333, "angle": 1.25 },
					{ "time": 4.8666, "angle": -0.15 },
					{ "time": 5, "angle": -5.45 }
				],
				"translate": [
					{ "time": 0, "x": 0.97, "y": -1.42, "curve": "stepped" },
					{ "time": 0.2333, "x": 0.97, "y": -1.42 },
					{ "time": 0.3666, "x": 0.93, "y": 1.83 },
					{ "time": 0.4333, "x": 1.3, "y": 2.78 },
					{ "time": 0.5, "x": 1.33, "y": 1.31, "curve": "stepped" },
					{ "time": 1.6666, "x": 1.33, "y": 1.31 },
					{ "time": 1.7333, "x": 0.93, "y": 0.85, "curve": "stepped" },
					{ "time": 2.4666, "x": 0.93, "y": 0.85, "curve": "stepped" },
					{ "time": 2.6333, "x": 0.93, "y": 0.85 },
					{ "time": 2.8, "x": 0.49, "y": 0.85, "curve": "stepped" },
					{ "time": 3.9, "x": 0.49, "y": 0.85 },
					{ "time": 4.0333, "x": 0.36, "y": 0.93, "curve": "stepped" },
					{ "time": 4.7333, "x": 0.36, "y": 0.93 },
					{ "time": 4.8666, "x": 0.93, "y": 1.83 },
					{ "time": 5, "x": 0.97, "y": -1.42 }
				],
				"scale": [
					{ "time": 0, "x": 0.954, "y": 0.874, "curve": "stepped" },
					{ "time": 0.2333, "x": 0.954, "y": 0.874 },
					{ "time": 0.3666, "x": 1.302, "y": 1.758 },
					{ "time": 0.5, "x": 0.954, "y": 0.874, "curve": "stepped" },
					{ "time": 1.6666, "x": 0.954, "y": 0.874 },
					{ "time": 1.7333, "x": 1.133, "y": 1.066, "curve": "stepped" },
					{ "time": 2.4666, "x": 1.133, "y": 1.066, "curve": "stepped" },
					{ "time": 2.6333, "x": 1.133, "y": 1.066 },
					{ "time": 2.8, "x": 1.164, "y": 1.091, "curve": "stepped" },
					{ "time": 4.7333, "x": 1.164, "y": 1.091 },
					{ "time": 4.8666, "x": 1.302, "y": 1.758 },
					{ "time": 5, "x": 0.954, "y": 0.874 }
				]
			},
			"R_upper eyelid": {
				"rotate": [
					{ "time": 0, "angle": -7.56 }
				],
				"translate": [
					{ "time": 0, "x": 0.61, "y": 0.25, "curve": "stepped" },
					{ "time": 0.2333, "x": 0.61, "y": 0.25 },
					{ "time": 0.3666, "x": 2.34, "y": 1.81 },
					{ "time": 0.5, "x": 4.1, "y": 2.83, "curve": "stepped" },
					{ "time": 1.6666, "x": 4.1, "y": 2.83 },
					{ "time": 1.7333, "x": 4.1, "y": 2.36, "curve": "stepped" },
					{ "time": 2.4666, "x": 4.1, "y": 2.36 },
					{ "time": 2.6333, "x": 4.86, "y": 2.76 },
					{ "time": 2.6666, "x": 4.1, "y": 2.36 },
					{ "time": 2.8, "x": 3.96, "y": 2.94, "curve": "stepped" },
					{ "time": 3.9, "x": 3.96, "y": 2.94 },
					{ "time": 4.0333, "x": 1.56, "y": 3.35, "curve": "stepped" },
					{ "time": 4.7333, "x": 1.56, "y": 3.35 },
					{ "time": 4.8666, "x": 2.34, "y": 1.81 },
					{ "time": 5, "x": 0.61, "y": 0.25 }
				],
				"scale": [
					{ "time": 0, "x": 1, "y": 1, "curve": "stepped" },
					{ "time": 0.2333, "x": 1, "y": 1 },
					{ "time": 0.3666, "x": 1.255, "y": 2.326 },
					{ "time": 0.5, "x": 1.284, "y": 0.727, "curve": "stepped" },
					{ "time": 1.6666, "x": 1.284, "y": 0.727 },
					{ "time": 1.7333, "x": 1.337, "y": 0.894, "curve": "stepped" },
					{ "time": 2.4666, "x": 1.337, "y": 0.894 },
					{ "time": 2.6333, "x": 1.337, "y": 1.037 },
					{ "time": 2.8, "x": 1.111, "y": 0.894, "curve": "stepped" },
					{ "time": 4.7333, "x": 1.111, "y": 0.894 },
					{ "time": 4.8666, "x": 1.255, "y": 2.326 },
					{ "time": 5, "x": 1, "y": 1 }
				]
			},
			"L_cheek": {
				"rotate": [
					{ "time": 0, "angle": 5.3 }
				],
				"translate": [
					{ "time": 0, "x": 0.73, "y": -1.78, "curve": "stepped" },
					{ "time": 0.3666, "x": 0.73, "y": -1.78 },
					{ "time": 0.5, "x": 1.65, "y": -8.09, "curve": "stepped" },
					{ "time": 4.7333, "x": 1.65, "y": -8.09 },
					{ "time": 4.8666, "x": 0.73, "y": -1.78 }
				],
				"scale": [
					{ "time": 0, "x": 1, "y": 1.178 }
				]
			},
			"R_cheek": {
				"rotate": [
					{ "time": 0, "angle": -9.42 }
				],
				"translate": [
					{ "time": 0, "x": -3.47, "y": -2.61, "curve": "stepped" },
					{ "time": 0.3666, "x": -3.47, "y": -2.61 },
					{ "time": 0.5, "x": -1.55, "y": -7.58, "curve": "stepped" },
					{ "time": 4.7333, "x": -1.55, "y": -7.58 },
					{ "time": 4.8666, "x": -3.47, "y": -2.61 }
				],
				"scale": [
					{ "time": 0, "x": 1.175, "y": 1.216 }
				]
			}
		},
		"deform": {
			"default": {
				"hair": {
					"hair": [
						{ "time": 0 }
					]
				},
				"lip_base": {
					"lip_base": [
						{
							"time": 0,
							"vertices": [ 1.51, 11.174, 1.51, 11.174 ]
						}
					]
				},
				"tail": {
					"tail": [
						{ "time": 0 }
					]
				}
			}
		},
		"drawOrder": [
			{ "time": 0 }
		]
	}
}
}