{
"skeleton": { "hash": "3S0CIoDquolJNgwl1leT0TpK1Vk", "spine": "3.4.02", "width": 252.15, "height": 227.28, "images": "./picture/" },
"bones": [
	{ "name": "root" },
	{ "name": "star", "parent": "root" },
	{ "name": "1", "parent": "star", "x": -192.67, "y": 87.54 },
	{ "name": "bone", "parent": "1", "x": 3.69, "y": -3.5, "scaleX": 1.133, "scaleY": 1.133 },
	{ "name": "bone4", "parent": "1", "rotation": -33.36, "x": -33.87, "y": 58.52, "scaleX": 1.001, "scaleY": 1.001 }
],
"slots": [
	{ "name": "yy4", "bone": "1", "color": "b0b0b0ff", "attachment": "yy2", "blend": "multiply" },
	{ "name": "x1", "bone": "1", "color": "969696ff", "attachment": "x1" },
	{ "name": "gaoguang", "bone": "bone4" },
	{ "name": "guangquan", "bone": "bone", "color": "ffffffa4", "blend": "additive" }
],
"skins": {
	"default": {
		"gaoguang": {
			"gaoguang": { "x": -6.3, "y": 3.03, "width": 117, "height": 93 }
		},
		"guangquan": {
			"guangquan": { "x": -2.27, "y": -2.19, "width": 200, "height": 200 }
		},
		"x1": {
			"x1": {
				"type": "mesh",
				"uvs": [ 0.89839, 0.26553, 1, 0.38757, 0.91295, 0.59597, 1, 0.89564, 0.67286, 0.87398, 0.4553, 1, 0.3055, 0.91242, 0, 1, 0, 0, 0.88601, 0, 0.5438, 0.75755, 0.84168, 0.7723, 0.76915, 0.50926 ],
				"triangles": [ 0, 12, 8, 0, 8, 9, 12, 0, 1, 2, 12, 1, 10, 8, 12, 11, 12, 2, 10, 12, 11, 4, 10, 11, 11, 2, 3, 4, 11, 3, 6, 8, 10, 7, 8, 6, 5, 6, 10, 5, 10, 4 ],
				"vertices": [ 76.69999, 51.65, 97.53, 25.29, 79.68, -19.71999, 97.53, -84.45, 30.47, -79.76999, -14.12, -106.99, -44.83, -88.07, -107.46, -106.99, -107.46, 109, 74.16, 109, 4.01, -54.62, 65.07, -57.8, 50.21, -0.99 ],
				"hull": 10,
				"edges": [ 14, 16, 12, 20, 20, 22, 22, 24, 24, 0, 0, 2, 12, 14, 22, 6, 12, 10, 10, 8, 8, 6, 2, 4, 4, 6, 16, 18, 18, 0 ],
				"width": 205,
				"height": 216
			}
		},
		"yy4": {
			"yy2": { "x": 42.18, "y": -16.27, "width": 205, "height": 204 }
		}
	}
},
"events": {
	"startEvent": {}
},
"animations": {
	"loop": {
		"slots": {
			"gaoguang": {
				"color": [
					{ "time": 0, "color": "ffffff00", "curve": "stepped" },
					{ "time": 0.3333, "color": "ffffff00" },
					{ "time": 0.8333, "color": "ffffffff", "curve": "stepped" },
					{ "time": 2.6666, "color": "ffffffff" },
					{ "time": 3.2666, "color": "ffffff00" }
				],
				"attachment": [
					{ "time": 0, "name": null },
					{ "time": 0.3333, "name": "gaoguang" }
				]
			},
			"guangquan": {
				"color": [
					{ "time": 0, "color": "ffffff07" },
					{
						"time": 2.5,
						"color": "ffffff49",
						"curve": [ 0.25, 0, 0.75, 1 ]
					},
					{
						"time": 3.3666,
						"color": "ffffff31",
						"curve": [ 0.25, 0, 0.75, 1 ]
					},
					{
						"time": 4.5333,
						"color": "ffffff49",
						"curve": [ 0.221, 0.52, 0.75, 1 ]
					},
					{ "time": 7.8666, "color": "ffffff07" }
				],
				"attachment": [
					{ "time": 0, "name": "guangquan" },
					{ "time": 7.8666, "name": "guangquan" }
				]
			},
			"x1": {
				"color": [
					{ "time": 0, "color": "ffffffff", "curve": "stepped" },
					{ "time": 3.9333, "color": "ffffffff" }
				]
			}
		},
		"bones": {
			"1": {
				"rotate": [
					{ "time": 0, "angle": 0 }
				],
				"translate": [
					{ "time": 0, "x": 0, "y": 0 }
				],
				"scale": [
					{ "time": 0, "x": 1, "y": 1 }
				]
			},
			"bone4": {
				"rotate": [
					{ "time": 0.3333, "angle": 0 },
					{ "time": 3.2666, "angle": -96.3 }
				],
				"translate": [
					{ "time": 0, "x": 0, "y": 0, "curve": "stepped" },
					{
						"time": 0.3333,
						"x": 0,
						"y": 0,
						"curve": [ 0.201, 0, 0.782, 0.44 ]
					},
					{ "time": 2.6666, "x": 4.96, "y": 11.26 }
				]
			},
			"bone": {
				"translate": [
					{ "time": 0, "x": -12.8, "y": -9.37, "curve": "stepped" },
					{ "time": 7.8666, "x": -12.8, "y": -9.37 }
				],
				"scale": [
					{ "time": 0, "x": 1.039, "y": 1.039, "curve": "stepped" },
					{ "time": 7.8666, "x": 1.039, "y": 1.039 }
				]
			}
		},
		"deform": {
			"default": {
				"x1": {
					"x1": [
						{ "time": 0 }
					]
				}
			}
		}
	},
	"run": {
		"slots": {
			"gaoguang": {
				"color": [
					{
						"time": 0,
						"color": "ffffff00",
						"curve": [ 0.086, 0.78, 0.75, 1 ]
					},
					{ "time": 0.3333, "color": "ffffffff", "curve": "stepped" },
					{ "time": 1.8333, "color": "ffffffff" },
					{ "time": 2.0666, "color": "ffffff00" }
				],
				"attachment": [
					{ "time": 0, "name": "gaoguang" }
				]
			},
			"guangquan": {
				"color": [
					{ "time": 0, "color": "ffffffb1" },
					{
						"time": 0.1666,
						"color": "ffffff8f",
						"curve": [ 0.25, 0, 0.87, 0.17 ]
					},
					{ "time": 0.5666, "color": "ffffff4d", "curve": "stepped" },
					{ "time": 2.1333, "color": "ffffff4d" },
					{ "time": 3.7333, "color": "ffffff07" }
				],
				"attachment": [
					{ "time": 0, "name": "guangquan" },
					{ "time": 3.7333, "name": "guangquan" }
				]
			},
			"x1": {
				"color": [
					{ "time": 0, "color": "ffffffff" }
				],
				"attachment": [
					{ "time": 0, "name": "x1" }
				]
			},
			"yy4": {
				"color": [
					{ "time": 0, "color": "b0b0b0ff" },
					{ "time": 0.1666, "color": "858585ff" },
					{ "time": 0.4333, "color": "b0b0b0ff" }
				],
				"attachment": [
					{ "time": 0, "name": "yy2" }
				]
			}
		},
		"bones": {
			"1": {
				"translate": [
					{
						"time": 0,
						"x": 0,
						"y": 0,
						"curve": [ 0, 0.96, 0.33, 1 ]
					},
					{
						"time": 0.1666,
						"x": -31.98,
						"y": 27.39,
						"curve": [ 0.213, 0, 0.631, 0.06 ]
					},
					{
						"time": 0.3,
						"x": -23.32,
						"y": 22.57,
						"curve": [ 0.52, 0.15, 0.971, 0.44 ]
					},
					{ "time": 0.4333, "x": 0, "y": 0 }
				],
				"scale": [
					{
						"time": 0,
						"x": 1,
						"y": 1,
						"curve": [ 0, 0.96, 0.33, 1 ]
					},
					{
						"time": 0.1666,
						"x": 1.421,
						"y": 1.421,
						"curve": [ 0.226, 0, 0.628, 0.33 ]
					},
					{
						"time": 0.3,
						"x": 1.319,
						"y": 1.319,
						"curve": [ 0.456, 0.22, 0.874, 0.55 ]
					},
					{ "time": 0.4333, "x": 1, "y": 1 }
				]
			},
			"bone4": {
				"rotate": [
					{
						"time": 0,
						"angle": 0,
						"curve": [ 0.25, 0, 0.75, 1 ]
					},
					{ "time": 2.0666, "angle": 187.56 }
				],
				"translate": [
					{
						"time": 0,
						"x": -5.46,
						"y": -24.04,
						"curve": [ 0.217, 0.95, 0.75, 1 ]
					},
					{ "time": 1.5333, "x": 0, "y": 0 },
					{ "time": 2.0666, "x": 4.37, "y": 7.65 }
				],
				"scale": [
					{
						"time": 0,
						"x": 0.331,
						"y": 0.331,
						"curve": [ 0.189, 1, 0.75, 1 ]
					},
					{ "time": 1.5333, "x": 1, "y": 1 },
					{ "time": 2.0666, "x": 0.511, "y": 0.511 }
				]
			},
			"bone": {
				"translate": [
					{
						"time": 0,
						"x": -8.13,
						"y": -30.89,
						"curve": [ 0.12, 0.85, 0.75, 1 ]
					},
					{ "time": 0.1666, "x": -11.12, "y": 8.95 },
					{ "time": 0.5666, "x": -12.8, "y": -9.37, "curve": "stepped" },
					{ "time": 3.7333, "x": -12.8, "y": -9.37 }
				],
				"scale": [
					{
						"time": 0,
						"x": 0.72,
						"y": 0.72,
						"curve": [ 0.161, 0.71, 0.75, 1 ]
					},
					{ "time": 0.1666, "x": 0.88, "y": 0.88 },
					{ "time": 0.5666, "x": 1.039, "y": 1.039, "curve": "stepped" },
					{ "time": 3.7333, "x": 1.039, "y": 1.039 }
				]
			}
		},
		"deform": {
			"default": {
				"x1": {
					"x1": [
						{
							"time": 0,
							"curve": [ 0.001, 0.5, 0.333, 0.81 ]
						},
						{
							"time": 0.0666,
							"vertices": [ 2.63998, 12.73038, -4.67298, -28.0088, 3.06323, -14.2562, -0.11828, -0.38824, 1.7034, -4.09823, 25.32266, 12.52623, -1.47336, 11.56632, 3.44995, 8.04986, 3.44995, 8.04986, 3.44995, 8.04986, 3.34461, 6.40078, 4.09964, 10.51608, 4.15277, 12.26962 ],
							"curve": [ 0.189, 0.95, 0.522, 1 ]
						},
						{
							"time": 0.1666,
							"vertices": [ -0.86294, 1.02682, -4.97193, -29.80066, 3.2592, -15.16824, -0.12585, -0.41308, 1.81208, -4.36029, 23.54289, 11.85595, -5.23944, -0.2117, -0.00115, -3.95312, -0.00115, -3.95312, -0.00115, -3.95312, -0.11323, -5.7077, 0.69009, -1.32913, 0.74662, 0.53659 ],
							"curve": [ 0.25, 0, 0.895, 0.33 ]
						},
						{
							"time": 0.3,
							"vertices": [ 1.1312, 7.028, -0.09545, -19.68133, 2.9956, -9.63313, 3.35206, -2.25553, 1.58905, -3.88766, 19.13417, 8.57328, 6.89133, 6.40873, 13.36545, 4.53802, 13.36545, 4.53802, 1.69739, 4.53802, 6.15152, 3.66073, 2.60454, 5.85002, 3.58613, 6.78288 ]
						},
						{
							"time": 0.4333,
							"vertices": [ 6.87602, -7.59606, 4.78102, -9.56201, 2.73201, -4.09802, 6.82998, -4.09799, 1.36602, -3.41503, -0.85899, -1.96405, 0.89604, -8.19403, 6.87602, -7.59606, 6.87602, -7.59606, 6.87602, -7.59606, 6.87602, -7.59606, 6.87602, -7.59606, 6.87602, -7.59606 ],
							"curve": [ 0.25, 0, 0.75, 1 ]
						},
						{ "time": 0.7 }
					]
				}
			}
		},
		"events": [
			{ "time": 0, "name": "startEvent" }
		]
	},
	"start": {
		"slots": {
			"gaoguang": {
				"color": [
					{ "time": 0, "color": "ffffff00" }
				],
				"attachment": [
					{ "time": 0, "name": null }
				]
			},
			"guangquan": {
				"color": [
					{ "time": 0, "color": "ffffffa4" }
				],
				"attachment": [
					{ "time": 0, "name": null }
				]
			},
			"x1": {
				"color": [
					{ "time": 0, "color": "969696ff" }
				],
				"attachment": [
					{ "time": 0, "name": null },
					{ "time": 0.1666, "name": "x1" }
				]
			},
			"yy4": {
				"attachment": [
					{ "time": 0, "name": null },
					{ "time": 0.1666, "name": "yy2" }
				]
			}
		},
		"bones": {
			"1": {
				"translate": [
					{ "time": 0, "x": 0, "y": 0, "curve": "stepped" },
					{ "time": 0.8, "x": 0, "y": 0 }
				],
				"scale": [
					{ "time": 0, "x": 0.294, "y": 0.135 },
					{
						"time": 0.1666,
						"x": 0.796,
						"y": 0.426,
						"curve": [ 0.133, 0.95, 0.75, 1 ]
					},
					{
						"time": 0.3333,
						"x": 1.026,
						"y": 1.24,
						"curve": [ 0.25, 0, 0.75, 1 ]
					},
					{
						"time": 0.6,
						"x": 1,
						"y": 0.914,
						"curve": [ 0.25, 0, 0.75, 1 ]
					},
					{ "time": 0.8, "x": 1, "y": 1 }
				]
			},
			"bone4": {
				"rotate": [
					{ "time": 0, "angle": 0 }
				],
				"translate": [
					{ "time": 0, "x": 12.02, "y": -22.95 }
				]
			},
			"bone": {
				"translate": [
					{ "time": 0, "x": 0, "y": 0 }
				],
				"scale": [
					{ "time": 0, "x": 1, "y": 1 }
				]
			}
		},
		"deform": {
			"default": {
				"x1": {
					"x1": [
						{ "time": 0, "curve": "stepped" },
						{ "time": 0.8 }
					]
				}
			}
		}
	}
}
}