{
"skeleton": { "hash": "1bJDTHlwSaJ0Tpf0u0OjMHAdOFY", "spine": "3.4.02", "width": 0, "height": 0, "images": "./picture/" },
"bones": [
	{ "name": "root", "rotation": 0.16, "scaleX": 0.372, "scaleY": 0.372 },
	{ "name": "bone", "parent": "root", "rotation": -2.54, "y": -9.17, "scaleX": 2.95, "scaleY": 2.95 },
	{ "name": "gaoguang4", "parent": "bone", "rotation": -101.26, "x": -0.88, "y": -23.35, "scaleX": 0.567, "scaleY": 0.567 },
	{ "name": "gaoguang5", "parent": "bone", "rotation": -101.26, "x": -0.88, "y": -23.35, "scaleX": 0.567, "scaleY": 0.567 },
	{ "name": "gaoguang6", "parent": "bone", "rotation": -101.26, "x": -0.88, "y": -23.35, "scaleX": 0.567, "scaleY": 0.567 },
	{ "name": "gaoguang7", "parent": "bone", "rotation": -101.26, "x": -0.88, "y": -23.35, "scaleX": 0.567, "scaleY": 0.567 },
	{ "name": "gaoguang8", "parent": "bone", "rotation": -101.26, "x": -0.88, "y": -23.35, "scaleX": 0.567, "scaleY": 0.567 },
	{ "name": "gaoguang9", "parent": "bone", "rotation": -49.74, "x": 0.79, "y": 17.44, "scaleX": 0.567, "scaleY": 0.567 },
	{ "name": "gaoguang10", "parent": "bone", "rotation": -101.26, "x": 0.79, "y": 17.44, "scaleX": 0.567, "scaleY": 0.567 },
	{ "name": "gaoguang11", "parent": "bone", "rotation": 81.15, "x": 2.05, "y": 17.82, "scaleX": 0.567, "scaleY": 0.567 },
	{ "name": "gaoguang12", "parent": "bone", "rotation": -101.26, "x": -0.88, "y": -23.35, "scaleX": 0.567, "scaleY": 0.567 },
	{ "name": "gaoguang13", "parent": "bone", "rotation": -101.26, "x": -0.88, "y": -23.35, "scaleX": 0.567, "scaleY": 0.567 },
	{ "name": "gaoguang14", "parent": "bone", "rotation": -101.26, "x": -0.88, "y": -23.35, "scaleX": 0.567, "scaleY": 0.567 },
	{ "name": "gaoguang15", "parent": "bone", "rotation": -101.26, "x": -9.94, "y": 32.14, "scaleX": 0.567, "scaleY": 0.567 },
	{ "name": "gaoguang16", "parent": "bone", "rotation": -101.26, "x": -0.88, "y": -23.35, "scaleX": 0.567, "scaleY": 0.567 },
	{ "name": "gaoguang17", "parent": "bone", "rotation": -101.26, "x": -0.88, "y": -23.35, "scaleX": 0.567, "scaleY": 0.567 },
	{ "name": "gaoguang18", "parent": "bone", "rotation": -101.26, "x": -0.88, "y": -23.35, "scaleX": 0.567, "scaleY": 0.567 },
	{ "name": "gaoguang19", "parent": "bone", "rotation": -101.26, "x": 20.2, "y": -7.22, "scaleX": 0.567, "scaleY": 0.567 },
	{ "name": "gaoguang20", "parent": "bone", "rotation": -101.26, "x": 20.2, "y": -7.22, "scaleX": 0.567, "scaleY": 0.567 },
	{ "name": "gaoguang21", "parent": "bone", "rotation": -101.26, "x": 20.2, "y": -7.22, "scaleX": 0.567, "scaleY": 0.567 },
	{ "name": "gaoguang22", "parent": "bone", "rotation": -101.26, "x": -17.93, "y": -4.39, "scaleX": 0.567, "scaleY": 0.567 },
	{ "name": "gaoguang23", "parent": "bone", "rotation": -101.26, "x": -17.93, "y": -4.39, "scaleX": 0.567, "scaleY": 0.567 },
	{ "name": "gaoguang24", "parent": "bone", "rotation": -101.26, "x": -17.93, "y": -4.39, "scaleX": 0.567, "scaleY": 0.567 },
	{ "name": "gaoguang25", "parent": "bone", "rotation": -101.26, "x": -17.93, "y": -4.39, "scaleX": 0.567, "scaleY": 0.567 },
	{ "name": "gaoguang26", "parent": "bone", "rotation": -101.26, "x": -17.93, "y": -4.39, "scaleX": 0.567, "scaleY": 0.567 },
	{ "name": "gaoguang27", "parent": "bone", "rotation": -101.26, "x": -17.93, "y": -4.39, "scaleX": 0.567, "scaleY": 0.567 },
	{ "name": "gaoguang28", "parent": "bone", "rotation": -101.26, "x": -17.93, "y": -4.39, "scaleX": 0.567, "scaleY": 0.567 },
	{ "name": "gaoguang29", "parent": "bone", "rotation": -101.26, "x": 15.03, "y": -20.2, "scaleX": 0.567, "scaleY": 0.567 },
	{ "name": "gaoguang30", "parent": "bone", "rotation": -101.26, "x": -17.93, "y": -4.39, "scaleX": 0.567, "scaleY": 0.567 },
	{ "name": "gaoguang31", "parent": "bone", "rotation": -101.26, "x": -17.93, "y": -4.39, "scaleX": 0.567, "scaleY": 0.567 },
	{ "name": "gaoguang32", "parent": "bone", "rotation": -101.26, "x": -17.93, "y": -4.39, "scaleX": 0.567, "scaleY": 0.567 },
	{ "name": "gaoguang33", "parent": "bone", "rotation": -101.26, "x": -17.93, "y": -4.39, "scaleX": 0.567, "scaleY": 0.567 },
	{ "name": "gaoguang34", "parent": "bone", "rotation": -101.26, "x": -17.93, "y": -4.39, "scaleX": 0.567, "scaleY": 0.567 },
	{ "name": "gaoguang35", "parent": "bone", "rotation": -101.26, "x": -17.93, "y": -4.39, "scaleX": 0.567, "scaleY": 0.567 },
	{ "name": "gaoguang36", "parent": "bone", "rotation": -101.26, "x": 16.23, "y": -10.99, "scaleX": 0.567, "scaleY": 0.567 },
	{ "name": "gaoguang37", "parent": "bone", "rotation": -101.26, "x": 16.23, "y": -10.99, "scaleX": 0.567, "scaleY": 0.567 },
	{ "name": "gaoguang38", "parent": "bone", "rotation": -101.26, "x": 16.23, "y": -10.99, "scaleX": 0.567, "scaleY": 0.567 },
	{ "name": "gaoguang39", "parent": "bone", "rotation": -101.26, "x": 16.23, "y": -10.99, "scaleX": 0.567, "scaleY": 0.567 },
	{ "name": "gaoguang40", "parent": "bone", "rotation": -101.26, "x": 16.23, "y": -10.99, "scaleX": 0.567, "scaleY": 0.567 },
	{ "name": "gaoguang41", "parent": "bone", "rotation": -101.26, "x": 16.23, "y": -10.99, "scaleX": 0.567, "scaleY": 0.567 },
	{ "name": "gaoguang42", "parent": "bone", "rotation": -101.26, "x": 16.23, "y": -10.99, "scaleX": 0.567, "scaleY": 0.567 },
	{ "name": "gaoguang43", "parent": "bone", "rotation": -101.26, "x": 16.23, "y": -10.99, "scaleX": 0.567, "scaleY": 0.567 },
	{ "name": "gaoguang44", "parent": "bone", "rotation": -101.26, "x": 16.23, "y": -10.99, "scaleX": 0.567, "scaleY": 0.567 },
	{ "name": "gaoguang45", "parent": "bone", "rotation": -101.26, "x": 16.23, "y": -10.99, "scaleX": 0.567, "scaleY": 0.567 },
	{ "name": "gaoguang46", "parent": "bone", "rotation": -101.26, "x": 16.23, "y": -10.99, "scaleX": 0.567, "scaleY": 0.567 },
	{ "name": "gaoguang47", "parent": "bone", "rotation": -101.26, "x": 16.23, "y": -10.99, "scaleX": 0.567, "scaleY": 0.567 },
	{ "name": "gaoguang48", "parent": "bone", "rotation": -101.26, "x": 16.23, "y": -10.99, "scaleX": 0.567, "scaleY": 0.567 },
	{ "name": "gaoguang49", "parent": "bone", "rotation": -101.26, "x": -17.93, "y": -4.39, "scaleX": 0.567, "scaleY": 0.567 },
	{ "name": "gaoguang50", "parent": "bone", "rotation": -101.26, "x": -17.93, "y": -4.39, "scaleX": 0.567, "scaleY": 0.567 }
],
"slots": [
	{ "name": "buy/gaoguang4", "bone": "gaoguang4", "color": "fdffa3e7", "blend": "additive" },
	{ "name": "buy/gaoguang12", "bone": "gaoguang12", "color": "fdffa3e7", "blend": "additive" },
	{ "name": "buy/gaoguang16", "bone": "gaoguang16", "color": "fdffa3e7", "blend": "additive" },
	{ "name": "buy/gaoguang18", "bone": "gaoguang18", "color": "fdffa3e7", "blend": "additive" },
	{ "name": "buy/gaoguang17", "bone": "gaoguang17", "color": "fdffa3e7", "blend": "additive" },
	{ "name": "buy/gaoguang13", "bone": "gaoguang13", "color": "fdffa3e7", "blend": "additive" },
	{ "name": "buy/gaoguang14", "bone": "gaoguang14", "color": "fdffa3e7", "blend": "additive" },
	{ "name": "buy/gaoguang15", "bone": "gaoguang15", "color": "fdffa3e7", "blend": "additive" },
	{ "name": "buy/gaoguang5", "bone": "gaoguang5", "color": "fdffa3e7", "blend": "additive" },
	{ "name": "buy/gaoguang6", "bone": "gaoguang6", "color": "fdffa3e7", "blend": "additive" },
	{ "name": "buy/gaoguang7", "bone": "gaoguang7", "color": "fdffa3e7", "blend": "additive" },
	{ "name": "buy/gaoguang8", "bone": "gaoguang8", "color": "fdffa3e7", "blend": "additive" },
	{ "name": "buy/gaoguang9", "bone": "gaoguang9", "color": "fdffa3e7", "blend": "additive" },
	{ "name": "buy/gaoguang10", "bone": "gaoguang10", "color": "fdffa3e7", "blend": "additive" },
	{ "name": "buy/gaoguang11", "bone": "gaoguang11", "color": "fdffa3e7", "blend": "additive" },
	{ "name": "buy/gaoguang19", "bone": "gaoguang19", "color": "fdffa3e7", "blend": "additive" },
	{ "name": "buy/gaoguang20", "bone": "gaoguang20", "color": "fdffa3e7", "blend": "additive" },
	{ "name": "buy/gaoguang21", "bone": "gaoguang21", "color": "fdffa3e7", "blend": "additive" },
	{ "name": "buy/gaoguang22", "bone": "gaoguang22", "color": "fdffa3e7", "blend": "additive" },
	{ "name": "buy/gaoguang23", "bone": "gaoguang23", "color": "fdffa3e7", "blend": "additive" },
	{ "name": "buy/gaoguang29", "bone": "gaoguang29", "color": "fdffa3e7", "blend": "additive" },
	{ "name": "buy/gaoguang24", "bone": "gaoguang24", "color": "fdffa3e7", "blend": "additive" },
	{ "name": "buy/gaoguang25", "bone": "gaoguang25", "color": "fdffa3e7", "blend": "additive" },
	{ "name": "buy/gaoguang26", "bone": "gaoguang26", "color": "fdffa3e7", "blend": "additive" },
	{ "name": "buy/gaoguang27", "bone": "gaoguang27", "color": "fdffa3e7", "blend": "additive" },
	{ "name": "buy/gaoguang30", "bone": "gaoguang30", "color": "fdffa3e7", "blend": "additive" },
	{ "name": "buy/gaoguang31", "bone": "gaoguang31", "color": "fdffa3e7", "blend": "additive" },
	{ "name": "buy/gaoguang32", "bone": "gaoguang32", "color": "fdffa3e7", "blend": "additive" },
	{ "name": "buy/gaoguang33", "bone": "gaoguang33", "color": "fdffa3e7", "blend": "additive" },
	{ "name": "buy/gaoguang34", "bone": "gaoguang34", "color": "fdffa3e7", "blend": "additive" },
	{ "name": "buy/gaoguang49", "bone": "gaoguang49", "color": "fdffa3a6", "blend": "additive" },
	{ "name": "buy/gaoguang50", "bone": "gaoguang50", "color": "fdffa3a6", "blend": "additive" },
	{ "name": "buy/gaoguang35", "bone": "gaoguang35", "color": "fdffa3e7", "blend": "additive" },
	{ "name": "buy/gaoguang36", "bone": "gaoguang36", "color": "fdffa3e7", "blend": "additive" },
	{ "name": "buy/gaoguang37", "bone": "gaoguang37", "color": "fdffa3e7", "blend": "additive" },
	{ "name": "buy/gaoguang38", "bone": "gaoguang38", "color": "fdffa3e7", "blend": "additive" },
	{ "name": "buy/gaoguang39", "bone": "gaoguang39", "color": "fdffa3e7", "blend": "additive" },
	{ "name": "buy/gaoguang40", "bone": "gaoguang40", "color": "fdffa3e7", "blend": "additive" },
	{ "name": "buy/gaoguang41", "bone": "gaoguang41", "color": "fdffa3e7", "blend": "additive" },
	{ "name": "buy/gaoguang42", "bone": "gaoguang42", "color": "fdffa3e7", "blend": "additive" },
	{ "name": "buy/gaoguang43", "bone": "gaoguang43", "color": "fdffa3e7", "blend": "additive" },
	{ "name": "buy/gaoguang44", "bone": "gaoguang44", "color": "fdffa3e7", "blend": "additive" },
	{ "name": "buy/gaoguang45", "bone": "gaoguang45", "color": "fdffa3e7", "blend": "additive" },
	{ "name": "buy/gaoguang46", "bone": "gaoguang46", "color": "fdffa3e7", "blend": "additive" },
	{ "name": "buy/gaoguang47", "bone": "gaoguang47", "color": "fdffa3e7", "blend": "additive" },
	{ "name": "buy/gaoguang48", "bone": "gaoguang48", "color": "fdffa3e7", "blend": "additive" },
	{ "name": "buy/gaoguang28", "bone": "gaoguang28", "color": "fdffa3e7", "blend": "additive" }
],
"skins": {
	"default": {
		"buy/gaoguang10": {
			"buy/gaoguang2": { "x": -1.99, "y": 3.35, "scaleX": 0.408, "scaleY": 0.408, "rotation": 51.51, "width": 167, "height": 156 }
		},
		"buy/gaoguang11": {
			"buy/gaoguang2": { "x": 0.85, "y": -1.34, "scaleX": 0.408, "scaleY": 0.408, "rotation": -130.9, "width": 167, "height": 156 }
		},
		"buy/gaoguang12": {
			"buy/gaoguang2": { "x": -1.99, "y": 3.35, "scaleX": 0.408, "scaleY": 0.408, "rotation": 51.51, "width": 167, "height": 156 }
		},
		"buy/gaoguang13": {
			"buy/gaoguang2": { "x": -1.99, "y": 3.35, "scaleX": 0.408, "scaleY": 0.408, "rotation": 51.51, "width": 167, "height": 156 }
		},
		"buy/gaoguang14": {
			"buy/gaoguang2": { "x": -1.99, "y": 3.35, "scaleX": 0.408, "scaleY": 0.408, "rotation": 51.51, "width": 167, "height": 156 }
		},
		"buy/gaoguang15": {
			"buy/gaoguang2": { "x": -1.99, "y": 3.35, "scaleX": 0.408, "scaleY": 0.408, "rotation": 51.51, "width": 167, "height": 156 }
		},
		"buy/gaoguang16": {
			"buy/gaoguang2": { "x": -1.99, "y": 3.35, "scaleX": 0.408, "scaleY": 0.408, "rotation": 51.51, "width": 167, "height": 156 }
		},
		"buy/gaoguang17": {
			"buy/gaoguang2": { "x": -1.99, "y": 3.35, "scaleX": 0.408, "scaleY": 0.408, "rotation": 51.51, "width": 167, "height": 156 }
		},
		"buy/gaoguang18": {
			"buy/gaoguang2": { "x": -1.99, "y": 3.35, "scaleX": 0.408, "scaleY": 0.408, "rotation": 51.51, "width": 167, "height": 156 }
		},
		"buy/gaoguang19": {
			"buy/gaoguang2": { "x": -1.99, "y": 3.35, "scaleX": 0.408, "scaleY": 0.408, "rotation": 51.51, "width": 167, "height": 156 }
		},
		"buy/gaoguang20": {
			"buy/gaoguang2": { "x": -1.99, "y": 3.35, "scaleX": 0.408, "scaleY": 0.408, "rotation": 51.51, "width": 167, "height": 156 }
		},
		"buy/gaoguang21": {
			"buy/gaoguang2": { "x": -1.99, "y": 3.35, "scaleX": 0.408, "scaleY": 0.408, "rotation": 51.51, "width": 167, "height": 156 }
		},
		"buy/gaoguang22": {
			"buy/gaoguang2": { "x": -1.99, "y": 3.35, "scaleX": 0.408, "scaleY": 0.408, "rotation": 51.51, "width": 167, "height": 156 }
		},
		"buy/gaoguang23": {
			"buy/gaoguang2": { "x": -1.99, "y": 3.35, "scaleX": 0.408, "scaleY": 0.408, "rotation": 51.51, "width": 167, "height": 156 }
		},
		"buy/gaoguang24": {
			"buy/gaoguang2": { "x": -1.99, "y": 3.35, "scaleX": 0.408, "scaleY": 0.408, "rotation": 51.51, "width": 167, "height": 156 }
		},
		"buy/gaoguang25": {
			"buy/gaoguang2": { "x": -1.99, "y": 3.35, "scaleX": 0.408, "scaleY": 0.408, "rotation": 51.51, "width": 167, "height": 156 }
		},
		"buy/gaoguang26": {
			"buy/gaoguang2": { "x": -1.99, "y": 3.35, "scaleX": 0.408, "scaleY": 0.408, "rotation": 51.51, "width": 167, "height": 156 }
		},
		"buy/gaoguang27": {
			"buy/gaoguang2": { "x": -1.99, "y": 3.35, "scaleX": 0.408, "scaleY": 0.408, "rotation": 51.51, "width": 167, "height": 156 }
		},
		"buy/gaoguang28": {
			"buy/gaoguang2": { "x": -1.99, "y": 3.35, "scaleX": 0.408, "scaleY": 0.408, "rotation": 51.51, "width": 167, "height": 156 }
		},
		"buy/gaoguang29": {
			"buy/gaoguang2": { "x": -1.99, "y": 3.35, "scaleX": 0.408, "scaleY": 0.408, "rotation": 51.51, "width": 167, "height": 156 }
		},
		"buy/gaoguang30": {
			"buy/gaoguang2": { "x": -1.99, "y": 3.35, "scaleX": 0.408, "scaleY": 0.408, "rotation": 51.51, "width": 167, "height": 156 }
		},
		"buy/gaoguang31": {
			"buy/gaoguang2": { "x": -1.99, "y": 3.35, "scaleX": 0.408, "scaleY": 0.408, "rotation": 51.51, "width": 167, "height": 156 }
		},
		"buy/gaoguang32": {
			"buy/gaoguang2": { "x": -1.99, "y": 3.35, "scaleX": 0.408, "scaleY": 0.408, "rotation": 51.51, "width": 167, "height": 156 }
		},
		"buy/gaoguang33": {
			"buy/gaoguang2": { "x": -1.99, "y": 3.35, "scaleX": 0.408, "scaleY": 0.408, "rotation": 51.51, "width": 167, "height": 156 }
		},
		"buy/gaoguang34": {
			"buy/gaoguang2": { "x": -1.99, "y": 3.35, "scaleX": 0.408, "scaleY": 0.408, "rotation": 51.51, "width": 167, "height": 156 }
		},
		"buy/gaoguang35": {
			"buy/gaoguang2": { "x": -1.99, "y": 3.35, "scaleX": 0.408, "scaleY": 0.408, "rotation": 51.51, "width": 167, "height": 156 }
		},
		"buy/gaoguang36": {
			"buy/gaoguang2": { "x": -1.99, "y": 3.35, "scaleX": 0.408, "scaleY": 0.408, "rotation": 51.51, "width": 167, "height": 156 }
		},
		"buy/gaoguang37": {
			"buy/gaoguang2": { "x": -1.99, "y": 3.35, "scaleX": 0.408, "scaleY": 0.408, "rotation": 51.51, "width": 167, "height": 156 }
		},
		"buy/gaoguang38": {
			"buy/gaoguang2": { "x": -1.99, "y": 3.35, "scaleX": 0.408, "scaleY": 0.408, "rotation": 51.51, "width": 167, "height": 156 }
		},
		"buy/gaoguang39": {
			"buy/gaoguang2": { "x": -1.99, "y": 3.35, "scaleX": 0.408, "scaleY": 0.408, "rotation": 51.51, "width": 167, "height": 156 }
		},
		"buy/gaoguang4": {
			"buy/gaoguang2": { "x": -1.99, "y": 3.35, "scaleX": 0.408, "scaleY": 0.408, "rotation": 51.51, "width": 167, "height": 156 }
		},
		"buy/gaoguang40": {
			"buy/gaoguang2": { "x": -1.99, "y": 3.35, "scaleX": 0.408, "scaleY": 0.408, "rotation": 51.51, "width": 167, "height": 156 }
		},
		"buy/gaoguang41": {
			"buy/gaoguang2": { "x": -1.99, "y": 3.35, "scaleX": 0.408, "scaleY": 0.408, "rotation": 51.51, "width": 167, "height": 156 }
		},
		"buy/gaoguang42": {
			"buy/gaoguang2": { "x": -1.99, "y": 3.35, "scaleX": 0.408, "scaleY": 0.408, "rotation": 51.51, "width": 167, "height": 156 }
		},
		"buy/gaoguang43": {
			"buy/gaoguang2": { "x": -1.99, "y": 3.35, "scaleX": 0.408, "scaleY": 0.408, "rotation": 51.51, "width": 167, "height": 156 }
		},
		"buy/gaoguang44": {
			"buy/gaoguang2": { "x": -1.99, "y": 3.35, "scaleX": 0.408, "scaleY": 0.408, "rotation": 51.51, "width": 167, "height": 156 }
		},
		"buy/gaoguang45": {
			"buy/gaoguang2": { "x": -1.99, "y": 3.35, "scaleX": 0.408, "scaleY": 0.408, "rotation": 51.51, "width": 167, "height": 156 }
		},
		"buy/gaoguang46": {
			"buy/gaoguang2": { "x": -1.99, "y": 3.35, "scaleX": 0.408, "scaleY": 0.408, "rotation": 51.51, "width": 167, "height": 156 }
		},
		"buy/gaoguang47": {
			"buy/gaoguang2": { "x": -1.99, "y": 3.35, "scaleX": 0.408, "scaleY": 0.408, "rotation": 51.51, "width": 167, "height": 156 }
		},
		"buy/gaoguang48": {
			"buy/gaoguang2": { "x": -1.99, "y": 3.35, "scaleX": 0.408, "scaleY": 0.408, "rotation": 51.51, "width": 167, "height": 156 }
		},
		"buy/gaoguang49": {
			"buy/gaoguang2": { "x": -1.99, "y": 3.35, "scaleX": 0.408, "scaleY": 0.408, "rotation": 51.51, "width": 167, "height": 156 }
		},
		"buy/gaoguang5": {
			"buy/gaoguang2": { "x": -1.99, "y": 3.35, "scaleX": 0.408, "scaleY": 0.408, "rotation": 51.51, "width": 167, "height": 156 }
		},
		"buy/gaoguang50": {
			"buy/gaoguang2": { "x": -1.99, "y": 3.35, "scaleX": 0.408, "scaleY": 0.408, "rotation": 51.51, "width": 167, "height": 156 }
		},
		"buy/gaoguang6": {
			"buy/gaoguang2": { "x": -1.99, "y": 3.35, "scaleX": 0.408, "scaleY": 0.408, "rotation": 51.51, "width": 167, "height": 156 }
		},
		"buy/gaoguang7": {
			"buy/gaoguang2": { "x": -1.99, "y": 3.35, "scaleX": 0.408, "scaleY": 0.408, "rotation": 51.51, "width": 167, "height": 156 }
		},
		"buy/gaoguang8": {
			"buy/gaoguang2": { "x": -1.99, "y": 3.35, "scaleX": 0.408, "scaleY": 0.408, "rotation": 51.51, "width": 167, "height": 156 }
		},
		"buy/gaoguang9": {
			"buy/gaoguang2": { "x": 1.37, "y": 3.65, "scaleX": 0.408, "scaleY": 0.408, "width": 167, "height": 156 }
		}
	}
},
"animations": {
	"run": {
		"slots": {
			"buy/gaoguang4": {
				"color": [
					{ "time": 0.0333, "color": "fdffa3e7" },
					{
						"time": 0.2,
						"color": "fdffa3fc",
						"curve": [ 0.25, 0, 0.83, 0.27 ]
					},
					{ "time": 0.9333, "color": "fdffa392" }
				],
				"attachment": [
					{ "time": 0, "name": null },
					{ "time": 0.0333, "name": "buy/gaoguang2" },
					{ "time": 1.5333, "name": null }
				]
			},
			"buy/gaoguang5": {
				"color": [
					{ "time": 0.0333, "color": "fdffa3e7" },
					{
						"time": 0.2,
						"color": "fdffa3fc",
						"curve": [ 0.25, 0, 0.83, 0.27 ]
					},
					{ "time": 0.9333, "color": "fdffa392" }
				],
				"attachment": [
					{ "time": 0, "name": null },
					{ "time": 0.0333, "name": "buy/gaoguang2" },
					{ "time": 0.6, "name": null }
				]
			},
			"buy/gaoguang6": {
				"color": [
					{ "time": 0.0333, "color": "fdffa3e7" },
					{
						"time": 0.2,
						"color": "fdffa3fc",
						"curve": [ 0.25, 0, 0.83, 0.27 ]
					},
					{ "time": 0.9333, "color": "fdffa392" }
				],
				"attachment": [
					{ "time": 0, "name": null },
					{ "time": 0.0333, "name": "buy/gaoguang2" },
					{ "time": 2.3666, "name": null }
				]
			},
			"buy/gaoguang7": {
				"attachment": [
					{ "time": 0, "name": null }
				]
			},
			"buy/gaoguang8": {
				"color": [
					{ "time": 0.0333, "color": "fdffa3e7" },
					{
						"time": 0.2,
						"color": "fdffa3fc",
						"curve": [ 0.25, 0, 0.83, 0.27 ]
					},
					{ "time": 0.9333, "color": "fdffa392" }
				],
				"attachment": [
					{ "time": 0, "name": null },
					{ "time": 0.0333, "name": "buy/gaoguang2" },
					{ "time": 1.7, "name": null }
				]
			},
			"buy/gaoguang9": {
				"color": [
					{ "time": 0.0333, "color": "fdffa3e7" },
					{
						"time": 0.2,
						"color": "fdffa3fc",
						"curve": [ 0.25, 0, 0.83, 0.27 ]
					},
					{ "time": 0.9333, "color": "fdffa392" }
				],
				"attachment": [
					{ "time": 0, "name": null },
					{ "time": 0.0333, "name": "buy/gaoguang2" },
					{ "time": 1.3666, "name": null }
				]
			},
			"buy/gaoguang10": {
				"color": [
					{ "time": 0.0333, "color": "fdffa3e7" },
					{
						"time": 0.2,
						"color": "fdffa3fc",
						"curve": [ 0.25, 0, 0.83, 0.27 ]
					},
					{ "time": 0.9333, "color": "fdffa392" }
				],
				"attachment": [
					{ "time": 0, "name": null },
					{ "time": 0.0333, "name": "buy/gaoguang2" },
					{ "time": 2.1333, "name": null }
				]
			},
			"buy/gaoguang11": {
				"attachment": [
					{ "time": 0, "name": null }
				]
			},
			"buy/gaoguang12": {
				"color": [
					{ "time": 0.0333, "color": "fdffa3e7" },
					{
						"time": 0.2,
						"color": "fdffa3fc",
						"curve": [ 0.25, 0, 0.83, 0.27 ]
					},
					{ "time": 0.9333, "color": "fdffa392" }
				],
				"attachment": [
					{ "time": 0, "name": null },
					{ "time": 0.0333, "name": "buy/gaoguang2" },
					{ "time": 1.3333, "name": null }
				]
			},
			"buy/gaoguang13": {
				"color": [
					{ "time": 0.0333, "color": "fdffa3e7" },
					{
						"time": 0.2,
						"color": "fdffa3fc",
						"curve": [ 0.25, 0, 0.83, 0.27 ]
					},
					{ "time": 0.9333, "color": "fdffa392" }
				],
				"attachment": [
					{ "time": 0, "name": null },
					{ "time": 0.0333, "name": "buy/gaoguang2" },
					{ "time": 0.7666, "name": null }
				]
			},
			"buy/gaoguang14": {
				"color": [
					{ "time": 0.0333, "color": "fdffa3e7" },
					{
						"time": 0.2,
						"color": "fdffa3fc",
						"curve": [ 0.25, 0, 0.83, 0.27 ]
					},
					{ "time": 0.9333, "color": "fdffa392" }
				],
				"attachment": [
					{ "time": 0, "name": null },
					{ "time": 0.0333, "name": "buy/gaoguang2" },
					{ "time": 1.0666, "name": null }
				]
			},
			"buy/gaoguang15": {
				"color": [
					{ "time": 0.0333, "color": "fdffa3e7" },
					{
						"time": 0.2,
						"color": "fdffa3fc",
						"curve": [ 0.25, 0, 0.83, 0.27 ]
					},
					{ "time": 0.9333, "color": "fdffa392" }
				],
				"attachment": [
					{ "time": 0, "name": null },
					{ "time": 0.1333, "name": "buy/gaoguang2" },
					{ "time": 1, "name": null }
				]
			},
			"buy/gaoguang16": {
				"color": [
					{ "time": 0.0333, "color": "fdffa3e7" },
					{
						"time": 0.2,
						"color": "fdffa3fc",
						"curve": [ 0.25, 0, 0.83, 0.27 ]
					},
					{ "time": 0.9333, "color": "fdffa392" }
				],
				"attachment": [
					{ "time": 0, "name": null },
					{ "time": 0.0333, "name": "buy/gaoguang2" },
					{ "time": 0.6, "name": null }
				]
			},
			"buy/gaoguang17": {
				"attachment": [
					{ "time": 0, "name": null }
				]
			},
			"buy/gaoguang18": {
				"color": [
					{ "time": 0.0333, "color": "fdffa3e7" },
					{
						"time": 0.2,
						"color": "fdffa3fc",
						"curve": [ 0.25, 0, 0.83, 0.27 ]
					},
					{ "time": 0.9333, "color": "fdffa392" }
				],
				"attachment": [
					{ "time": 0, "name": null },
					{ "time": 0.0333, "name": "buy/gaoguang2" },
					{ "time": 1.2333, "name": null }
				]
			},
			"buy/gaoguang19": {
				"attachment": [
					{ "time": 0, "name": null }
				]
			},
			"buy/gaoguang20": {
				"color": [
					{ "time": 0.0333, "color": "fdffa3e7" },
					{
						"time": 0.2,
						"color": "fdffa3fc",
						"curve": [ 0.25, 0, 0.83, 0.27 ]
					},
					{ "time": 0.9333, "color": "fdffa392" }
				],
				"attachment": [
					{ "time": 0, "name": null },
					{ "time": 0.0333, "name": "buy/gaoguang2" },
					{ "time": 0.8666, "name": null }
				]
			},
			"buy/gaoguang21": {
				"color": [
					{ "time": 0.0333, "color": "fdffa3e7" },
					{
						"time": 0.2,
						"color": "fdffa3fc",
						"curve": [ 0.25, 0, 0.83, 0.27 ]
					},
					{ "time": 0.9333, "color": "fdffa392" }
				],
				"attachment": [
					{ "time": 0, "name": null },
					{ "time": 0.0333, "name": "buy/gaoguang2" },
					{ "time": 1.2333, "name": null }
				]
			},
			"buy/gaoguang22": {
				"color": [
					{ "time": 0.0333, "color": "fdffa3e7" },
					{
						"time": 0.2,
						"color": "fdffa3fc",
						"curve": [ 0.25, 0, 0.83, 0.27 ]
					},
					{ "time": 0.9333, "color": "fdffa392" }
				],
				"attachment": [
					{ "time": 0, "name": null },
					{ "time": 0.3333, "name": "buy/gaoguang2" },
					{ "time": 1.6, "name": null }
				]
			},
			"buy/gaoguang23": {
				"attachment": [
					{ "time": 0, "name": null }
				]
			},
			"buy/gaoguang24": {
				"attachment": [
					{ "time": 0, "name": null }
				]
			},
			"buy/gaoguang25": {
				"color": [
					{ "time": 0.0333, "color": "fdffa3e7" },
					{
						"time": 0.2,
						"color": "fdffa3fc",
						"curve": [ 0.25, 0, 0.83, 0.27 ]
					},
					{ "time": 0.9333, "color": "fdffa392" }
				],
				"attachment": [
					{ "time": 0, "name": null },
					{ "time": 0.0333, "name": "buy/gaoguang2" },
					{ "time": 0.6, "name": null }
				]
			},
			"buy/gaoguang26": {
				"color": [
					{ "time": 0.0333, "color": "fdffa3e7" },
					{
						"time": 0.2,
						"color": "fdffa3fc",
						"curve": [ 0.25, 0, 0.83, 0.27 ]
					},
					{ "time": 0.9333, "color": "fdffa392" }
				],
				"attachment": [
					{ "time": 0, "name": null },
					{ "time": 0.0333, "name": "buy/gaoguang2" },
					{ "time": 0.6, "name": null }
				]
			},
			"buy/gaoguang27": {
				"color": [
					{ "time": 0.0333, "color": "fdffa3e7" },
					{
						"time": 0.2,
						"color": "fdffa3fc",
						"curve": [ 0.25, 0, 0.83, 0.27 ]
					},
					{ "time": 0.9333, "color": "fdffa392" }
				],
				"attachment": [
					{ "time": 0, "name": null },
					{ "time": 0.0333, "name": "buy/gaoguang2" },
					{ "time": 0.6666, "name": null }
				]
			},
			"buy/gaoguang28": {
				"color": [
					{ "time": 0.0333, "color": "fdffa3e7" },
					{
						"time": 0.2,
						"color": "fdffa3fc",
						"curve": [ 0.25, 0, 0.83, 0.27 ]
					},
					{ "time": 0.9333, "color": "fdffa392" }
				],
				"attachment": [
					{ "time": 0, "name": null },
					{ "time": 0.0333, "name": "buy/gaoguang2" },
					{ "time": 0.4666, "name": null }
				]
			},
			"buy/gaoguang29": {
				"color": [
					{ "time": 0.0333, "color": "fdffa3e7" },
					{
						"time": 0.2,
						"color": "fdffa3fc",
						"curve": [ 0.25, 0, 0.83, 0.27 ]
					},
					{ "time": 0.9333, "color": "fdffa392" }
				],
				"attachment": [
					{ "time": 0, "name": null },
					{ "time": 0.0333, "name": "buy/gaoguang2" },
					{ "time": 1, "name": null }
				]
			},
			"buy/gaoguang30": {
				"color": [
					{ "time": 0.0333, "color": "fdffa3e7" },
					{
						"time": 0.2,
						"color": "fdffa3fc",
						"curve": [ 0.25, 0, 0.83, 0.27 ]
					},
					{ "time": 0.9333, "color": "fdffa392" }
				],
				"attachment": [
					{ "time": 0, "name": null },
					{ "time": 0.0333, "name": "buy/gaoguang2" },
					{ "time": 1.2333, "name": null }
				]
			},
			"buy/gaoguang31": {
				"attachment": [
					{ "time": 0, "name": null }
				]
			},
			"buy/gaoguang32": {
				"attachment": [
					{ "time": 0, "name": null }
				]
			},
			"buy/gaoguang33": {
				"color": [
					{ "time": 0.0333, "color": "fdffa3e7" },
					{
						"time": 0.2,
						"color": "fdffa3fc",
						"curve": [ 0.25, 0, 0.83, 0.27 ]
					},
					{ "time": 0.9333, "color": "fdffa392" }
				],
				"attachment": [
					{ "time": 0, "name": null },
					{ "time": 0.0333, "name": "buy/gaoguang2" },
					{ "time": 0.9333, "name": null }
				]
			},
			"buy/gaoguang34": {
				"color": [
					{ "time": 0.0333, "color": "fdffa3e7" },
					{
						"time": 0.2,
						"color": "fdffa3fc",
						"curve": [ 0.25, 0, 0.83, 0.27 ]
					},
					{ "time": 0.9333, "color": "fdffa392" }
				],
				"attachment": [
					{ "time": 0, "name": null },
					{ "time": 0.0333, "name": "buy/gaoguang2" },
					{ "time": 1.6, "name": null }
				]
			},
			"buy/gaoguang35": {
				"attachment": [
					{ "time": 0, "name": null }
				]
			},
			"buy/gaoguang36": {
				"color": [
					{ "time": 0.0333, "color": "fdffa3e7" },
					{
						"time": 0.2,
						"color": "fdffa3fc",
						"curve": [ 0.25, 0, 0.83, 0.27 ]
					},
					{ "time": 0.9333, "color": "fdffa392" }
				],
				"attachment": [
					{ "time": 0, "name": null },
					{ "time": 0.0333, "name": "buy/gaoguang2" },
					{ "time": 1.6, "name": null }
				]
			},
			"buy/gaoguang37": {
				"color": [
					{ "time": 0.0333, "color": "fdffa3e7" },
					{
						"time": 0.2,
						"color": "fdffa3fc",
						"curve": [ 0.25, 0, 0.83, 0.27 ]
					},
					{ "time": 0.9333, "color": "fdffa392" }
				],
				"attachment": [
					{ "time": 0, "name": null },
					{ "time": 0.0333, "name": "buy/gaoguang2" },
					{ "time": 1.5333, "name": null }
				]
			},
			"buy/gaoguang38": {
				"attachment": [
					{ "time": 0, "name": null }
				]
			},
			"buy/gaoguang39": {
				"color": [
					{ "time": 0.0333, "color": "fdffa3e7" },
					{
						"time": 0.2,
						"color": "fdffa3fc",
						"curve": [ 0.25, 0, 0.83, 0.27 ]
					},
					{ "time": 0.9333, "color": "fdffa392" }
				],
				"attachment": [
					{ "time": 0, "name": null },
					{ "time": 0.0333, "name": "buy/gaoguang2" },
					{ "time": 1.5333, "name": null }
				]
			},
			"buy/gaoguang40": {
				"color": [
					{ "time": 0.0333, "color": "fdffa3e7" },
					{
						"time": 0.2,
						"color": "fdffa3fc",
						"curve": [ 0.25, 0, 0.83, 0.27 ]
					},
					{ "time": 0.9333, "color": "fdffa392" }
				],
				"attachment": [
					{ "time": 0, "name": null },
					{ "time": 0.0333, "name": "buy/gaoguang2" },
					{ "time": 1.6333, "name": null }
				]
			},
			"buy/gaoguang41": {
				"color": [
					{ "time": 0.0333, "color": "fdffa3e7" },
					{
						"time": 0.2,
						"color": "fdffa3fc",
						"curve": [ 0.25, 0, 0.83, 0.27 ]
					},
					{ "time": 0.9333, "color": "fdffa392" }
				],
				"attachment": [
					{ "time": 0, "name": null },
					{ "time": 0.0333, "name": "buy/gaoguang2" },
					{ "time": 1.5, "name": null }
				]
			},
			"buy/gaoguang42": {
				"color": [
					{ "time": 0.0333, "color": "fdffa3e7" },
					{
						"time": 0.2,
						"color": "fdffa3fc",
						"curve": [ 0.25, 0, 0.83, 0.27 ]
					},
					{ "time": 0.9333, "color": "fdffa392" }
				],
				"attachment": [
					{ "time": 0, "name": null },
					{ "time": 0.0333, "name": "buy/gaoguang2" },
					{ "time": 0.9333, "name": null }
				]
			},
			"buy/gaoguang43": {
				"color": [
					{ "time": 0.0333, "color": "fdffa3e7" },
					{
						"time": 0.2,
						"color": "fdffa3fc",
						"curve": [ 0.25, 0, 0.83, 0.27 ]
					},
					{ "time": 0.9333, "color": "fdffa392" }
				],
				"attachment": [
					{ "time": 0, "name": null },
					{ "time": 0.0333, "name": "buy/gaoguang2" },
					{ "time": 1.1333, "name": null }
				]
			},
			"buy/gaoguang44": {
				"color": [
					{ "time": 0.0333, "color": "fdffa3e7" },
					{
						"time": 0.2,
						"color": "fdffa3fc",
						"curve": [ 0.25, 0, 0.83, 0.27 ]
					},
					{ "time": 0.9333, "color": "fdffa392" }
				],
				"attachment": [
					{ "time": 0, "name": null },
					{ "time": 0.0333, "name": "buy/gaoguang2" },
					{ "time": 1.2, "name": null }
				]
			},
			"buy/gaoguang45": {
				"color": [
					{ "time": 0.0333, "color": "fdffa3e7" },
					{
						"time": 0.2,
						"color": "fdffa3fc",
						"curve": [ 0.25, 0, 0.83, 0.27 ]
					},
					{ "time": 0.9333, "color": "fdffa392" }
				],
				"attachment": [
					{ "time": 0, "name": null },
					{ "time": 0.0333, "name": "buy/gaoguang2" },
					{ "time": 0.9333, "name": null }
				]
			},
			"buy/gaoguang46": {
				"attachment": [
					{ "time": 0, "name": null }
				]
			},
			"buy/gaoguang47": {
				"color": [
					{ "time": 0.0333, "color": "fdffa3e7" },
					{
						"time": 0.2,
						"color": "fdffa3fc",
						"curve": [ 0.25, 0, 0.83, 0.27 ]
					},
					{ "time": 0.9333, "color": "fdffa392" }
				],
				"attachment": [
					{ "time": 0, "name": null },
					{ "time": 0.0333, "name": "buy/gaoguang2" },
					{ "time": 1.4, "name": null }
				]
			},
			"buy/gaoguang48": {
				"color": [
					{ "time": 0.0333, "color": "fdffa3e7" },
					{
						"time": 0.2,
						"color": "fdffa3fc",
						"curve": [ 0.25, 0, 0.83, 0.27 ]
					},
					{ "time": 0.9333, "color": "fdffa392" }
				],
				"attachment": [
					{ "time": 0, "name": null },
					{ "time": 0.0333, "name": "buy/gaoguang2" },
					{ "time": 1.4, "name": null }
				]
			},
			"buy/gaoguang49": {
				"attachment": [
					{ "time": 0, "name": null }
				]
			},
			"buy/gaoguang50": {
				"attachment": [
					{ "time": 0, "name": null },
					{ "time": 0.0333, "name": "buy/gaoguang2" },
					{ "time": 0.5666, "name": null }
				]
			}
		},
		"bones": {
			"gaoguang4": {
				"rotate": [
					{ "time": 0, "angle": 0 },
					{ "time": 0.0333, "angle": -23.8 },
					{ "time": 0.4, "angle": -55.57 },
					{ "time": 1.5333, "angle": 136.96 }
				],
				"translate": [
					{ "time": 0, "x": 0, "y": 0, "curve": "stepped" },
					{
						"time": 0.0333,
						"x": 0,
						"y": 0,
						"curve": [ 0.098, 0.87, 0.75, 1 ]
					},
					{
						"time": 0.4,
						"x": 218.47,
						"y": 336.8,
						"curve": [ 0.25, 0, 0.681, 0.24 ]
					},
					{ "time": 1.5333, "x": 311.15, "y": -226.82 }
				],
				"scale": [
					{ "time": 0, "x": 1, "y": 1 },
					{
						"time": 0.0333,
						"x": 2.747,
						"y": 1.016,
						"curve": [ 0.394, 0, 0.927, 0.59 ]
					},
					{
						"time": 0.4,
						"x": 2.061,
						"y": 2.061,
						"curve": [ 0.213, 0.57, 0.75, 1 ]
					},
					{ "time": 1.5333, "x": 0.363, "y": 0.363 }
				]
			},
			"gaoguang5": {
				"rotate": [
					{ "time": 0, "angle": 0, "curve": "stepped" },
					{ "time": 0.0333, "angle": 0 },
					{ "time": 0.3333, "angle": -83.59 },
					{ "time": 0.6, "angle": 167.6 }
				],
				"translate": [
					{ "time": 0, "x": 0, "y": 0, "curve": "stepped" },
					{
						"time": 0.0333,
						"x": 0,
						"y": 0,
						"curve": [ 0.089, 0.93, 0.75, 1 ]
					},
					{ "time": 0.3333, "x": 213.96, "y": -12.52 },
					{ "time": 0.6, "x": 288.56, "y": -87.64 }
				],
				"scale": [
					{ "time": 0, "x": 1, "y": 1 },
					{
						"time": 0.0333,
						"x": 0.531,
						"y": 0.531,
						"curve": [ 0.169, 0.75, 0.752, 0.88 ]
					},
					{
						"time": 0.3333,
						"x": 1.459,
						"y": 1.459,
						"curve": [ 0.244, 0.34, 0.75, 1 ]
					},
					{ "time": 0.6, "x": 0.409, "y": 0.409 }
				]
			},
			"gaoguang6": {
				"rotate": [
					{ "time": 0, "angle": 0, "curve": "stepped" },
					{ "time": 0.0333, "angle": 0 },
					{ "time": 0.4, "angle": -78.7 },
					{ "time": 1.1333, "angle": 162.73 },
					{ "time": 2.3666, "angle": -8.29 }
				],
				"translate": [
					{ "time": 0, "x": 0, "y": 0 },
					{
						"time": 0.0333,
						"x": 22.37,
						"y": 21.25,
						"curve": [ 0.22, 0.66, 0.75, 1 ]
					},
					{ "time": 0.4, "x": 75.31, "y": -48.97 },
					{ "time": 2.3666, "x": 123.23, "y": -484.59 }
				],
				"scale": [
					{ "time": 0, "x": 1, "y": 1 },
					{ "time": 0.0333, "x": 0.285, "y": 0.285 },
					{ "time": 0.4, "x": 0.956, "y": 0.956 },
					{ "time": 2.3666, "x": 0.236, "y": 0.236 }
				]
			},
			"gaoguang7": {
				"rotate": [
					{ "time": 0, "angle": 0 }
				],
				"translate": [
					{ "time": 0, "x": 0, "y": 0 }
				],
				"scale": [
					{ "time": 0, "x": 1, "y": 1 }
				]
			},
			"gaoguang8": {
				"rotate": [
					{ "time": 0, "angle": 0, "curve": "stepped" },
					{ "time": 0.0333, "angle": 0 },
					{ "time": 0.4, "angle": -89.6 },
					{ "time": 1.7, "angle": 128.45 }
				],
				"translate": [
					{ "time": 0, "x": 0, "y": 0 },
					{
						"time": 0.0333,
						"x": 17.11,
						"y": 13.03,
						"curve": [ 0.151, 0.66, 0.611, 0.91 ]
					},
					{ "time": 0.4, "x": 109.07, "y": -196.33 },
					{ "time": 1.7, "x": 83.63, "y": -705.97 }
				],
				"scale": [
					{ "time": 0, "x": 1, "y": 1, "curve": "stepped" },
					{ "time": 0.0333, "x": 1, "y": 1 },
					{
						"time": 0.4,
						"x": 0.752,
						"y": 0.752,
						"curve": [ 0.25, 0, 0.868, 0.12 ]
					},
					{ "time": 1.7, "x": 0.168, "y": 0.168 }
				]
			},
			"gaoguang9": {
				"rotate": [
					{ "time": 0, "angle": 0 },
					{ "time": 0.0333, "angle": 63.54 },
					{ "time": 0.4, "angle": 0 },
					{ "time": 0.8666, "angle": 222.24 },
					{ "time": 1.3666, "angle": 103.58 }
				],
				"translate": [
					{ "time": 0, "x": 0, "y": 0, "curve": "stepped" },
					{
						"time": 0.0333,
						"x": 0,
						"y": 0,
						"curve": [ 0.186, 0.44, 0.547, 0.76 ]
					},
					{ "time": 0.4, "x": 154.09, "y": 27.17 },
					{ "time": 1.3666, "x": 256.13, "y": -337.51 }
				],
				"scale": [
					{ "time": 0, "x": 1, "y": 1 },
					{
						"time": 0.0333,
						"x": 0.136,
						"y": 0.136,
						"curve": [ 0.25, 0, 0.61, 0.3 ]
					},
					{ "time": 0.4, "x": 1.863, "y": 1.863 },
					{ "time": 1.3666, "x": 0.413, "y": 0.413 }
				]
			},
			"gaoguang10": {
				"rotate": [
					{ "time": 0, "angle": 0 },
					{
						"time": 0.0333,
						"angle": 83.11,
						"curve": [ 0.137, 0, 0.762, 0.25 ]
					},
					{
						"time": 0.4,
						"angle": -74.69,
						"curve": [ 0.092, 0.48, 0.75, 1 ]
					},
					{ "time": 0.8666, "angle": 109.36 },
					{ "time": 1.4, "angle": -9.59 },
					{ "time": 1.7666, "angle": -118.42 },
					{ "time": 2.1333, "angle": 179.39 }
				],
				"translate": [
					{ "time": 0, "x": 0, "y": 0, "curve": "stepped" },
					{
						"time": 0.0333,
						"x": 0,
						"y": 0,
						"curve": [ 0.108, 0.29, 0.524, 0.83 ]
					},
					{ "time": 0.4, "x": -68.09, "y": -100.09 },
					{ "time": 2.1333, "x": -159.79, "y": -922.74 }
				],
				"scale": [
					{ "time": 0, "x": 1, "y": 1, "curve": "stepped" },
					{
						"time": 0.0333,
						"x": 1,
						"y": 1,
						"curve": [ 0.108, 0.54, 0.524, 0.83 ]
					},
					{ "time": 0.4, "x": 1.72, "y": 1.72 },
					{ "time": 2.1333, "x": 0.201, "y": 0.201 }
				]
			},
			"gaoguang11": {
				"rotate": [
					{ "time": 0, "angle": 0 }
				],
				"translate": [
					{ "time": 0, "x": 0, "y": 0 }
				],
				"scale": [
					{ "time": 0, "x": 1, "y": 1 }
				]
			},
			"gaoguang12": {
				"rotate": [
					{ "time": 0, "angle": 0 },
					{ "time": 0.0333, "angle": 143.7 },
					{ "time": 0.4, "angle": 108.52 },
					{ "time": 1.3333, "angle": 19.44 }
				],
				"translate": [
					{ "time": 0, "x": 21.62, "y": 26.1, "curve": "stepped" },
					{ "time": 0.0333, "x": 21.62, "y": 26.1 },
					{ "time": 0.4, "x": 258.77, "y": 200.06 },
					{ "time": 1.3333, "x": 362.5, "y": -138.58 }
				],
				"scale": [
					{ "time": 0, "x": 0.097, "y": 0.097 },
					{
						"time": 0.0333,
						"x": 1.49,
						"y": 0.617,
						"curve": [ 0.25, 0, 0.915, 0.24 ]
					},
					{
						"time": 0.4,
						"x": 2.674,
						"y": 2.674,
						"curve": [ 0.153, 0.7, 0.75, 1 ]
					},
					{ "time": 1.3333, "x": 0.413, "y": 0.413 }
				]
			},
			"gaoguang13": {
				"rotate": [
					{ "time": 0, "angle": 0, "curve": "stepped" },
					{ "time": 0.0333, "angle": 0 },
					{ "time": 0.4, "angle": 98.85 },
					{ "time": 0.7666, "angle": 204.37 }
				],
				"translate": [
					{ "time": 0, "x": 0, "y": 0 },
					{
						"time": 0.0333,
						"x": -3,
						"y": 36.65,
						"curve": [ 0.175, 0.74, 0.75, 1 ]
					},
					{ "time": 0.4, "x": -57.71, "y": 50.88 },
					{ "time": 0.7666, "x": -83.14, "y": 12.53 }
				],
				"scale": [
					{ "time": 0, "x": 1, "y": 1 },
					{ "time": 0.0333, "x": 0.535, "y": 0.535 },
					{ "time": 0.4, "x": 1, "y": 1 },
					{ "time": 0.7666, "x": 0.465, "y": 0.465 }
				]
			},
			"gaoguang14": {
				"rotate": [
					{ "time": 0, "angle": 0, "curve": "stepped" },
					{ "time": 0.0333, "angle": 0 },
					{ "time": 0.4, "angle": 229.26 },
					{ "time": 1.0666, "angle": 64.78 }
				],
				"translate": [
					{ "time": 0, "x": 0, "y": 0, "curve": "stepped" },
					{
						"time": 0.0333,
						"x": 0,
						"y": 0,
						"curve": [ 0.092, 0.62, 0.75, 1 ]
					},
					{ "time": 0.4, "x": 225.56, "y": 145.43 },
					{ "time": 1.0666, "x": 348.13, "y": -26.99 }
				],
				"scale": [
					{ "time": 0, "x": 1, "y": 1, "curve": "stepped" },
					{ "time": 0.0333, "x": 1, "y": 1, "curve": "stepped" },
					{ "time": 0.4, "x": 1, "y": 1 },
					{ "time": 1.0666, "x": 0.518, "y": 0.518 }
				]
			},
			"gaoguang15": {
				"rotate": [
					{ "time": 0, "angle": 0, "curve": "stepped" },
					{ "time": 0.1333, "angle": 0, "curve": "stepped" },
					{ "time": 0.4666, "angle": 0 },
					{ "time": 1, "angle": -75.3 }
				],
				"translate": [
					{ "time": 0, "x": 0, "y": 0 },
					{
						"time": 0.1333,
						"x": 14.43,
						"y": -18.83,
						"curve": [ 0.163, 0.7, 0.75, 1 ]
					},
					{
						"time": 0.4666,
						"x": 37.43,
						"y": 193.61,
						"curve": [ 0.25, 0, 0.75, 1 ]
					},
					{ "time": 1, "x": 50.27, "y": 93.08 }
				],
				"scale": [
					{ "time": 0, "x": 1, "y": 1 },
					{
						"time": 0.1333,
						"x": 2.693,
						"y": 0.73,
						"curve": [ 0.25, 0, 0.971, 0.3 ]
					},
					{ "time": 0.4666, "x": 1.496, "y": 1 },
					{ "time": 1, "x": 0.305, "y": 0.305 }
				]
			},
			"gaoguang16": {
				"rotate": [
					{ "time": 0, "angle": 0, "curve": "stepped" },
					{ "time": 0.0333, "angle": 0 },
					{ "time": 0.1333, "angle": -70.63 },
					{ "time": 0.6, "angle": 184.62 }
				],
				"translate": [
					{ "time": 0, "x": 0, "y": 0 },
					{
						"time": 0.0333,
						"x": -8.57,
						"y": 13.05,
						"curve": [ 0.122, 0.64, 0.75, 1 ]
					},
					{ "time": 0.1333, "x": 54.74, "y": 15.84 },
					{ "time": 0.6, "x": 93.9, "y": -20.85 }
				],
				"scale": [
					{ "time": 0, "x": 1, "y": 1 },
					{ "time": 0.0333, "x": 0.683, "y": 0.683 },
					{ "time": 0.1333, "x": 0.932, "y": 0.932 },
					{ "time": 0.6, "x": 0.216, "y": 0.216 }
				]
			},
			"gaoguang17": {
				"rotate": [
					{ "time": 0, "angle": 0 }
				],
				"translate": [
					{ "time": 0, "x": 0, "y": 0 }
				],
				"scale": [
					{ "time": 0, "x": 1, "y": 1 }
				]
			},
			"gaoguang18": {
				"rotate": [
					{ "time": 0, "angle": 0, "curve": "stepped" },
					{ "time": 0.0333, "angle": 0 },
					{ "time": 0.3333, "angle": 37.87 },
					{ "time": 1.2333, "angle": 134.37 }
				],
				"translate": [
					{ "time": 0, "x": 0, "y": 0 },
					{
						"time": 0.0333,
						"x": -8.2,
						"y": 21.62,
						"curve": [ 0.15, 0.84, 0.75, 1 ]
					},
					{ "time": 0.3333, "x": -48.67, "y": 246.96 },
					{ "time": 1.2333, "x": -71.35, "y": 56.13 }
				],
				"scale": [
					{ "time": 0, "x": 1, "y": 1, "curve": "stepped" },
					{ "time": 0.0333, "x": 1, "y": 1, "curve": "stepped" },
					{ "time": 0.3333, "x": 1, "y": 1 },
					{ "time": 1.2333, "x": 0.25, "y": 0.25 }
				]
			},
			"gaoguang19": {
				"rotate": [
					{ "time": 0, "angle": 0 }
				],
				"translate": [
					{ "time": 0, "x": 0, "y": 0 }
				],
				"scale": [
					{ "time": 0, "x": 1, "y": 1 }
				]
			},
			"gaoguang20": {
				"rotate": [
					{ "time": 0, "angle": 0, "curve": "stepped" },
					{ "time": 0.0333, "angle": 0 },
					{ "time": 0.8666, "angle": -115.98 }
				],
				"translate": [
					{ "time": 0, "x": 0, "y": 0, "curve": "stepped" },
					{
						"time": 0.0333,
						"x": 0,
						"y": 0,
						"curve": [ 0.081, 0.52, 0.75, 1 ]
					},
					{ "time": 0.8666, "x": -60.51, "y": -411.08 }
				],
				"scale": [
					{ "time": 0, "x": 1, "y": 1, "curve": "stepped" },
					{
						"time": 0.0333,
						"x": 1,
						"y": 1,
						"curve": [ 0.25, 0, 0.99, 0.13 ]
					},
					{ "time": 0.8666, "x": 0.269, "y": 0.269 }
				]
			},
			"gaoguang21": {
				"rotate": [
					{ "time": 0, "angle": 0, "curve": "stepped" },
					{ "time": 0.0333, "angle": 0 },
					{ "time": 0.3333, "angle": 71.48 },
					{ "time": 1.2333, "angle": 140 }
				],
				"translate": [
					{ "time": 0, "x": 0, "y": 0, "curve": "stepped" },
					{ "time": 0.0333, "x": 0, "y": 0 },
					{ "time": 0.3333, "x": 80.63, "y": 26.17 },
					{ "time": 1.2333, "x": 139.03, "y": -225.38 }
				],
				"scale": [
					{ "time": 0, "x": 1, "y": 1, "curve": "stepped" },
					{ "time": 0.0333, "x": 1, "y": 1 },
					{ "time": 0.3333, "x": 1.063, "y": 1.063 },
					{ "time": 1.2333, "x": 0.462, "y": 0.462 }
				]
			},
			"gaoguang22": {
				"rotate": [
					{ "time": 0, "angle": 0, "curve": "stepped" },
					{ "time": 0.3333, "angle": 0 },
					{ "time": 0.8666, "angle": -118.64 },
					{ "time": 1.6, "angle": 95.62 }
				],
				"translate": [
					{ "time": 0, "x": 0, "y": 0, "curve": "stepped" },
					{ "time": 0.3333, "x": 0, "y": 0 },
					{ "time": 0.8666, "x": -74.12, "y": -120.56 },
					{ "time": 1.6, "x": -138.12, "y": -548.56 }
				],
				"scale": [
					{ "time": 0, "x": 1, "y": 1 },
					{ "time": 0.3333, "x": 0.783, "y": 0.783 },
					{ "time": 0.8666, "x": 0.633, "y": 0.633 },
					{ "time": 1.6, "x": 0.356, "y": 0.356 }
				]
			},
			"gaoguang23": {
				"rotate": [
					{ "time": 0, "angle": 0 }
				],
				"translate": [
					{ "time": 0, "x": 0, "y": 0 }
				],
				"scale": [
					{ "time": 0, "x": 1, "y": 1 }
				]
			},
			"gaoguang24": {
				"rotate": [
					{ "time": 0, "angle": 0 }
				],
				"translate": [
					{ "time": 0, "x": 0, "y": 0 }
				],
				"scale": [
					{ "time": 0, "x": 1, "y": 1 }
				]
			},
			"gaoguang25": {
				"rotate": [
					{ "time": 0, "angle": 0, "curve": "stepped" },
					{ "time": 0.0333, "angle": 0 },
					{ "time": 0.6, "angle": 182.33 }
				],
				"translate": [
					{ "time": 0, "x": 0, "y": 0, "curve": "stepped" },
					{
						"time": 0.0333,
						"x": 0,
						"y": 0,
						"curve": [ 0.154, 0.72, 0.75, 1 ]
					},
					{ "time": 0.6, "x": -24.82, "y": -180.08 }
				],
				"scale": [
					{ "time": 0, "x": 1, "y": 1, "curve": "stepped" },
					{ "time": 0.0333, "x": 1, "y": 1 },
					{ "time": 0.6, "x": 0.406, "y": 0.406 }
				]
			},
			"gaoguang26": {
				"rotate": [
					{ "time": 0, "angle": 0, "curve": "stepped" },
					{ "time": 0.0333, "angle": 0 },
					{ "time": 0.6, "angle": 165.66 }
				],
				"translate": [
					{ "time": 0, "x": 0, "y": 0, "curve": "stepped" },
					{
						"time": 0.0333,
						"x": 0,
						"y": 0,
						"curve": [ 0.13, 0.76, 0.75, 1 ]
					},
					{ "time": 0.6, "x": 60.1, "y": -374.51 }
				],
				"scale": [
					{ "time": 0, "x": 1, "y": 1, "curve": "stepped" },
					{ "time": 0.0333, "x": 1, "y": 1 },
					{ "time": 0.6, "x": 0.41, "y": 0.41 }
				]
			},
			"gaoguang27": {
				"rotate": [
					{ "time": 0, "angle": 0, "curve": "stepped" },
					{ "time": 0.0333, "angle": 0 },
					{ "time": 0.6666, "angle": 164.97 }
				],
				"translate": [
					{ "time": 0, "x": 0, "y": 0 },
					{
						"time": 0.0333,
						"x": 56.1,
						"y": -28.21,
						"curve": [ 0.173, 0.55, 0.75, 1 ]
					},
					{ "time": 0.6666, "x": 59.36, "y": -303.34 }
				],
				"scale": [
					{ "time": 0, "x": 1, "y": 1 },
					{ "time": 0.0333, "x": 1.014, "y": 1.014 },
					{ "time": 0.6666, "x": 0.268, "y": 0.268 }
				]
			},
			"gaoguang28": {
				"rotate": [
					{ "time": 0, "angle": 0, "curve": "stepped" },
					{ "time": 0.0333, "angle": 0 },
					{ "time": 0.4666, "angle": -73.18 }
				],
				"translate": [
					{ "time": 0, "x": 0, "y": 0 },
					{
						"time": 0.0333,
						"x": 36.71,
						"y": -16.93,
						"curve": [ 0.132, 0.58, 0.75, 1 ]
					},
					{ "time": 0.4666, "x": 37.07, "y": -170.69 }
				],
				"scale": [
					{ "time": 0, "x": 1, "y": 1, "curve": "stepped" },
					{ "time": 0.0333, "x": 1, "y": 1 },
					{ "time": 0.4666, "x": 0.248, "y": 0.248 }
				]
			},
			"gaoguang29": {
				"rotate": [
					{ "time": 0, "angle": 0, "curve": "stepped" },
					{ "time": 0.0333, "angle": 0 },
					{ "time": 0.4666, "angle": 188.08 },
					{ "time": 1, "angle": 12.68 }
				],
				"translate": [
					{ "time": 0, "x": 0, "y": 0, "curve": "stepped" },
					{
						"time": 0.0333,
						"x": 0,
						"y": 0,
						"curve": [ 0.134, 0.77, 0.75, 1 ]
					},
					{ "time": 0.4666, "x": -20.17, "y": 77.97 },
					{ "time": 1, "x": -28.24, "y": -105.73 }
				],
				"scale": [
					{ "time": 0, "x": 1, "y": 1, "curve": "stepped" },
					{ "time": 0.0333, "x": 1, "y": 1, "curve": "stepped" },
					{
						"time": 0.4666,
						"x": 1,
						"y": 1,
						"curve": [ 0.25, 0, 0.75, 1 ]
					},
					{ "time": 1, "x": 0.431, "y": 0.431 }
				]
			},
			"gaoguang30": {
				"rotate": [
					{ "time": 0, "angle": 0, "curve": "stepped" },
					{ "time": 0.0333, "angle": 0 },
					{ "time": 0.4, "angle": 150.88 },
					{ "time": 1.2333, "angle": -12.59 }
				],
				"translate": [
					{ "time": 0, "x": 0, "y": 0, "curve": "stepped" },
					{
						"time": 0.0333,
						"x": 0,
						"y": 0,
						"curve": [ 0.019, 0.96, 0.75, 1 ]
					},
					{ "time": 0.4, "x": 83.58, "y": 41.87 },
					{ "time": 1.2333, "x": 71.28, "y": -370.99 }
				],
				"scale": [
					{ "time": 0, "x": 1, "y": 1, "curve": "stepped" },
					{ "time": 0.0333, "x": 1, "y": 1, "curve": "stepped" },
					{ "time": 0.4, "x": 1, "y": 1 },
					{ "time": 1.2333, "x": 0.301, "y": 0.301 }
				]
			},
			"gaoguang31": {
				"rotate": [
					{ "time": 0, "angle": 0 }
				],
				"translate": [
					{ "time": 0, "x": 0, "y": 0 }
				],
				"scale": [
					{ "time": 0, "x": 1, "y": 1 }
				]
			},
			"gaoguang32": {
				"rotate": [
					{ "time": 0, "angle": 0 }
				],
				"translate": [
					{ "time": 0, "x": 0, "y": 0 }
				],
				"scale": [
					{ "time": 0, "x": 1, "y": 1 }
				]
			},
			"gaoguang33": {
				"rotate": [
					{ "time": 0, "angle": 0, "curve": "stepped" },
					{ "time": 0.0333, "angle": 0 },
					{ "time": 0.3333, "angle": 184.34 },
					{ "time": 0.9333, "angle": 89.95 }
				],
				"translate": [
					{ "time": 0, "x": 0, "y": 0, "curve": "stepped" },
					{
						"time": 0.0333,
						"x": 0,
						"y": 0,
						"curve": [ 0.11, 0.94, 0.75, 1 ]
					},
					{ "time": 0.3333, "x": 285.38, "y": 24.16 },
					{ "time": 0.9333, "x": 420.68, "y": -101.9 }
				],
				"scale": [
					{ "time": 0, "x": 1, "y": 1, "curve": "stepped" },
					{ "time": 0.0333, "x": 1, "y": 1 },
					{ "time": 0.9333, "x": 0.556, "y": 0.556 }
				]
			},
			"gaoguang34": {
				"rotate": [
					{ "time": 0, "angle": 0, "curve": "stepped" },
					{ "time": 0.0333, "angle": 0 },
					{ "time": 0.4, "angle": 102.68 },
					{ "time": 1, "angle": -87.63 },
					{ "time": 1.6, "angle": 63.74 }
				],
				"translate": [
					{ "time": 0, "x": 0, "y": 0, "curve": "stepped" },
					{
						"time": 0.0333,
						"x": 0,
						"y": 0,
						"curve": [ 0.115, 1, 0.75, 1 ]
					},
					{ "time": 0.4, "x": 104.5, "y": 311.9 },
					{ "time": 1.6, "x": 184.52, "y": 9.59 }
				],
				"scale": [
					{ "time": 0, "x": 1, "y": 1, "curve": "stepped" },
					{ "time": 0.0333, "x": 1, "y": 1 },
					{ "time": 0.4, "x": 1.38, "y": 1.38 },
					{ "time": 1.6, "x": 0.437, "y": 0.437 }
				]
			},
			"gaoguang35": {
				"rotate": [
					{ "time": 0, "angle": 0 }
				],
				"translate": [
					{ "time": 0, "x": 0, "y": 0 }
				],
				"scale": [
					{ "time": 0, "x": 1, "y": 1 }
				]
			},
			"gaoguang36": {
				"rotate": [
					{ "time": 0, "angle": 0 },
					{ "time": 0.0333, "angle": -14.73 },
					{ "time": 0.4666, "angle": -33.68 },
					{ "time": 1.6, "angle": 175.17 }
				],
				"translate": [
					{ "time": 0, "x": 0, "y": 0, "curve": "stepped" },
					{
						"time": 0.0333,
						"x": 0,
						"y": 0,
						"curve": [ 0.102, 0.59, 0.75, 1 ]
					},
					{
						"time": 0.4666,
						"x": 85.08,
						"y": 197.21,
						"curve": [ 0.25, 0, 0.826, 0.3 ]
					},
					{ "time": 1.6, "x": 136.07, "y": -240.85 }
				],
				"scale": [
					{ "time": 0, "x": 1, "y": 1 },
					{ "time": 0.0333, "x": 2.179, "y": 0.816 },
					{
						"time": 0.4666,
						"x": 1,
						"y": 1,
						"curve": [ 0.237, 0.54, 0.75, 1 ]
					},
					{ "time": 1.6, "x": 0.375, "y": 0.375 }
				]
			},
			"gaoguang37": {
				"rotate": [
					{ "time": 0, "angle": 0, "curve": "stepped" },
					{ "time": 0.0333, "angle": 0 },
					{ "time": 0.3333, "angle": 157.42 },
					{ "time": 1.5333, "angle": -39.2 }
				],
				"translate": [
					{ "time": 0, "x": 0, "y": 0, "curve": "stepped" },
					{ "time": 0.0333, "x": 0, "y": 0 },
					{ "time": 0.3333, "x": -37.1, "y": 222.93 },
					{ "time": 1.5333, "x": -77.54, "y": -163.67 }
				],
				"scale": [
					{ "time": 0, "x": 1, "y": 1 },
					{ "time": 0.0333, "x": 0.508, "y": 0.508, "curve": "stepped" },
					{ "time": 0.3333, "x": 0.508, "y": 0.508 },
					{ "time": 1.5333, "x": 0.254, "y": 0.254 }
				]
			},
			"gaoguang38": {
				"rotate": [
					{ "time": 0, "angle": 0 }
				],
				"translate": [
					{ "time": 0, "x": 0, "y": 0 }
				],
				"scale": [
					{ "time": 0, "x": 1, "y": 1 }
				]
			},
			"gaoguang39": {
				"rotate": [
					{ "time": 0, "angle": 0, "curve": "stepped" },
					{ "time": 0.0333, "angle": 0 },
					{ "time": 0.4, "angle": 150.3 },
					{ "time": 1.5333, "angle": -58.91 }
				],
				"translate": [
					{ "time": 0, "x": 0, "y": 0, "curve": "stepped" },
					{
						"time": 0.0333,
						"x": 0,
						"y": 0,
						"curve": [ 0.132, 0.82, 0.75, 1 ]
					},
					{ "time": 0.4, "x": 148.11, "y": 202.33 },
					{ "time": 1.5333, "x": 268.42, "y": -180.03 }
				],
				"scale": [
					{ "time": 0, "x": 1, "y": 1, "curve": "stepped" },
					{ "time": 0.0333, "x": 1, "y": 1, "curve": "stepped" },
					{ "time": 0.4, "x": 1, "y": 1 },
					{ "time": 1.5333, "x": 0.415, "y": 0.415 }
				]
			},
			"gaoguang40": {
				"rotate": [
					{ "time": 0, "angle": 0, "curve": "stepped" },
					{ "time": 0.0333, "angle": 0 },
					{ "time": 0.4666, "angle": 191.35 },
					{ "time": 1.1333, "angle": 93.18 },
					{ "time": 1.6333, "angle": -84.6 }
				],
				"translate": [
					{ "time": 0, "x": 0, "y": 0, "curve": "stepped" },
					{
						"time": 0.0333,
						"x": 0,
						"y": 0,
						"curve": [ 0, 1, 0.75, 1 ]
					},
					{ "time": 0.4666, "x": -51.13, "y": 298.33 },
					{ "time": 1.6333, "x": -92.15, "y": 97.8 }
				],
				"scale": [
					{ "time": 0, "x": 1, "y": 1, "curve": "stepped" },
					{ "time": 0.0333, "x": 1, "y": 1 },
					{ "time": 1.6333, "x": 0.361, "y": 0.361 }
				]
			},
			"gaoguang41": {
				"rotate": [
					{ "time": 0, "angle": 0, "curve": "stepped" },
					{ "time": 0.0333, "angle": 0 },
					{ "time": 0.4, "angle": 211.88 },
					{ "time": 1.5, "angle": 62.5 }
				],
				"translate": [
					{ "time": 0, "x": 0, "y": 0, "curve": "stepped" },
					{
						"time": 0.0333,
						"x": 0,
						"y": 0,
						"curve": [ 0, 0.95, 0.75, 1 ]
					},
					{ "time": 0.4, "x": 15.75, "y": 358.51 },
					{ "time": 1.5, "x": 2.54, "y": 92.34 }
				],
				"scale": [
					{ "time": 0, "x": 1, "y": 1, "curve": "stepped" },
					{ "time": 0.0333, "x": 1, "y": 1, "curve": "stepped" },
					{ "time": 0.4, "x": 1, "y": 1 },
					{ "time": 1.5, "x": 0.348, "y": 0.348 }
				]
			},
			"gaoguang42": {
				"rotate": [
					{ "time": 0, "angle": 0, "curve": "stepped" },
					{ "time": 0.0333, "angle": 0 },
					{ "time": 0.4666, "angle": 222.47 },
					{ "time": 0.9333, "angle": 80.09 }
				],
				"translate": [
					{ "time": 0, "x": 0, "y": 0, "curve": "stepped" },
					{
						"time": 0.0333,
						"x": 0,
						"y": 0,
						"curve": [ 0.083, 0.81, 0.75, 1 ]
					},
					{ "time": 0.4666, "x": 38.69, "y": 190.78 },
					{ "time": 0.9333, "x": 65.66, "y": 45.61 }
				],
				"scale": [
					{ "time": 0, "x": 1, "y": 1, "curve": "stepped" },
					{ "time": 0.0333, "x": 1, "y": 1 },
					{ "time": 0.4666, "x": 0.697, "y": 0.697 },
					{ "time": 0.9333, "x": 0.189, "y": 0.189 }
				]
			},
			"gaoguang43": {
				"rotate": [
					{ "time": 0, "angle": 0, "curve": "stepped" },
					{ "time": 0.0333, "angle": 0 },
					{ "time": 0.4666, "angle": 173.74 },
					{ "time": 1.1333, "angle": -11.47 }
				],
				"translate": [
					{ "time": 0, "x": 0, "y": 0, "curve": "stepped" },
					{
						"time": 0.0333,
						"x": 0,
						"y": 0,
						"curve": [ 0.089, 0.79, 0.75, 1 ]
					},
					{ "time": 0.4666, "x": 231.59, "y": 216.82 },
					{ "time": 1.1333, "x": 348.53, "y": 14.29 }
				],
				"scale": [
					{ "time": 0, "x": 1, "y": 1, "curve": "stepped" },
					{ "time": 0.0333, "x": 1, "y": 1 },
					{ "time": 0.4666, "x": 1.049, "y": 1.049 },
					{ "time": 1.1333, "x": 0.465, "y": 0.465 }
				]
			},
			"gaoguang44": {
				"rotate": [
					{ "time": 0, "angle": 0 },
					{ "time": 0.0333, "angle": 10.45 },
					{ "time": 0.4, "angle": 4.58 },
					{ "time": 0.7666, "angle": 116.09 },
					{ "time": 1.2, "angle": 244.07 }
				],
				"translate": [
					{ "time": 0, "x": 0, "y": 0, "curve": "stepped" },
					{
						"time": 0.0333,
						"x": 0,
						"y": 0,
						"curve": [ 0.134, 0.73, 0.75, 1 ]
					},
					{
						"time": 0.4,
						"x": -5.95,
						"y": 308.53,
						"curve": [ 0.25, 0, 1, 0.5 ]
					},
					{ "time": 1.2, "x": -50.31, "y": -79.38 }
				],
				"scale": [
					{ "time": 0, "x": 1, "y": 1 },
					{
						"time": 0.0333,
						"x": 2.504,
						"y": 0.525,
						"curve": [ 0.25, 0, 0.947, 0.35 ]
					},
					{
						"time": 0.4,
						"x": 1.479,
						"y": 1.479,
						"curve": [ 0.197, 0.56, 0.75, 1 ]
					},
					{ "time": 1.2, "x": 0.065, "y": 0.065 }
				]
			},
			"gaoguang45": {
				"rotate": [
					{ "time": 0, "angle": 0, "curve": "stepped" },
					{ "time": 0.0333, "angle": 0 },
					{ "time": 0.3333, "angle": 219.72 },
					{ "time": 0.9333, "angle": 67.08 }
				],
				"translate": [
					{ "time": 0, "x": 0, "y": 0, "curve": "stepped" },
					{ "time": 0.0333, "x": 0, "y": 0 },
					{ "time": 0.3333, "x": 149.69, "y": -107.42 },
					{ "time": 0.9333, "x": 216.5, "y": -559.83 }
				],
				"scale": [
					{ "time": 0, "x": 1, "y": 1, "curve": "stepped" },
					{ "time": 0.0333, "x": 1, "y": 1 },
					{ "time": 0.3333, "x": 1.748, "y": 1.748 },
					{ "time": 0.9333, "x": 0.361, "y": 0.361 }
				]
			},
			"gaoguang46": {
				"rotate": [
					{ "time": 0, "angle": 0 }
				],
				"translate": [
					{ "time": 0, "x": 0, "y": 0 }
				],
				"scale": [
					{ "time": 0, "x": 1, "y": 1 }
				]
			},
			"gaoguang47": {
				"rotate": [
					{ "time": 0, "angle": 0, "curve": "stepped" },
					{ "time": 0.0333, "angle": 0 },
					{ "time": 0.5666, "angle": 199.86 },
					{ "time": 1.4, "angle": 37.94 }
				],
				"translate": [
					{ "time": 0, "x": 0, "y": 0, "curve": "stepped" },
					{ "time": 0.0333, "x": 0, "y": 0 },
					{ "time": 0.5666, "x": -73.22, "y": -223.57 },
					{ "time": 1.4, "x": -60.08, "y": -683.82 }
				],
				"scale": [
					{ "time": 0, "x": 1, "y": 1, "curve": "stepped" },
					{ "time": 0.0333, "x": 1, "y": 1 },
					{ "time": 0.5666, "x": 1.618, "y": 1.618 },
					{ "time": 1.4, "x": 0.579, "y": 0.579 }
				]
			},
			"gaoguang48": {
				"rotate": [
					{ "time": 0, "angle": 0, "curve": "stepped" },
					{ "time": 0.0333, "angle": 0 },
					{ "time": 0.5666, "angle": 164.9 },
					{ "time": 1.4, "angle": -15.82 }
				],
				"translate": [
					{ "time": 0, "x": 0, "y": 0, "curve": "stepped" },
					{ "time": 0.0333, "x": 0, "y": 0 },
					{ "time": 0.5666, "x": 105.86, "y": -252.95 },
					{ "time": 1.4, "x": 48.79, "y": -665.73 }
				],
				"scale": [
					{ "time": 0, "x": 1, "y": 1, "curve": "stepped" },
					{ "time": 0.0333, "x": 1, "y": 1 },
					{ "time": 0.5666, "x": 1.559, "y": 1.559 },
					{ "time": 1.4, "x": 0.177, "y": 0.177 }
				]
			},
			"gaoguang49": {
				"rotate": [
					{ "time": 0, "angle": 0 }
				],
				"translate": [
					{ "time": 0, "x": 0, "y": 0 }
				],
				"scale": [
					{ "time": 0, "x": 1, "y": 1 }
				]
			},
			"gaoguang50": {
				"rotate": [
					{ "time": 0, "angle": 0 },
					{ "time": 0.0333, "angle": -20.9 },
					{ "time": 0.5666, "angle": -44.12 }
				],
				"translate": [
					{ "time": 0, "x": 0, "y": 0 },
					{
						"time": 0.0333,
						"x": 11.44,
						"y": -19.33,
						"curve": [ 0.177, 0.78, 0.75, 1 ]
					},
					{ "time": 0.5666, "x": 392.45, "y": 337.97 }
				],
				"scale": [
					{ "time": 0, "x": 1, "y": 1, "curve": "stepped" },
					{
						"time": 0.0333,
						"x": 1,
						"y": 1,
						"curve": [ 0, 1, 0.75, 1 ]
					},
					{ "time": 0.5666, "x": 3.097, "y": 1.32 }
				]
			},
			"root": {
				"scale": [
					{ "time": 0, "x": 0.912, "y": 0.912 }
				]
			}
		}
	}
}
}