{
"skeleton": { "hash": "/i3fiB66MwxtaAiVL17GpGjEh94", "spine": "3.4.02", "width": 116, "height": 138.22, "images": "./picture/" },
"bones": [
	{ "name": "root" },
	{ "name": "bone3", "parent": "root", "x": -5.67, "y": -43.64 },
	{ "name": "bone", "parent": "bone3", "x": -1.91, "y": 62.29 },
	{ "name": "bone2", "parent": "bone3", "x": 4.8, "y": 285.22, "scaleX": 0.777, "scaleY": 0.777 },
	{ "name": "bone4", "parent": "root", "length": 83.65, "rotation": 89.66, "x": -1.49, "y": -14.85 },
	{ "name": "bone5", "parent": "bone2", "x": 37.27, "y": -2.65 },
	{ "name": "bone6", "parent": "bone2", "x": -32.86, "y": 2.35 },
	{ "name": "bone7", "parent": "bone2", "x": 37.27, "y": -2.65 },
	{ "name": "bone8", "parent": "bone2", "x": 37.27, "y": -2.65 },
	{ "name": "bone9", "parent": "bone2", "x": -32.86, "y": 2.32 },
	{ "name": "bone10", "parent": "bone", "x": -22.58, "y": 30.07 },
	{ "name": "bone11", "parent": "bone4", "rotation": -89.66, "x": 76.38, "y": 29.13 },
	{ "name": "bone12", "parent": "bone4", "rotation": -89.66, "x": 88.99, "y": 29.2 },
	{ "name": "bone13", "parent": "bone", "x": 13.91, "y": 13.99 },
	{ "name": "bone14", "parent": "bone4", "rotation": -89.66, "x": 67.83, "y": -29.01 },
	{ "name": "bone15", "parent": "bone4", "rotation": -89.66, "x": 70, "y": -8.3 },
	{ "name": "bone16", "parent": "bone2", "x": 37.27, "y": -2.65 },
	{ "name": "bone17", "parent": "bone4", "rotation": -89.66, "x": 70, "y": -8.3 },
	{ "name": "bone18", "parent": "bone4", "x": 54.16, "y": 4.56 }
],
"slots": [
	{ "name": "up/u_32", "bone": "bone3", "attachment": "up/u_32" },
	{ "name": "yb/3223532_06", "bone": "bone5" },
	{ "name": "yb/3223532_6", "bone": "bone7" },
	{ "name": "yb/3223532_12", "bone": "bone16" },
	{ "name": "yb/3223532_7", "bone": "bone8" },
	{ "name": "yb/3223532_09", "bone": "bone6" },
	{ "name": "yb/3223532_9", "bone": "bone9" },
	{ "name": "up/u_08", "bone": "bone4", "attachment": "up/u_08" },
	{ "name": "up/mc_21", "bone": "bone4" },
	{ "name": "up/u_26", "bone": "bone18", "attachment": "up/u_26" },
	{ "name": "up/u_09", "bone": "bone4", "attachment": "up/u_09" },
	{ "name": "up/u_9", "bone": "bone4", "attachment": "up/u_09" },
	{ "name": "up/u_27", "bone": "bone18", "attachment": "up/u_26" },
	{ "name": "yb/3223532_11", "bone": "bone11", "attachment": "up/u_26" },
	{ "name": "yb/3223532_13", "bone": "bone12" },
	{ "name": "yb/3223532_15", "bone": "bone14", "attachment": "up/u_09" },
	{ "name": "yb/3223532_8", "bone": "bone15", "attachment": "up/u_09" },
	{ "name": "yb/3223532_16", "bone": "bone17", "attachment": "up/u_22" },
	{ "name": "up/u_22", "bone": "bone18", "attachment": "up/u_22" },
	{ "name": "up/u_23", "bone": "bone18", "attachment": "up/u_22" },
	{ "name": "up/mc_09", "bone": "bone4" },
	{ "name": "up/u_13", "bone": "bone4", "attachment": "up/u_13" },
	{ "name": "yb/3223532_14", "bone": "bone13" },
	{ "name": "yb/3223532_10", "bone": "bone10" }
],
"skins": {
	"default": {
		"up/mc_09": {
			"up/mc_09": {
				"type": "mesh",
				"uvs": [ 0.91642, 0.07102, 1, 0.3111, 1, 1, 0, 1, 0, 0.30794, 0.0681, 0.08682, 0.07252, 0, 0.91642, 0, 0.4525, 0.39323 ],
				"triangles": [ 7, 8, 6, 8, 5, 6, 7, 0, 8, 8, 0, 1, 4, 5, 8, 3, 4, 8, 8, 1, 2, 3, 8, 2 ],
				"vertices": [ 67.58999, -47.81, 47.97, -57.71, -8.46, -58.05, -9.16, 59.11, 47.54, 59.44, 65.71, 51.57, 72.82, 51.1, 73.41, -47.77, 40.87, 6.38 ],
				"hull": 8,
				"edges": [ 4, 6, 12, 10, 6, 8, 10, 8, 12, 14, 14, 0, 4, 2, 0, 2, 10, 16, 16, 0 ],
				"width": 153,
				"height": 107
			}
		},
		"up/mc_21": {
			"up/mc_21": { "x": 73.26, "y": 1.51, "scaleX": 0.765, "scaleY": 0.765, "rotation": -89.66, "width": 123, "height": 55 }
		},
		"up/u_08": {
			"up/u_08": { "x": 72.77, "y": 0.25, "rotation": -89.66, "width": 93, "height": 40 }
		},
		"up/u_09": {
			"up/u_09": { "x": 73.58, "y": 13.36, "rotation": -121.29, "width": 37, "height": 36 }
		},
		"up/u_13": {
			"up/u_13": {
				"type": "mesh",
				"uvs": [ 0.93464, 0.10912, 1, 0.30111, 1, 1, 0, 1, 0, 0.31491, 0.08018, 0.08564, 0.08626, 0, 0.94595, 0, 0.43981, 0.35711 ],
				"triangles": [ 7, 8, 6, 8, 5, 6, 7, 0, 8, 8, 0, 1, 4, 5, 8, 3, 4, 8, 8, 1, 2, 3, 8, 2 ],
				"vertices": [ 64.19999, -50.34, 48.5, -58.01, -8.8, -58.35, -9.47999, 57.64, 46.68, 57.97, 65.54, 48.78, 72.57, 48.12, 73.16, -51.6, 43.53, 6.93 ],
				"hull": 8,
				"edges": [ 4, 6, 12, 10, 6, 8, 10, 8, 12, 14, 14, 0, 4, 2, 0, 2, 10, 16, 16, 0 ],
				"width": 116,
				"height": 82
			}
		},
		"up/u_22": {
			"up/u_22": { "x": 18.86, "y": -2.3, "rotation": -87.4, "width": 37, "height": 36 }
		},
		"up/u_23": {
			"up/u_22": { "x": 12.31, "y": -17.6, "rotation": -89.66, "width": 37, "height": 36 }
		},
		"up/u_26": {
			"up/u_26": { "x": 16.43, "y": -12.42, "rotation": -84.67, "width": 43, "height": 26 }
		},
		"up/u_27": {
			"up/u_26": { "x": 16.31, "y": 7.85, "rotation": -84.67, "width": 43, "height": 26 }
		},
		"up/u_32": {
			"up/u_32": { "x": 6.61, "y": 123.86, "width": 75, "height": 68 }
		},
		"up/u_9": {
			"up/u_09": { "x": 70.61, "y": -11.92, "rotation": -54.98, "width": 37, "height": 36 }
		},
		"yb/3223532_06": {
			"up/u_22": { "x": -3.06, "y": -0.05, "width": 37, "height": 36 }
		},
		"yb/3223532_09": {
			"up/u_26": { "x": 0.28, "y": -1.65, "width": 43, "height": 26 }
		},
		"yb/3223532_10": {
			"up/u_26": { "x": 0.28, "y": -1.65, "width": 43, "height": 26 }
		},
		"yb/3223532_11": {
			"up/u_26": { "x": 0.28, "y": -1.65, "width": 43, "height": 26 }
		},
		"yb/3223532_12": {
			"up/u_22": { "x": -3.06, "y": -0.05, "width": 37, "height": 36 }
		},
		"yb/3223532_13": {
			"up/u_26": { "x": 0.28, "y": -1.65, "width": 43, "height": 26 }
		},
		"yb/3223532_14": {
			"up/u_26": { "x": 0.28, "y": -1.65, "width": 43, "height": 26 }
		},
		"yb/3223532_15": {
			"up/u_09": { "x": 0.28, "y": -1.65, "width": 37, "height": 36 }
		},
		"yb/3223532_16": {
			"up/u_22": { "x": -3.06, "y": -0.05, "width": 37, "height": 36 }
		},
		"yb/3223532_6": {
			"up/u_22": { "x": -3.06, "y": -0.05, "width": 37, "height": 36 }
		},
		"yb/3223532_7": {
			"up/u_22": { "x": -3.06, "y": -0.05, "width": 37, "height": 36 }
		},
		"yb/3223532_8": {
			"up/u_09": { "x": -3.06, "y": -0.05, "width": 37, "height": 36 }
		},
		"yb/3223532_9": {
			"up/u_26": { "x": 0.28, "y": -1.65, "width": 43, "height": 26 }
		}
	}
},
"animations": {
	"run1": {
		"slots": {
			"up/mc_09": {
				"attachment": [
					{ "time": 0, "name": null }
				]
			},
			"up/mc_21": {
				"attachment": [
					{ "time": 0, "name": null }
				]
			},
			"yb/3223532_06": {
				"color": [
					{ "time": 1.5, "color": "ffffffff", "curve": "stepped" },
					{ "time": 2.0333, "color": "ffffffff" },
					{ "time": 2.2, "color": "ffffff00" }
				],
				"attachment": [
					{ "time": 0, "name": null },
					{ "time": 1.5, "name": "up/u_22" },
					{ "time": 2.2, "name": null }
				]
			},
			"yb/3223532_6": {
				"color": [
					{ "time": 1.5, "color": "ffffffff", "curve": "stepped" },
					{ "time": 1.9, "color": "ffffffff" },
					{ "time": 2.2, "color": "ffffff00" }
				],
				"attachment": [
					{ "time": 0, "name": null },
					{ "time": 1.5, "name": "up/u_22" },
					{ "time": 2.2, "name": null }
				]
			},
			"yb/3223532_7": {
				"color": [
					{ "time": 1.5333, "color": "ffffffff", "curve": "stepped" },
					{ "time": 1.9333, "color": "ffffffff" },
					{ "time": 2.1333, "color": "ffffff00" }
				],
				"attachment": [
					{ "time": 0, "name": null },
					{ "time": 1.5333, "name": "up/u_22" },
					{ "time": 2.1333, "name": null }
				]
			},
			"yb/3223532_8": {
				"color": [
					{ "time": 0.0333, "color": "ffffff00" },
					{ "time": 0.1666, "color": "ffffffff" }
				],
				"attachment": [
					{ "time": 0, "name": null },
					{ "time": 0.0333, "name": "up/u_09" }
				]
			},
			"yb/3223532_09": {
				"color": [
					{ "time": 1.5, "color": "ffffffff", "curve": "stepped" },
					{ "time": 2.1333, "color": "ffffffff" },
					{ "time": 2.3333, "color": "ffffff00" }
				],
				"attachment": [
					{ "time": 0, "name": null },
					{ "time": 1.5, "name": "up/u_26" },
					{ "time": 2.3333, "name": null }
				]
			},
			"yb/3223532_9": {
				"color": [
					{ "time": 1.5, "color": "ffffffff", "curve": "stepped" },
					{ "time": 2.4333, "color": "ffffffff" },
					{ "time": 2.6333, "color": "ffffff00" }
				],
				"attachment": [
					{ "time": 0, "name": null },
					{ "time": 1.5, "name": "up/u_26" },
					{ "time": 2.6333, "name": null }
				]
			},
			"yb/3223532_10": {
				"attachment": [
					{ "time": 0, "name": null }
				]
			},
			"yb/3223532_11": {
				"color": [
					{ "time": 0, "color": "ffffffff" }
				],
				"attachment": [
					{ "time": 0, "name": "up/u_26" }
				]
			},
			"yb/3223532_12": {
				"color": [
					{ "time": 1.5333, "color": "ffffffff", "curve": "stepped" },
					{ "time": 2.1666, "color": "ffffffff" },
					{ "time": 2.3333, "color": "ffffff00" }
				],
				"attachment": [
					{ "time": 0, "name": null },
					{ "time": 1.5333, "name": "up/u_22" },
					{ "time": 2.3333, "name": null }
				]
			},
			"yb/3223532_13": {
				"color": [
					{ "time": 0, "color": "ffffffff" }
				],
				"attachment": [
					{ "time": 0, "name": null }
				]
			},
			"yb/3223532_14": {
				"attachment": [
					{ "time": 0, "name": null }
				]
			},
			"yb/3223532_15": {
				"color": [
					{ "time": 0, "color": "ffffffff" }
				],
				"attachment": [
					{ "time": 0, "name": "up/u_09" }
				]
			},
			"yb/3223532_16": {
				"color": [
					{ "time": 0.3333, "color": "ffffff00" },
					{ "time": 0.4666, "color": "ffffffff" }
				],
				"attachment": [
					{ "time": 0, "name": null },
					{ "time": 0.3333, "name": "up/u_22" }
				]
			}
		},
		"bones": {
			"root": {
				"rotate": [
					{ "time": 0, "angle": 0, "curve": "stepped" },
					{ "time": 2.5666, "angle": 0 }
				],
				"scale": [
					{ "time": 0, "x": 0.97, "y": 0.97, "curve": "stepped" },
					{ "time": 2.5666, "x": 0.97, "y": 0.97 }
				]
			},
			"bone8": {
				"rotate": [
					{ "time": 1.5333, "angle": 85.52 },
					{ "time": 1.7666, "angle": -60.89 },
					{ "time": 1.9333, "angle": -153.66 },
					{ "time": 2.1333, "angle": 127.14 }
				],
				"translate": [
					{
						"time": 1.5333,
						"x": -30.27,
						"y": -215.9,
						"curve": [ 0, 0.7, 0.75, 1 ]
					},
					{
						"time": 1.7666,
						"x": 81.21,
						"y": -189.92,
						"curve": [ 0.25, 0, 1, 0.41 ]
					},
					{ "time": 1.9333, "x": 163.98, "y": -229.92 },
					{ "time": 2.1333, "x": 234.57, "y": -317.82 }
				],
				"scale": [
					{ "time": 1.5333, "x": 1, "y": 1 },
					{ "time": 1.7666, "x": 1.378, "y": 1.378 },
					{ "time": 1.9333, "x": 1.755, "y": 1.755 }
				]
			},
			"bone6": {
				"rotate": [
					{ "time": 1.5, "angle": 0 },
					{ "time": 1.6666, "angle": 26.4 },
					{ "time": 1.8, "angle": 104.13 },
					{ "time": 2, "angle": -161.38 },
					{ "time": 2.1333, "angle": -84.29 },
					{ "time": 2.3333, "angle": 20.81 }
				],
				"translate": [
					{
						"time": 1.5,
						"x": 6.58,
						"y": -210.63,
						"curve": [ 0.145, 0.37, 0.75, 1 ]
					},
					{
						"time": 1.6666,
						"x": -102.19,
						"y": -164.98,
						"curve": [ 0.25, 0, 0.922, 0.71 ]
					},
					{ "time": 2.3333, "x": -241.94, "y": -268.15 }
				],
				"scale": [
					{ "time": 1.5, "x": 1, "y": 1 },
					{ "time": 1.8333, "x": 1.643, "y": 1.643 },
					{ "time": 2.3333, "x": 0.709, "y": 0.709 }
				]
			},
			"bone5": {
				"rotate": [
					{
						"time": 1.5,
						"angle": -33.38,
						"curve": [ 0.25, 0, 0.75, 1 ]
					},
					{ "time": 1.6666, "angle": 82.7 },
					{ "time": 1.8333, "angle": 155.39 },
					{ "time": 2.0333, "angle": -119.04 },
					{ "time": 2.2, "angle": -61.72 }
				],
				"translate": [
					{
						"time": 1.5,
						"x": -12.51,
						"y": -223.07,
						"curve": [ 0.023, 0.5, 0.54, 0.83 ]
					},
					{
						"time": 1.6,
						"x": -82.03,
						"y": -129.35,
						"curve": [ 0.398, 0.66, 0.771, 1 ]
					},
					{
						"time": 1.6666,
						"x": -88.45,
						"y": -119.58,
						"curve": [ 0.217, 0, 0.664, 0.44 ]
					},
					{
						"time": 1.8333,
						"x": -115.13,
						"y": -155.3,
						"curve": [ 0.351, 0.32, 0.686, 0.66 ]
					},
					{
						"time": 2.0333,
						"x": -133.72,
						"y": -209.94,
						"curve": [ 0.513, 0.32, 0.893, 0.67 ]
					},
					{ "time": 2.2, "x": -155.54, "y": -286.82 }
				],
				"scale": [
					{ "time": 1.5, "x": 1, "y": 1 }
				]
			},
			"bone7": {
				"rotate": [
					{ "time": 1.5, "angle": 65.33 },
					{ "time": 1.6666, "angle": -86.48 },
					{ "time": 1.9, "angle": 164.44 },
					{ "time": 2.2, "angle": 12.85 }
				],
				"translate": [
					{
						"time": 1.5,
						"x": -22.38,
						"y": -221.17,
						"curve": [ 0.092, 0.51, 0.75, 1 ]
					},
					{
						"time": 1.6666,
						"x": 6.56,
						"y": -164.31,
						"curve": [ 0.272, 0.08, 0.857, 0.48 ]
					},
					{ "time": 2.2, "x": 68.44, "y": -308.57 }
				],
				"scale": [
					{ "time": 1.5, "x": 1, "y": 1 },
					{ "time": 1.6666, "x": 0.814, "y": 0.814 },
					{ "time": 2.2, "x": 0.573, "y": 0.573 }
				]
			},
			"bone9": {
				"rotate": [
					{ "time": 1.5, "angle": 0 },
					{ "time": 1.7333, "angle": -75.18 },
					{ "time": 1.8666, "angle": 170.42 },
					{ "time": 2.1, "angle": 30.24 },
					{ "time": 2.3, "angle": -78.84 },
					{ "time": 2.6333, "angle": -154.94 }
				],
				"translate": [
					{
						"time": 1.5,
						"x": 35.54,
						"y": -222.48,
						"curve": [ 0.058, 0.54, 0.75, 1 ]
					},
					{ "time": 1.7333, "x": 59.16, "y": -130.18 },
					{
						"time": 1.8666,
						"x": 78.42,
						"y": -108.87,
						"curve": [ 0.229, 0, 0.597, 0.32 ]
					},
					{
						"time": 2.1,
						"x": 94.72,
						"y": -124.51,
						"curve": [ 0.334, 0.22, 0.695, 0.55 ]
					},
					{
						"time": 2.3,
						"x": 96.42,
						"y": -159.63,
						"curve": [ 0.572, 0.24, 1, 0.57 ]
					},
					{ "time": 2.6333, "x": 102.75, "y": -308.99 }
				],
				"scale": [
					{ "time": 1.5, "x": 1, "y": 1, "curve": "stepped" },
					{
						"time": 1.8666,
						"x": 1,
						"y": 1,
						"curve": [ 0.25, 0, 0.75, 1 ]
					},
					{ "time": 2.6333, "x": 0.694, "y": 0.694 }
				]
			},
			"bone15": {
				"rotate": [
					{
						"time": 0.0333,
						"angle": -46.89,
						"curve": [ 0.25, 0, 0.866, 0.22 ]
					},
					{
						"time": 0.3,
						"angle": -12.65,
						"curve": [ 0.25, 0, 0.75, 1 ]
					},
					{ "time": 0.4666, "angle": 4.9, "curve": "stepped" },
					{
						"time": 1.2,
						"angle": 4.9,
						"curve": [ 0, 0.64, 0.75, 1 ]
					},
					{
						"time": 1.4333,
						"angle": -6.17,
						"curve": [ 0.25, 0, 0.75, 1 ]
					},
					{
						"time": 1.7333,
						"angle": 18.61,
						"curve": [ 0.25, 0, 0.75, 1 ]
					},
					{ "time": 2.1, "angle": 4.9 }
				],
				"translate": [
					{ "time": 0, "x": 0, "y": 135.08 },
					{
						"time": 0.0333,
						"x": 72.73,
						"y": -1.79,
						"curve": [ 0.25, 0, 0.866, 0.22 ]
					},
					{
						"time": 0.3,
						"x": 13.38,
						"y": 1.36,
						"curve": [ 0.25, 0, 0.75, 1 ]
					},
					{
						"time": 0.4666,
						"x": 22.13,
						"y": 3.62,
						"curve": [ 0.25, 0, 0.75, 1 ]
					},
					{ "time": 0.5666, "x": 17.75, "y": 1.39, "curve": "stepped" },
					{
						"time": 1.2,
						"x": 17.75,
						"y": 1.39,
						"curve": [ 0, 0.64, 0.75, 1 ]
					},
					{
						"time": 1.4333,
						"x": 25.8,
						"y": -3.37,
						"curve": [ 0.25, 0, 0.75, 1 ]
					},
					{
						"time": 1.7333,
						"x": 13.82,
						"y": 1.37,
						"curve": [ 0.25, 0, 0.75, 1 ]
					},
					{ "time": 2.1, "x": 17.75, "y": 1.39 }
				]
			},
			"bone13": {
				"translate": [
					{ "time": 0, "x": 0, "y": 135.08 }
				]
			},
			"bone11": {
				"rotate": [
					{ "time": 0, "angle": 0, "curve": "stepped" },
					{
						"time": 1.4333,
						"angle": 0,
						"curve": [ 0, 0.98, 0.75, 1 ]
					},
					{
						"time": 1.6666,
						"angle": 18.28,
						"curve": [ 0.25, 0, 1, 0.54 ]
					},
					{
						"time": 1.9,
						"angle": -6.34,
						"curve": [ 0.25, 0, 0.75, 1 ]
					},
					{ "time": 2.2, "angle": 0 }
				],
				"translate": [
					{ "time": 0, "x": 5.25, "y": -9.7, "curve": "stepped" },
					{
						"time": 1.4333,
						"x": 5.25,
						"y": -9.7,
						"curve": [ 0, 0.98, 0.75, 1 ]
					},
					{
						"time": 1.6666,
						"x": 10.96,
						"y": -4.67,
						"curve": [ 0.25, 0, 1, 0.54 ]
					},
					{
						"time": 1.9,
						"x": 3.88,
						"y": -6.98,
						"curve": [ 0.25, 0, 0.75, 1 ]
					},
					{ "time": 2.2, "x": 5.25, "y": -9.7 }
				]
			},
			"bone12": {
				"rotate": [
					{ "time": 0, "angle": -7.86, "curve": "stepped" },
					{ "time": 1.5333, "angle": -7.86 },
					{
						"time": 1.7666,
						"angle": 37.11,
						"curve": [ 0.25, 0, 0.75, 1 ]
					},
					{
						"time": 2,
						"angle": -44.33,
						"curve": [ 0.25, 0, 0.75, 1 ]
					},
					{
						"time": 2.1666,
						"angle": 0,
						"curve": [ 0.25, 0, 0.75, 1 ]
					},
					{ "time": 2.2666, "angle": -7.86 }
				],
				"translate": [
					{ "time": 0, "x": 0.41, "y": -16.02, "curve": "stepped" },
					{
						"time": 1.5333,
						"x": 0.41,
						"y": -16.02,
						"curve": [ 0, 0.95, 0.75, 1 ]
					},
					{
						"time": 1.7666,
						"x": 14.53,
						"y": -6.59,
						"curve": [ 0.25, 0, 0.75, 1 ]
					},
					{
						"time": 2,
						"x": 2.78,
						"y": -12.85,
						"curve": [ 0.25, 0, 0.75, 1 ]
					},
					{
						"time": 2.1666,
						"x": -1.08,
						"y": -13.96,
						"curve": [ 0.25, 0, 0.75, 1 ]
					},
					{ "time": 2.2666, "x": 0.41, "y": -16.02 }
				]
			},
			"bone14": {
				"rotate": [
					{ "time": 0, "angle": 17.33, "curve": "stepped" },
					{
						"time": 0.3,
						"angle": 17.33,
						"curve": [ 0, 0.36, 0.75, 1 ]
					},
					{
						"time": 0.4666,
						"angle": -7.8,
						"curve": [ 0.25, 0, 0.75, 1 ]
					},
					{ "time": 0.5666, "angle": -3.46, "curve": "stepped" },
					{ "time": 1.4333, "angle": -3.46 },
					{ "time": 1.6666, "angle": -39.78 },
					{
						"time": 1.9,
						"angle": 19.23,
						"curve": [ 0.25, 0, 0.75, 1 ]
					},
					{ "time": 2.2, "angle": -3.46 }
				],
				"translate": [
					{ "time": 0, "x": 15.22, "y": 16.47, "curve": "stepped" },
					{
						"time": 0.3,
						"x": 15.22,
						"y": 16.47,
						"curve": [ 0, 0.36, 0.75, 1 ]
					},
					{
						"time": 0.4666,
						"x": 14.6,
						"y": 9.4,
						"curve": [ 0.25, 0, 0.75, 1 ]
					},
					{ "time": 0.5666, "x": 12.89, "y": 12.92, "curve": "stepped" },
					{
						"time": 1.4333,
						"x": 12.89,
						"y": 12.92,
						"curve": [ 0, 0.82, 0.75, 1 ]
					},
					{
						"time": 1.6666,
						"x": 18.53,
						"y": 6.13,
						"curve": [ 0.25, 0, 0.75, 1 ]
					},
					{
						"time": 1.9,
						"x": 10.16,
						"y": 16.38,
						"curve": [ 0.25, 0, 0.75, 1 ]
					},
					{ "time": 2.2, "x": 12.89, "y": 12.92 }
				]
			},
			"bone4": {
				"scale": [
					{ "time": 0, "x": 1, "y": 1, "curve": "stepped" },
					{
						"time": 0.3,
						"x": 1,
						"y": 1,
						"curve": [ 0, 0.68, 0.75, 1 ]
					},
					{
						"time": 0.3666,
						"x": 0.969,
						"y": 1.118,
						"curve": [ 0.662, 0, 0.472, 1 ]
					},
					{
						"time": 0.4666,
						"x": 1.082,
						"y": 0.997,
						"curve": [ 0.662, 0, 0.472, 1 ]
					},
					{
						"time": 0.6,
						"x": 0.96,
						"y": 1.028,
						"curve": [ 0.25, 0, 0.75, 1 ]
					},
					{
						"time": 0.7333,
						"x": 1.03,
						"y": 0.969,
						"curve": [ 0.25, 0, 0.75, 1 ]
					},
					{ "time": 0.9, "x": 1, "y": 1, "curve": "stepped" },
					{
						"time": 1,
						"x": 1,
						"y": 1,
						"curve": [ 0.1, 0.58, 0.75, 1 ]
					},
					{
						"time": 1.2,
						"x": 0.931,
						"y": 1.034,
						"curve": [ 0, 0.91, 0.75, 1 ]
					},
					{
						"time": 1.4,
						"x": 0.573,
						"y": 1.193,
						"curve": [ 0.719, 0, 0.284, 1 ]
					},
					{
						"time": 1.5666,
						"x": 1.226,
						"y": 0.811,
						"curve": [ 0.587, 0, 0.427, 1 ]
					},
					{
						"time": 1.8333,
						"x": 0.895,
						"y": 1.102,
						"curve": [ 0.25, 0, 0.75, 1 ]
					},
					{
						"time": 2.1,
						"x": 1.069,
						"y": 0.977,
						"curve": [ 0.25, 0, 0.75, 1 ]
					},
					{ "time": 2.3, "x": 1, "y": 1 }
				]
			},
			"bone16": {
				"rotate": [
					{
						"time": 1.5333,
						"angle": -63.58,
						"curve": [ 0.055, 0.65, 0.75, 1 ]
					},
					{ "time": 1.7, "angle": 0 },
					{ "time": 1.9666, "angle": 73.06 },
					{ "time": 2.1666, "angle": 141.64 },
					{ "time": 2.3333, "angle": -168.89 }
				],
				"translate": [
					{
						"time": 1.5333,
						"x": -40.43,
						"y": -214.92,
						"curve": [ 0.055, 0.65, 0.75, 1 ]
					},
					{ "time": 1.7, "x": -54.36, "y": -138.23 },
					{ "time": 1.9666, "x": -58.18, "y": -178.6 },
					{ "time": 2.1666, "x": -70.04, "y": -204.2 },
					{ "time": 2.3333, "x": -81.81, "y": -237.1 }
				],
				"scale": [
					{ "time": 1.5333, "x": 1, "y": 1 },
					{ "time": 1.7, "x": 0.958, "y": 0.958 },
					{ "time": 1.9666, "x": 0.704, "y": 0.704 },
					{ "time": 2.3333, "x": 0.542, "y": 0.542 }
				]
			},
			"bone17": {
				"rotate": [
					{
						"time": 0.5666,
						"angle": 48.88,
						"curve": [ 0.055, 0.65, 0.75, 1 ]
					},
					{
						"time": 0.7666,
						"angle": 26.76,
						"curve": [ 0.25, 0, 0.75, 1 ]
					},
					{ "time": 1, "angle": 41.85 }
				],
				"translate": [
					{
						"time": 0.3333,
						"x": 129.15,
						"y": 12.75,
						"curve": [ 0.27, 0.19, 0.632, 0.54 ]
					},
					{
						"time": 0.5666,
						"x": 13.35,
						"y": 20.25,
						"curve": [ 0.055, 0.65, 0.75, 1 ]
					},
					{
						"time": 0.7666,
						"x": 22.46,
						"y": 14.97,
						"curve": [ 0.25, 0, 0.75, 1 ]
					},
					{ "time": 1, "x": 14.01, "y": 14.91, "curve": "stepped" },
					{
						"time": 1.4333,
						"x": 14.01,
						"y": 14.91,
						"curve": [ 0.037, 0.64, 0.658, 0.98 ]
					},
					{
						"time": 1.6666,
						"x": 32.96,
						"y": 15.78,
						"curve": [ 0.25, 0, 0.75, 1 ]
					},
					{
						"time": 2,
						"x": 12.18,
						"y": 14.68,
						"curve": [ 0.25, 0, 0.75, 1 ]
					},
					{ "time": 2.3, "x": 14.01, "y": 14.91 }
				],
				"scale": [
					{ "time": 0.3333, "x": 1, "y": 1, "curve": "stepped" },
					{ "time": 0.5666, "x": 1, "y": 1 },
					{ "time": 0.7666, "x": 0.896, "y": 0.993, "curve": "stepped" },
					{ "time": 1, "x": 0.896, "y": 0.993 }
				]
			}
		},
		"deform": {
			"default": {
				"up/mc_09": {
					"up/mc_09": [
						{ "time": 1.2 },
						{
							"time": 1.4,
							"vertices": [ -1.19985, -1.17139, -2.9351, -8.18431, 1.31124, -7.88021, -2.46804, 3.20496, -2.46804, 3.20496, -3.00329, -2.6365 ]
						},
						{
							"time": 1.5666,
							"vertices": [ -9.12562, 8.07401, -4.2896, 6.82953, 0, 0, -2.25156, -5.60032, -3.93143, -12.05399, -9.61162, -12.96317, -6.22165, -7.78198, -3.70443, 2.54237, 2.85178, -2.54998 ]
						},
						{
							"time": 1.8333,
							"offset": 2,
							"vertices": [ -3.07753, -4.75674, 0, 0, 0, 0, -3.51949, 2.51213 ]
						},
						{ "time": 2.1 }
					]
				},
				"up/u_13": {
					"up/u_13": [
						{ "time": 0, "curve": "stepped" },
						{
							"time": 1.2,
							"curve": [ 0.719, 0, 0.284, 1 ]
						},
						{
							"time": 1.4,
							"offset": 2,
							"vertices": [ 0.09795, -8.54055, 0.09795, -8.54055, -0.05433, 4.74476, -0.05433, 4.74476, 0, 0, 0, 0, 0, 0, -14.70293, -0.04491 ],
							"curve": [ 0.719, 0, 0.284, 1 ]
						},
						{
							"time": 1.5666,
							"vertices": [ -5.57573, 11.90573, -3.31575, 7.42365, 0, 0, -0.18075, 0.45924, -3.69607, -9.51, -8.1922, -10.80069, -1.35803, 1.13879, 0.13524, 1.30961, -1.30733, -4.26588 ],
							"curve": [ 0.587, 0, 0.427, 1 ]
						},
						{
							"time": 1.8333,
							"vertices": [ -1.40402, -2.46139, -3.88, -4.00793, 0, 0, -1.44607, 3.67393, -1.44607, 3.67393, -0.72095, 1.5302, 0, 0, 0, 0, -1.06562 ],
							"curve": [ 0.25, 0, 0.75, 1 ]
						},
						{ "time": 2.1 }
					]
				}
			}
		}
	},
	"run2": {
		"slots": {
			"up/mc_09": {
				"attachment": [
					{ "time": 0, "name": "up/mc_09" }
				]
			},
			"up/mc_21": {
				"attachment": [
					{ "time": 0, "name": "up/mc_21" }
				]
			},
			"up/u_08": {
				"attachment": [
					{ "time": 0, "name": null }
				]
			},
			"up/u_13": {
				"attachment": [
					{ "time": 0, "name": null }
				]
			},
			"yb/3223532_06": {
				"color": [
					{ "time": 1.5, "color": "ffffffff", "curve": "stepped" },
					{ "time": 2.0333, "color": "ffffffff" },
					{ "time": 2.2, "color": "ffffff00" }
				],
				"attachment": [
					{ "time": 0, "name": null },
					{ "time": 1.5, "name": "up/u_22" },
					{ "time": 2.2, "name": null }
				]
			},
			"yb/3223532_6": {
				"color": [
					{ "time": 1.5, "color": "ffffffff", "curve": "stepped" },
					{ "time": 1.9, "color": "ffffffff" },
					{ "time": 2.2, "color": "ffffff00" }
				],
				"attachment": [
					{ "time": 0, "name": null },
					{ "time": 1.5, "name": "up/u_22" },
					{ "time": 2.2, "name": null }
				]
			},
			"yb/3223532_7": {
				"color": [
					{ "time": 1.5333, "color": "ffffffff", "curve": "stepped" },
					{ "time": 1.9333, "color": "ffffffff" },
					{ "time": 2.1333, "color": "ffffff00" }
				],
				"attachment": [
					{ "time": 0, "name": null },
					{ "time": 1.5333, "name": "up/u_22" },
					{ "time": 2.1333, "name": null }
				]
			},
			"yb/3223532_8": {
				"color": [
					{ "time": 0.0333, "color": "ffffff00" },
					{ "time": 0.1666, "color": "ffffffff" }
				],
				"attachment": [
					{ "time": 0, "name": null },
					{ "time": 0.0333, "name": "up/u_09" }
				]
			},
			"yb/3223532_09": {
				"color": [
					{ "time": 1.5, "color": "ffffffff", "curve": "stepped" },
					{ "time": 2.1333, "color": "ffffffff" },
					{ "time": 2.3333, "color": "ffffff00" }
				],
				"attachment": [
					{ "time": 0, "name": null },
					{ "time": 1.5, "name": "up/u_26" },
					{ "time": 2.3333, "name": null }
				]
			},
			"yb/3223532_9": {
				"color": [
					{ "time": 1.5, "color": "ffffffff", "curve": "stepped" },
					{ "time": 2.4333, "color": "ffffffff" },
					{ "time": 2.6333, "color": "ffffff00" }
				],
				"attachment": [
					{ "time": 0, "name": null },
					{ "time": 1.5, "name": "up/u_26" },
					{ "time": 2.6333, "name": null }
				]
			},
			"yb/3223532_10": {
				"attachment": [
					{ "time": 0, "name": null }
				]
			},
			"yb/3223532_11": {
				"color": [
					{ "time": 0, "color": "ffffffff" }
				],
				"attachment": [
					{ "time": 0, "name": "up/u_26" }
				]
			},
			"yb/3223532_12": {
				"color": [
					{ "time": 1.5333, "color": "ffffffff", "curve": "stepped" },
					{ "time": 2.1666, "color": "ffffffff" },
					{ "time": 2.3333, "color": "ffffff00" }
				],
				"attachment": [
					{ "time": 0, "name": null },
					{ "time": 1.5333, "name": "up/u_22" },
					{ "time": 2.3333, "name": null }
				]
			},
			"yb/3223532_13": {
				"color": [
					{ "time": 0, "color": "ffffffff" }
				],
				"attachment": [
					{ "time": 0, "name": null }
				]
			},
			"yb/3223532_14": {
				"attachment": [
					{ "time": 0, "name": null }
				]
			},
			"yb/3223532_15": {
				"color": [
					{ "time": 0, "color": "ffffffff" }
				],
				"attachment": [
					{ "time": 0, "name": "up/u_09" }
				]
			},
			"yb/3223532_16": {
				"color": [
					{ "time": 0.3333, "color": "ffffff00" },
					{ "time": 0.4666, "color": "ffffffff" }
				],
				"attachment": [
					{ "time": 0, "name": null },
					{ "time": 0.3333, "name": "up/u_22" }
				]
			}
		},
		"bones": {
			"root": {
				"rotate": [
					{ "time": 0, "angle": 0, "curve": "stepped" },
					{ "time": 2.5666, "angle": 0 }
				],
				"scale": [
					{ "time": 0, "x": 0.97, "y": 0.97, "curve": "stepped" },
					{ "time": 2.5666, "x": 0.97, "y": 0.97 }
				]
			},
			"bone8": {
				"rotate": [
					{ "time": 1.5333, "angle": 85.52 },
					{ "time": 1.7666, "angle": -60.89 },
					{ "time": 1.9333, "angle": -153.66 },
					{ "time": 2.1333, "angle": 127.14 }
				],
				"translate": [
					{
						"time": 1.5333,
						"x": -30.27,
						"y": -215.9,
						"curve": [ 0, 0.7, 0.75, 1 ]
					},
					{
						"time": 1.7666,
						"x": 81.21,
						"y": -189.92,
						"curve": [ 0.25, 0, 1, 0.41 ]
					},
					{ "time": 1.9333, "x": 163.98, "y": -229.92 },
					{ "time": 2.1333, "x": 234.57, "y": -317.82 }
				],
				"scale": [
					{ "time": 1.5333, "x": 1, "y": 1 },
					{ "time": 1.7666, "x": 1.378, "y": 1.378 },
					{ "time": 1.9333, "x": 1.755, "y": 1.755 }
				]
			},
			"bone6": {
				"rotate": [
					{ "time": 1.5, "angle": 0 },
					{ "time": 1.6666, "angle": 26.4 },
					{ "time": 1.8, "angle": 104.13 },
					{ "time": 2, "angle": -161.38 },
					{ "time": 2.1333, "angle": -84.29 },
					{ "time": 2.3333, "angle": 20.81 }
				],
				"translate": [
					{
						"time": 1.5,
						"x": 6.58,
						"y": -210.63,
						"curve": [ 0.145, 0.37, 0.75, 1 ]
					},
					{
						"time": 1.6666,
						"x": -102.19,
						"y": -164.98,
						"curve": [ 0.25, 0, 0.922, 0.71 ]
					},
					{ "time": 2.3333, "x": -241.94, "y": -268.15 }
				],
				"scale": [
					{ "time": 1.5, "x": 1, "y": 1 },
					{ "time": 1.8333, "x": 1.643, "y": 1.643 },
					{ "time": 2.3333, "x": 0.709, "y": 0.709 }
				]
			},
			"bone5": {
				"rotate": [
					{
						"time": 1.5,
						"angle": -33.38,
						"curve": [ 0.25, 0, 0.75, 1 ]
					},
					{ "time": 1.6666, "angle": 82.7 },
					{ "time": 1.8333, "angle": 155.39 },
					{ "time": 2.0333, "angle": -119.04 },
					{ "time": 2.2, "angle": -61.72 }
				],
				"translate": [
					{
						"time": 1.5,
						"x": -12.51,
						"y": -223.07,
						"curve": [ 0.023, 0.5, 0.54, 0.83 ]
					},
					{
						"time": 1.6,
						"x": -82.03,
						"y": -129.35,
						"curve": [ 0.398, 0.66, 0.771, 1 ]
					},
					{
						"time": 1.6666,
						"x": -88.45,
						"y": -119.58,
						"curve": [ 0.217, 0, 0.664, 0.44 ]
					},
					{
						"time": 1.8333,
						"x": -115.13,
						"y": -155.3,
						"curve": [ 0.351, 0.32, 0.686, 0.66 ]
					},
					{
						"time": 2.0333,
						"x": -133.72,
						"y": -209.94,
						"curve": [ 0.513, 0.32, 0.893, 0.67 ]
					},
					{ "time": 2.2, "x": -155.54, "y": -286.82 }
				],
				"scale": [
					{ "time": 1.5, "x": 1, "y": 1 }
				]
			},
			"bone7": {
				"rotate": [
					{ "time": 1.5, "angle": 65.33 },
					{ "time": 1.6666, "angle": -86.48 },
					{ "time": 1.9, "angle": 164.44 },
					{ "time": 2.2, "angle": 12.85 }
				],
				"translate": [
					{
						"time": 1.5,
						"x": -22.38,
						"y": -221.17,
						"curve": [ 0.092, 0.51, 0.75, 1 ]
					},
					{
						"time": 1.6666,
						"x": 6.56,
						"y": -164.31,
						"curve": [ 0.272, 0.08, 0.857, 0.48 ]
					},
					{ "time": 2.2, "x": 68.44, "y": -308.57 }
				],
				"scale": [
					{ "time": 1.5, "x": 1, "y": 1 },
					{ "time": 1.6666, "x": 0.814, "y": 0.814 },
					{ "time": 2.2, "x": 0.573, "y": 0.573 }
				]
			},
			"bone9": {
				"rotate": [
					{ "time": 1.5, "angle": 0 },
					{ "time": 1.7333, "angle": -75.18 },
					{ "time": 1.8666, "angle": 170.42 },
					{ "time": 2.1, "angle": 30.24 },
					{ "time": 2.3, "angle": -78.84 },
					{ "time": 2.6333, "angle": -154.94 }
				],
				"translate": [
					{
						"time": 1.5,
						"x": 35.54,
						"y": -222.48,
						"curve": [ 0.058, 0.54, 0.75, 1 ]
					},
					{ "time": 1.7333, "x": 59.16, "y": -130.18 },
					{
						"time": 1.8666,
						"x": 78.42,
						"y": -108.87,
						"curve": [ 0.229, 0, 0.597, 0.32 ]
					},
					{
						"time": 2.1,
						"x": 94.72,
						"y": -124.51,
						"curve": [ 0.334, 0.22, 0.695, 0.55 ]
					},
					{
						"time": 2.3,
						"x": 96.42,
						"y": -159.63,
						"curve": [ 0.572, 0.24, 1, 0.57 ]
					},
					{ "time": 2.6333, "x": 102.75, "y": -308.99 }
				],
				"scale": [
					{ "time": 1.5, "x": 1, "y": 1, "curve": "stepped" },
					{
						"time": 1.8666,
						"x": 1,
						"y": 1,
						"curve": [ 0.25, 0, 0.75, 1 ]
					},
					{ "time": 2.6333, "x": 0.694, "y": 0.694 }
				]
			},
			"bone15": {
				"rotate": [
					{
						"time": 0.0333,
						"angle": -46.89,
						"curve": [ 0.25, 0, 0.866, 0.22 ]
					},
					{
						"time": 0.3,
						"angle": -12.65,
						"curve": [ 0.25, 0, 0.75, 1 ]
					},
					{ "time": 0.4666, "angle": 4.9, "curve": "stepped" },
					{
						"time": 1.2,
						"angle": 4.9,
						"curve": [ 0, 0.64, 0.75, 1 ]
					},
					{
						"time": 1.4333,
						"angle": -6.17,
						"curve": [ 0.25, 0, 0.75, 1 ]
					},
					{
						"time": 1.7333,
						"angle": 18.61,
						"curve": [ 0.25, 0, 0.75, 1 ]
					},
					{ "time": 2.1, "angle": 4.9 }
				],
				"translate": [
					{ "time": 0, "x": 0, "y": 135.08 },
					{
						"time": 0.0333,
						"x": 72.73,
						"y": -1.79,
						"curve": [ 0.25, 0, 0.866, 0.22 ]
					},
					{
						"time": 0.3,
						"x": 13.38,
						"y": 1.36,
						"curve": [ 0.25, 0, 0.75, 1 ]
					},
					{
						"time": 0.4666,
						"x": 22.13,
						"y": 3.62,
						"curve": [ 0.25, 0, 0.75, 1 ]
					},
					{ "time": 0.5666, "x": 17.75, "y": 1.39, "curve": "stepped" },
					{
						"time": 1.2,
						"x": 17.75,
						"y": 1.39,
						"curve": [ 0, 0.64, 0.75, 1 ]
					},
					{
						"time": 1.4333,
						"x": 25.8,
						"y": -3.37,
						"curve": [ 0.25, 0, 0.75, 1 ]
					},
					{
						"time": 1.7333,
						"x": 13.82,
						"y": 1.37,
						"curve": [ 0.25, 0, 0.75, 1 ]
					},
					{ "time": 2.1, "x": 17.75, "y": 1.39 }
				]
			},
			"bone13": {
				"translate": [
					{ "time": 0, "x": 0, "y": 135.08 }
				]
			},
			"bone11": {
				"rotate": [
					{ "time": 0, "angle": 0, "curve": "stepped" },
					{
						"time": 1.4333,
						"angle": 0,
						"curve": [ 0, 0.98, 0.75, 1 ]
					},
					{
						"time": 1.6666,
						"angle": 18.28,
						"curve": [ 0.25, 0, 1, 0.54 ]
					},
					{
						"time": 1.9,
						"angle": -6.34,
						"curve": [ 0.25, 0, 0.75, 1 ]
					},
					{ "time": 2.2, "angle": 0 }
				],
				"translate": [
					{ "time": 0, "x": 5.25, "y": -9.7, "curve": "stepped" },
					{
						"time": 1.4333,
						"x": 5.25,
						"y": -9.7,
						"curve": [ 0, 0.98, 0.75, 1 ]
					},
					{
						"time": 1.6666,
						"x": 10.96,
						"y": -4.67,
						"curve": [ 0.25, 0, 1, 0.54 ]
					},
					{
						"time": 1.9,
						"x": 3.88,
						"y": -6.98,
						"curve": [ 0.25, 0, 0.75, 1 ]
					},
					{ "time": 2.2, "x": 5.25, "y": -9.7 }
				]
			},
			"bone12": {
				"rotate": [
					{ "time": 0, "angle": -7.86, "curve": "stepped" },
					{ "time": 1.5333, "angle": -7.86 },
					{
						"time": 1.7666,
						"angle": 37.11,
						"curve": [ 0.25, 0, 0.75, 1 ]
					},
					{
						"time": 2,
						"angle": -44.33,
						"curve": [ 0.25, 0, 0.75, 1 ]
					},
					{
						"time": 2.1666,
						"angle": 0,
						"curve": [ 0.25, 0, 0.75, 1 ]
					},
					{ "time": 2.2666, "angle": -7.86 }
				],
				"translate": [
					{ "time": 0, "x": 0.41, "y": -16.02, "curve": "stepped" },
					{
						"time": 1.5333,
						"x": 0.41,
						"y": -16.02,
						"curve": [ 0, 0.95, 0.75, 1 ]
					},
					{
						"time": 1.7666,
						"x": 14.53,
						"y": -6.59,
						"curve": [ 0.25, 0, 0.75, 1 ]
					},
					{
						"time": 2,
						"x": 2.78,
						"y": -12.85,
						"curve": [ 0.25, 0, 0.75, 1 ]
					},
					{
						"time": 2.1666,
						"x": -1.08,
						"y": -13.96,
						"curve": [ 0.25, 0, 0.75, 1 ]
					},
					{ "time": 2.2666, "x": 0.41, "y": -16.02 }
				]
			},
			"bone14": {
				"rotate": [
					{ "time": 0, "angle": 17.33, "curve": "stepped" },
					{
						"time": 0.3,
						"angle": 17.33,
						"curve": [ 0, 0.36, 0.75, 1 ]
					},
					{
						"time": 0.4666,
						"angle": -7.8,
						"curve": [ 0.25, 0, 0.75, 1 ]
					},
					{ "time": 0.5666, "angle": -3.46, "curve": "stepped" },
					{ "time": 1.4333, "angle": -3.46 },
					{ "time": 1.6666, "angle": -39.78 },
					{
						"time": 1.9,
						"angle": 19.23,
						"curve": [ 0.25, 0, 0.75, 1 ]
					},
					{ "time": 2.2, "angle": -3.46 }
				],
				"translate": [
					{ "time": 0, "x": 15.22, "y": 16.47, "curve": "stepped" },
					{
						"time": 0.3,
						"x": 15.22,
						"y": 16.47,
						"curve": [ 0, 0.36, 0.75, 1 ]
					},
					{
						"time": 0.4666,
						"x": 14.6,
						"y": 9.4,
						"curve": [ 0.25, 0, 0.75, 1 ]
					},
					{ "time": 0.5666, "x": 12.89, "y": 12.92, "curve": "stepped" },
					{
						"time": 1.4333,
						"x": 12.89,
						"y": 12.92,
						"curve": [ 0, 0.82, 0.75, 1 ]
					},
					{
						"time": 1.6666,
						"x": 18.53,
						"y": 6.13,
						"curve": [ 0.25, 0, 0.75, 1 ]
					},
					{
						"time": 1.9,
						"x": 10.16,
						"y": 16.38,
						"curve": [ 0.25, 0, 0.75, 1 ]
					},
					{ "time": 2.2, "x": 12.89, "y": 12.92 }
				]
			},
			"bone4": {
				"scale": [
					{ "time": 0, "x": 1, "y": 1, "curve": "stepped" },
					{
						"time": 0.3,
						"x": 1,
						"y": 1,
						"curve": [ 0, 0.68, 0.75, 1 ]
					},
					{
						"time": 0.3666,
						"x": 0.969,
						"y": 1.118,
						"curve": [ 0.662, 0, 0.472, 1 ]
					},
					{
						"time": 0.4666,
						"x": 1.082,
						"y": 0.997,
						"curve": [ 0.662, 0, 0.472, 1 ]
					},
					{
						"time": 0.6,
						"x": 0.96,
						"y": 1.028,
						"curve": [ 0.25, 0, 0.75, 1 ]
					},
					{
						"time": 0.7333,
						"x": 1.03,
						"y": 0.969,
						"curve": [ 0.25, 0, 0.75, 1 ]
					},
					{ "time": 0.9, "x": 1, "y": 1, "curve": "stepped" },
					{
						"time": 1,
						"x": 1,
						"y": 1,
						"curve": [ 0.1, 0.58, 0.75, 1 ]
					},
					{
						"time": 1.2,
						"x": 0.931,
						"y": 1.034,
						"curve": [ 0, 0.91, 0.75, 1 ]
					},
					{
						"time": 1.4,
						"x": 0.573,
						"y": 1.193,
						"curve": [ 0.719, 0, 0.284, 1 ]
					},
					{
						"time": 1.5666,
						"x": 1.226,
						"y": 0.811,
						"curve": [ 0.587, 0, 0.427, 1 ]
					},
					{
						"time": 1.8333,
						"x": 0.895,
						"y": 1.102,
						"curve": [ 0.25, 0, 0.75, 1 ]
					},
					{
						"time": 2.1,
						"x": 1.069,
						"y": 0.977,
						"curve": [ 0.25, 0, 0.75, 1 ]
					},
					{ "time": 2.3, "x": 1, "y": 1 }
				]
			},
			"bone16": {
				"rotate": [
					{
						"time": 1.5333,
						"angle": -63.58,
						"curve": [ 0.055, 0.65, 0.75, 1 ]
					},
					{ "time": 1.7, "angle": 0 },
					{ "time": 1.9666, "angle": 73.06 },
					{ "time": 2.1666, "angle": 141.64 },
					{ "time": 2.3333, "angle": -168.89 }
				],
				"translate": [
					{
						"time": 1.5333,
						"x": -40.43,
						"y": -214.92,
						"curve": [ 0.055, 0.65, 0.75, 1 ]
					},
					{ "time": 1.7, "x": -54.36, "y": -138.23 },
					{ "time": 1.9666, "x": -58.18, "y": -178.6 },
					{ "time": 2.1666, "x": -70.04, "y": -204.2 },
					{ "time": 2.3333, "x": -81.81, "y": -237.1 }
				],
				"scale": [
					{ "time": 1.5333, "x": 1, "y": 1 },
					{ "time": 1.7, "x": 0.958, "y": 0.958 },
					{ "time": 1.9666, "x": 0.704, "y": 0.704 },
					{ "time": 2.3333, "x": 0.542, "y": 0.542 }
				]
			},
			"bone17": {
				"rotate": [
					{
						"time": 0.5666,
						"angle": 48.88,
						"curve": [ 0.055, 0.65, 0.75, 1 ]
					},
					{
						"time": 0.7666,
						"angle": 26.76,
						"curve": [ 0.25, 0, 0.75, 1 ]
					},
					{ "time": 1, "angle": 41.85 }
				],
				"translate": [
					{
						"time": 0.3333,
						"x": 129.15,
						"y": 12.75,
						"curve": [ 0.27, 0.19, 0.632, 0.54 ]
					},
					{
						"time": 0.5666,
						"x": 13.35,
						"y": 20.25,
						"curve": [ 0.055, 0.65, 0.75, 1 ]
					},
					{
						"time": 0.7666,
						"x": 22.46,
						"y": 14.97,
						"curve": [ 0.25, 0, 0.75, 1 ]
					},
					{ "time": 1, "x": 14.01, "y": 14.91, "curve": "stepped" },
					{
						"time": 1.4333,
						"x": 14.01,
						"y": 14.91,
						"curve": [ 0.037, 0.64, 0.658, 0.98 ]
					},
					{
						"time": 1.6666,
						"x": 32.96,
						"y": 15.78,
						"curve": [ 0.25, 0, 0.75, 1 ]
					},
					{
						"time": 2,
						"x": 12.18,
						"y": 14.68,
						"curve": [ 0.25, 0, 0.75, 1 ]
					},
					{ "time": 2.3, "x": 14.01, "y": 14.91 }
				],
				"scale": [
					{ "time": 0.3333, "x": 1, "y": 1, "curve": "stepped" },
					{ "time": 0.5666, "x": 1, "y": 1 },
					{ "time": 0.7666, "x": 0.896, "y": 0.993, "curve": "stepped" },
					{ "time": 1, "x": 0.896, "y": 0.993 }
				]
			}
		},
		"deform": {
			"default": {
				"up/mc_09": {
					"up/mc_09": [
						{ "time": 1.2 },
						{
							"time": 1.4,
							"vertices": [ -1.19985, -1.17139, -2.9351, -8.18431, 1.31124, -7.88021, -2.46804, 3.20496, -2.46804, 3.20496, -3.00329, -2.6365 ]
						},
						{
							"time": 1.5666,
							"vertices": [ -9.12562, 8.07401, -4.2896, 6.82953, 0, 0, -2.25156, -5.60032, -3.93143, -12.05399, -9.61162, -12.96317, -6.22165, -7.78198, -3.70443, 2.54237, 2.85178, -2.54998 ]
						},
						{
							"time": 1.8333,
							"offset": 2,
							"vertices": [ -3.07753, -4.75674, 0, 0, 0, 0, -3.51949, 2.51213 ]
						},
						{ "time": 2.1 }
					]
				},
				"up/u_13": {
					"up/u_13": [
						{ "time": 0, "curve": "stepped" },
						{
							"time": 1.2,
							"curve": [ 0.719, 0, 0.284, 1 ]
						},
						{
							"time": 1.4,
							"offset": 2,
							"vertices": [ 0.09795, -8.54055, 0.09795, -8.54055, -0.05433, 4.74476, -0.05433, 4.74476, 0, 0, 0, 0, 0, 0, -14.70293, -0.04491 ],
							"curve": [ 0.719, 0, 0.284, 1 ]
						},
						{
							"time": 1.5666,
							"vertices": [ -5.57573, 11.90573, -3.31575, 7.42365, 0, 0, -0.18075, 0.45924, -3.69607, -9.51, -8.1922, -10.80069, -1.35803, 1.13879, 0.13524, 1.30961, -1.30733, -4.26588 ],
							"curve": [ 0.587, 0, 0.427, 1 ]
						},
						{
							"time": 1.8333,
							"vertices": [ -1.40402, -2.46139, -3.88, -4.00793, 0, 0, -1.44607, 3.67393, -1.44607, 3.67393, -0.72095, 1.5302, 0, 0, 0, 0, -1.06562 ],
							"curve": [ 0.25, 0, 0.75, 1 ]
						},
						{ "time": 2.1 }
					]
				}
			}
		}
	},
	"stop1": {
		"slots": {
			"up/mc_09": {
				"attachment": [
					{ "time": 0, "name": null }
				]
			},
			"up/mc_21": {
				"attachment": [
					{ "time": 0, "name": null }
				]
			},
			"yb/3223532_06": {
				"attachment": [
					{ "time": 0, "name": null }
				]
			},
			"yb/3223532_6": {
				"attachment": [
					{ "time": 0, "name": null }
				]
			},
			"yb/3223532_7": {
				"attachment": [
					{ "time": 0, "name": null }
				]
			},
			"yb/3223532_8": {
				"attachment": [
					{ "time": 0, "name": null }
				]
			},
			"yb/3223532_09": {
				"attachment": [
					{ "time": 0, "name": null }
				]
			},
			"yb/3223532_9": {
				"attachment": [
					{ "time": 0, "name": null }
				]
			},
			"yb/3223532_10": {
				"attachment": [
					{ "time": 0, "name": null }
				]
			},
			"yb/3223532_11": {
				"color": [
					{ "time": 0, "color": "ffffffff" }
				],
				"attachment": [
					{ "time": 0, "name": "up/u_26" }
				]
			},
			"yb/3223532_12": {
				"attachment": [
					{ "time": 0, "name": null }
				]
			},
			"yb/3223532_13": {
				"color": [
					{ "time": 0, "color": "ffffffff" }
				],
				"attachment": [
					{ "time": 0, "name": null }
				]
			},
			"yb/3223532_14": {
				"attachment": [
					{ "time": 0, "name": null }
				]
			},
			"yb/3223532_15": {
				"color": [
					{ "time": 0, "color": "ffffffff" }
				],
				"attachment": [
					{ "time": 0, "name": "up/u_09" }
				]
			},
			"yb/3223532_16": {
				"attachment": [
					{ "time": 0, "name": null }
				]
			}
		},
		"bones": {
			"root": {
				"rotate": [
					{ "time": 0, "angle": 0 }
				],
				"scale": [
					{ "time": 0, "x": 0.97, "y": 0.97 }
				]
			},
			"bone15": {
				"translate": [
					{ "time": 0, "x": 0, "y": 135.08 }
				]
			},
			"bone13": {
				"translate": [
					{ "time": 0, "x": 0, "y": 135.08 }
				]
			},
			"bone11": {
				"rotate": [
					{ "time": 0, "angle": 0 }
				],
				"translate": [
					{ "time": 0, "x": 5.25, "y": -9.7 }
				]
			},
			"bone12": {
				"rotate": [
					{ "time": 0, "angle": -7.86 }
				],
				"translate": [
					{ "time": 0, "x": 0.41, "y": -16.02 }
				]
			},
			"bone14": {
				"rotate": [
					{ "time": 0, "angle": 17.33 }
				],
				"translate": [
					{ "time": 0, "x": 15.22, "y": 16.47 }
				]
			},
			"bone4": {
				"scale": [
					{ "time": 0, "x": 1, "y": 1 }
				]
			}
		},
		"deform": {
			"default": {
				"up/u_13": {
					"up/u_13": [
						{ "time": 0 }
					]
				}
			}
		}
	},
	"stop2": {
		"slots": {
			"up/mc_09": {
				"attachment": [
					{ "time": 0, "name": "up/mc_09" }
				]
			},
			"up/mc_21": {
				"attachment": [
					{ "time": 0, "name": "up/mc_21" }
				]
			},
			"up/u_08": {
				"attachment": [
					{ "time": 0, "name": null }
				]
			},
			"up/u_13": {
				"attachment": [
					{ "time": 0, "name": null }
				]
			},
			"yb/3223532_06": {
				"attachment": [
					{ "time": 0, "name": null }
				]
			},
			"yb/3223532_6": {
				"attachment": [
					{ "time": 0, "name": null }
				]
			},
			"yb/3223532_7": {
				"attachment": [
					{ "time": 0, "name": null }
				]
			},
			"yb/3223532_8": {
				"attachment": [
					{ "time": 0, "name": null }
				]
			},
			"yb/3223532_09": {
				"attachment": [
					{ "time": 0, "name": null }
				]
			},
			"yb/3223532_9": {
				"attachment": [
					{ "time": 0, "name": null }
				]
			},
			"yb/3223532_10": {
				"attachment": [
					{ "time": 0, "name": null }
				]
			},
			"yb/3223532_11": {
				"color": [
					{ "time": 0, "color": "ffffffff" }
				],
				"attachment": [
					{ "time": 0, "name": "up/u_26" }
				]
			},
			"yb/3223532_12": {
				"attachment": [
					{ "time": 0, "name": null }
				]
			},
			"yb/3223532_13": {
				"color": [
					{ "time": 0, "color": "ffffffff" }
				],
				"attachment": [
					{ "time": 0, "name": null }
				]
			},
			"yb/3223532_14": {
				"attachment": [
					{ "time": 0, "name": null }
				]
			},
			"yb/3223532_15": {
				"color": [
					{ "time": 0, "color": "ffffffff" }
				],
				"attachment": [
					{ "time": 0, "name": "up/u_09" }
				]
			},
			"yb/3223532_16": {
				"attachment": [
					{ "time": 0, "name": null }
				]
			}
		},
		"bones": {
			"root": {
				"rotate": [
					{ "time": 0, "angle": 0 }
				],
				"scale": [
					{ "time": 0, "x": 0.97, "y": 0.97 }
				]
			},
			"bone15": {
				"translate": [
					{ "time": 0, "x": 0, "y": 135.08 }
				]
			},
			"bone13": {
				"translate": [
					{ "time": 0, "x": 0, "y": 135.08 }
				]
			},
			"bone11": {
				"rotate": [
					{ "time": 0, "angle": 0 }
				],
				"translate": [
					{ "time": 0, "x": 5.25, "y": -9.7 }
				]
			},
			"bone12": {
				"rotate": [
					{ "time": 0, "angle": -7.86 }
				],
				"translate": [
					{ "time": 0, "x": 0.41, "y": -16.02 }
				]
			},
			"bone14": {
				"rotate": [
					{ "time": 0, "angle": 17.33 }
				],
				"translate": [
					{ "time": 0, "x": 15.22, "y": 16.47 }
				]
			},
			"bone4": {
				"scale": [
					{ "time": 0, "x": 1, "y": 1 }
				]
			}
		},
		"deform": {
			"default": {
				"up/u_13": {
					"up/u_13": [
						{ "time": 0 }
					]
				}
			}
		}
	}
}
}