{
"skeleton": { "hash": "Gajzs4OvUsWMwSCnKIZVt64Bcr0", "spine": "3.4.02", "width": 0, "height": 0, "images": "./picture/" },
"bones": [
	{ "name": "root" },
	{ "name": "icon", "parent": "root", "y": -114.79 },
	{ "name": "bone", "parent": "icon", "x": 0.58, "y": 112.7 },
	{ "name": "bone3", "parent": "bone", "x": -1.98, "y": -27.35, "scaleX": 1.094, "scaleY": 1.094 },
	{ "name": "star", "parent": "icon", "x": 3.12, "y": 49.77 },
	{ "name": "bone4", "parent": "star", "x": -21.77, "y": 48.3 },
	{ "name": "bone5", "parent": "star", "x": 22.38, "y": 63.76 },
	{ "name": "bone6", "parent": "star", "x": -19.64, "y": 61.73 },
	{ "name": "bone7", "parent": "star", "x": 26.81, "y": 49.1 },
	{ "name": "bone8", "parent": "star", "x": 8.03, "y": 41.13 },
	{ "name": "bone9", "parent": "star", "x": 15.73, "y": 74.91 },
	{ "name": "bone10", "parent": "star", "x": 0.5, "y": 43.48 },
	{ "name": "bone11", "parent": "star", "x": -6.97, "y": 52.68 },
	{ "name": "bone12", "parent": "star", "x": -6.97, "y": 52.68 },
	{ "name": "bone13", "parent": "star", "x": -6.97, "y": 52.68 },
	{ "name": "bone14", "parent": "star", "x": -6.97, "y": 52.68 },
	{ "name": "bone15", "parent": "star", "x": -6.97, "y": 52.68 },
	{ "name": "bone16", "parent": "star", "x": -6.97, "y": 52.68 },
	{ "name": "bone17", "parent": "star", "x": -6.97, "y": 52.68 },
	{ "name": "bone18", "parent": "star", "x": -6.97, "y": 52.68 }
],
"slots": [
	{
		"name": "lighten_yellow_0000_9",
		"bone": "bone3",
		"color": "ffffffbd",
		"attachment": "lighten_yellow_0000_9",
		"blend": "additive"
	},
	{ "name": "lighten_yellow_0001_8", "bone": "bone3", "color": "ffffffbd", "blend": "additive" },
	{ "name": "lighten_yellow_0002_7", "bone": "bone3", "color": "ffffffbd", "blend": "additive" },
	{ "name": "lighten_yellow_0003_6", "bone": "bone3", "color": "ffffffbd", "blend": "additive" },
	{ "name": "lighten_yellow_0004_5", "bone": "bone3", "color": "ffffffbd", "blend": "additive" },
	{ "name": "lighten_yellow_0005_4", "bone": "bone3", "color": "ffffffbd", "blend": "additive" },
	{ "name": "lighten_yellow_0006_3", "bone": "bone3", "color": "ffffffbd", "blend": "additive" },
	{ "name": "lighten_yellow_0007_2", "bone": "bone3", "color": "ffffffbd", "blend": "additive" },
	{
		"name": "lighten_yellow_0008_1",
		"bone": "bone3",
		"color": "ffffffbd",
		"attachment": "lighten_yellow_0008_1",
		"blend": "additive"
	},
	{ "name": "1", "bone": "bone4", "color": "fff184ff", "attachment": "1" },
	{ "name": "2", "bone": "bone5", "color": "fff184ff", "attachment": "1" },
	{ "name": "8", "bone": "bone11", "color": "fff184ff", "attachment": "1" },
	{ "name": "9", "bone": "bone12", "color": "fff184ff", "attachment": "1" },
	{ "name": "10", "bone": "bone13", "color": "fff184ff", "attachment": "1" },
	{ "name": "11", "bone": "bone14", "color": "fff184ff", "attachment": "1" },
	{ "name": "12", "bone": "bone15", "color": "fff184ff", "attachment": "1" },
	{ "name": "13", "bone": "bone16", "color": "fff184ff", "attachment": "1" },
	{ "name": "14", "bone": "bone17", "color": "fff184ff", "attachment": "1" },
	{ "name": "15", "bone": "bone18", "color": "fff184ff", "attachment": "1" },
	{ "name": "3", "bone": "bone6", "color": "fff184ff", "attachment": "1" },
	{ "name": "4", "bone": "bone7", "color": "fff184ff", "attachment": "1" },
	{ "name": "5", "bone": "bone8", "color": "fff184ff", "attachment": "1" },
	{ "name": "6", "bone": "bone9", "color": "fff184ff", "attachment": "1" },
	{ "name": "7", "bone": "bone10", "color": "fff184ff", "attachment": "1" }
],
"skins": {
	"default": {
		"1": {
			"1": { "x": 0.07, "y": 0.29, "width": 25, "height": 24 }
		},
		"10": {
			"1": { "x": 0.07, "y": 0.29, "width": 25, "height": 24 }
		},
		"11": {
			"1": { "x": 0.07, "y": 0.29, "width": 25, "height": 24 }
		},
		"12": {
			"1": { "x": 0.07, "y": 0.29, "width": 25, "height": 24 }
		},
		"13": {
			"1": { "x": 0.07, "y": 0.29, "width": 25, "height": 24 }
		},
		"14": {
			"1": { "x": 0.07, "y": 0.29, "width": 25, "height": 24 }
		},
		"15": {
			"1": { "x": 0.07, "y": 0.29, "width": 25, "height": 24 }
		},
		"2": {
			"1": { "x": 0.07, "y": 0.29, "width": 25, "height": 24 }
		},
		"3": {
			"1": { "x": 0.07, "y": 0.29, "width": 25, "height": 24 }
		},
		"4": {
			"1": { "x": 0.07, "y": 0.29, "width": 25, "height": 24 }
		},
		"5": {
			"1": { "x": 0.07, "y": 0.29, "width": 25, "height": 24 }
		},
		"6": {
			"1": { "x": 0.07, "y": 0.29, "width": 25, "height": 24 }
		},
		"7": {
			"1": { "x": 0.07, "y": 0.29, "width": 25, "height": 24 }
		},
		"8": {
			"1": { "x": 0.07, "y": 0.29, "width": 25, "height": 24 }
		},
		"9": {
			"1": { "x": 0.07, "y": 0.29, "width": 25, "height": 24 }
		},
		"lighten_yellow_0000_9": {
			"lighten_yellow_0000_9": {
				"type": "mesh",
				"uvs": [ 1, 1, 0, 1, 0, 0, 1, 0 ],
				"triangles": [ 1, 2, 3, 1, 3, 0 ],
				"vertices": [ 31.12, 4.17, 8.12, 4.17, 8.12, 49.17, 31.12, 49.17 ],
				"hull": 4,
				"edges": [ 0, 2, 2, 4, 4, 6, 0, 6 ],
				"width": 23,
				"height": 45
			}
		},
		"lighten_yellow_0001_8": {
			"lighten_yellow_0001_8": { "x": 12.6, "y": 26.46, "width": 35, "height": 45 }
		},
		"lighten_yellow_0002_7": {
			"lighten_yellow_0002_7": { "x": 7.6, "y": 27.47, "width": 42, "height": 45 }
		},
		"lighten_yellow_0003_6": {
			"lighten_yellow_0003_6": { "x": 4.73, "y": 27.46, "width": 46, "height": 49 }
		},
		"lighten_yellow_0004_5": {
			"lighten_yellow_0004_5": { "x": -2.74, "y": 34.14, "width": 43, "height": 50 }
		},
		"lighten_yellow_0005_4": {
			"lighten_yellow_0005_4": { "x": -1.93, "y": 33.9, "width": 48, "height": 55 }
		},
		"lighten_yellow_0006_3": {
			"lighten_yellow_0006_3": { "x": -4.49, "y": 34.04, "width": 46, "height": 54 }
		},
		"lighten_yellow_0007_2": {
			"lighten_yellow_0007_2": { "x": -10.36, "y": 28.05, "width": 33, "height": 46 }
		},
		"lighten_yellow_0008_1": {
			"lighten_yellow_0008_1": {
				"type": "mesh",
				"uvs": [ 1, 1, 0, 1, 0, 0, 1, 0 ],
				"triangles": [ 1, 2, 3, 1, 3, 0 ],
				"vertices": [ 21.13, 3.65, -16.86, 3.65, -16.86, 16.65, 21.13, 16.65 ],
				"hull": 4,
				"edges": [ 0, 2, 2, 4, 4, 6, 0, 6 ],
				"width": 38,
				"height": 13
			}
		}
	}
},
"events": {
	"change": {}
},
"animations": {
	"change_animation": {
		"slots": {
			"1": {
				"attachment": [
					{ "time": 0, "name": null },
					{ "time": 1.1333, "name": "1" },
					{ "time": 2.5, "name": null }
				]
			},
			"2": {
				"attachment": [
					{ "time": 0, "name": null },
					{ "time": 1.1333, "name": "1" },
					{ "time": 2.0666, "name": null }
				]
			},
			"3": {
				"attachment": [
					{ "time": 0, "name": null },
					{ "time": 1.1333, "name": "1" },
					{ "time": 2.9, "name": null }
				]
			},
			"4": {
				"attachment": [
					{ "time": 0, "name": null },
					{ "time": 1.1333, "name": "1" },
					{ "time": 3.0666, "name": null }
				]
			},
			"5": {
				"attachment": [
					{ "time": 0, "name": null },
					{ "time": 1.1333, "name": "1" },
					{ "time": 1.8333, "name": null }
				]
			},
			"6": {
				"attachment": [
					{ "time": 0, "name": null },
					{ "time": 1.1333, "name": "1" },
					{ "time": 2.8, "name": null }
				]
			},
			"7": {
				"attachment": [
					{ "time": 0, "name": null },
					{ "time": 1.1333, "name": "1" },
					{ "time": 2.3, "name": null }
				]
			},
			"8": {
				"attachment": [
					{ "time": 0, "name": null },
					{ "time": 1.1333, "name": "1" },
					{ "time": 1.9333, "name": null }
				]
			},
			"9": {
				"attachment": [
					{ "time": 0, "name": null },
					{ "time": 1.1333, "name": "1" },
					{ "time": 2.6, "name": null }
				]
			},
			"10": {
				"attachment": [
					{ "time": 0, "name": null },
					{ "time": 1.1333, "name": "1" },
					{ "time": 2.2333, "name": null }
				]
			},
			"11": {
				"attachment": [
					{ "time": 0, "name": null }
				]
			},
			"12": {
				"attachment": [
					{ "time": 0, "name": null }
				]
			},
			"13": {
				"attachment": [
					{ "time": 0, "name": null },
					{ "time": 1.1333, "name": "1" },
					{ "time": 2.5333, "name": null }
				]
			},
			"14": {
				"attachment": [
					{ "time": 0, "name": null },
					{ "time": 1.1333, "name": "1" },
					{ "time": 1.8, "name": null }
				]
			},
			"15": {
				"attachment": [
					{ "time": 0, "name": null },
					{ "time": 1.1333, "name": "1" },
					{ "time": 1.7333, "name": null }
				]
			},
			"lighten_yellow_0000_9": {
				"attachment": [
					{ "time": 0, "name": null },
					{ "time": 1.2666, "name": "lighten_yellow_0000_9" },
					{ "time": 1.4, "name": null }
				]
			},
			"lighten_yellow_0001_8": {
				"attachment": [
					{ "time": 0, "name": null },
					{ "time": 1.2333, "name": "lighten_yellow_0001_8" },
					{ "time": 1.2666, "name": null }
				]
			},
			"lighten_yellow_0002_7": {
				"attachment": [
					{ "time": 0, "name": null },
					{ "time": 1.2, "name": "lighten_yellow_0002_7" },
					{ "time": 1.2333, "name": null }
				]
			},
			"lighten_yellow_0003_6": {
				"attachment": [
					{ "time": 0, "name": null },
					{ "time": 1.1333, "name": "lighten_yellow_0003_6" },
					{ "time": 1.2, "name": null }
				]
			},
			"lighten_yellow_0004_5": {
				"attachment": [
					{ "time": 0, "name": null },
					{ "time": 1.1, "name": "lighten_yellow_0004_5" },
					{ "time": 1.1333, "name": null }
				]
			},
			"lighten_yellow_0005_4": {
				"attachment": [
					{ "time": 0, "name": null },
					{ "time": 1.0666, "name": "lighten_yellow_0005_4" },
					{ "time": 1.1, "name": null }
				]
			},
			"lighten_yellow_0006_3": {
				"attachment": [
					{ "time": 0, "name": null },
					{ "time": 1.0333, "name": "lighten_yellow_0006_3" },
					{ "time": 1.0666, "name": null }
				]
			},
			"lighten_yellow_0007_2": {
				"attachment": [
					{ "time": 0, "name": null },
					{ "time": 1, "name": "lighten_yellow_0007_2" },
					{ "time": 1.0333, "name": null }
				]
			},
			"lighten_yellow_0008_1": {
				"attachment": [
					{ "time": 0, "name": null },
					{ "time": 0.8333, "name": "lighten_yellow_0008_1" },
					{ "time": 1, "name": null }
				]
			}
		},
		"bones": {
			"bone": {
				"scale": [
					{
						"time": 0,
						"x": 1,
						"y": 1,
						"curve": [ 0.222, 0.49, 0.75, 1 ]
					},
					{
						"time": 0.6666,
						"x": 1.136,
						"y": 1.136,
						"curve": [ 0.25, 0, 0.92, 0.03 ]
					},
					{
						"time": 1,
						"x": 0.898,
						"y": 0.898,
						"curve": [ 0.345, 0, 0, 1 ]
					},
					{
						"time": 1.3,
						"x": 1.089,
						"y": 1.089,
						"curve": [ 0.25, 0, 0.75, 1 ]
					},
					{
						"time": 1.5333,
						"x": 0.954,
						"y": 0.954,
						"curve": [ 0.25, 0, 0.75, 1 ]
					},
					{ "time": 1.7666, "x": 1, "y": 1 }
				]
			},
			"bone7": {
				"translate": [
					{ "time": 1.1333, "x": 0, "y": 0 },
					{ "time": 1.4666, "x": 40.83, "y": 29.1 },
					{ "time": 1.9333, "x": 31.77, "y": -20.58 },
					{ "time": 2.3, "x": 51.99, "y": -40.65 },
					{ "time": 2.5666, "x": 37.64, "y": -64.89 },
					{ "time": 3.0666, "x": 43.29, "y": -94.75 }
				],
				"scale": [
					{ "time": 1.1333, "x": 1, "y": 1, "curve": "stepped" },
					{ "time": 1.4666, "x": 1, "y": 1 },
					{ "time": 1.9333, "x": 0.336, "y": 0.336 },
					{ "time": 2.5666, "x": 0.427, "y": 0.427 },
					{ "time": 3.0666, "x": 0.161, "y": 0.161 }
				]
			},
			"bone8": {
				"translate": [
					{ "time": 1.1333, "x": 0, "y": 0 },
					{ "time": 1.4666, "x": 22.3, "y": -23.1 },
					{ "time": 1.6666, "x": 31.41, "y": -49.38 },
					{ "time": 1.8333, "x": 32.68, "y": -75.34 }
				],
				"scale": [
					{ "time": 1.1333, "x": 1, "y": 1, "curve": "stepped" },
					{ "time": 1.4666, "x": 1, "y": 1 },
					{ "time": 1.8333, "x": 0.27, "y": 0.27 }
				]
			},
			"bone10": {
				"translate": [
					{ "time": 1.1333, "x": 0, "y": 0 },
					{ "time": 1.4, "x": -61.59, "y": 42.8 },
					{ "time": 1.8, "x": -72.89, "y": 24.22 },
					{ "time": 2.3, "x": -67.94, "y": -12.19 }
				],
				"scale": [
					{ "time": 1.1333, "x": 1, "y": 1, "curve": "stepped" },
					{ "time": 1.4, "x": 1, "y": 1 },
					{ "time": 2.3, "x": 0.173, "y": 0.173 }
				]
			},
			"bone4": {
				"translate": [
					{ "time": 1.1333, "x": 0, "y": 0 },
					{ "time": 1.5, "x": -12.7, "y": -1.19 },
					{ "time": 1.8666, "x": -22.31, "y": -26.84 },
					{ "time": 2.1333, "x": -15.48, "y": -38.5 },
					{ "time": 2.5, "x": -17.04, "y": -50.19 }
				],
				"scale": [
					{ "time": 1.1333, "x": 1, "y": 1, "curve": "stepped" },
					{ "time": 1.5, "x": 1, "y": 1 },
					{ "time": 2.1333, "x": 0.104, "y": 0.104 }
				]
			},
			"bone6": {
				"translate": [
					{ "time": 1.1333, "x": 0, "y": 0 },
					{ "time": 1.5, "x": -37.3, "y": 4.96 },
					{ "time": 1.8666, "x": -56.06, "y": -19.08 },
					{ "time": 2.2, "x": -51.58, "y": -39.24 },
					{ "time": 2.9, "x": -54.38, "y": -60.52 }
				],
				"scale": [
					{ "time": 1.1333, "x": 1, "y": 1, "curve": "stepped" },
					{ "time": 1.5, "x": 1, "y": 1 },
					{ "time": 1.8666, "x": 0.34, "y": 0.34 },
					{ "time": 2.2, "x": 0.467, "y": 0.467 },
					{ "time": 2.9, "x": 0.194, "y": 0.194 }
				]
			},
			"bone9": {
				"translate": [
					{ "time": 1.1333, "x": 0, "y": 0 },
					{ "time": 1.3333, "x": 20.26, "y": 46.66 },
					{ "time": 1.5, "x": 34.55, "y": 40.77 },
					{ "time": 1.6333, "x": 48.46, "y": 23.27 },
					{ "time": 1.8, "x": 44.76, "y": -2.35 },
					{ "time": 1.9666, "x": 35.5, "y": -14.94 },
					{ "time": 2.1333, "x": 26.82, "y": -12.82 },
					{ "time": 2.2666, "x": 32.66, "y": -6.15 },
					{ "time": 2.5, "x": 45.96, "y": -17.56 },
					{ "time": 2.8, "x": 50.59, "y": -32.13 }
				],
				"scale": [
					{ "time": 1.1333, "x": 0.986, "y": 0.986, "curve": "stepped" },
					{ "time": 1.3333, "x": 0.986, "y": 0.986 },
					{ "time": 1.8, "x": 0.371, "y": 0.371 },
					{ "time": 1.9666, "x": 0.326, "y": 0.326 },
					{ "time": 2.2666, "x": 0.544, "y": 0.544 },
					{ "time": 2.8, "x": 0.214, "y": 0.214 }
				]
			},
			"bone5": {
				"translate": [
					{ "time": 1.1333, "x": -12.67, "y": -20.73 },
					{ "time": 1.4666, "x": 3.97, "y": 6.74 },
					{ "time": 1.8, "x": 18.26, "y": -28.18 },
					{ "time": 2.0666, "x": 18.26, "y": -45.46 }
				],
				"scale": [
					{ "time": 1.1333, "x": 1, "y": 1, "curve": "stepped" },
					{ "time": 1.4666, "x": 1, "y": 1 },
					{ "time": 1.8, "x": 0.348, "y": 0.348 },
					{ "time": 2.0666, "x": 0.105, "y": 0.105 }
				]
			},
			"bone11": {
				"translate": [
					{ "time": 1.1333, "x": 0, "y": 0 },
					{ "time": 1.3333, "x": -29.85, "y": 82.81 },
					{ "time": 1.6, "x": -50.21, "y": 67.08 },
					{ "time": 1.9333, "x": -51.84, "y": 33.57 }
				],
				"scale": [
					{ "time": 1.1333, "x": 1, "y": 1, "curve": "stepped" },
					{ "time": 1.3333, "x": 1, "y": 1 },
					{ "time": 1.9333, "x": 0.212, "y": 0.212 }
				]
			},
			"bone12": {
				"translate": [
					{ "time": 1.1333, "x": 0, "y": 0 },
					{ "time": 1.4, "x": 16.33, "y": 74.95 },
					{ "time": 1.6666, "x": 30.75, "y": 104.74 },
					{ "time": 1.9666, "x": 37.47, "y": 86.48 },
					{ "time": 2.2333, "x": 27.41, "y": 68.16 },
					{ "time": 2.6, "x": 41.08, "y": 43.68 }
				],
				"scale": [
					{ "time": 1.1333, "x": 1, "y": 1 },
					{ "time": 2.2333, "x": 0.269, "y": 0.269 }
				]
			},
			"bone13": {
				"translate": [
					{ "time": 1.1333, "x": -15.96, "y": 9.11 },
					{ "time": 1.7333, "x": -60.79, "y": -16.72 },
					{ "time": 2.2333, "x": -73.71, "y": -38.76 }
				],
				"scale": [
					{ "time": 1.1333, "x": 1, "y": 1, "curve": "stepped" },
					{ "time": 1.7333, "x": 1, "y": 1 },
					{ "time": 2.2333, "x": 0.11, "y": 0.11 }
				]
			},
			"bone14": {
				"translate": [
					{ "time": 1.1333, "x": -4.56, "y": -11.39 },
					{ "time": 1.5, "x": -34.2, "y": -51.67 },
					{ "time": 2.1666, "x": -31.92, "y": -79.79 }
				],
				"scale": [
					{ "time": 1.1333, "x": 1, "y": 1, "curve": "stepped" },
					{ "time": 1.5, "x": 1, "y": 1 },
					{ "time": 2.1666, "x": 0.099, "y": 0.099 }
				]
			},
			"bone15": {
				"translate": [
					{
						"time": 1.1333,
						"x": 0,
						"y": 0,
						"curve": [ 0.109, 0.83, 0.75, 1 ]
					},
					{ "time": 1.6333, "x": 51.67, "y": 81.31 },
					{ "time": 2.2666, "x": 98.79, "y": 51.68 }
				],
				"scale": [
					{ "time": 1.1333, "x": 1, "y": 1, "curve": "stepped" },
					{ "time": 1.6333, "x": 1, "y": 1 },
					{ "time": 2.2666, "x": 0.275, "y": 0.275 }
				]
			},
			"bone16": {
				"translate": [
					{
						"time": 1.1333,
						"x": 0,
						"y": 11.81,
						"curve": [ 0.15, 0.69, 0.75, 1 ]
					},
					{
						"time": 1.5333,
						"x": -2.33,
						"y": 57.91,
						"curve": [ 0.512, 0, 0.623, 0.66 ]
					},
					{ "time": 2.5333, "x": -6.43, "y": -56.67 }
				],
				"scale": [
					{ "time": 1.1333, "x": 0.652, "y": 0.652 },
					{ "time": 1.5333, "x": 1.055, "y": 1.055 },
					{ "time": 2.5333, "x": 0.152, "y": 0.152 }
				]
			},
			"bone17": {
				"translate": [
					{
						"time": 1.1333,
						"x": 25.58,
						"y": -3.93,
						"curve": [ 0.113, 0.66, 0.75, 1 ]
					},
					{ "time": 1.4333, "x": 92.49, "y": 20.99 },
					{ "time": 1.8, "x": 131.19, "y": -7.87 }
				],
				"scale": [
					{ "time": 1.1333, "x": 0.736, "y": 0.736, "curve": "stepped" },
					{ "time": 1.4333, "x": 0.736, "y": 0.736 },
					{ "time": 1.8, "x": 0.173, "y": 0.173 }
				]
			},
			"bone18": {
				"translate": [
					{
						"time": 1.1333,
						"x": 0,
						"y": 0,
						"curve": [ 0.229, 0.55, 0.75, 1 ]
					},
					{ "time": 1.5, "x": -49.85, "y": 98.39 },
					{ "time": 1.7333, "x": -81.63, "y": 110.86 }
				],
				"scale": [
					{ "time": 1.1333, "x": 1, "y": 1 },
					{ "time": 1.5, "x": 0.543, "y": 0.543 },
					{ "time": 1.7333, "x": 0.194, "y": 0.194 }
				]
			}
		},
		"deform": {
			"default": {
				"lighten_yellow_0000_9": {
					"lighten_yellow_0000_9": [
						{ "time": 1.3 },
						{
							"time": 1.4666,
							"vertices": [ -4.84863, 7.27299, 9.0914, 6.46487, 11.11172, -16.56628, -0.80798, -11.11153 ]
						}
					]
				},
				"lighten_yellow_0008_1": {
					"lighten_yellow_0008_1": [
						{
							"time": 0.8333,
							"vertices": [ -5.59149, 3.02172, 5.13406, 1.35977, 0.90573, -5.74128, -4.53384, -4.68368 ]
						},
						{
							"time": 1,
							"vertices": [ -17.88366, -4.90359, -10.3843, 13.84506, -8.9418, 21.63304, -16.44128, -6.34574 ]
						}
					]
				}
			}
		},
		"events": [
			{ "time": 1, "name": "change" }
		]
	}
}
}